group,scenario,round,round_millis,metric,value
writer,writer/split_4conns_16KiB_chunks,0,210.9796,avg_block_bytes,1048576
writer,writer/split_4conns_16KiB_chunks,0,210.9796,body_reads,783
writer,writer/split_4conns_16KiB_chunks,0,210.9796,body_wait_ms,202.757
writer,writer/split_4conns_16KiB_chunks,0,210.9796,cache_copied_bytes,12582912
writer,writer/split_4conns_16KiB_chunks,0,210.9796,cache_evicted_bytes,12582912
writer,writer/split_4conns_16KiB_chunks,0,210.9796,checksum_ms,0
writer,writer/split_4conns_16KiB_chunks,0,210.9796,cpu_ms,20.246
writer,writer/split_4conns_16KiB_chunks,0,210.9796,cpu_percent,9.59618917439898
writer,writer/split_4conns_16KiB_chunks,0,210.9796,distinct_ranges,4
writer,writer/split_4conns_16KiB_chunks,0,210.9796,driver_connections,4
writer,writer/split_4conns_16KiB_chunks,0,210.9796,driver_loops,95
writer,writer/split_4conns_16KiB_chunks,0,210.9796,driver_pauses,8
writer,writer/split_4conns_16KiB_chunks,0,210.9796,duplicate_bytes,0
writer,writer/split_4conns_16KiB_chunks,0,210.9796,failed,0
writer,writer/split_4conns_16KiB_chunks,0,210.9796,file_bytes,12582912
writer,writer/split_4conns_16KiB_chunks,0,210.9796,finalize,0.0003749999999911324
writer,writer/split_4conns_16KiB_chunks,0,210.9796,fsync_calls,1
writer,writer/split_4conns_16KiB_chunks,0,210.9796,fsync_ms,4.818
writer,writer/split_4conns_16KiB_chunks,0,210.9796,prealloc_ms,0.089
writer,writer/split_4conns_16KiB_chunks,0,210.9796,process_peak_rss_bytes,49938432
writer,writer/split_4conns_16KiB_chunks,0,210.9796,report_span,5.057333
writer,writer/split_4conns_16KiB_chunks,0,210.9796,requests,4
writer,writer/split_4conns_16KiB_chunks,0,210.9796,response_head_ms,74.58
writer,writer/split_4conns_16KiB_chunks,0,210.9796,response_heads,4
writer,writer/split_4conns_16KiB_chunks,0,210.9796,running_reports,2
writer,writer/split_4conns_16KiB_chunks,0,210.9796,served_bytes,12582912
writer,writer/split_4conns_16KiB_chunks,0,210.9796,to_first_report,202.681
writer,writer/split_4conns_16KiB_chunks,0,210.9796,total,207.738708
writer,writer/split_4conns_16KiB_chunks,0,210.9796,unique_bytes,12582912
writer,writer/split_4conns_16KiB_chunks,0,210.9796,verified,1
writer,writer/split_4conns_16KiB_chunks,0,210.9796,writer_blocks,12
writer,writer/split_4conns_16KiB_chunks,0,210.9796,writer_bytes,12582912
writer,writer/split_4conns_16KiB_chunks,0,210.9796,writer_seeks,1
writer,writer/split_4conns_1MiB_chunks,0,35.6127,avg_block_bytes,1048576
writer,writer/split_4conns_1MiB_chunks,0,35.6127,body_reads,783
writer,writer/split_4conns_1MiB_chunks,0,35.6127,body_wait_ms,29.412
writer,writer/split_4conns_1MiB_chunks,0,35.6127,cache_copied_bytes,12582912
writer,writer/split_4conns_1MiB_chunks,0,35.6127,cache_evicted_bytes,12582912
writer,writer/split_4conns_1MiB_chunks,0,35.6127,checksum_ms,0
writer,writer/split_4conns_1MiB_chunks,0,35.6127,cpu_ms,12.959999999999999
writer,writer/split_4conns_1MiB_chunks,0,35.6127,cpu_percent,36.39146092340524
writer,writer/split_4conns_1MiB_chunks,0,35.6127,distinct_ranges,4
writer,writer/split_4conns_1MiB_chunks,0,35.6127,driver_connections,4
writer,writer/split_4conns_1MiB_chunks,0,35.6127,driver_loops,93
writer,writer/split_4conns_1MiB_chunks,0,35.6127,driver_pauses,7
writer,writer/split_4conns_1MiB_chunks,0,35.6127,duplicate_bytes,0
writer,writer/split_4conns_1MiB_chunks,0,35.6127,failed,0
writer,writer/split_4conns_1MiB_chunks,0,35.6127,file_bytes,12582912
writer,writer/split_4conns_1MiB_chunks,0,35.6127,finalize,0.0009580000000042332
writer,writer/split_4conns_1MiB_chunks,0,35.6127,fsync_calls,1
writer,writer/split_4conns_1MiB_chunks,0,35.6127,fsync_ms,4.61
writer,writer/split_4conns_1MiB_chunks,0,35.6127,prealloc_ms,0.069
writer,writer/split_4conns_1MiB_chunks,0,35.6127,process_peak_rss_bytes,57556992
writer,writer/split_4conns_1MiB_chunks,0,35.6127,report_span,0
writer,writer/split_4conns_1MiB_chunks,0,35.6127,requests,4
writer,writer/split_4conns_1MiB_chunks,0,35.6127,response_head_ms,1.273
writer,writer/split_4conns_1MiB_chunks,0,35.6127,response_heads,4
writer,writer/split_4conns_1MiB_chunks,0,35.6127,running_reports,1
writer,writer/split_4conns_1MiB_chunks,0,35.6127,served_bytes,12582912
writer,writer/split_4conns_1MiB_chunks,0,35.6127,to_first_report,33.304041999999995
writer,writer/split_4conns_1MiB_chunks,0,35.6127,total,33.305
writer,writer/split_4conns_1MiB_chunks,0,35.6127,unique_bytes,12582912
writer,writer/split_4conns_1MiB_chunks,0,35.6127,verified,1
writer,writer/split_4conns_1MiB_chunks,0,35.6127,writer_blocks,12
writer,writer/split_4conns_1MiB_chunks,0,35.6127,writer_bytes,12582912
writer,writer/split_4conns_1MiB_chunks,0,35.6127,writer_seeks,10
writer,writer/split_tiny_budget_1MiB,0,129.1632,avg_block_bytes,246723.76470588235
writer,writer/split_tiny_budget_1MiB,0,129.1632,body_reads,781
writer,writer/split_tiny_budget_1MiB,0,129.1632,body_wait_ms,191.521
writer,writer/split_tiny_budget_1MiB,0,129.1632,cache_copied_bytes,12582912
writer,writer/split_tiny_budget_1MiB,0,129.1632,cache_evicted_bytes,12582912
writer,writer/split_tiny_budget_1MiB,0,129.1632,checksum_ms,0
writer,writer/split_tiny_budget_1MiB,0,129.1632,cpu_ms,14.962000000000003
writer,writer/split_tiny_budget_1MiB,0,129.1632,cpu_percent,11.583797724625322
writer,writer/split_tiny_budget_1MiB,0,129.1632,distinct_ranges,4
writer,writer/split_tiny_budget_1MiB,0,129.1632,driver_connections,4
writer,writer/split_tiny_budget_1MiB,0,129.1632,driver_loops,79
writer,writer/split_tiny_budget_1MiB,0,129.1632,driver_pauses,15
writer,writer/split_tiny_budget_1MiB,0,129.1632,duplicate_bytes,0
writer,writer/split_tiny_budget_1MiB,0,129.1632,failed,0
writer,writer/split_tiny_budget_1MiB,0,129.1632,file_bytes,12582912
writer,writer/split_tiny_budget_1MiB,0,129.1632,fsync_calls,1
writer,writer/split_tiny_budget_1MiB,0,129.1632,fsync_ms,6.93
writer,writer/split_tiny_budget_1MiB,0,129.1632,prealloc_ms,0.145
writer,writer/split_tiny_budget_1MiB,0,129.1632,process_peak_rss_bytes,57704448
writer,writer/split_tiny_budget_1MiB,0,129.1632,requests,4
writer,writer/split_tiny_budget_1MiB,0,129.1632,response_head_ms,63.241
writer,writer/split_tiny_budget_1MiB,0,129.1632,response_heads,4
writer,writer/split_tiny_budget_1MiB,0,129.1632,running_reports,0
writer,writer/split_tiny_budget_1MiB,0,129.1632,served_bytes,12582912
writer,writer/split_tiny_budget_1MiB,0,129.1632,total,127.30633399999999
writer,writer/split_tiny_budget_1MiB,0,129.1632,unique_bytes,12582912
writer,writer/split_tiny_budget_1MiB,0,129.1632,verified,1
writer,writer/split_tiny_budget_1MiB,0,129.1632,writer_blocks,51
writer,writer/split_tiny_budget_1MiB,0,129.1632,writer_bytes,12582912
writer,writer/split_tiny_budget_1MiB,0,129.1632,writer_seeks,41
writer,writer/split_prealloc_on,0,32.5996,avg_block_bytes,1048576
writer,writer/split_prealloc_on,0,32.5996,body_reads,784
writer,writer/split_prealloc_on,0,32.5996,body_wait_ms,23.972
writer,writer/split_prealloc_on,0,32.5996,cache_copied_bytes,12582912
writer,writer/split_prealloc_on,0,32.5996,cache_evicted_bytes,12582912
writer,writer/split_prealloc_on,0,32.5996,checksum_ms,0
writer,writer/split_prealloc_on,0,32.5996,cpu_ms,13.301000000000007
writer,writer/split_prealloc_on,0,32.5996,cpu_percent,40.80108283454183
writer,writer/split_prealloc_on,0,32.5996,distinct_ranges,4
writer,writer/split_prealloc_on,0,32.5996,driver_connections,4
writer,writer/split_prealloc_on,0,32.5996,driver_loops,71
writer,writer/split_prealloc_on,0,32.5996,driver_pauses,5
writer,writer/split_prealloc_on,0,32.5996,duplicate_bytes,0
writer,writer/split_prealloc_on,0,32.5996,failed,0
writer,writer/split_prealloc_on,0,32.5996,file_bytes,12582912
writer,writer/split_prealloc_on,0,32.5996,finalize,0.0023339999999976158
writer,writer/split_prealloc_on,0,32.5996,fsync_calls,1
writer,writer/split_prealloc_on,0,32.5996,fsync_ms,5.518
writer,writer/split_prealloc_on,0,32.5996,prealloc_ms,2.276
writer,writer/split_prealloc_on,0,32.5996,process_peak_rss_bytes,58015744
writer,writer/split_prealloc_on,0,32.5996,report_span,0
writer,writer/split_prealloc_on,0,32.5996,requests,4
writer,writer/split_prealloc_on,0,32.5996,response_head_ms,59.485
writer,writer/split_prealloc_on,0,32.5996,response_heads,4
writer,writer/split_prealloc_on,0,32.5996,running_reports,1
writer,writer/split_prealloc_on,0,32.5996,served_bytes,12582912
writer,writer/split_prealloc_on,0,32.5996,to_first_report,30.780416000000002
writer,writer/split_prealloc_on,0,32.5996,total,30.78275
writer,writer/split_prealloc_on,0,32.5996,unique_bytes,12582912
writer,writer/split_prealloc_on,0,32.5996,verified,1
writer,writer/split_prealloc_on,0,32.5996,writer_blocks,12
writer,writer/split_prealloc_on,0,32.5996,writer_bytes,12582912
writer,writer/split_prealloc_on,0,32.5996,writer_seeks,11
writer,writer/single_conn_4MiB,0,31.2646,avg_block_bytes,262144
writer,writer/single_conn_4MiB,0,31.2646,body_reads,262
writer,writer/single_conn_4MiB,0,31.2646,body_wait_ms,24.484
writer,writer/single_conn_4MiB,0,31.2646,cache_copied_bytes,4194304
writer,writer/single_conn_4MiB,0,31.2646,cache_evicted_bytes,4194304
writer,writer/single_conn_4MiB,0,31.2646,checksum_ms,0
writer,writer/single_conn_4MiB,0,31.2646,cpu_ms,5.304000000000003
writer,writer/single_conn_4MiB,0,31.2646,cpu_percent,16.96488269282586
writer,writer/single_conn_4MiB,0,31.2646,distinct_ranges,1
writer,writer/single_conn_4MiB,0,31.2646,driver_connections,1
writer,writer/single_conn_4MiB,0,31.2646,driver_loops,37
writer,writer/single_conn_4MiB,0,31.2646,driver_pauses,1
writer,writer/single_conn_4MiB,0,31.2646,duplicate_bytes,0
writer,writer/single_conn_4MiB,0,31.2646,failed,0
writer,writer/single_conn_4MiB,0,31.2646,file_bytes,4194304
writer,writer/single_conn_4MiB,0,31.2646,finalize,3.887583999999997
writer,writer/single_conn_4MiB,0,31.2646,fsync_calls,2
writer,writer/single_conn_4MiB,0,31.2646,fsync_ms,3.817
writer,writer/single_conn_4MiB,0,31.2646,prealloc_ms,0.074
writer,writer/single_conn_4MiB,0,31.2646,process_peak_rss_bytes,66486272
writer,writer/single_conn_4MiB,0,31.2646,report_span,24.694041
writer,writer/single_conn_4MiB,0,31.2646,requests,1
writer,writer/single_conn_4MiB,0,31.2646,response_head_ms,0.26
writer,writer/single_conn_4MiB,0,31.2646,response_heads,1
writer,writer/single_conn_4MiB,0,31.2646,running_reports,16
writer,writer/single_conn_4MiB,0,31.2646,served_bytes,4194304
writer,writer/single_conn_4MiB,0,31.2646,to_first_report,1.707042
writer,writer/single_conn_4MiB,0,31.2646,total,30.288666999999997
writer,writer/single_conn_4MiB,0,31.2646,unique_bytes,4194304
writer,writer/single_conn_4MiB,0,31.2646,verified,1
writer,writer/single_conn_4MiB,0,31.2646,writer_blocks,16
writer,writer/single_conn_4MiB,0,31.2646,writer_bytes,4194304
writer,writer/single_conn_4MiB,0,31.2646,writer_seeks,1
writer,writer/split_4conns_16KiB_chunks,1,194.8913,avg_block_bytes,1048576
writer,writer/split_4conns_16KiB_chunks,1,194.8913,body_reads,779
writer,writer/split_4conns_16KiB_chunks,1,194.8913,body_wait_ms,188.028
writer,writer/split_4conns_16KiB_chunks,1,194.8913,cache_copied_bytes,12582912
writer,writer/split_4conns_16KiB_chunks,1,194.8913,cache_evicted_bytes,12582912
writer,writer/split_4conns_16KiB_chunks,1,194.8913,checksum_ms,0
writer,writer/split_4conns_16KiB_chunks,1,194.8913,cpu_ms,19.456999999999994
writer,writer/split_4conns_16KiB_chunks,1,194.8913,cpu_percent,9.983512145286046
writer,writer/split_4conns_16KiB_chunks,1,194.8913,distinct_ranges,4
writer,writer/split_4conns_16KiB_chunks,1,194.8913,driver_connections,4
writer,writer/split_4conns_16KiB_chunks,1,194.8913,driver_loops,86
writer,writer/split_4conns_16KiB_chunks,1,194.8913,driver_pauses,8
writer,writer/split_4conns_16KiB_chunks,1,194.8913,duplicate_bytes,0
writer,writer/split_4conns_16KiB_chunks,1,194.8913,failed,0
writer,writer/split_4conns_16KiB_chunks,1,194.8913,file_bytes,12582912
writer,writer/split_4conns_16KiB_chunks,1,194.8913,finalize,0.0008339999999975589
writer,writer/split_4conns_16KiB_chunks,1,194.8913,fsync_calls,1
writer,writer/split_4conns_16KiB_chunks,1,194.8913,fsync_ms,3.986
writer,writer/split_4conns_16KiB_chunks,1,194.8913,prealloc_ms,0.146
writer,writer/split_4conns_16KiB_chunks,1,194.8913,process_peak_rss_bytes,47644672
writer,writer/split_4conns_16KiB_chunks,1,194.8913,report_span,0
writer,writer/split_4conns_16KiB_chunks,1,194.8913,requests,4
writer,writer/split_4conns_16KiB_chunks,1,194.8913,response_head_ms,76.653
writer,writer/split_4conns_16KiB_chunks,1,194.8913,response_heads,4
writer,writer/split_4conns_16KiB_chunks,1,194.8913,running_reports,1
writer,writer/split_4conns_16KiB_chunks,1,194.8913,served_bytes,12582912
writer,writer/split_4conns_16KiB_chunks,1,194.8913,to_first_report,192.687791
writer,writer/split_4conns_16KiB_chunks,1,194.8913,total,192.688625
writer,writer/split_4conns_16KiB_chunks,1,194.8913,unique_bytes,12582912
writer,writer/split_4conns_16KiB_chunks,1,194.8913,verified,1
writer,writer/split_4conns_16KiB_chunks,1,194.8913,writer_blocks,12
writer,writer/split_4conns_16KiB_chunks,1,194.8913,writer_bytes,12582912
writer,writer/split_4conns_16KiB_chunks,1,194.8913,writer_seeks,1
writer,writer/split_4conns_1MiB_chunks,1,35.8805,avg_block_bytes,1048576
writer,writer/split_4conns_1MiB_chunks,1,35.8805,body_reads,782
writer,writer/split_4conns_1MiB_chunks,1,35.8805,body_wait_ms,31.299
writer,writer/split_4conns_1MiB_chunks,1,35.8805,cache_copied_bytes,12582912
writer,writer/split_4conns_1MiB_chunks,1,35.8805,cache_evicted_bytes,12582912
writer,writer/split_4conns_1MiB_chunks,1,35.8805,checksum_ms,0
writer,writer/split_4conns_1MiB_chunks,1,35.8805,cpu_ms,12.739999999999995
writer,writer/split_4conns_1MiB_chunks,1,35.8805,cpu_percent,35.506751578155246
writer,writer/split_4conns_1MiB_chunks,1,35.8805,distinct_ranges,4
writer,writer/split_4conns_1MiB_chunks,1,35.8805,driver_connections,4
writer,writer/split_4conns_1MiB_chunks,1,35.8805,driver_loops,64
writer,writer/split_4conns_1MiB_chunks,1,35.8805,driver_pauses,3
writer,writer/split_4conns_1MiB_chunks,1,35.8805,duplicate_bytes,0
writer,writer/split_4conns_1MiB_chunks,1,35.8805,failed,0
writer,writer/split_4conns_1MiB_chunks,1,35.8805,file_bytes,12582912
writer,writer/split_4conns_1MiB_chunks,1,35.8805,finalize,0.011917000000003952
writer,writer/split_4conns_1MiB_chunks,1,35.8805,fsync_calls,1
writer,writer/split_4conns_1MiB_chunks,1,35.8805,fsync_ms,5.65
writer,writer/split_4conns_1MiB_chunks,1,35.8805,prealloc_ms,0.084
writer,writer/split_4conns_1MiB_chunks,1,35.8805,process_peak_rss_bytes,58736640
writer,writer/split_4conns_1MiB_chunks,1,35.8805,report_span,0
writer,writer/split_4conns_1MiB_chunks,1,35.8805,requests,4
writer,writer/split_4conns_1MiB_chunks,1,35.8805,response_head_ms,1.309
writer,writer/split_4conns_1MiB_chunks,1,35.8805,response_heads,4
writer,writer/split_4conns_1MiB_chunks,1,35.8805,running_reports,1
writer,writer/split_4conns_1MiB_chunks,1,35.8805,served_bytes,12582912
writer,writer/split_4conns_1MiB_chunks,1,35.8805,to_first_report,34.248374999999996
writer,writer/split_4conns_1MiB_chunks,1,35.8805,total,34.260292
writer,writer/split_4conns_1MiB_chunks,1,35.8805,unique_bytes,12582912
writer,writer/split_4conns_1MiB_chunks,1,35.8805,verified,1
writer,writer/split_4conns_1MiB_chunks,1,35.8805,writer_blocks,12
writer,writer/split_4conns_1MiB_chunks,1,35.8805,writer_bytes,12582912
writer,writer/split_4conns_1MiB_chunks,1,35.8805,writer_seeks,10
writer,writer/split_tiny_budget_1MiB,1,180.6975,avg_block_bytes,209715.2
writer,writer/split_tiny_budget_1MiB,1,180.6975,body_reads,777
writer,writer/split_tiny_budget_1MiB,1,180.6975,body_wait_ms,382.18
writer,writer/split_tiny_budget_1MiB,1,180.6975,cache_copied_bytes,12582912
writer,writer/split_tiny_budget_1MiB,1,180.6975,cache_evicted_bytes,12582912
writer,writer/split_tiny_budget_1MiB,1,180.6975,checksum_ms,0
writer,writer/split_tiny_budget_1MiB,1,180.6975,cpu_ms,16.552000000000003
writer,writer/split_tiny_budget_1MiB,1,180.6975,cpu_percent,9.160060321808547
writer,writer/split_tiny_budget_1MiB,1,180.6975,distinct_ranges,4
writer,writer/split_tiny_budget_1MiB,1,180.6975,driver_connections,4
writer,writer/split_tiny_budget_1MiB,1,180.6975,driver_loops,50
writer,writer/split_tiny_budget_1MiB,1,180.6975,driver_pauses,23
writer,writer/split_tiny_budget_1MiB,1,180.6975,duplicate_bytes,0
writer,writer/split_tiny_budget_1MiB,1,180.6975,failed,0
writer,writer/split_tiny_budget_1MiB,1,180.6975,file_bytes,12582912
writer,writer/split_tiny_budget_1MiB,1,180.6975,finalize,0.004458999999997104
writer,writer/split_tiny_budget_1MiB,1,180.6975,fsync_calls,1
writer,writer/split_tiny_budget_1MiB,1,180.6975,fsync_ms,5.843
writer,writer/split_tiny_budget_1MiB,1,180.6975,prealloc_ms,0.083
writer,writer/split_tiny_budget_1MiB,1,180.6975,process_peak_rss_bytes,59588608
writer,writer/split_tiny_budget_1MiB,1,180.6975,report_span,0
writer,writer/split_tiny_budget_1MiB,1,180.6975,requests,4
writer,writer/split_tiny_budget_1MiB,1,180.6975,response_head_ms,78.102
writer,writer/split_tiny_budget_1MiB,1,180.6975,response_heads,4
writer,writer/split_tiny_budget_1MiB,1,180.6975,running_reports,1
writer,writer/split_tiny_budget_1MiB,1,180.6975,served_bytes,12582912
writer,writer/split_tiny_budget_1MiB,1,180.6975,to_first_report,178.617333
writer,writer/split_tiny_budget_1MiB,1,180.6975,total,178.621792
writer,writer/split_tiny_budget_1MiB,1,180.6975,unique_bytes,12582912
writer,writer/split_tiny_budget_1MiB,1,180.6975,verified,1
writer,writer/split_tiny_budget_1MiB,1,180.6975,writer_blocks,60
writer,writer/split_tiny_budget_1MiB,1,180.6975,writer_bytes,12582912
writer,writer/split_tiny_budget_1MiB,1,180.6975,writer_seeks,55
writer,writer/split_prealloc_on,1,83.0446,avg_block_bytes,1048576
writer,writer/split_prealloc_on,1,83.0446,body_reads,778
writer,writer/split_prealloc_on,1,83.0446,body_wait_ms,73.274
writer,writer/split_prealloc_on,1,83.0446,cache_copied_bytes,12582912
writer,writer/split_prealloc_on,1,83.0446,cache_evicted_bytes,12582912
writer,writer/split_prealloc_on,1,83.0446,checksum_ms,0
writer,writer/split_prealloc_on,1,83.0446,cpu_ms,13.147999999999993
writer,writer/split_prealloc_on,1,83.0446,cpu_percent,15.83245934497064
writer,writer/split_prealloc_on,1,83.0446,distinct_ranges,4
writer,writer/split_prealloc_on,1,83.0446,driver_connections,4
writer,writer/split_prealloc_on,1,83.0446,driver_loops,66
writer,writer/split_prealloc_on,1,83.0446,driver_pauses,6
writer,writer/split_prealloc_on,1,83.0446,duplicate_bytes,0
writer,writer/split_prealloc_on,1,83.0446,failed,0
writer,writer/split_prealloc_on,1,83.0446,file_bytes,12582912
writer,writer/split_prealloc_on,1,83.0446,fsync_calls,1
writer,writer/split_prealloc_on,1,83.0446,fsync_ms,5.147
writer,writer/split_prealloc_on,1,83.0446,prealloc_ms,3.924
writer,writer/split_prealloc_on,1,83.0446,process_peak_rss_bytes,60309504
writer,writer/split_prealloc_on,1,83.0446,requests,4
writer,writer/split_prealloc_on,1,83.0446,response_head_ms,58.007
writer,writer/split_prealloc_on,1,83.0446,response_heads,4
writer,writer/split_prealloc_on,1,83.0446,running_reports,0
writer,writer/split_prealloc_on,1,83.0446,served_bytes,12582912
writer,writer/split_prealloc_on,1,83.0446,total,81.369292
writer,writer/split_prealloc_on,1,83.0446,unique_bytes,12582912
writer,writer/split_prealloc_on,1,83.0446,verified,1
writer,writer/split_prealloc_on,1,83.0446,writer_blocks,12
writer,writer/split_prealloc_on,1,83.0446,writer_bytes,12582912
writer,writer/split_prealloc_on,1,83.0446,writer_seeks,8
writer,writer/single_conn_4MiB,1,31.9212,avg_block_bytes,262144
writer,writer/single_conn_4MiB,1,31.9212,body_reads,259
writer,writer/single_conn_4MiB,1,31.9212,body_wait_ms,25.652
writer,writer/single_conn_4MiB,1,31.9212,cache_copied_bytes,4194304
writer,writer/single_conn_4MiB,1,31.9212,cache_evicted_bytes,4194304
writer,writer/single_conn_4MiB,1,31.9212,checksum_ms,0
writer,writer/single_conn_4MiB,1,31.9212,cpu_ms,4.966999999999999
writer,writer/single_conn_4MiB,1,31.9212,cpu_percent,15.560167599953006
writer,writer/single_conn_4MiB,1,31.9212,distinct_ranges,1
writer,writer/single_conn_4MiB,1,31.9212,driver_connections,1
writer,writer/single_conn_4MiB,1,31.9212,driver_loops,37
writer,writer/single_conn_4MiB,1,31.9212,driver_pauses,1
writer,writer/single_conn_4MiB,1,31.9212,duplicate_bytes,0
writer,writer/single_conn_4MiB,1,31.9212,failed,0
writer,writer/single_conn_4MiB,1,31.9212,file_bytes,4194304
writer,writer/single_conn_4MiB,1,31.9212,finalize,4.247541999999999
writer,writer/single_conn_4MiB,1,31.9212,fsync_calls,2
writer,writer/single_conn_4MiB,1,31.9212,fsync_ms,4.165
writer,writer/single_conn_4MiB,1,31.9212,prealloc_ms,0.067
writer,writer/single_conn_4MiB,1,31.9212,process_peak_rss_bytes,68829184
writer,writer/single_conn_4MiB,1,31.9212,report_span,0.8967910000000003
writer,writer/single_conn_4MiB,1,31.9212,requests,1
writer,writer/single_conn_4MiB,1,31.9212,response_head_ms,0.259
writer,writer/single_conn_4MiB,1,31.9212,response_heads,1
writer,writer/single_conn_4MiB,1,31.9212,running_reports,16
writer,writer/single_conn_4MiB,1,31.9212,served_bytes,4194304
writer,writer/single_conn_4MiB,1,31.9212,to_first_report,25.45525
writer,writer/single_conn_4MiB,1,31.9212,total,30.599583
writer,writer/single_conn_4MiB,1,31.9212,unique_bytes,4194304
writer,writer/single_conn_4MiB,1,31.9212,verified,1
writer,writer/single_conn_4MiB,1,31.9212,writer_blocks,16
writer,writer/single_conn_4MiB,1,31.9212,writer_bytes,4194304
writer,writer/single_conn_4MiB,1,31.9212,writer_seeks,1
writer,writer/split_4conns_16KiB_chunks,2,157.5440,avg_block_bytes,1048576
writer,writer/split_4conns_16KiB_chunks,2,157.5440,body_reads,779
writer,writer/split_4conns_16KiB_chunks,2,157.5440,body_wait_ms,148.843
writer,writer/split_4conns_16KiB_chunks,2,157.5440,cache_copied_bytes,12582912
writer,writer/split_4conns_16KiB_chunks,2,157.5440,cache_evicted_bytes,12582912
writer,writer/split_4conns_16KiB_chunks,2,157.5440,checksum_ms,0
writer,writer/split_4conns_16KiB_chunks,2,157.5440,cpu_ms,22.779999999999998
writer,writer/split_4conns_16KiB_chunks,2,157.5440,cpu_percent,14.459448834373873
writer,writer/split_4conns_16KiB_chunks,2,157.5440,distinct_ranges,4
writer,writer/split_4conns_16KiB_chunks,2,157.5440,driver_connections,4
writer,writer/split_4conns_16KiB_chunks,2,157.5440,driver_loops,88
writer,writer/split_4conns_16KiB_chunks,2,157.5440,driver_pauses,6
writer,writer/split_4conns_16KiB_chunks,2,157.5440,duplicate_bytes,0
writer,writer/split_4conns_16KiB_chunks,2,157.5440,failed,0
writer,writer/split_4conns_16KiB_chunks,2,157.5440,file_bytes,12582912
writer,writer/split_4conns_16KiB_chunks,2,157.5440,fsync_calls,1
writer,writer/split_4conns_16KiB_chunks,2,157.5440,fsync_ms,4.646
writer,writer/split_4conns_16KiB_chunks,2,157.5440,prealloc_ms,0.17
writer,writer/split_4conns_16KiB_chunks,2,157.5440,process_peak_rss_bytes,50921472
writer,writer/split_4conns_16KiB_chunks,2,157.5440,requests,4
writer,writer/split_4conns_16KiB_chunks,2,157.5440,response_head_ms,72.391
writer,writer/split_4conns_16KiB_chunks,2,157.5440,response_heads,4
writer,writer/split_4conns_16KiB_chunks,2,157.5440,running_reports,0
writer,writer/split_4conns_16KiB_chunks,2,157.5440,served_bytes,12582912
writer,writer/split_4conns_16KiB_chunks,2,157.5440,total,153.923667
writer,writer/split_4conns_16KiB_chunks,2,157.5440,unique_bytes,12582912
writer,writer/split_4conns_16KiB_chunks,2,157.5440,verified,1
writer,writer/split_4conns_16KiB_chunks,2,157.5440,writer_blocks,12
writer,writer/split_4conns_16KiB_chunks,2,157.5440,writer_bytes,12582912
writer,writer/split_4conns_16KiB_chunks,2,157.5440,writer_seeks,4
writer,writer/split_4conns_1MiB_chunks,2,273.3975,avg_block_bytes,1048576
writer,writer/split_4conns_1MiB_chunks,2,273.3975,body_reads,777
writer,writer/split_4conns_1MiB_chunks,2,273.3975,body_wait_ms,265.513
writer,writer/split_4conns_1MiB_chunks,2,273.3975,cache_copied_bytes,12582912
writer,writer/split_4conns_1MiB_chunks,2,273.3975,cache_evicted_bytes,12582912
writer,writer/split_4conns_1MiB_chunks,2,273.3975,checksum_ms,0
writer,writer/split_4conns_1MiB_chunks,2,273.3975,cpu_ms,23.668000000000003
writer,writer/split_4conns_1MiB_chunks,2,273.3975,cpu_percent,8.65699210855988
writer,writer/split_4conns_1MiB_chunks,2,273.3975,distinct_ranges,4
writer,writer/split_4conns_1MiB_chunks,2,273.3975,driver_connections,4
writer,writer/split_4conns_1MiB_chunks,2,273.3975,driver_loops,80
writer,writer/split_4conns_1MiB_chunks,2,273.3975,driver_pauses,11
writer,writer/split_4conns_1MiB_chunks,2,273.3975,duplicate_bytes,0
writer,writer/split_4conns_1MiB_chunks,2,273.3975,failed,0
writer,writer/split_4conns_1MiB_chunks,2,273.3975,file_bytes,12582912
writer,writer/split_4conns_1MiB_chunks,2,273.3975,finalize,0.012457999999980984
writer,writer/split_4conns_1MiB_chunks,2,273.3975,fsync_calls,1
writer,writer/split_4conns_1MiB_chunks,2,273.3975,fsync_ms,3.153
writer,writer/split_4conns_1MiB_chunks,2,273.3975,prealloc_ms,0.161
writer,writer/split_4conns_1MiB_chunks,2,273.3975,process_peak_rss_bytes,56016896
writer,writer/split_4conns_1MiB_chunks,2,273.3975,report_span,66.38016700000003
writer,writer/split_4conns_1MiB_chunks,2,273.3975,requests,4
writer,writer/split_4conns_1MiB_chunks,2,273.3975,response_head_ms,76.913
writer,writer/split_4conns_1MiB_chunks,2,273.3975,response_heads,4
writer,writer/split_4conns_1MiB_chunks,2,273.3975,running_reports,2
writer,writer/split_4conns_1MiB_chunks,2,273.3975,served_bytes,12582912
writer,writer/split_4conns_1MiB_chunks,2,273.3975,to_first_report,203.03425
writer,writer/split_4conns_1MiB_chunks,2,273.3975,total,269.426875
writer,writer/split_4conns_1MiB_chunks,2,273.3975,unique_bytes,12582912
writer,writer/split_4conns_1MiB_chunks,2,273.3975,verified,1
writer,writer/split_4conns_1MiB_chunks,2,273.3975,writer_blocks,12
writer,writer/split_4conns_1MiB_chunks,2,273.3975,writer_bytes,12582912
writer,writer/split_4conns_1MiB_chunks,2,273.3975,writer_seeks,4
writer,writer/split_tiny_budget_1MiB,2,234.7070,avg_block_bytes,322638.76923076925
writer,writer/split_tiny_budget_1MiB,2,234.7070,body_reads,774
writer,writer/split_tiny_budget_1MiB,2,234.7070,body_wait_ms,312.445
writer,writer/split_tiny_budget_1MiB,2,234.7070,cache_copied_bytes,12582912
writer,writer/split_tiny_budget_1MiB,2,234.7070,cache_evicted_bytes,12582912
writer,writer/split_tiny_budget_1MiB,2,234.7070,checksum_ms,0
writer,writer/split_tiny_budget_1MiB,2,234.7070,cpu_ms,40.11299999999999
writer,writer/split_tiny_budget_1MiB,2,234.7070,cpu_percent,17.090673553870523
writer,writer/split_tiny_budget_1MiB,2,234.7070,distinct_ranges,4
writer,writer/split_tiny_budget_1MiB,2,234.7070,driver_connections,4
writer,writer/split_tiny_budget_1MiB,2,234.7070,driver_loops,71
writer,writer/split_tiny_budget_1MiB,2,234.7070,driver_pauses,13
writer,writer/split_tiny_budget_1MiB,2,234.7070,duplicate_bytes,0
writer,writer/split_tiny_budget_1MiB,2,234.7070,failed,0
writer,writer/split_tiny_budget_1MiB,2,234.7070,file_bytes,12582912
writer,writer/split_tiny_budget_1MiB,2,234.7070,finalize,0.011458000000004631
writer,writer/split_tiny_budget_1MiB,2,234.7070,fsync_calls,1
writer,writer/split_tiny_budget_1MiB,2,234.7070,fsync_ms,7.304
writer,writer/split_tiny_budget_1MiB,2,234.7070,prealloc_ms,0.175
writer,writer/split_tiny_budget_1MiB,2,234.7070,process_peak_rss_bytes,57212928
writer,writer/split_tiny_budget_1MiB,2,234.7070,report_span,26.362666999999988
writer,writer/split_tiny_budget_1MiB,2,234.7070,requests,4
writer,writer/split_tiny_budget_1MiB,2,234.7070,response_head_ms,72.07
writer,writer/split_tiny_budget_1MiB,2,234.7070,response_heads,4
writer,writer/split_tiny_budget_1MiB,2,234.7070,running_reports,2
writer,writer/split_tiny_budget_1MiB,2,234.7070,served_bytes,12582912
writer,writer/split_tiny_budget_1MiB,2,234.7070,to_first_report,203.74420800000001
writer,writer/split_tiny_budget_1MiB,2,234.7070,total,230.118333
writer,writer/split_tiny_budget_1MiB,2,234.7070,unique_bytes,12582912
writer,writer/split_tiny_budget_1MiB,2,234.7070,verified,1
writer,writer/split_tiny_budget_1MiB,2,234.7070,writer_blocks,39
writer,writer/split_tiny_budget_1MiB,2,234.7070,writer_bytes,12582912
writer,writer/split_tiny_budget_1MiB,2,234.7070,writer_seeks,23
writer,writer/split_prealloc_on,2,259.7695,avg_block_bytes,1048576
writer,writer/split_prealloc_on,2,259.7695,body_reads,775
writer,writer/split_prealloc_on,2,259.7695,body_wait_ms,310.202
writer,writer/split_prealloc_on,2,259.7695,cache_copied_bytes,12582912
writer,writer/split_prealloc_on,2,259.7695,cache_evicted_bytes,12582912
writer,writer/split_prealloc_on,2,259.7695,checksum_ms,0
writer,writer/split_prealloc_on,2,259.7695,cpu_ms,43.62600000000001
writer,writer/split_prealloc_on,2,259.7695,cpu_percent,16.79411668670533
writer,writer/split_prealloc_on,2,259.7695,distinct_ranges,5
writer,writer/split_prealloc_on,2,259.7695,driver_connections,4
writer,writer/split_prealloc_on,2,259.7695,driver_loops,71
writer,writer/split_prealloc_on,2,259.7695,driver_pauses,16
writer,writer/split_prealloc_on,2,259.7695,duplicate_bytes,0
writer,writer/split_prealloc_on,2,259.7695,failed,0
writer,writer/split_prealloc_on,2,259.7695,file_bytes,12582912
writer,writer/split_prealloc_on,2,259.7695,finalize,0.020000000000010232
writer,writer/split_prealloc_on,2,259.7695,fsync_calls,1
writer,writer/split_prealloc_on,2,259.7695,fsync_ms,7.814
writer,writer/split_prealloc_on,2,259.7695,prealloc_ms,2.622
writer,writer/split_prealloc_on,2,259.7695,process_peak_rss_bytes,59506688
writer,writer/split_prealloc_on,2,259.7695,report_span,46.369417
writer,writer/split_prealloc_on,2,259.7695,requests,5
writer,writer/split_prealloc_on,2,259.7695,response_head_ms,93.245
writer,writer/split_prealloc_on,2,259.7695,response_heads,5
writer,writer/split_prealloc_on,2,259.7695,running_reports,2
writer,writer/split_prealloc_on,2,259.7695,served_bytes,12582912
writer,writer/split_prealloc_on,2,259.7695,to_first_report,206.02016700000001
writer,writer/split_prealloc_on,2,259.7695,total,252.40958400000002
writer,writer/split_prealloc_on,2,259.7695,unique_bytes,12582912
writer,writer/split_prealloc_on,2,259.7695,verified,1
writer,writer/split_prealloc_on,2,259.7695,writer_blocks,12
writer,writer/split_prealloc_on,2,259.7695,writer_bytes,12582912
writer,writer/split_prealloc_on,2,259.7695,writer_seeks,1
writer,writer/single_conn_4MiB,2,36.3309,avg_block_bytes,262144
writer,writer/single_conn_4MiB,2,36.3309,body_reads,258
writer,writer/single_conn_4MiB,2,36.3309,body_wait_ms,25.11
writer,writer/single_conn_4MiB,2,36.3309,cache_copied_bytes,4194304
writer,writer/single_conn_4MiB,2,36.3309,cache_evicted_bytes,4194304
writer,writer/single_conn_4MiB,2,36.3309,checksum_ms,0
writer,writer/single_conn_4MiB,2,36.3309,cpu_ms,15.816999999999998
writer,writer/single_conn_4MiB,2,36.3309,cpu_percent,43.535973190846626
writer,writer/single_conn_4MiB,2,36.3309,distinct_ranges,1
writer,writer/single_conn_4MiB,2,36.3309,driver_connections,1
writer,writer/single_conn_4MiB,2,36.3309,driver_loops,44
writer,writer/single_conn_4MiB,2,36.3309,driver_pauses,1
writer,writer/single_conn_4MiB,2,36.3309,duplicate_bytes,0
writer,writer/single_conn_4MiB,2,36.3309,failed,0
writer,writer/single_conn_4MiB,2,36.3309,file_bytes,4194304
writer,writer/single_conn_4MiB,2,36.3309,finalize,3.932374999999997
writer,writer/single_conn_4MiB,2,36.3309,fsync_calls,2
writer,writer/single_conn_4MiB,2,36.3309,fsync_ms,3.549
writer,writer/single_conn_4MiB,2,36.3309,prealloc_ms,0.225
writer,writer/single_conn_4MiB,2,36.3309,process_peak_rss_bytes,68026368
writer,writer/single_conn_4MiB,2,36.3309,report_span,25.494333
writer,writer/single_conn_4MiB,2,36.3309,requests,1
writer,writer/single_conn_4MiB,2,36.3309,response_head_ms,0.634
writer,writer/single_conn_4MiB,2,36.3309,response_heads,1
writer,writer/single_conn_4MiB,2,36.3309,running_reports,17
writer,writer/single_conn_4MiB,2,36.3309,served_bytes,4194304
writer,writer/single_conn_4MiB,2,36.3309,to_first_report,2.65325
writer,writer/single_conn_4MiB,2,36.3309,total,32.079958
writer,writer/single_conn_4MiB,2,36.3309,unique_bytes,4194304
writer,writer/single_conn_4MiB,2,36.3309,verified,1
writer,writer/single_conn_4MiB,2,36.3309,writer_blocks,16
writer,writer/single_conn_4MiB,2,36.3309,writer_bytes,4194304
writer,writer/single_conn_4MiB,2,36.3309,writer_seeks,1
writer,writer/split_4conns_16KiB_chunks,3,33.1293,avg_block_bytes,1048576
writer,writer/split_4conns_16KiB_chunks,3,33.1293,body_reads,786
writer,writer/split_4conns_16KiB_chunks,3,33.1293,body_wait_ms,47.421
writer,writer/split_4conns_16KiB_chunks,3,33.1293,cache_copied_bytes,12582912
writer,writer/split_4conns_16KiB_chunks,3,33.1293,cache_evicted_bytes,12582912
writer,writer/split_4conns_16KiB_chunks,3,33.1293,checksum_ms,0
writer,writer/split_4conns_16KiB_chunks,3,33.1293,cpu_ms,15.837
writer,writer/split_4conns_16KiB_chunks,3,33.1293,cpu_percent,47.80355825455346
writer,writer/split_4conns_16KiB_chunks,3,33.1293,distinct_ranges,4
writer,writer/split_4conns_16KiB_chunks,3,33.1293,driver_connections,4
writer,writer/split_4conns_16KiB_chunks,3,33.1293,driver_loops,112
writer,writer/split_4conns_16KiB_chunks,3,33.1293,driver_pauses,6
writer,writer/split_4conns_16KiB_chunks,3,33.1293,duplicate_bytes,0
writer,writer/split_4conns_16KiB_chunks,3,33.1293,failed,0
writer,writer/split_4conns_16KiB_chunks,3,33.1293,file_bytes,12582912
writer,writer/split_4conns_16KiB_chunks,3,33.1293,finalize,0.0009170000000011669
writer,writer/split_4conns_16KiB_chunks,3,33.1293,fsync_calls,1
writer,writer/split_4conns_16KiB_chunks,3,33.1293,fsync_ms,5.209
writer,writer/split_4conns_16KiB_chunks,3,33.1293,prealloc_ms,0.066
writer,writer/split_4conns_16KiB_chunks,3,33.1293,process_peak_rss_bytes,51085312
writer,writer/split_4conns_16KiB_chunks,3,33.1293,report_span,0
writer,writer/split_4conns_16KiB_chunks,3,33.1293,requests,4
writer,writer/split_4conns_16KiB_chunks,3,33.1293,response_head_ms,2.122
writer,writer/split_4conns_16KiB_chunks,3,33.1293,response_heads,4
writer,writer/split_4conns_16KiB_chunks,3,33.1293,running_reports,1
writer,writer/split_4conns_16KiB_chunks,3,33.1293,served_bytes,12582912
writer,writer/split_4conns_16KiB_chunks,3,33.1293,to_first_report,30.694042
writer,writer/split_4conns_16KiB_chunks,3,33.1293,total,30.694959
writer,writer/split_4conns_16KiB_chunks,3,33.1293,unique_bytes,12582912
writer,writer/split_4conns_16KiB_chunks,3,33.1293,verified,1
writer,writer/split_4conns_16KiB_chunks,3,33.1293,writer_blocks,12
writer,writer/split_4conns_16KiB_chunks,3,33.1293,writer_bytes,12582912
writer,writer/split_4conns_16KiB_chunks,3,33.1293,writer_seeks,10
writer,writer/split_4conns_1MiB_chunks,3,84.5745,avg_block_bytes,1048576
writer,writer/split_4conns_1MiB_chunks,3,84.5745,body_reads,778
writer,writer/split_4conns_1MiB_chunks,3,84.5745,body_wait_ms,122.344
writer,writer/split_4conns_1MiB_chunks,3,84.5745,cache_copied_bytes,12582912
writer,writer/split_4conns_1MiB_chunks,3,84.5745,cache_evicted_bytes,12582912
writer,writer/split_4conns_1MiB_chunks,3,84.5745,checksum_ms,0
writer,writer/split_4conns_1MiB_chunks,3,84.5745,cpu_ms,13.982000000000001
writer,writer/split_4conns_1MiB_chunks,3,84.5745,cpu_percent,16.532177876538352
writer,writer/split_4conns_1MiB_chunks,3,84.5745,distinct_ranges,4
writer,writer/split_4conns_1MiB_chunks,3,84.5745,driver_connections,4
writer,writer/split_4conns_1MiB_chunks,3,84.5745,driver_loops,82
writer,writer/split_4conns_1MiB_chunks,3,84.5745,driver_pauses,5
writer,writer/split_4conns_1MiB_chunks,3,84.5745,duplicate_bytes,0
writer,writer/split_4conns_1MiB_chunks,3,84.5745,failed,0
writer,writer/split_4conns_1MiB_chunks,3,84.5745,file_bytes,12582912
writer,writer/split_4conns_1MiB_chunks,3,84.5745,finalize,0.001208000000005427
writer,writer/split_4conns_1MiB_chunks,3,84.5745,fsync_calls,1
writer,writer/split_4conns_1MiB_chunks,3,84.5745,fsync_ms,7.295
writer,writer/split_4conns_1MiB_chunks,3,84.5745,prealloc_ms,0.085
writer,writer/split_4conns_1MiB_chunks,3,84.5745,process_peak_rss_bytes,56770560
writer,writer/split_4conns_1MiB_chunks,3,84.5745,report_span,0
writer,writer/split_4conns_1MiB_chunks,3,84.5745,requests,4
writer,writer/split_4conns_1MiB_chunks,3,84.5745,response_head_ms,1.366
writer,writer/split_4conns_1MiB_chunks,3,84.5745,response_heads,4
writer,writer/split_4conns_1MiB_chunks,3,84.5745,running_reports,1
writer,writer/split_4conns_1MiB_chunks,3,84.5745,served_bytes,12582912
writer,writer/split_4conns_1MiB_chunks,3,84.5745,to_first_report,82.44045899999999
writer,writer/split_4conns_1MiB_chunks,3,84.5745,total,82.441667
writer,writer/split_4conns_1MiB_chunks,3,84.5745,unique_bytes,12582912
writer,writer/split_4conns_1MiB_chunks,3,84.5745,verified,1
writer,writer/split_4conns_1MiB_chunks,3,84.5745,writer_blocks,12
writer,writer/split_4conns_1MiB_chunks,3,84.5745,writer_bytes,12582912
writer,writer/split_4conns_1MiB_chunks,3,84.5745,writer_seeks,8
writer,writer/split_tiny_budget_1MiB,3,233.9782,avg_block_bytes,340078.7027027027
writer,writer/split_tiny_budget_1MiB,3,233.9782,body_reads,779
writer,writer/split_tiny_budget_1MiB,3,233.9782,body_wait_ms,267.82
writer,writer/split_tiny_budget_1MiB,3,233.9782,cache_copied_bytes,12582912
writer,writer/split_tiny_budget_1MiB,3,233.9782,cache_evicted_bytes,12582912
writer,writer/split_tiny_budget_1MiB,3,233.9782,checksum_ms,0
writer,writer/split_tiny_budget_1MiB,3,233.9782,cpu_ms,32.937
writer,writer/split_tiny_budget_1MiB,3,233.9782,cpu_percent,14.076954513781427
writer,writer/split_tiny_budget_1MiB,3,233.9782,distinct_ranges,4
writer,writer/split_tiny_budget_1MiB,3,233.9782,driver_connections,4
writer,writer/split_tiny_budget_1MiB,3,233.9782,driver_loops,81
writer,writer/split_tiny_budget_1MiB,3,233.9782,driver_pauses,11
writer,writer/split_tiny_budget_1MiB,3,233.9782,duplicate_bytes,0
writer,writer/split_tiny_budget_1MiB,3,233.9782,failed,0
writer,writer/split_tiny_budget_1MiB,3,233.9782,file_bytes,12582912
writer,writer/split_tiny_budget_1MiB,3,233.9782,finalize,0.005625000000009095
writer,writer/split_tiny_budget_1MiB,3,233.9782,fsync_calls,1
writer,writer/split_tiny_budget_1MiB,3,233.9782,fsync_ms,8.318
writer,writer/split_tiny_budget_1MiB,3,233.9782,prealloc_ms,0.167
writer,writer/split_tiny_budget_1MiB,3,233.9782,process_peak_rss_bytes,57638912
writer,writer/split_tiny_budget_1MiB,3,233.9782,report_span,26.444290999999993
writer,writer/split_tiny_budget_1MiB,3,233.9782,requests,4
writer,writer/split_tiny_budget_1MiB,3,233.9782,response_head_ms,71.087
writer,writer/split_tiny_budget_1MiB,3,233.9782,response_heads,4
writer,writer/split_tiny_budget_1MiB,3,233.9782,running_reports,2
writer,writer/split_tiny_budget_1MiB,3,233.9782,served_bytes,12582912
writer,writer/split_tiny_budget_1MiB,3,233.9782,to_first_report,202.967209
writer,writer/split_tiny_budget_1MiB,3,233.9782,total,229.417125
writer,writer/split_tiny_budget_1MiB,3,233.9782,unique_bytes,12582912
writer,writer/split_tiny_budget_1MiB,3,233.9782,verified,1
writer,writer/split_tiny_budget_1MiB,3,233.9782,writer_blocks,37
writer,writer/split_tiny_budget_1MiB,3,233.9782,writer_bytes,12582912
writer,writer/split_tiny_budget_1MiB,3,233.9782,writer_seeks,18
writer,writer/split_prealloc_on,3,93.1280,avg_block_bytes,1048576
writer,writer/split_prealloc_on,3,93.1280,body_reads,777
writer,writer/split_prealloc_on,3,93.1280,body_wait_ms,176.059
writer,writer/split_prealloc_on,3,93.1280,cache_copied_bytes,12582912
writer,writer/split_prealloc_on,3,93.1280,cache_evicted_bytes,12582912
writer,writer/split_prealloc_on,3,93.1280,checksum_ms,0
writer,writer/split_prealloc_on,3,93.1280,cpu_ms,29.487
writer,writer/split_prealloc_on,3,93.1280,cpu_percent,31.66285832574468
writer,writer/split_prealloc_on,3,93.1280,distinct_ranges,4
writer,writer/split_prealloc_on,3,93.1280,driver_connections,4
writer,writer/split_prealloc_on,3,93.1280,driver_loops,52
writer,writer/split_prealloc_on,3,93.1280,driver_pauses,12
writer,writer/split_prealloc_on,3,93.1280,duplicate_bytes,0
writer,writer/split_prealloc_on,3,93.1280,failed,0
writer,writer/split_prealloc_on,3,93.1280,file_bytes,12582912
writer,writer/split_prealloc_on,3,93.1280,finalize,0.0028330000000096334
writer,writer/split_prealloc_on,3,93.1280,fsync_calls,1
writer,writer/split_prealloc_on,3,93.1280,fsync_ms,7.844
writer,writer/split_prealloc_on,3,93.1280,prealloc_ms,4.637
writer,writer/split_prealloc_on,3,93.1280,process_peak_rss_bytes,59703296
writer,writer/split_prealloc_on,3,93.1280,report_span,0
writer,writer/split_prealloc_on,3,93.1280,requests,4
writer,writer/split_prealloc_on,3,93.1280,response_head_ms,65.174
writer,writer/split_prealloc_on,3,93.1280,response_heads,4
writer,writer/split_prealloc_on,3,93.1280,running_reports,1
writer,writer/split_prealloc_on,3,93.1280,served_bytes,12582912
writer,writer/split_prealloc_on,3,93.1280,to_first_report,89.268875
writer,writer/split_prealloc_on,3,93.1280,total,89.271708
writer,writer/split_prealloc_on,3,93.1280,unique_bytes,12582912
writer,writer/split_prealloc_on,3,93.1280,verified,1
writer,writer/split_prealloc_on,3,93.1280,writer_blocks,12
writer,writer/split_prealloc_on,3,93.1280,writer_bytes,12582912
writer,writer/split_prealloc_on,3,93.1280,writer_seeks,12
writer,writer/single_conn_4MiB,3,33.3825,avg_block_bytes,262144
writer,writer/single_conn_4MiB,3,33.3825,body_reads,260
writer,writer/single_conn_4MiB,3,33.3825,body_wait_ms,24.982
writer,writer/single_conn_4MiB,3,33.3825,cache_copied_bytes,4194304
writer,writer/single_conn_4MiB,3,33.3825,cache_evicted_bytes,4194304
writer,writer/single_conn_4MiB,3,33.3825,checksum_ms,0
writer,writer/single_conn_4MiB,3,33.3825,cpu_ms,9.516999999999998
writer,writer/single_conn_4MiB,3,33.3825,cpu_percent,28.508949299782813
writer,writer/single_conn_4MiB,3,33.3825,distinct_ranges,1
writer,writer/single_conn_4MiB,3,33.3825,driver_connections,1
writer,writer/single_conn_4MiB,3,33.3825,driver_loops,46
writer,writer/single_conn_4MiB,3,33.3825,driver_pauses,1
writer,writer/single_conn_4MiB,3,33.3825,duplicate_bytes,0
writer,writer/single_conn_4MiB,3,33.3825,failed,0
writer,writer/single_conn_4MiB,3,33.3825,file_bytes,4194304
writer,writer/single_conn_4MiB,3,33.3825,finalize,4.251125000000005
writer,writer/single_conn_4MiB,3,33.3825,fsync_calls,2
writer,writer/single_conn_4MiB,3,33.3825,fsync_ms,4.166
writer,writer/single_conn_4MiB,3,33.3825,prealloc_ms,0.171
writer,writer/single_conn_4MiB,3,33.3825,process_peak_rss_bytes,68173824
writer,writer/single_conn_4MiB,3,33.3825,report_span,25.267167
writer,writer/single_conn_4MiB,3,33.3825,requests,1
writer,writer/single_conn_4MiB,3,33.3825,response_head_ms,0.515
writer,writer/single_conn_4MiB,3,33.3825,response_heads,1
writer,writer/single_conn_4MiB,3,33.3825,running_reports,16
writer,writer/single_conn_4MiB,3,33.3825,served_bytes,4194304
writer,writer/single_conn_4MiB,3,33.3825,to_first_report,2.219917
writer,writer/single_conn_4MiB,3,33.3825,total,31.738209000000005
writer,writer/single_conn_4MiB,3,33.3825,unique_bytes,4194304
writer,writer/single_conn_4MiB,3,33.3825,verified,1
writer,writer/single_conn_4MiB,3,33.3825,writer_blocks,16
writer,writer/single_conn_4MiB,3,33.3825,writer_bytes,4194304
writer,writer/single_conn_4MiB,3,33.3825,writer_seeks,1
writer,writer/split_4conns_16KiB_chunks,4,233.3918,avg_block_bytes,1048576
writer,writer/split_4conns_16KiB_chunks,4,233.3918,body_reads,791
writer,writer/split_4conns_16KiB_chunks,4,233.3918,body_wait_ms,218.258
writer,writer/split_4conns_16KiB_chunks,4,233.3918,cache_copied_bytes,12582912
writer,writer/split_4conns_16KiB_chunks,4,233.3918,cache_evicted_bytes,12582912
writer,writer/split_4conns_16KiB_chunks,4,233.3918,checksum_ms,0
writer,writer/split_4conns_16KiB_chunks,4,233.3918,cpu_ms,28.584
writer,writer/split_4conns_16KiB_chunks,4,233.3918,cpu_percent,12.247215127500992
writer,writer/split_4conns_16KiB_chunks,4,233.3918,distinct_ranges,4
writer,writer/split_4conns_16KiB_chunks,4,233.3918,driver_connections,4
writer,writer/split_4conns_16KiB_chunks,4,233.3918,driver_loops,105
writer,writer/split_4conns_16KiB_chunks,4,233.3918,driver_pauses,9
writer,writer/split_4conns_16KiB_chunks,4,233.3918,duplicate_bytes,0
writer,writer/split_4conns_16KiB_chunks,4,233.3918,failed,0
writer,writer/split_4conns_16KiB_chunks,4,233.3918,file_bytes,12582912
writer,writer/split_4conns_16KiB_chunks,4,233.3918,finalize,0.018915999999990163
writer,writer/split_4conns_16KiB_chunks,4,233.3918,fsync_calls,1
writer,writer/split_4conns_16KiB_chunks,4,233.3918,fsync_ms,5.254
writer,writer/split_4conns_16KiB_chunks,4,233.3918,prealloc_ms,0.076
writer,writer/split_4conns_16KiB_chunks,4,233.3918,process_peak_rss_bytes,50708480
writer,writer/split_4conns_16KiB_chunks,4,233.3918,report_span,21.708625000000012
writer,writer/split_4conns_16KiB_chunks,4,233.3918,requests,4
writer,writer/split_4conns_16KiB_chunks,4,233.3918,response_head_ms,2.005
writer,writer/split_4conns_16KiB_chunks,4,233.3918,response_heads,4
writer,writer/split_4conns_16KiB_chunks,4,233.3918,running_reports,2
writer,writer/split_4conns_16KiB_chunks,4,233.3918,served_bytes,12582912
writer,writer/split_4conns_16KiB_chunks,4,233.3918,to_first_report,203.388625
writer,writer/split_4conns_16KiB_chunks,4,233.3918,total,225.116166
writer,writer/split_4conns_16KiB_chunks,4,233.3918,unique_bytes,12582912
writer,writer/split_4conns_16KiB_chunks,4,233.3918,verified,1
writer,writer/split_4conns_16KiB_chunks,4,233.3918,writer_blocks,12
writer,writer/split_4conns_16KiB_chunks,4,233.3918,writer_bytes,12582912
writer,writer/split_4conns_16KiB_chunks,4,233.3918,writer_seeks,1
writer,writer/split_4conns_1MiB_chunks,4,239.7385,avg_block_bytes,1048576
writer,writer/split_4conns_1MiB_chunks,4,239.7385,body_reads,776
writer,writer/split_4conns_1MiB_chunks,4,239.7385,body_wait_ms,226.144
writer,writer/split_4conns_1MiB_chunks,4,239.7385,cache_copied_bytes,12582912
writer,writer/split_4conns_1MiB_chunks,4,239.7385,cache_evicted_bytes,12582912
writer,writer/split_4conns_1MiB_chunks,4,239.7385,checksum_ms,0
writer,writer/split_4conns_1MiB_chunks,4,239.7385,cpu_ms,41.248999999999995
writer,writer/split_4conns_1MiB_chunks,4,239.7385,cpu_percent,17.20582750519939
writer,writer/split_4conns_1MiB_chunks,4,239.7385,distinct_ranges,4
writer,writer/split_4conns_1MiB_chunks,4,239.7385,driver_connections,4
writer,writer/split_4conns_1MiB_chunks,4,239.7385,driver_loops,74
writer,writer/split_4conns_1MiB_chunks,4,239.7385,driver_pauses,9
writer,writer/split_4conns_1MiB_chunks,4,239.7385,duplicate_bytes,0
writer,writer/split_4conns_1MiB_chunks,4,239.7385,failed,0
writer,writer/split_4conns_1MiB_chunks,4,239.7385,file_bytes,12582912
writer,writer/split_4conns_1MiB_chunks,4,239.7385,finalize,0.014582999999987578
writer,writer/split_4conns_1MiB_chunks,4,239.7385,fsync_calls,1
writer,writer/split_4conns_1MiB_chunks,4,239.7385,fsync_ms,4.86
writer,writer/split_4conns_1MiB_chunks,4,239.7385,prealloc_ms,0.253
writer,writer/split_4conns_1MiB_chunks,4,239.7385,process_peak_rss_bytes,57835520
writer,writer/split_4conns_1MiB_chunks,4,239.7385,report_span,30.042208999999986
writer,writer/split_4conns_1MiB_chunks,4,239.7385,requests,4
writer,writer/split_4conns_1MiB_chunks,4,239.7385,response_head_ms,79.078
writer,writer/split_4conns_1MiB_chunks,4,239.7385,response_heads,4
writer,writer/split_4conns_1MiB_chunks,4,239.7385,running_reports,2
writer,writer/split_4conns_1MiB_chunks,4,239.7385,served_bytes,12582912
writer,writer/split_4conns_1MiB_chunks,4,239.7385,to_first_report,203.636916
writer,writer/split_4conns_1MiB_chunks,4,239.7385,total,233.693708
writer,writer/split_4conns_1MiB_chunks,4,239.7385,unique_bytes,12582912
writer,writer/split_4conns_1MiB_chunks,4,239.7385,verified,1
writer,writer/split_4conns_1MiB_chunks,4,239.7385,writer_blocks,12
writer,writer/split_4conns_1MiB_chunks,4,239.7385,writer_bytes,12582912
writer,writer/split_4conns_1MiB_chunks,4,239.7385,writer_seeks,1
writer,writer/split_tiny_budget_1MiB,4,281.6243,avg_block_bytes,331129.2631578947
writer,writer/split_tiny_budget_1MiB,4,281.6243,body_reads,772
writer,writer/split_tiny_budget_1MiB,4,281.6243,body_wait_ms,309.611
writer,writer/split_tiny_budget_1MiB,4,281.6243,cache_copied_bytes,12582912
writer,writer/split_tiny_budget_1MiB,4,281.6243,cache_evicted_bytes,12582912
writer,writer/split_tiny_budget_1MiB,4,281.6243,checksum_ms,0
writer,writer/split_tiny_budget_1MiB,4,281.6243,cpu_ms,49.484000000000016
writer,writer/split_tiny_budget_1MiB,4,281.6243,cpu_percent,17.57092481930202
writer,writer/split_tiny_budget_1MiB,4,281.6243,distinct_ranges,4
writer,writer/split_tiny_budget_1MiB,4,281.6243,driver_connections,4
writer,writer/split_tiny_budget_1MiB,4,281.6243,driver_loops,74
writer,writer/split_tiny_budget_1MiB,4,281.6243,driver_pauses,15
writer,writer/split_tiny_budget_1MiB,4,281.6243,duplicate_bytes,0
writer,writer/split_tiny_budget_1MiB,4,281.6243,failed,0
writer,writer/split_tiny_budget_1MiB,4,281.6243,file_bytes,12582912
writer,writer/split_tiny_budget_1MiB,4,281.6243,finalize,0.015542000000039025
writer,writer/split_tiny_budget_1MiB,4,281.6243,fsync_calls,1
writer,writer/split_tiny_budget_1MiB,4,281.6243,fsync_ms,8.889
writer,writer/split_tiny_budget_1MiB,4,281.6243,prealloc_ms,0.221
writer,writer/split_tiny_budget_1MiB,4,281.6243,process_peak_rss_bytes,59981824
writer,writer/split_tiny_budget_1MiB,4,281.6243,report_span,73.28716599999996
writer,writer/split_tiny_budget_1MiB,4,281.6243,requests,4
writer,writer/split_tiny_budget_1MiB,4,281.6243,response_head_ms,72.222
writer,writer/split_tiny_budget_1MiB,4,281.6243,response_heads,4
writer,writer/split_tiny_budget_1MiB,4,281.6243,running_reports,2
writer,writer/split_tiny_budget_1MiB,4,281.6243,served_bytes,12582912
writer,writer/split_tiny_budget_1MiB,4,281.6243,to_first_report,203.68275
writer,writer/split_tiny_budget_1MiB,4,281.6243,total,276.985458
writer,writer/split_tiny_budget_1MiB,4,281.6243,unique_bytes,12582912
writer,writer/split_tiny_budget_1MiB,4,281.6243,verified,1
writer,writer/split_tiny_budget_1MiB,4,281.6243,writer_blocks,38
writer,writer/split_tiny_budget_1MiB,4,281.6243,writer_bytes,12582912
writer,writer/split_tiny_budget_1MiB,4,281.6243,writer_seeks,20
writer,writer/split_prealloc_on,4,217.5441,avg_block_bytes,1048576
writer,writer/split_prealloc_on,4,217.5441,body_reads,773
writer,writer/split_prealloc_on,4,217.5441,body_wait_ms,319.573
writer,writer/split_prealloc_on,4,217.5441,cache_copied_bytes,12582912
writer,writer/split_prealloc_on,4,217.5441,cache_evicted_bytes,12582912
writer,writer/split_prealloc_on,4,217.5441,checksum_ms,0
writer,writer/split_prealloc_on,4,217.5441,cpu_ms,43.771
writer,writer/split_prealloc_on,4,217.5441,cpu_percent,20.120519664972917
writer,writer/split_prealloc_on,4,217.5441,distinct_ranges,4
writer,writer/split_prealloc_on,4,217.5441,driver_connections,4
writer,writer/split_prealloc_on,4,217.5441,driver_loops,57
writer,writer/split_prealloc_on,4,217.5441,driver_pauses,13
writer,writer/split_prealloc_on,4,217.5441,duplicate_bytes,0
writer,writer/split_prealloc_on,4,217.5441,failed,0
writer,writer/split_prealloc_on,4,217.5441,file_bytes,12582912
writer,writer/split_prealloc_on,4,217.5441,finalize,0.016416999999989912
writer,writer/split_prealloc_on,4,217.5441,fsync_calls,1
writer,writer/split_prealloc_on,4,217.5441,fsync_ms,9.302
writer,writer/split_prealloc_on,4,217.5441,prealloc_ms,3.956
writer,writer/split_prealloc_on,4,217.5441,process_peak_rss_bytes,63029248
writer,writer/split_prealloc_on,4,217.5441,report_span,0
writer,writer/split_prealloc_on,4,217.5441,requests,4
writer,writer/split_prealloc_on,4,217.5441,response_head_ms,63.687
writer,writer/split_prealloc_on,4,217.5441,response_heads,4
writer,writer/split_prealloc_on,4,217.5441,running_reports,1
writer,writer/split_prealloc_on,4,217.5441,served_bytes,12582912
writer,writer/split_prealloc_on,4,217.5441,to_first_report,211.412292
writer,writer/split_prealloc_on,4,217.5441,total,211.428709
writer,writer/split_prealloc_on,4,217.5441,unique_bytes,12582912
writer,writer/split_prealloc_on,4,217.5441,verified,1
writer,writer/split_prealloc_on,4,217.5441,writer_blocks,12
writer,writer/split_prealloc_on,4,217.5441,writer_bytes,12582912
writer,writer/split_prealloc_on,4,217.5441,writer_seeks,10
writer,writer/single_conn_4MiB,4,103.5292,avg_block_bytes,262144
writer,writer/single_conn_4MiB,4,103.5292,body_reads,257
writer,writer/single_conn_4MiB,4,103.5292,body_wait_ms,92.781
writer,writer/single_conn_4MiB,4,103.5292,cache_copied_bytes,4194304
writer,writer/single_conn_4MiB,4,103.5292,cache_evicted_bytes,4194304
writer,writer/single_conn_4MiB,4,103.5292,checksum_ms,0
writer,writer/single_conn_4MiB,4,103.5292,cpu_ms,15.172999999999991
writer,writer/single_conn_4MiB,4,103.5292,cpu_percent,14.655773285609445
writer,writer/single_conn_4MiB,4,103.5292,distinct_ranges,1
writer,writer/single_conn_4MiB,4,103.5292,driver_connections,1
writer,writer/single_conn_4MiB,4,103.5292,driver_loops,34
writer,writer/single_conn_4MiB,4,103.5292,driver_pauses,4
writer,writer/single_conn_4MiB,4,103.5292,duplicate_bytes,0
writer,writer/single_conn_4MiB,4,103.5292,failed,0
writer,writer/single_conn_4MiB,4,103.5292,file_bytes,4194304
writer,writer/single_conn_4MiB,4,103.5292,finalize,5.043166999999997
writer,writer/single_conn_4MiB,4,103.5292,fsync_calls,2
writer,writer/single_conn_4MiB,4,103.5292,fsync_ms,4.796
writer,writer/single_conn_4MiB,4,103.5292,prealloc_ms,0.183
writer,writer/single_conn_4MiB,4,103.5292,process_peak_rss_bytes,71532544
writer,writer/single_conn_4MiB,4,103.5292,report_span,93.292208
writer,writer/single_conn_4MiB,4,103.5292,requests,1
writer,writer/single_conn_4MiB,4,103.5292,response_head_ms,0.76
writer,writer/single_conn_4MiB,4,103.5292,response_heads,1
writer,writer/single_conn_4MiB,4,103.5292,running_reports,17
writer,writer/single_conn_4MiB,4,103.5292,served_bytes,4194304
writer,writer/single_conn_4MiB,4,103.5292,to_first_report,2.489084
writer,writer/single_conn_4MiB,4,103.5292,total,100.824459
writer,writer/single_conn_4MiB,4,103.5292,unique_bytes,4194304
writer,writer/single_conn_4MiB,4,103.5292,verified,1
writer,writer/single_conn_4MiB,4,103.5292,writer_blocks,16
writer,writer/single_conn_4MiB,4,103.5292,writer_bytes,4194304
writer,writer/single_conn_4MiB,4,103.5292,writer_seeks,1
writer,writer/split_4conns_16KiB_chunks,5,35.1300,avg_block_bytes,1048576
writer,writer/split_4conns_16KiB_chunks,5,35.1300,body_reads,785
writer,writer/split_4conns_16KiB_chunks,5,35.1300,body_wait_ms,26.826
writer,writer/split_4conns_16KiB_chunks,5,35.1300,cache_copied_bytes,12582912
writer,writer/split_4conns_16KiB_chunks,5,35.1300,cache_evicted_bytes,12582912
writer,writer/split_4conns_16KiB_chunks,5,35.1300,checksum_ms,0
writer,writer/split_4conns_16KiB_chunks,5,35.1300,cpu_ms,16.052
writer,writer/split_4conns_16KiB_chunks,5,35.1300,cpu_percent,45.69319309481688
writer,writer/split_4conns_16KiB_chunks,5,35.1300,distinct_ranges,4
writer,writer/split_4conns_16KiB_chunks,5,35.1300,driver_connections,4
writer,writer/split_4conns_16KiB_chunks,5,35.1300,driver_loops,96
writer,writer/split_4conns_16KiB_chunks,5,35.1300,driver_pauses,6
writer,writer/split_4conns_16KiB_chunks,5,35.1300,duplicate_bytes,0
writer,writer/split_4conns_16KiB_chunks,5,35.1300,failed,0
writer,writer/split_4conns_16KiB_chunks,5,35.1300,file_bytes,12582912
writer,writer/split_4conns_16KiB_chunks,5,35.1300,finalize,0.005667000000002531
writer,writer/split_4conns_16KiB_chunks,5,35.1300,fsync_calls,1
writer,writer/split_4conns_16KiB_chunks,5,35.1300,fsync_ms,6.208
writer,writer/split_4conns_16KiB_chunks,5,35.1300,prealloc_ms,0.071
writer,writer/split_4conns_16KiB_chunks,5,35.1300,process_peak_rss_bytes,49954816
writer,writer/split_4conns_16KiB_chunks,5,35.1300,report_span,0
writer,writer/split_4conns_16KiB_chunks,5,35.1300,requests,4
writer,writer/split_4conns_16KiB_chunks,5,35.1300,response_head_ms,1.758
writer,writer/split_4conns_16KiB_chunks,5,35.1300,response_heads,4
writer,writer/split_4conns_16KiB_chunks,5,35.1300,running_reports,1
writer,writer/split_4conns_16KiB_chunks,5,35.1300,served_bytes,12582912
writer,writer/split_4conns_16KiB_chunks,5,35.1300,to_first_report,32.437915999999994
writer,writer/split_4conns_16KiB_chunks,5,35.1300,total,32.443583
writer,writer/split_4conns_16KiB_chunks,5,35.1300,unique_bytes,12582912
writer,writer/split_4conns_16KiB_chunks,5,35.1300,verified,1
writer,writer/split_4conns_16KiB_chunks,5,35.1300,writer_blocks,12
writer,writer/split_4conns_16KiB_chunks,5,35.1300,writer_bytes,12582912
writer,writer/split_4conns_16KiB_chunks,5,35.1300,writer_seeks,12
writer,writer/split_4conns_1MiB_chunks,5,86.4231,avg_block_bytes,1048576
writer,writer/split_4conns_1MiB_chunks,5,86.4231,body_reads,777
writer,writer/split_4conns_1MiB_chunks,5,86.4231,body_wait_ms,102.214
writer,writer/split_4conns_1MiB_chunks,5,86.4231,cache_copied_bytes,12582912
writer,writer/split_4conns_1MiB_chunks,5,86.4231,cache_evicted_bytes,12582912
writer,writer/split_4conns_1MiB_chunks,5,86.4231,checksum_ms,0
writer,writer/split_4conns_1MiB_chunks,5,86.4231,cpu_ms,16.268999999999995
writer,writer/split_4conns_1MiB_chunks,5,86.4231,cpu_percent,18.824822638616684
writer,writer/split_4conns_1MiB_chunks,5,86.4231,distinct_ranges,4
writer,writer/split_4conns_1MiB_chunks,5,86.4231,driver_connections,4
writer,writer/split_4conns_1MiB_chunks,5,86.4231,driver_loops,60
writer,writer/split_4conns_1MiB_chunks,5,86.4231,driver_pauses,7
writer,writer/split_4conns_1MiB_chunks,5,86.4231,duplicate_bytes,0
writer,writer/split_4conns_1MiB_chunks,5,86.4231,failed,0
writer,writer/split_4conns_1MiB_chunks,5,86.4231,file_bytes,12582912
writer,writer/split_4conns_1MiB_chunks,5,86.4231,finalize,0.012000000000014666
writer,writer/split_4conns_1MiB_chunks,5,86.4231,fsync_calls,1
writer,writer/split_4conns_1MiB_chunks,5,86.4231,fsync_ms,7.42
writer,writer/split_4conns_1MiB_chunks,5,86.4231,prealloc_ms,0.089
writer,writer/split_4conns_1MiB_chunks,5,86.4231,process_peak_rss_bytes,55508992
writer,writer/split_4conns_1MiB_chunks,5,86.4231,report_span,0
writer,writer/split_4conns_1MiB_chunks,5,86.4231,requests,4
writer,writer/split_4conns_1MiB_chunks,5,86.4231,response_head_ms,76.685
writer,writer/split_4conns_1MiB_chunks,5,86.4231,response_heads,4
writer,writer/split_4conns_1MiB_chunks,5,86.4231,running_reports,1
writer,writer/split_4conns_1MiB_chunks,5,86.4231,served_bytes,12582912
writer,writer/split_4conns_1MiB_chunks,5,86.4231,to_first_report,83.825375
writer,writer/split_4conns_1MiB_chunks,5,86.4231,total,83.83737500000001
writer,writer/split_4conns_1MiB_chunks,5,86.4231,unique_bytes,12582912
writer,writer/split_4conns_1MiB_chunks,5,86.4231,verified,1
writer,writer/split_4conns_1MiB_chunks,5,86.4231,writer_blocks,12
writer,writer/split_4conns_1MiB_chunks,5,86.4231,writer_bytes,12582912
writer,writer/split_4conns_1MiB_chunks,5,86.4231,writer_seeks,10
writer,writer/split_tiny_budget_1MiB,5,138.6887,avg_block_bytes,273541.5652173913
writer,writer/split_tiny_budget_1MiB,5,138.6887,body_reads,779
writer,writer/split_tiny_budget_1MiB,5,138.6887,body_wait_ms,197.769
writer,writer/split_tiny_budget_1MiB,5,138.6887,cache_copied_bytes,12582912
writer,writer/split_tiny_budget_1MiB,5,138.6887,cache_evicted_bytes,12582912
writer,writer/split_tiny_budget_1MiB,5,138.6887,checksum_ms,0
writer,writer/split_tiny_budget_1MiB,5,138.6887,cpu_ms,23.621999999999996
writer,writer/split_tiny_budget_1MiB,5,138.6887,cpu_percent,17.032383664861065
writer,writer/split_tiny_budget_1MiB,5,138.6887,distinct_ranges,4
writer,writer/split_tiny_budget_1MiB,5,138.6887,driver_connections,4
writer,writer/split_tiny_budget_1MiB,5,138.6887,driver_loops,75
writer,writer/split_tiny_budget_1MiB,5,138.6887,driver_pauses,18
writer,writer/split_tiny_budget_1MiB,5,138.6887,duplicate_bytes,0
writer,writer/split_tiny_budget_1MiB,5,138.6887,failed,0
writer,writer/split_tiny_budget_1MiB,5,138.6887,file_bytes,12582912
writer,writer/split_tiny_budget_1MiB,5,138.6887,finalize,0.002082999999998947
writer,writer/split_tiny_budget_1MiB,5,138.6887,fsync_calls,1
writer,writer/split_tiny_budget_1MiB,5,138.6887,fsync_ms,8.979
writer,writer/split_tiny_budget_1MiB,5,138.6887,prealloc_ms,0.104
writer,writer/split_tiny_budget_1MiB,5,138.6887,process_peak_rss_bytes,55705600
writer,writer/split_tiny_budget_1MiB,5,138.6887,report_span,0
writer,writer/split_tiny_budget_1MiB,5,138.6887,requests,4
writer,writer/split_tiny_budget_1MiB,5,138.6887,response_head_ms,67.303
writer,writer/split_tiny_budget_1MiB,5,138.6887,response_heads,4
writer,writer/split_tiny_budget_1MiB,5,138.6887,running_reports,1
writer,writer/split_tiny_budget_1MiB,5,138.6887,served_bytes,12582912
writer,writer/split_tiny_budget_1MiB,5,138.6887,to_first_report,133.367709
writer,writer/split_tiny_budget_1MiB,5,138.6887,total,133.369792
writer,writer/split_tiny_budget_1MiB,5,138.6887,unique_bytes,12582912
writer,writer/split_tiny_budget_1MiB,5,138.6887,verified,1
writer,writer/split_tiny_budget_1MiB,5,138.6887,writer_blocks,46
writer,writer/split_tiny_budget_1MiB,5,138.6887,writer_bytes,12582912
writer,writer/split_tiny_budget_1MiB,5,138.6887,writer_seeks,37
writer,writer/split_prealloc_on,5,141.5705,avg_block_bytes,1048576
writer,writer/split_prealloc_on,5,141.5705,body_reads,778
writer,writer/split_prealloc_on,5,141.5705,body_wait_ms,217.415
writer,writer/split_prealloc_on,5,141.5705,cache_copied_bytes,12582912
writer,writer/split_prealloc_on,5,141.5705,cache_evicted_bytes,12582912
writer,writer/split_prealloc_on,5,141.5705,checksum_ms,0
writer,writer/split_prealloc_on,5,141.5705,cpu_ms,40.55200000000001
writer,writer/split_prealloc_on,5,141.5705,cpu_percent,28.64438565944177
writer,writer/split_prealloc_on,5,141.5705,distinct_ranges,4
writer,writer/split_prealloc_on,5,141.5705,driver_connections,4
writer,writer/split_prealloc_on,5,141.5705,driver_loops,55
writer,writer/split_prealloc_on,5,141.5705,driver_pauses,9
writer,writer/split_prealloc_on,5,141.5705,duplicate_bytes,0
writer,writer/split_prealloc_on,5,141.5705,failed,0
writer,writer/split_prealloc_on,5,141.5705,file_bytes,12582912
writer,writer/split_prealloc_on,5,141.5705,finalize,0.024082999999990307
writer,writer/split_prealloc_on,5,141.5705,fsync_calls,1
writer,writer/split_prealloc_on,5,141.5705,fsync_ms,7.736
writer,writer/split_prealloc_on,5,141.5705,prealloc_ms,4.472
writer,writer/split_prealloc_on,5,141.5705,process_peak_rss_bytes,61046784
writer,writer/split_prealloc_on,5,141.5705,report_span,0
writer,writer/split_prealloc_on,5,141.5705,requests,4
writer,writer/split_prealloc_on,5,141.5705,response_head_ms,65.858
writer,writer/split_prealloc_on,5,141.5705,response_heads,4
writer,writer/split_prealloc_on,5,141.5705,running_reports,1
writer,writer/split_prealloc_on,5,141.5705,served_bytes,12582912
writer,writer/split_prealloc_on,5,141.5705,to_first_report,136.51825
writer,writer/split_prealloc_on,5,141.5705,total,136.54233299999999
writer,writer/split_prealloc_on,5,141.5705,unique_bytes,12582912
writer,writer/split_prealloc_on,5,141.5705,verified,1
writer,writer/split_prealloc_on,5,141.5705,writer_blocks,12
writer,writer/split_prealloc_on,5,141.5705,writer_bytes,12582912
writer,writer/split_prealloc_on,5,141.5705,writer_seeks,10
writer,writer/single_conn_4MiB,5,55.9293,avg_block_bytes,262144
writer,writer/single_conn_4MiB,5,55.9293,body_reads,259
writer,writer/single_conn_4MiB,5,55.9293,body_wait_ms,43.201
writer,writer/single_conn_4MiB,5,55.9293,cache_copied_bytes,4194304
writer,writer/single_conn_4MiB,5,55.9293,cache_evicted_bytes,4194304
writer,writer/single_conn_4MiB,5,55.9293,checksum_ms,0
writer,writer/single_conn_4MiB,5,55.9293,cpu_ms,14.781000000000017
writer,writer/single_conn_4MiB,5,55.9293,cpu_percent,26.428031843802692
writer,writer/single_conn_4MiB,5,55.9293,distinct_ranges,1
writer,writer/single_conn_4MiB,5,55.9293,driver_connections,1
writer,writer/single_conn_4MiB,5,55.9293,driver_loops,34
writer,writer/single_conn_4MiB,5,55.9293,driver_pauses,2
writer,writer/single_conn_4MiB,5,55.9293,duplicate_bytes,0
writer,writer/single_conn_4MiB,5,55.9293,failed,0
writer,writer/single_conn_4MiB,5,55.9293,file_bytes,4194304
writer,writer/single_conn_4MiB,5,55.9293,finalize,6.227083
writer,writer/single_conn_4MiB,5,55.9293,fsync_calls,2
writer,writer/single_conn_4MiB,5,55.9293,fsync_ms,5.862
writer,writer/single_conn_4MiB,5,55.9293,prealloc_ms,0.168
writer,writer/single_conn_4MiB,5,55.9293,process_peak_rss_bytes,69517312
writer,writer/single_conn_4MiB,5,55.9293,report_span,24.085957999999998
writer,writer/single_conn_4MiB,5,55.9293,requests,1
writer,writer/single_conn_4MiB,5,55.9293,response_head_ms,0.583
writer,writer/single_conn_4MiB,5,55.9293,response_heads,1
writer,writer/single_conn_4MiB,5,55.9293,running_reports,16
writer,writer/single_conn_4MiB,5,55.9293,served_bytes,4194304
writer,writer/single_conn_4MiB,5,55.9293,to_first_report,22.26225
writer,writer/single_conn_4MiB,5,55.9293,total,52.575291
writer,writer/single_conn_4MiB,5,55.9293,unique_bytes,4194304
writer,writer/single_conn_4MiB,5,55.9293,verified,1
writer,writer/single_conn_4MiB,5,55.9293,writer_blocks,16
writer,writer/single_conn_4MiB,5,55.9293,writer_bytes,4194304
writer,writer/single_conn_4MiB,5,55.9293,writer_seeks,1
writer,writer/split_4conns_16KiB_chunks,6,134.1092,avg_block_bytes,1048576
writer,writer/split_4conns_16KiB_chunks,6,134.1092,body_reads,786
writer,writer/split_4conns_16KiB_chunks,6,134.1092,body_wait_ms,126.799
writer,writer/split_4conns_16KiB_chunks,6,134.1092,cache_copied_bytes,12582912
writer,writer/split_4conns_16KiB_chunks,6,134.1092,cache_evicted_bytes,12582912
writer,writer/split_4conns_16KiB_chunks,6,134.1092,checksum_ms,0
writer,writer/split_4conns_16KiB_chunks,6,134.1092,cpu_ms,21.242000000000004
writer,writer/split_4conns_16KiB_chunks,6,134.1092,cpu_percent,15.839334830854629
writer,writer/split_4conns_16KiB_chunks,6,134.1092,distinct_ranges,4
writer,writer/split_4conns_16KiB_chunks,6,134.1092,driver_connections,4
writer,writer/split_4conns_16KiB_chunks,6,134.1092,driver_loops,108
writer,writer/split_4conns_16KiB_chunks,6,134.1092,driver_pauses,5
writer,writer/split_4conns_16KiB_chunks,6,134.1092,duplicate_bytes,0
writer,writer/split_4conns_16KiB_chunks,6,134.1092,failed,0
writer,writer/split_4conns_16KiB_chunks,6,134.1092,file_bytes,12582912
writer,writer/split_4conns_16KiB_chunks,6,134.1092,finalize,0.005959000000018477
writer,writer/split_4conns_16KiB_chunks,6,134.1092,fsync_calls,1
writer,writer/split_4conns_16KiB_chunks,6,134.1092,fsync_ms,3.511
writer,writer/split_4conns_16KiB_chunks,6,134.1092,prealloc_ms,0.132
writer,writer/split_4conns_16KiB_chunks,6,134.1092,process_peak_rss_bytes,47955968
writer,writer/split_4conns_16KiB_chunks,6,134.1092,report_span,0
writer,writer/split_4conns_16KiB_chunks,6,134.1092,requests,4
writer,writer/split_4conns_16KiB_chunks,6,134.1092,response_head_ms,77.24
writer,writer/split_4conns_16KiB_chunks,6,134.1092,response_heads,4
writer,writer/split_4conns_16KiB_chunks,6,134.1092,running_reports,1
writer,writer/split_4conns_16KiB_chunks,6,134.1092,served_bytes,12582912
writer,writer/split_4conns_16KiB_chunks,6,134.1092,to_first_report,130.66495799999998
writer,writer/split_4conns_16KiB_chunks,6,134.1092,total,130.670917
writer,writer/split_4conns_16KiB_chunks,6,134.1092,unique_bytes,12582912
writer,writer/split_4conns_16KiB_chunks,6,134.1092,verified,1
writer,writer/split_4conns_16KiB_chunks,6,134.1092,writer_blocks,12
writer,writer/split_4conns_16KiB_chunks,6,134.1092,writer_bytes,12582912
writer,writer/split_4conns_16KiB_chunks,6,134.1092,writer_seeks,4
writer,writer/split_4conns_1MiB_chunks,6,109.7118,avg_block_bytes,1048576
writer,writer/split_4conns_1MiB_chunks,6,109.7118,body_reads,777
writer,writer/split_4conns_1MiB_chunks,6,109.7118,body_wait_ms,171.911
writer,writer/split_4conns_1MiB_chunks,6,109.7118,cache_copied_bytes,12582912
writer,writer/split_4conns_1MiB_chunks,6,109.7118,cache_evicted_bytes,12582912
writer,writer/split_4conns_1MiB_chunks,6,109.7118,checksum_ms,0
writer,writer/split_4conns_1MiB_chunks,6,109.7118,cpu_ms,22.278
writer,writer/split_4conns_1MiB_chunks,6,109.7118,cpu_percent,20.30592269842032
writer,writer/split_4conns_1MiB_chunks,6,109.7118,distinct_ranges,4
writer,writer/split_4conns_1MiB_chunks,6,109.7118,driver_connections,4
writer,writer/split_4conns_1MiB_chunks,6,109.7118,driver_loops,59
writer,writer/split_4conns_1MiB_chunks,6,109.7118,driver_pauses,9
writer,writer/split_4conns_1MiB_chunks,6,109.7118,duplicate_bytes,0
writer,writer/split_4conns_1MiB_chunks,6,109.7118,failed,0
writer,writer/split_4conns_1MiB_chunks,6,109.7118,file_bytes,12582912
writer,writer/split_4conns_1MiB_chunks,6,109.7118,fsync_calls,1
writer,writer/split_4conns_1MiB_chunks,6,109.7118,fsync_ms,7.56
writer,writer/split_4conns_1MiB_chunks,6,109.7118,prealloc_ms,0.099
writer,writer/split_4conns_1MiB_chunks,6,109.7118,process_peak_rss_bytes,59834368
writer,writer/split_4conns_1MiB_chunks,6,109.7118,requests,4
writer,writer/split_4conns_1MiB_chunks,6,109.7118,response_head_ms,64.54
writer,writer/split_4conns_1MiB_chunks,6,109.7118,response_heads,4
writer,writer/split_4conns_1MiB_chunks,6,109.7118,running_reports,0
writer,writer/split_4conns_1MiB_chunks,6,109.7118,served_bytes,12582912
writer,writer/split_4conns_1MiB_chunks,6,109.7118,total,106.004459
writer,writer/split_4conns_1MiB_chunks,6,109.7118,unique_bytes,12582912
writer,writer/split_4conns_1MiB_chunks,6,109.7118,verified,1
writer,writer/split_4conns_1MiB_chunks,6,109.7118,writer_blocks,12
writer,writer/split_4conns_1MiB_chunks,6,109.7118,writer_bytes,12582912
writer,writer/split_4conns_1MiB_chunks,6,109.7118,writer_seeks,12
writer,writer/split_tiny_budget_1MiB,6,157.1804,avg_block_bytes,246723.76470588235
writer,writer/split_tiny_budget_1MiB,6,157.1804,body_reads,781
writer,writer/split_tiny_budget_1MiB,6,157.1804,body_wait_ms,237.202
writer,writer/split_tiny_budget_1MiB,6,157.1804,cache_copied_bytes,12582912
writer,writer/split_tiny_budget_1MiB,6,157.1804,cache_evicted_bytes,12582912
writer,writer/split_tiny_budget_1MiB,6,157.1804,checksum_ms,0
writer,writer/split_tiny_budget_1MiB,6,157.1804,cpu_ms,25.578000000000003
writer,writer/split_tiny_budget_1MiB,6,157.1804,cpu_percent,16.273023906451428
writer,writer/split_tiny_budget_1MiB,6,157.1804,distinct_ranges,4
writer,writer/split_tiny_budget_1MiB,6,157.1804,driver_connections,4
writer,writer/split_tiny_budget_1MiB,6,157.1804,driver_loops,72
writer,writer/split_tiny_budget_1MiB,6,157.1804,driver_pauses,14
writer,writer/split_tiny_budget_1MiB,6,157.1804,duplicate_bytes,0
writer,writer/split_tiny_budget_1MiB,6,157.1804,failed,0
writer,writer/split_tiny_budget_1MiB,6,157.1804,file_bytes,12582912
writer,writer/split_tiny_budget_1MiB,6,157.1804,finalize,0.014667000000002872
writer,writer/split_tiny_budget_1MiB,6,157.1804,fsync_calls,1
writer,writer/split_tiny_budget_1MiB,6,157.1804,fsync_ms,6.902
writer,writer/split_tiny_budget_1MiB,6,157.1804,prealloc_ms,0.114
writer,writer/split_tiny_budget_1MiB,6,157.1804,process_peak_rss_bytes,60063744
writer,writer/split_tiny_budget_1MiB,6,157.1804,report_span,0
writer,writer/split_tiny_budget_1MiB,6,157.1804,requests,4
writer,writer/split_tiny_budget_1MiB,6,157.1804,response_head_ms,68.55
writer,writer/split_tiny_budget_1MiB,6,157.1804,response_heads,4
writer,writer/split_tiny_budget_1MiB,6,157.1804,running_reports,1
writer,writer/split_tiny_budget_1MiB,6,157.1804,served_bytes,12582912
writer,writer/split_tiny_budget_1MiB,6,157.1804,to_first_report,153.483791
writer,writer/split_tiny_budget_1MiB,6,157.1804,total,153.498458
writer,writer/split_tiny_budget_1MiB,6,157.1804,unique_bytes,12582912
writer,writer/split_tiny_budget_1MiB,6,157.1804,verified,1
writer,writer/split_tiny_budget_1MiB,6,157.1804,writer_blocks,51
writer,writer/split_tiny_budget_1MiB,6,157.1804,writer_bytes,12582912
writer,writer/split_tiny_budget_1MiB,6,157.1804,writer_seeks,44
writer,writer/split_prealloc_on,6,247.7221,avg_block_bytes,1048576
writer,writer/split_prealloc_on,6,247.7221,body_reads,778
writer,writer/split_prealloc_on,6,247.7221,body_wait_ms,281.148
writer,writer/split_prealloc_on,6,247.7221,cache_copied_bytes,12582912
writer,writer/split_prealloc_on,6,247.7221,cache_evicted_bytes,12582912
writer,writer/split_prealloc_on,6,247.7221,checksum_ms,0
writer,writer/split_prealloc_on,6,247.7221,cpu_ms,30.831999999999997
writer,writer/split_prealloc_on,6,247.7221,cpu_percent,12.446203583955208
writer,writer/split_prealloc_on,6,247.7221,distinct_ranges,5
writer,writer/split_prealloc_on,6,247.7221,driver_connections,4
writer,writer/split_prealloc_on,6,247.7221,driver_loops,85
writer,writer/split_prealloc_on,6,247.7221,driver_pauses,12
writer,writer/split_prealloc_on,6,247.7221,duplicate_bytes,0
writer,writer/split_prealloc_on,6,247.7221,failed,0
writer,writer/split_prealloc_on,6,247.7221,file_bytes,12582912
writer,writer/split_prealloc_on,6,247.7221,finalize,34.71883399999999
writer,writer/split_prealloc_on,6,247.7221,fsync_calls,1
writer,writer/split_prealloc_on,6,247.7221,fsync_ms,5.246
writer,writer/split_prealloc_on,6,247.7221,prealloc_ms,4.182
writer,writer/split_prealloc_on,6,247.7221,process_peak_rss_bytes,64749568
writer,writer/split_prealloc_on,6,247.7221,report_span,0
writer,writer/split_prealloc_on,6,247.7221,requests,5
writer,writer/split_prealloc_on,6,247.7221,response_head_ms,77.416
writer,writer/split_prealloc_on,6,247.7221,response_heads,5
writer,writer/split_prealloc_on,6,247.7221,running_reports,1
writer,writer/split_prealloc_on,6,247.7221,served_bytes,12582912
writer,writer/split_prealloc_on,6,247.7221,to_first_report,208.3135
writer,writer/split_prealloc_on,6,247.7221,total,243.032334
writer,writer/split_prealloc_on,6,247.7221,unique_bytes,12582912
writer,writer/split_prealloc_on,6,247.7221,verified,1
writer,writer/split_prealloc_on,6,247.7221,writer_blocks,12
writer,writer/split_prealloc_on,6,247.7221,writer_bytes,12582912
writer,writer/split_prealloc_on,6,247.7221,writer_seeks,5
writer,writer/single_conn_4MiB,6,110.6525,avg_block_bytes,262144
writer,writer/single_conn_4MiB,6,110.6525,body_reads,258
writer,writer/single_conn_4MiB,6,110.6525,body_wait_ms,99.286
writer,writer/single_conn_4MiB,6,110.6525,cache_copied_bytes,4194304
writer,writer/single_conn_4MiB,6,110.6525,cache_evicted_bytes,4194304
writer,writer/single_conn_4MiB,6,110.6525,checksum_ms,0
writer,writer/single_conn_4MiB,6,110.6525,cpu_ms,14.687000000000005
writer,writer/single_conn_4MiB,6,110.6525,cpu_percent,13.27307961890293
writer,writer/single_conn_4MiB,6,110.6525,distinct_ranges,1
writer,writer/single_conn_4MiB,6,110.6525,driver_connections,1
writer,writer/single_conn_4MiB,6,110.6525,driver_loops,32
writer,writer/single_conn_4MiB,6,110.6525,driver_pauses,4
writer,writer/single_conn_4MiB,6,110.6525,duplicate_bytes,0
writer,writer/single_conn_4MiB,6,110.6525,failed,0
writer,writer/single_conn_4MiB,6,110.6525,file_bytes,4194304
writer,writer/single_conn_4MiB,6,110.6525,finalize,5.105292000000006
writer,writer/single_conn_4MiB,6,110.6525,fsync_calls,2
writer,writer/single_conn_4MiB,6,110.6525,fsync_ms,4.624
writer,writer/single_conn_4MiB,6,110.6525,prealloc_ms,0.394
writer,writer/single_conn_4MiB,6,110.6525,process_peak_rss_bytes,73236480
writer,writer/single_conn_4MiB,6,110.6525,report_span,99.85354099999999
writer,writer/single_conn_4MiB,6,110.6525,requests,1
writer,writer/single_conn_4MiB,6,110.6525,response_head_ms,0.494
writer,writer/single_conn_4MiB,6,110.6525,response_heads,1
writer,writer/single_conn_4MiB,6,110.6525,running_reports,16
writer,writer/single_conn_4MiB,6,110.6525,served_bytes,4194304
writer,writer/single_conn_4MiB,6,110.6525,to_first_report,2.241084
writer,writer/single_conn_4MiB,6,110.6525,total,107.199917
writer,writer/single_conn_4MiB,6,110.6525,unique_bytes,4194304
writer,writer/single_conn_4MiB,6,110.6525,verified,1
writer,writer/single_conn_4MiB,6,110.6525,writer_blocks,16
writer,writer/single_conn_4MiB,6,110.6525,writer_bytes,4194304
writer,writer/single_conn_4MiB,6,110.6525,writer_seeks,1
writer,writer/split_4conns_16KiB_chunks,7,88.7401,avg_block_bytes,1048576
writer,writer/split_4conns_16KiB_chunks,7,88.7401,body_reads,784
writer,writer/split_4conns_16KiB_chunks,7,88.7401,body_wait_ms,127.543
writer,writer/split_4conns_16KiB_chunks,7,88.7401,cache_copied_bytes,12582912
writer,writer/split_4conns_16KiB_chunks,7,88.7401,cache_evicted_bytes,12582912
writer,writer/split_4conns_16KiB_chunks,7,88.7401,checksum_ms,0
writer,writer/split_4conns_16KiB_chunks,7,88.7401,cpu_ms,19.512
writer,writer/split_4conns_16KiB_chunks,7,88.7401,cpu_percent,21.987809049040443
writer,writer/split_4conns_16KiB_chunks,7,88.7401,distinct_ranges,4
writer,writer/split_4conns_16KiB_chunks,7,88.7401,driver_connections,4
writer,writer/split_4conns_16KiB_chunks,7,88.7401,driver_loops,89
writer,writer/split_4conns_16KiB_chunks,7,88.7401,driver_pauses,11
writer,writer/split_4conns_16KiB_chunks,7,88.7401,duplicate_bytes,0
writer,writer/split_4conns_16KiB_chunks,7,88.7401,failed,0
writer,writer/split_4conns_16KiB_chunks,7,88.7401,file_bytes,12582912
writer,writer/split_4conns_16KiB_chunks,7,88.7401,fsync_calls,1
writer,writer/split_4conns_16KiB_chunks,7,88.7401,fsync_ms,7.426
writer,writer/split_4conns_16KiB_chunks,7,88.7401,prealloc_ms,0.078
writer,writer/split_4conns_16KiB_chunks,7,88.7401,process_peak_rss_bytes,49217536
writer,writer/split_4conns_16KiB_chunks,7,88.7401,requests,4
writer,writer/split_4conns_16KiB_chunks,7,88.7401,response_head_ms,74.661
writer,writer/split_4conns_16KiB_chunks,7,88.7401,response_heads,4
writer,writer/split_4conns_16KiB_chunks,7,88.7401,running_reports,0
writer,writer/split_4conns_16KiB_chunks,7,88.7401,served_bytes,12582912
writer,writer/split_4conns_16KiB_chunks,7,88.7401,total,85.86912500000001
writer,writer/split_4conns_16KiB_chunks,7,88.7401,unique_bytes,12582912
writer,writer/split_4conns_16KiB_chunks,7,88.7401,verified,1
writer,writer/split_4conns_16KiB_chunks,7,88.7401,writer_blocks,12
writer,writer/split_4conns_16KiB_chunks,7,88.7401,writer_bytes,12582912
writer,writer/split_4conns_16KiB_chunks,7,88.7401,writer_seeks,10
writer,writer/split_4conns_1MiB_chunks,7,204.0025,avg_block_bytes,1048576
writer,writer/split_4conns_1MiB_chunks,7,204.0025,body_reads,777
writer,writer/split_4conns_1MiB_chunks,7,204.0025,body_wait_ms,191.822
writer,writer/split_4conns_1MiB_chunks,7,204.0025,cache_copied_bytes,12582912
writer,writer/split_4conns_1MiB_chunks,7,204.0025,cache_evicted_bytes,12582912
writer,writer/split_4conns_1MiB_chunks,7,204.0025,checksum_ms,0
writer,writer/split_4conns_1MiB_chunks,7,204.0025,cpu_ms,24.766999999999996
writer,writer/split_4conns_1MiB_chunks,7,204.0025,cpu_percent,12.14053999290538
writer,writer/split_4conns_1MiB_chunks,7,204.0025,distinct_ranges,4
writer,writer/split_4conns_1MiB_chunks,7,204.0025,driver_connections,4
writer,writer/split_4conns_1MiB_chunks,7,204.0025,driver_loops,87
writer,writer/split_4conns_1MiB_chunks,7,204.0025,driver_pauses,8
writer,writer/split_4conns_1MiB_chunks,7,204.0025,duplicate_bytes,0
writer,writer/split_4conns_1MiB_chunks,7,204.0025,failed,0
writer,writer/split_4conns_1MiB_chunks,7,204.0025,file_bytes,12582912
writer,writer/split_4conns_1MiB_chunks,7,204.0025,finalize,0.020624999999995453
writer,writer/split_4conns_1MiB_chunks,7,204.0025,fsync_calls,1
writer,writer/split_4conns_1MiB_chunks,7,204.0025,fsync_ms,6.048
writer,writer/split_4conns_1MiB_chunks,7,204.0025,prealloc_ms,0.114
writer,writer/split_4conns_1MiB_chunks,7,204.0025,process_peak_rss_bytes,54214656
writer,writer/split_4conns_1MiB_chunks,7,204.0025,report_span,0
writer,writer/split_4conns_1MiB_chunks,7,204.0025,requests,4
writer,writer/split_4conns_1MiB_chunks,7,204.0025,response_head_ms,3.15
writer,writer/split_4conns_1MiB_chunks,7,204.0025,response_heads,4
writer,writer/split_4conns_1MiB_chunks,7,204.0025,running_reports,1
writer,writer/split_4conns_1MiB_chunks,7,204.0025,served_bytes,12582912
writer,writer/split_4conns_1MiB_chunks,7,204.0025,to_first_report,199.138
writer,writer/split_4conns_1MiB_chunks,7,204.0025,total,199.158625
writer,writer/split_4conns_1MiB_chunks,7,204.0025,unique_bytes,12582912
writer,writer/split_4conns_1MiB_chunks,7,204.0025,verified,1
writer,writer/split_4conns_1MiB_chunks,7,204.0025,writer_blocks,12
writer,writer/split_4conns_1MiB_chunks,7,204.0025,writer_bytes,12582912
writer,writer/split_4conns_1MiB_chunks,7,204.0025,writer_seeks,1
writer,writer/split_tiny_budget_1MiB,7,219.2170,avg_block_bytes,251658.24
writer,writer/split_tiny_budget_1MiB,7,219.2170,body_reads,779
writer,writer/split_tiny_budget_1MiB,7,219.2170,body_wait_ms,374.78
writer,writer/split_tiny_budget_1MiB,7,219.2170,cache_copied_bytes,12582912
writer,writer/split_tiny_budget_1MiB,7,219.2170,cache_evicted_bytes,12582912
writer,writer/split_tiny_budget_1MiB,7,219.2170,checksum_ms,0
writer,writer/split_tiny_budget_1MiB,7,219.2170,cpu_ms,45.34700000000001
writer,writer/split_tiny_budget_1MiB,7,219.2170,cpu_percent,20.685891747412597
writer,writer/split_tiny_budget_1MiB,7,219.2170,distinct_ranges,4
writer,writer/split_tiny_budget_1MiB,7,219.2170,driver_connections,4
writer,writer/split_tiny_budget_1MiB,7,219.2170,driver_loops,65
writer,writer/split_tiny_budget_1MiB,7,219.2170,driver_pauses,16
writer,writer/split_tiny_budget_1MiB,7,219.2170,duplicate_bytes,0
writer,writer/split_tiny_budget_1MiB,7,219.2170,failed,0
writer,writer/split_tiny_budget_1MiB,7,219.2170,file_bytes,12582912
writer,writer/split_tiny_budget_1MiB,7,219.2170,finalize,0.015124999999983402
writer,writer/split_tiny_budget_1MiB,7,219.2170,fsync_calls,1
writer,writer/split_tiny_budget_1MiB,7,219.2170,fsync_ms,7.923
writer,writer/split_tiny_budget_1MiB,7,219.2170,prealloc_ms,0.179
writer,writer/split_tiny_budget_1MiB,7,219.2170,process_peak_rss_bytes,54951936
writer,writer/split_tiny_budget_1MiB,7,219.2170,report_span,9.108792000000022
writer,writer/split_tiny_budget_1MiB,7,219.2170,requests,4
writer,writer/split_tiny_budget_1MiB,7,219.2170,response_head_ms,79.659
writer,writer/split_tiny_budget_1MiB,7,219.2170,response_heads,4
writer,writer/split_tiny_budget_1MiB,7,219.2170,running_reports,2
writer,writer/split_tiny_budget_1MiB,7,219.2170,served_bytes,12582912
writer,writer/split_tiny_budget_1MiB,7,219.2170,to_first_report,203.579333
writer,writer/split_tiny_budget_1MiB,7,219.2170,total,212.70325
writer,writer/split_tiny_budget_1MiB,7,219.2170,unique_bytes,12582912
writer,writer/split_tiny_budget_1MiB,7,219.2170,verified,1
writer,writer/split_tiny_budget_1MiB,7,219.2170,writer_blocks,50
writer,writer/split_tiny_budget_1MiB,7,219.2170,writer_bytes,12582912
writer,writer/split_tiny_budget_1MiB,7,219.2170,writer_seeks,44
writer,writer/split_prealloc_on,7,66.0427,avg_block_bytes,1048576
writer,writer/split_prealloc_on,7,66.0427,body_reads,781
writer,writer/split_prealloc_on,7,66.0427,body_wait_ms,75.407
writer,writer/split_prealloc_on,7,66.0427,cache_copied_bytes,12582912
writer,writer/split_prealloc_on,7,66.0427,cache_evicted_bytes,12582912
writer,writer/split_prealloc_on,7,66.0427,checksum_ms,0
writer,writer/split_prealloc_on,7,66.0427,cpu_ms,28.56099999999999
writer,writer/split_prealloc_on,7,66.0427,cpu_percent,43.246285011475976
writer,writer/split_prealloc_on,7,66.0427,distinct_ranges,5
writer,writer/split_prealloc_on,7,66.0427,driver_connections,4
writer,writer/split_prealloc_on,7,66.0427,driver_loops,48
writer,writer/split_prealloc_on,7,66.0427,driver_pauses,9
writer,writer/split_prealloc_on,7,66.0427,duplicate_bytes,0
writer,writer/split_prealloc_on,7,66.0427,failed,0
writer,writer/split_prealloc_on,7,66.0427,file_bytes,12582912
writer,writer/split_prealloc_on,7,66.0427,finalize,0.00795800000000213
writer,writer/split_prealloc_on,7,66.0427,fsync_calls,1
writer,writer/split_prealloc_on,7,66.0427,fsync_ms,7.829
writer,writer/split_prealloc_on,7,66.0427,prealloc_ms,4.587
writer,writer/split_prealloc_on,7,66.0427,process_peak_rss_bytes,56541184
writer,writer/split_prealloc_on,7,66.0427,report_span,0
writer,writer/split_prealloc_on,7,66.0427,requests,5
writer,writer/split_prealloc_on,7,66.0427,response_head_ms,55.851
writer,writer/split_prealloc_on,7,66.0427,response_heads,5
writer,writer/split_prealloc_on,7,66.0427,running_reports,1
writer,writer/split_prealloc_on,7,66.0427,served_bytes,12582912
writer,writer/split_prealloc_on,7,66.0427,to_first_report,61.657958
writer,writer/split_prealloc_on,7,66.0427,total,61.665916
writer,writer/split_prealloc_on,7,66.0427,unique_bytes,12582912
writer,writer/split_prealloc_on,7,66.0427,verified,1
writer,writer/split_prealloc_on,7,66.0427,writer_blocks,12
writer,writer/split_prealloc_on,7,66.0427,writer_bytes,12582912
writer,writer/split_prealloc_on,7,66.0427,writer_seeks,11
writer,writer/single_conn_4MiB,7,30.6252,avg_block_bytes,262144
writer,writer/single_conn_4MiB,7,30.6252,body_reads,259
writer,writer/single_conn_4MiB,7,30.6252,body_wait_ms,21.575
writer,writer/single_conn_4MiB,7,30.6252,cache_copied_bytes,4194304
writer,writer/single_conn_4MiB,7,30.6252,cache_evicted_bytes,4194304
writer,writer/single_conn_4MiB,7,30.6252,checksum_ms,0
writer,writer/single_conn_4MiB,7,30.6252,cpu_ms,10.768
writer,writer/single_conn_4MiB,7,30.6252,cpu_percent,35.160577521628596
writer,writer/single_conn_4MiB,7,30.6252,distinct_ranges,1
writer,writer/single_conn_4MiB,7,30.6252,driver_connections,1
writer,writer/single_conn_4MiB,7,30.6252,driver_loops,33
writer,writer/single_conn_4MiB,7,30.6252,driver_pauses,1
writer,writer/single_conn_4MiB,7,30.6252,duplicate_bytes,0
writer,writer/single_conn_4MiB,7,30.6252,failed,0
writer,writer/single_conn_4MiB,7,30.6252,file_bytes,4194304
writer,writer/single_conn_4MiB,7,30.6252,finalize,4.807375
writer,writer/single_conn_4MiB,7,30.6252,fsync_calls,2
writer,writer/single_conn_4MiB,7,30.6252,fsync_ms,4.552
writer,writer/single_conn_4MiB,7,30.6252,prealloc_ms,0.159
writer,writer/single_conn_4MiB,7,30.6252,process_peak_rss_bytes,65028096
writer,writer/single_conn_4MiB,7,30.6252,report_span,22.054083
writer,writer/single_conn_4MiB,7,30.6252,requests,1
writer,writer/single_conn_4MiB,7,30.6252,response_head_ms,0.418
writer,writer/single_conn_4MiB,7,30.6252,response_heads,1
writer,writer/single_conn_4MiB,7,30.6252,running_reports,17
writer,writer/single_conn_4MiB,7,30.6252,served_bytes,4194304
writer,writer/single_conn_4MiB,7,30.6252,to_first_report,1.104334
writer,writer/single_conn_4MiB,7,30.6252,total,27.965792
writer,writer/single_conn_4MiB,7,30.6252,unique_bytes,4194304
writer,writer/single_conn_4MiB,7,30.6252,verified,1
writer,writer/single_conn_4MiB,7,30.6252,writer_blocks,16
writer,writer/single_conn_4MiB,7,30.6252,writer_bytes,4194304
writer,writer/single_conn_4MiB,7,30.6252,writer_seeks,1
writer,writer/split_4conns_16KiB_chunks,8,62.7896,avg_block_bytes,1048576
writer,writer/split_4conns_16KiB_chunks,8,62.7896,body_reads,787
writer,writer/split_4conns_16KiB_chunks,8,62.7896,body_wait_ms,78.23
writer,writer/split_4conns_16KiB_chunks,8,62.7896,cache_copied_bytes,12582912
writer,writer/split_4conns_16KiB_chunks,8,62.7896,cache_evicted_bytes,12582912
writer,writer/split_4conns_16KiB_chunks,8,62.7896,checksum_ms,0
writer,writer/split_4conns_16KiB_chunks,8,62.7896,cpu_ms,18.520000000000003
writer,writer/split_4conns_16KiB_chunks,8,62.7896,cpu_percent,29.495318693175825
writer,writer/split_4conns_16KiB_chunks,8,62.7896,distinct_ranges,4
writer,writer/split_4conns_16KiB_chunks,8,62.7896,driver_connections,4
writer,writer/split_4conns_16KiB_chunks,8,62.7896,driver_loops,99
writer,writer/split_4conns_16KiB_chunks,8,62.7896,driver_pauses,7
writer,writer/split_4conns_16KiB_chunks,8,62.7896,duplicate_bytes,0
writer,writer/split_4conns_16KiB_chunks,8,62.7896,failed,0
writer,writer/split_4conns_16KiB_chunks,8,62.7896,file_bytes,12582912
writer,writer/split_4conns_16KiB_chunks,8,62.7896,fsync_calls,1
writer,writer/split_4conns_16KiB_chunks,8,62.7896,fsync_ms,7.152
writer,writer/split_4conns_16KiB_chunks,8,62.7896,prealloc_ms,0.079
writer,writer/split_4conns_16KiB_chunks,8,62.7896,process_peak_rss_bytes,50987008
writer,writer/split_4conns_16KiB_chunks,8,62.7896,requests,4
writer,writer/split_4conns_16KiB_chunks,8,62.7896,response_head_ms,1.912
writer,writer/split_4conns_16KiB_chunks,8,62.7896,response_heads,4
writer,writer/split_4conns_16KiB_chunks,8,62.7896,running_reports,0
writer,writer/split_4conns_16KiB_chunks,8,62.7896,served_bytes,12582912
writer,writer/split_4conns_16KiB_chunks,8,62.7896,total,59.772708
writer,writer/split_4conns_16KiB_chunks,8,62.7896,unique_bytes,12582912
writer,writer/split_4conns_16KiB_chunks,8,62.7896,verified,1
writer,writer/split_4conns_16KiB_chunks,8,62.7896,writer_blocks,12
writer,writer/split_4conns_16KiB_chunks,8,62.7896,writer_bytes,12582912
writer,writer/split_4conns_16KiB_chunks,8,62.7896,writer_seeks,11
writer,writer/split_4conns_1MiB_chunks,8,39.5294,avg_block_bytes,1048576
writer,writer/split_4conns_1MiB_chunks,8,39.5294,body_reads,782
writer,writer/split_4conns_1MiB_chunks,8,39.5294,body_wait_ms,29.226
writer,writer/split_4conns_1MiB_chunks,8,39.5294,cache_copied_bytes,12582912
writer,writer/split_4conns_1MiB_chunks,8,39.5294,cache_evicted_bytes,12582912
writer,writer/split_4conns_1MiB_chunks,8,39.5294,checksum_ms,0
writer,writer/split_4conns_1MiB_chunks,8,39.5294,cpu_ms,14.270999999999999
writer,writer/split_4conns_1MiB_chunks,8,39.5294,cpu_percent,36.10222736146096
writer,writer/split_4conns_1MiB_chunks,8,39.5294,distinct_ranges,4
writer,writer/split_4conns_1MiB_chunks,8,39.5294,driver_connections,4
writer,writer/split_4conns_1MiB_chunks,8,39.5294,driver_loops,68
writer,writer/split_4conns_1MiB_chunks,8,39.5294,driver_pauses,4
writer,writer/split_4conns_1MiB_chunks,8,39.5294,duplicate_bytes,0
writer,writer/split_4conns_1MiB_chunks,8,39.5294,failed,0
writer,writer/split_4conns_1MiB_chunks,8,39.5294,file_bytes,12582912
writer,writer/split_4conns_1MiB_chunks,8,39.5294,finalize,0.0055419999999983816
writer,writer/split_4conns_1MiB_chunks,8,39.5294,fsync_calls,1
writer,writer/split_4conns_1MiB_chunks,8,39.5294,fsync_ms,8.495
writer,writer/split_4conns_1MiB_chunks,8,39.5294,prealloc_ms,0.068
writer,writer/split_4conns_1MiB_chunks,8,39.5294,process_peak_rss_bytes,58081280
writer,writer/split_4conns_1MiB_chunks,8,39.5294,report_span,0
writer,writer/split_4conns_1MiB_chunks,8,39.5294,requests,4
writer,writer/split_4conns_1MiB_chunks,8,39.5294,response_head_ms,1.448
writer,writer/split_4conns_1MiB_chunks,8,39.5294,response_heads,4
writer,writer/split_4conns_1MiB_chunks,8,39.5294,running_reports,1
writer,writer/split_4conns_1MiB_chunks,8,39.5294,served_bytes,12582912
writer,writer/split_4conns_1MiB_chunks,8,39.5294,to_first_report,37.155458
writer,writer/split_4conns_1MiB_chunks,8,39.5294,total,37.161
writer,writer/split_4conns_1MiB_chunks,8,39.5294,unique_bytes,12582912
writer,writer/split_4conns_1MiB_chunks,8,39.5294,verified,1
writer,writer/split_4conns_1MiB_chunks,8,39.5294,writer_blocks,12
writer,writer/split_4conns_1MiB_chunks,8,39.5294,writer_bytes,12582912
writer,writer/split_4conns_1MiB_chunks,8,39.5294,writer_seeks,11
writer,writer/split_tiny_budget_1MiB,8,143.8657,avg_block_bytes,246723.76470588235
writer,writer/split_tiny_budget_1MiB,8,143.8657,body_reads,778
writer,writer/split_tiny_budget_1MiB,8,143.8657,body_wait_ms,231.221
writer,writer/split_tiny_budget_1MiB,8,143.8657,cache_copied_bytes,12582912
writer,writer/split_tiny_budget_1MiB,8,143.8657,cache_evicted_bytes,12582912
writer,writer/split_tiny_budget_1MiB,8,143.8657,checksum_ms,0
writer,writer/split_tiny_budget_1MiB,8,143.8657,cpu_ms,27.540000000000003
writer,writer/split_tiny_budget_1MiB,8,143.8657,cpu_percent,19.142846716470046
writer,writer/split_tiny_budget_1MiB,8,143.8657,distinct_ranges,4
writer,writer/split_tiny_budget_1MiB,8,143.8657,driver_connections,4
writer,writer/split_tiny_budget_1MiB,8,143.8657,driver_loops,71
writer,writer/split_tiny_budget_1MiB,8,143.8657,driver_pauses,11
writer,writer/split_tiny_budget_1MiB,8,143.8657,duplicate_bytes,0
writer,writer/split_tiny_budget_1MiB,8,143.8657,failed,0
writer,writer/split_tiny_budget_1MiB,8,143.8657,file_bytes,12582912
writer,writer/split_tiny_budget_1MiB,8,143.8657,fsync_calls,1
writer,writer/split_tiny_budget_1MiB,8,143.8657,fsync_ms,7.265
writer,writer/split_tiny_budget_1MiB,8,143.8657,prealloc_ms,0.099
writer,writer/split_tiny_budget_1MiB,8,143.8657,process_peak_rss_bytes,58327040
writer,writer/split_tiny_budget_1MiB,8,143.8657,requests,4
writer,writer/split_tiny_budget_1MiB,8,143.8657,response_head_ms,75.92
writer,writer/split_tiny_budget_1MiB,8,143.8657,response_heads,4
writer,writer/split_tiny_budget_1MiB,8,143.8657,running_reports,0
writer,writer/split_tiny_budget_1MiB,8,143.8657,served_bytes,12582912
writer,writer/split_tiny_budget_1MiB,8,143.8657,total,138.82500000000002
writer,writer/split_tiny_budget_1MiB,8,143.8657,unique_bytes,12582912
writer,writer/split_tiny_budget_1MiB,8,143.8657,verified,1
writer,writer/split_tiny_budget_1MiB,8,143.8657,writer_blocks,51
writer,writer/split_tiny_budget_1MiB,8,143.8657,writer_bytes,12582912
writer,writer/split_tiny_budget_1MiB,8,143.8657,writer_seeks,41
writer,writer/split_prealloc_on,8,111.3137,avg_block_bytes,1048576
writer,writer/split_prealloc_on,8,111.3137,body_reads,786
writer,writer/split_prealloc_on,8,111.3137,body_wait_ms,140.614
writer,writer/split_prealloc_on,8,111.3137,cache_copied_bytes,12582912
writer,writer/split_prealloc_on,8,111.3137,cache_evicted_bytes,12582912
writer,writer/split_prealloc_on,8,111.3137,checksum_ms,0
writer,writer/split_prealloc_on,8,111.3137,cpu_ms,28.561000000000003
writer,writer/split_prealloc_on,8,111.3137,cpu_percent,25.658106029129378
writer,writer/split_prealloc_on,8,111.3137,distinct_ranges,4
writer,writer/split_prealloc_on,8,111.3137,driver_connections,4
writer,writer/split_prealloc_on,8,111.3137,driver_loops,75
writer,writer/split_prealloc_on,8,111.3137,driver_pauses,7
writer,writer/split_prealloc_on,8,111.3137,duplicate_bytes,0
writer,writer/split_prealloc_on,8,111.3137,failed,0
writer,writer/split_prealloc_on,8,111.3137,file_bytes,12582912
writer,writer/split_prealloc_on,8,111.3137,fsync_calls,1
writer,writer/split_prealloc_on,8,111.3137,fsync_ms,8.203
writer,writer/split_prealloc_on,8,111.3137,prealloc_ms,3.812
writer,writer/split_prealloc_on,8,111.3137,process_peak_rss_bytes,59473920
writer,writer/split_prealloc_on,8,111.3137,requests,4
writer,writer/split_prealloc_on,8,111.3137,response_head_ms,68.208
writer,writer/split_prealloc_on,8,111.3137,response_heads,4
writer,writer/split_prealloc_on,8,111.3137,running_reports,0
writer,writer/split_prealloc_on,8,111.3137,served_bytes,12582912
writer,writer/split_prealloc_on,8,111.3137,total,107.679125
writer,writer/split_prealloc_on,8,111.3137,unique_bytes,12582912
writer,writer/split_prealloc_on,8,111.3137,verified,1
writer,writer/split_prealloc_on,8,111.3137,writer_blocks,12
writer,writer/split_prealloc_on,8,111.3137,writer_bytes,12582912
writer,writer/split_prealloc_on,8,111.3137,writer_seeks,10
writer,writer/single_conn_4MiB,8,36.4480,avg_block_bytes,262144
writer,writer/single_conn_4MiB,8,36.4480,body_reads,260
writer,writer/single_conn_4MiB,8,36.4480,body_wait_ms,26.803
writer,writer/single_conn_4MiB,8,36.4480,cache_copied_bytes,4194304
writer,writer/single_conn_4MiB,8,36.4480,cache_evicted_bytes,4194304
writer,writer/single_conn_4MiB,8,36.4480,checksum_ms,0
writer,writer/single_conn_4MiB,8,36.4480,cpu_ms,13.113
writer,writer/single_conn_4MiB,8,36.4480,cpu_percent,35.977282704126424
writer,writer/single_conn_4MiB,8,36.4480,distinct_ranges,1
writer,writer/single_conn_4MiB,8,36.4480,driver_connections,1
writer,writer/single_conn_4MiB,8,36.4480,driver_loops,42
writer,writer/single_conn_4MiB,8,36.4480,driver_pauses,1
writer,writer/single_conn_4MiB,8,36.4480,duplicate_bytes,0
writer,writer/single_conn_4MiB,8,36.4480,failed,0
writer,writer/single_conn_4MiB,8,36.4480,file_bytes,4194304
writer,writer/single_conn_4MiB,8,36.4480,finalize,5.573416999999996
writer,writer/single_conn_4MiB,8,36.4480,fsync_calls,2
writer,writer/single_conn_4MiB,8,36.4480,fsync_ms,5.423
writer,writer/single_conn_4MiB,8,36.4480,prealloc_ms,0.125
writer,writer/single_conn_4MiB,8,36.4480,process_peak_rss_bytes,67960832
writer,writer/single_conn_4MiB,8,36.4480,report_span,2.1286249999999995
writer,writer/single_conn_4MiB,8,36.4480,requests,1
writer,writer/single_conn_4MiB,8,36.4480,response_head_ms,0.496
writer,writer/single_conn_4MiB,8,36.4480,response_heads,1
writer,writer/single_conn_4MiB,8,36.4480,running_reports,16
writer,writer/single_conn_4MiB,8,36.4480,served_bytes,4194304
writer,writer/single_conn_4MiB,8,36.4480,to_first_report,25.900833000000002
writer,writer/single_conn_4MiB,8,36.4480,total,33.602875
writer,writer/single_conn_4MiB,8,36.4480,unique_bytes,4194304
writer,writer/single_conn_4MiB,8,36.4480,verified,1
writer,writer/single_conn_4MiB,8,36.4480,writer_blocks,16
writer,writer/single_conn_4MiB,8,36.4480,writer_bytes,4194304
writer,writer/single_conn_4MiB,8,36.4480,writer_seeks,1
writer,writer/split_4conns_16KiB_chunks,9,63.9992,avg_block_bytes,1048576
writer,writer/split_4conns_16KiB_chunks,9,63.9992,body_reads,792
writer,writer/split_4conns_16KiB_chunks,9,63.9992,body_wait_ms,131.792
writer,writer/split_4conns_16KiB_chunks,9,63.9992,cache_copied_bytes,12582912
writer,writer/split_4conns_16KiB_chunks,9,63.9992,cache_evicted_bytes,12582912
writer,writer/split_4conns_16KiB_chunks,9,63.9992,checksum_ms,0
writer,writer/split_4conns_16KiB_chunks,9,63.9992,cpu_ms,19.034000000000002
writer,writer/split_4conns_16KiB_chunks,9,63.9992,cpu_percent,29.74097352703353
writer,writer/split_4conns_16KiB_chunks,9,63.9992,distinct_ranges,4
writer,writer/split_4conns_16KiB_chunks,9,63.9992,driver_connections,4
writer,writer/split_4conns_16KiB_chunks,9,63.9992,driver_loops,88
writer,writer/split_4conns_16KiB_chunks,9,63.9992,driver_pauses,6
writer,writer/split_4conns_16KiB_chunks,9,63.9992,duplicate_bytes,0
writer,writer/split_4conns_16KiB_chunks,9,63.9992,failed,0
writer,writer/split_4conns_16KiB_chunks,9,63.9992,file_bytes,12582912
writer,writer/split_4conns_16KiB_chunks,9,63.9992,fsync_calls,1
writer,writer/split_4conns_16KiB_chunks,9,63.9992,fsync_ms,6.344
writer,writer/split_4conns_16KiB_chunks,9,63.9992,prealloc_ms,0.071
writer,writer/split_4conns_16KiB_chunks,9,63.9992,process_peak_rss_bytes,54476800
writer,writer/split_4conns_16KiB_chunks,9,63.9992,requests,4
writer,writer/split_4conns_16KiB_chunks,9,63.9992,response_head_ms,2.192
writer,writer/split_4conns_16KiB_chunks,9,63.9992,response_heads,4
writer,writer/split_4conns_16KiB_chunks,9,63.9992,running_reports,0
writer,writer/split_4conns_16KiB_chunks,9,63.9992,served_bytes,12582912
writer,writer/split_4conns_16KiB_chunks,9,63.9992,total,60.814875
writer,writer/split_4conns_16KiB_chunks,9,63.9992,unique_bytes,12582912
writer,writer/split_4conns_16KiB_chunks,9,63.9992,verified,1
writer,writer/split_4conns_16KiB_chunks,9,63.9992,writer_blocks,12
writer,writer/split_4conns_16KiB_chunks,9,63.9992,writer_bytes,12582912
writer,writer/split_4conns_16KiB_chunks,9,63.9992,writer_seeks,12
writer,writer/split_4conns_1MiB_chunks,9,41.3743,avg_block_bytes,1048576
writer,writer/split_4conns_1MiB_chunks,9,41.3743,body_reads,781
writer,writer/split_4conns_1MiB_chunks,9,41.3743,body_wait_ms,82.756
writer,writer/split_4conns_1MiB_chunks,9,41.3743,cache_copied_bytes,12582912
writer,writer/split_4conns_1MiB_chunks,9,41.3743,cache_evicted_bytes,12582912
writer,writer/split_4conns_1MiB_chunks,9,41.3743,checksum_ms,0
writer,writer/split_4conns_1MiB_chunks,9,41.3743,cpu_ms,16.296000000000006
writer,writer/split_4conns_1MiB_chunks,9,41.3743,cpu_percent,39.38677669698857
writer,writer/split_4conns_1MiB_chunks,9,41.3743,distinct_ranges,5
writer,writer/split_4conns_1MiB_chunks,9,41.3743,driver_connections,4
writer,writer/split_4conns_1MiB_chunks,9,41.3743,driver_loops,63
writer,writer/split_4conns_1MiB_chunks,9,41.3743,driver_pauses,7
writer,writer/split_4conns_1MiB_chunks,9,41.3743,duplicate_bytes,0
writer,writer/split_4conns_1MiB_chunks,9,41.3743,failed,0
writer,writer/split_4conns_1MiB_chunks,9,41.3743,file_bytes,12582912
writer,writer/split_4conns_1MiB_chunks,9,41.3743,fsync_calls,1
writer,writer/split_4conns_1MiB_chunks,9,41.3743,fsync_ms,9.853
writer,writer/split_4conns_1MiB_chunks,9,41.3743,prealloc_ms,0.072
writer,writer/split_4conns_1MiB_chunks,9,41.3743,process_peak_rss_bytes,59834368
writer,writer/split_4conns_1MiB_chunks,9,41.3743,requests,5
writer,writer/split_4conns_1MiB_chunks,9,41.3743,response_head_ms,1.937
writer,writer/split_4conns_1MiB_chunks,9,41.3743,response_heads,5
writer,writer/split_4conns_1MiB_chunks,9,41.3743,running_reports,0
writer,writer/split_4conns_1MiB_chunks,9,41.3743,served_bytes,12582912
writer,writer/split_4conns_1MiB_chunks,9,41.3743,total,39.289541
writer,writer/split_4conns_1MiB_chunks,9,41.3743,unique_bytes,12582912
writer,writer/split_4conns_1MiB_chunks,9,41.3743,verified,1
writer,writer/split_4conns_1MiB_chunks,9,41.3743,writer_blocks,12
writer,writer/split_4conns_1MiB_chunks,9,41.3743,writer_bytes,12582912
writer,writer/split_4conns_1MiB_chunks,9,41.3743,writer_seeks,10
writer,writer/split_tiny_budget_1MiB,9,145.1714,avg_block_bytes,199728.7619047619
writer,writer/split_tiny_budget_1MiB,9,145.1714,body_reads,779
writer,writer/split_tiny_budget_1MiB,9,145.1714,body_wait_ms,279.964
writer,writer/split_tiny_budget_1MiB,9,145.1714,cache_copied_bytes,12582912
writer,writer/split_tiny_budget_1MiB,9,145.1714,cache_evicted_bytes,12582912
writer,writer/split_tiny_budget_1MiB,9,145.1714,checksum_ms,0
writer,writer/split_tiny_budget_1MiB,9,145.1714,cpu_ms,25.581000000000007
writer,writer/split_tiny_budget_1MiB,9,145.1714,cpu_percent,17.621242479793285
writer,writer/split_tiny_budget_1MiB,9,145.1714,distinct_ranges,4
writer,writer/split_tiny_budget_1MiB,9,145.1714,driver_connections,4
writer,writer/split_tiny_budget_1MiB,9,145.1714,driver_loops,50
writer,writer/split_tiny_budget_1MiB,9,145.1714,driver_pauses,14
writer,writer/split_tiny_budget_1MiB,9,145.1714,duplicate_bytes,0
writer,writer/split_tiny_budget_1MiB,9,145.1714,failed,0
writer,writer/split_tiny_budget_1MiB,9,145.1714,file_bytes,12582912
writer,writer/split_tiny_budget_1MiB,9,145.1714,finalize,0.015708999999986872
writer,writer/split_tiny_budget_1MiB,9,145.1714,fsync_calls,1
writer,writer/split_tiny_budget_1MiB,9,145.1714,fsync_ms,8.833
writer,writer/split_tiny_budget_1MiB,9,145.1714,prealloc_ms,0.106
writer,writer/split_tiny_budget_1MiB,9,145.1714,process_peak_rss_bytes,60063744
writer,writer/split_tiny_budget_1MiB,9,145.1714,report_span,0
writer,writer/split_tiny_budget_1MiB,9,145.1714,requests,4
writer,writer/split_tiny_budget_1MiB,9,145.1714,response_head_ms,77.491
writer,writer/split_tiny_budget_1MiB,9,145.1714,response_heads,4
writer,writer/split_tiny_budget_1MiB,9,145.1714,running_reports,1
writer,writer/split_tiny_budget_1MiB,9,145.1714,served_bytes,12582912
writer,writer/split_tiny_budget_1MiB,9,145.1714,to_first_report,139.66595800000002
writer,writer/split_tiny_budget_1MiB,9,145.1714,total,139.681667
writer,writer/split_tiny_budget_1MiB,9,145.1714,unique_bytes,12582912
writer,writer/split_tiny_budget_1MiB,9,145.1714,verified,1
writer,writer/split_tiny_budget_1MiB,9,145.1714,writer_blocks,63
writer,writer/split_tiny_budget_1MiB,9,145.1714,writer_bytes,12582912
writer,writer/split_tiny_budget_1MiB,9,145.1714,writer_seeks,56
writer,writer/split_prealloc_on,9,148.6901,avg_block_bytes,1048576
writer,writer/split_prealloc_on,9,148.6901,body_reads,780
writer,writer/split_prealloc_on,9,148.6901,body_wait_ms,188.596
writer,writer/split_prealloc_on,9,148.6901,cache_copied_bytes,12582912
writer,writer/split_prealloc_on,9,148.6901,cache_evicted_bytes,12582912
writer,writer/split_prealloc_on,9,148.6901,checksum_ms,0
writer,writer/split_prealloc_on,9,148.6901,cpu_ms,25.63499999999999
writer,writer/split_prealloc_on,9,148.6901,cpu_percent,17.24055313020955
writer,writer/split_prealloc_on,9,148.6901,distinct_ranges,4
writer,writer/split_prealloc_on,9,148.6901,driver_connections,4
writer,writer/split_prealloc_on,9,148.6901,driver_loops,65
writer,writer/split_prealloc_on,9,148.6901,driver_pauses,8
writer,writer/split_prealloc_on,9,148.6901,duplicate_bytes,0
writer,writer/split_prealloc_on,9,148.6901,failed,0
writer,writer/split_prealloc_on,9,148.6901,file_bytes,12582912
writer,writer/split_prealloc_on,9,148.6901,finalize,0.002625000000023192
writer,writer/split_prealloc_on,9,148.6901,fsync_calls,1
writer,writer/split_prealloc_on,9,148.6901,fsync_ms,16.529
writer,writer/split_prealloc_on,9,148.6901,prealloc_ms,3.478
writer,writer/split_prealloc_on,9,148.6901,process_peak_rss_bytes,62423040
writer,writer/split_prealloc_on,9,148.6901,report_span,0
writer,writer/split_prealloc_on,9,148.6901,requests,4
writer,writer/split_prealloc_on,9,148.6901,response_head_ms,57.41
writer,writer/split_prealloc_on,9,148.6901,response_heads,4
writer,writer/split_prealloc_on,9,148.6901,running_reports,1
writer,writer/split_prealloc_on,9,148.6901,served_bytes,12582912
writer,writer/split_prealloc_on,9,148.6901,to_first_report,139.443875
writer,writer/split_prealloc_on,9,148.6901,total,139.44650000000001
writer,writer/split_prealloc_on,9,148.6901,unique_bytes,12582912
writer,writer/split_prealloc_on,9,148.6901,verified,1
writer,writer/split_prealloc_on,9,148.6901,writer_blocks,12
writer,writer/split_prealloc_on,9,148.6901,writer_bytes,12582912
writer,writer/split_prealloc_on,9,148.6901,writer_seeks,9
writer,writer/single_conn_4MiB,9,104.9310,avg_block_bytes,262144
writer,writer/single_conn_4MiB,9,104.9310,body_reads,257
writer,writer/single_conn_4MiB,9,104.9310,body_wait_ms,94.41
writer,writer/single_conn_4MiB,9,104.9310,cache_copied_bytes,4194304
writer,writer/single_conn_4MiB,9,104.9310,cache_evicted_bytes,4194304
writer,writer/single_conn_4MiB,9,104.9310,checksum_ms,0
writer,writer/single_conn_4MiB,9,104.9310,cpu_ms,14.429000000000011
writer,writer/single_conn_4MiB,9,104.9310,cpu_percent,13.75093559063295
writer,writer/single_conn_4MiB,9,104.9310,distinct_ranges,1
writer,writer/single_conn_4MiB,9,104.9310,driver_connections,1
writer,writer/single_conn_4MiB,9,104.9310,driver_loops,34
writer,writer/single_conn_4MiB,9,104.9310,driver_pauses,4
writer,writer/single_conn_4MiB,9,104.9310,duplicate_bytes,0
writer,writer/single_conn_4MiB,9,104.9310,failed,0
writer,writer/single_conn_4MiB,9,104.9310,file_bytes,4194304
writer,writer/single_conn_4MiB,9,104.9310,finalize,4.932749999999999
writer,writer/single_conn_4MiB,9,104.9310,fsync_calls,2
writer,writer/single_conn_4MiB,9,104.9310,fsync_ms,4.683
writer,writer/single_conn_4MiB,9,104.9310,prealloc_ms,0.143
writer,writer/single_conn_4MiB,9,104.9310,process_peak_rss_bytes,71057408
writer,writer/single_conn_4MiB,9,104.9310,report_span,94.866625
writer,writer/single_conn_4MiB,9,104.9310,requests,1
writer,writer/single_conn_4MiB,9,104.9310,response_head_ms,0.449
writer,writer/single_conn_4MiB,9,104.9310,response_heads,1
writer,writer/single_conn_4MiB,9,104.9310,running_reports,17
writer,writer/single_conn_4MiB,9,104.9310,served_bytes,4194304
writer,writer/single_conn_4MiB,9,104.9310,to_first_report,2.013875
writer,writer/single_conn_4MiB,9,104.9310,total,101.81325
writer,writer/single_conn_4MiB,9,104.9310,unique_bytes,4194304
writer,writer/single_conn_4MiB,9,104.9310,verified,1
writer,writer/single_conn_4MiB,9,104.9310,writer_blocks,16
writer,writer/single_conn_4MiB,9,104.9310,writer_bytes,4194304
writer,writer/single_conn_4MiB,9,104.9310,writer_seeks,1
writer,writer/split_4conns_16KiB_chunks,10,186.6650,avg_block_bytes,1048576
writer,writer/split_4conns_16KiB_chunks,10,186.6650,body_reads,783
writer,writer/split_4conns_16KiB_chunks,10,186.6650,body_wait_ms,176.628
writer,writer/split_4conns_16KiB_chunks,10,186.6650,cache_copied_bytes,12582912
writer,writer/split_4conns_16KiB_chunks,10,186.6650,cache_evicted_bytes,12582912
writer,writer/split_4conns_16KiB_chunks,10,186.6650,checksum_ms,0
writer,writer/split_4conns_16KiB_chunks,10,186.6650,cpu_ms,21.69
writer,writer/split_4conns_16KiB_chunks,10,186.6650,cpu_percent,11.61974921934732
writer,writer/split_4conns_16KiB_chunks,10,186.6650,distinct_ranges,4
writer,writer/split_4conns_16KiB_chunks,10,186.6650,driver_connections,4
writer,writer/split_4conns_16KiB_chunks,10,186.6650,driver_loops,103
writer,writer/split_4conns_16KiB_chunks,10,186.6650,driver_pauses,7
writer,writer/split_4conns_16KiB_chunks,10,186.6650,duplicate_bytes,0
writer,writer/split_4conns_16KiB_chunks,10,186.6650,failed,0
writer,writer/split_4conns_16KiB_chunks,10,186.6650,file_bytes,12582912
writer,writer/split_4conns_16KiB_chunks,10,186.6650,finalize,0.0015829999999823485
writer,writer/split_4conns_16KiB_chunks,10,186.6650,fsync_calls,1
writer,writer/split_4conns_16KiB_chunks,10,186.6650,fsync_ms,4.687
writer,writer/split_4conns_16KiB_chunks,10,186.6650,prealloc_ms,0.141
writer,writer/split_4conns_16KiB_chunks,10,186.6650,process_peak_rss_bytes,49332224
writer,writer/split_4conns_16KiB_chunks,10,186.6650,report_span,0
writer,writer/split_4conns_16KiB_chunks,10,186.6650,requests,4
writer,writer/split_4conns_16KiB_chunks,10,186.6650,response_head_ms,1.851
writer,writer/split_4conns_16KiB_chunks,10,186.6650,response_heads,4
writer,writer/split_4conns_16KiB_chunks,10,186.6650,running_reports,1
writer,writer/split_4conns_16KiB_chunks,10,186.6650,served_bytes,12582912
writer,writer/split_4conns_16KiB_chunks,10,186.6650,to_first_report,181.779167
writer,writer/split_4conns_16KiB_chunks,10,186.6650,total,181.78074999999998
writer,writer/split_4conns_16KiB_chunks,10,186.6650,unique_bytes,12582912
writer,writer/split_4conns_16KiB_chunks,10,186.6650,verified,1
writer,writer/split_4conns_16KiB_chunks,10,186.6650,writer_blocks,12
writer,writer/split_4conns_16KiB_chunks,10,186.6650,writer_bytes,12582912
writer,writer/split_4conns_16KiB_chunks,10,186.6650,writer_seeks,4
writer,writer/split_4conns_1MiB_chunks,10,37.3844,avg_block_bytes,1048576
writer,writer/split_4conns_1MiB_chunks,10,37.3844,body_reads,778
writer,writer/split_4conns_1MiB_chunks,10,37.3844,body_wait_ms,28.196
writer,writer/split_4conns_1MiB_chunks,10,37.3844,cache_copied_bytes,12582912
writer,writer/split_4conns_1MiB_chunks,10,37.3844,cache_evicted_bytes,12582912
writer,writer/split_4conns_1MiB_chunks,10,37.3844,checksum_ms,0
writer,writer/split_4conns_1MiB_chunks,10,37.3844,cpu_ms,25.633000000000003
writer,writer/split_4conns_1MiB_chunks,10,37.3844,cpu_percent,68.56607874279028
writer,writer/split_4conns_1MiB_chunks,10,37.3844,distinct_ranges,4
writer,writer/split_4conns_1MiB_chunks,10,37.3844,driver_connections,4
writer,writer/split_4conns_1MiB_chunks,10,37.3844,driver_loops,67
writer,writer/split_4conns_1MiB_chunks,10,37.3844,driver_pauses,5
writer,writer/split_4conns_1MiB_chunks,10,37.3844,duplicate_bytes,0
writer,writer/split_4conns_1MiB_chunks,10,37.3844,failed,0
writer,writer/split_4conns_1MiB_chunks,10,37.3844,file_bytes,12582912
writer,writer/split_4conns_1MiB_chunks,10,37.3844,finalize,0.009540999999991584
writer,writer/split_4conns_1MiB_chunks,10,37.3844,fsync_calls,1
writer,writer/split_4conns_1MiB_chunks,10,37.3844,fsync_ms,7.446
writer,writer/split_4conns_1MiB_chunks,10,37.3844,prealloc_ms,0.145
writer,writer/split_4conns_1MiB_chunks,10,37.3844,process_peak_rss_bytes,56147968
writer,writer/split_4conns_1MiB_chunks,10,37.3844,report_span,0
writer,writer/split_4conns_1MiB_chunks,10,37.3844,requests,4
writer,writer/split_4conns_1MiB_chunks,10,37.3844,response_head_ms,63.256
writer,writer/split_4conns_1MiB_chunks,10,37.3844,response_heads,4
writer,writer/split_4conns_1MiB_chunks,10,37.3844,running_reports,1
writer,writer/split_4conns_1MiB_chunks,10,37.3844,served_bytes,12582912
writer,writer/split_4conns_1MiB_chunks,10,37.3844,to_first_report,33.60187500000001
writer,writer/split_4conns_1MiB_chunks,10,37.3844,total,33.611416
writer,writer/split_4conns_1MiB_chunks,10,37.3844,unique_bytes,12582912
writer,writer/split_4conns_1MiB_chunks,10,37.3844,verified,1
writer,writer/split_4conns_1MiB_chunks,10,37.3844,writer_blocks,12
writer,writer/split_4conns_1MiB_chunks,10,37.3844,writer_bytes,12582912
writer,writer/split_4conns_1MiB_chunks,10,37.3844,writer_seeks,11
writer,writer/split_tiny_budget_1MiB,10,143.3087,avg_block_bytes,262144
writer,writer/split_tiny_budget_1MiB,10,143.3087,body_reads,779
writer,writer/split_tiny_budget_1MiB,10,143.3087,body_wait_ms,227.386
writer,writer/split_tiny_budget_1MiB,10,143.3087,cache_copied_bytes,12582912
writer,writer/split_tiny_budget_1MiB,10,143.3087,cache_evicted_bytes,12582912
writer,writer/split_tiny_budget_1MiB,10,143.3087,checksum_ms,0
writer,writer/split_tiny_budget_1MiB,10,143.3087,cpu_ms,29.059
writer,writer/split_tiny_budget_1MiB,10,143.3087,cpu_percent,20.277210449525708
writer,writer/split_tiny_budget_1MiB,10,143.3087,distinct_ranges,4
writer,writer/split_tiny_budget_1MiB,10,143.3087,driver_connections,4
writer,writer/split_tiny_budget_1MiB,10,143.3087,driver_loops,66
writer,writer/split_tiny_budget_1MiB,10,143.3087,driver_pauses,15
writer,writer/split_tiny_budget_1MiB,10,143.3087,duplicate_bytes,0
writer,writer/split_tiny_budget_1MiB,10,143.3087,failed,0
writer,writer/split_tiny_budget_1MiB,10,143.3087,file_bytes,12582912
writer,writer/split_tiny_budget_1MiB,10,143.3087,finalize,0.01712499999999295
writer,writer/split_tiny_budget_1MiB,10,143.3087,fsync_calls,1
writer,writer/split_tiny_budget_1MiB,10,143.3087,fsync_ms,9.363
writer,writer/split_tiny_budget_1MiB,10,143.3087,prealloc_ms,0.109
writer,writer/split_tiny_budget_1MiB,10,143.3087,process_peak_rss_bytes,57065472
writer,writer/split_tiny_budget_1MiB,10,143.3087,report_span,0
writer,writer/split_tiny_budget_1MiB,10,143.3087,requests,4
writer,writer/split_tiny_budget_1MiB,10,143.3087,response_head_ms,73.753
writer,writer/split_tiny_budget_1MiB,10,143.3087,response_heads,4
writer,writer/split_tiny_budget_1MiB,10,143.3087,running_reports,1
writer,writer/split_tiny_budget_1MiB,10,143.3087,served_bytes,12582912
writer,writer/split_tiny_budget_1MiB,10,143.3087,to_first_report,139.230584
writer,writer/split_tiny_budget_1MiB,10,143.3087,total,139.247709
writer,writer/split_tiny_budget_1MiB,10,143.3087,unique_bytes,12582912
writer,writer/split_tiny_budget_1MiB,10,143.3087,verified,1
writer,writer/split_tiny_budget_1MiB,10,143.3087,writer_blocks,48
writer,writer/split_tiny_budget_1MiB,10,143.3087,writer_bytes,12582912
writer,writer/split_tiny_budget_1MiB,10,143.3087,writer_seeks,39
writer,writer/split_prealloc_on,10,202.0463,avg_block_bytes,1048576
writer,writer/split_prealloc_on,10,202.0463,body_reads,784
writer,writer/split_prealloc_on,10,202.0463,body_wait_ms,185.852
writer,writer/split_prealloc_on,10,202.0463,cache_copied_bytes,12582912
writer,writer/split_prealloc_on,10,202.0463,cache_evicted_bytes,12582912
writer,writer/split_prealloc_on,10,202.0463,checksum_ms,0
writer,writer/split_prealloc_on,10,202.0463,cpu_ms,31.791999999999987
writer,writer/split_prealloc_on,10,202.0463,cpu_percent,15.735004625226207
writer,writer/split_prealloc_on,10,202.0463,distinct_ranges,5
writer,writer/split_prealloc_on,10,202.0463,driver_connections,4
writer,writer/split_prealloc_on,10,202.0463,driver_loops,77
writer,writer/split_prealloc_on,10,202.0463,driver_pauses,9
writer,writer/split_prealloc_on,10,202.0463,duplicate_bytes,0
writer,writer/split_prealloc_on,10,202.0463,failed,0
writer,writer/split_prealloc_on,10,202.0463,file_bytes,12582912
writer,writer/split_prealloc_on,10,202.0463,finalize,0.012499999999988631
writer,writer/split_prealloc_on,10,202.0463,fsync_calls,1
writer,writer/split_prealloc_on,10,202.0463,fsync_ms,5.819
writer,writer/split_prealloc_on,10,202.0463,prealloc_ms,4.365
writer,writer/split_prealloc_on,10,202.0463,process_peak_rss_bytes,59670528
writer,writer/split_prealloc_on,10,202.0463,report_span,0
writer,writer/split_prealloc_on,10,202.0463,requests,5
writer,writer/split_prealloc_on,10,202.0463,response_head_ms,62.062
writer,writer/split_prealloc_on,10,202.0463,response_heads,5
writer,writer/split_prealloc_on,10,202.0463,running_reports,1
writer,writer/split_prealloc_on,10,202.0463,served_bytes,12582912
writer,writer/split_prealloc_on,10,202.0463,to_first_report,198.313667
writer,writer/split_prealloc_on,10,202.0463,total,198.326167
writer,writer/split_prealloc_on,10,202.0463,unique_bytes,12582912
writer,writer/split_prealloc_on,10,202.0463,verified,1
writer,writer/split_prealloc_on,10,202.0463,writer_blocks,12
writer,writer/split_prealloc_on,10,202.0463,writer_bytes,12582912
writer,writer/split_prealloc_on,10,202.0463,writer_seeks,4
writer,writer/single_conn_4MiB,10,148.5970,avg_block_bytes,262144
writer,writer/single_conn_4MiB,10,148.5970,body_reads,257
writer,writer/single_conn_4MiB,10,148.5970,body_wait_ms,114.686
writer,writer/single_conn_4MiB,10,148.5970,cache_copied_bytes,4194304
writer,writer/single_conn_4MiB,10,148.5970,cache_evicted_bytes,4194304
writer,writer/single_conn_4MiB,10,148.5970,checksum_ms,0
writer,writer/single_conn_4MiB,10,148.5970,cpu_ms,11.331000000000008
writer,writer/single_conn_4MiB,10,148.5970,cpu_percent,7.625322180124772
writer,writer/single_conn_4MiB,10,148.5970,distinct_ranges,1
writer,writer/single_conn_4MiB,10,148.5970,driver_connections,1
writer,writer/single_conn_4MiB,10,148.5970,driver_loops,35
writer,writer/single_conn_4MiB,10,148.5970,driver_pauses,5
writer,writer/single_conn_4MiB,10,148.5970,duplicate_bytes,0
writer,writer/single_conn_4MiB,10,148.5970,failed,0
writer,writer/single_conn_4MiB,10,148.5970,file_bytes,4194304
writer,writer/single_conn_4MiB,10,148.5970,finalize,29.768124999999984
writer,writer/single_conn_4MiB,10,148.5970,fsync_calls,2
writer,writer/single_conn_4MiB,10,148.5970,fsync_ms,26.608
writer,writer/single_conn_4MiB,10,148.5970,prealloc_ms,0.18
writer,writer/single_conn_4MiB,10,148.5970,process_peak_rss_bytes,68141056
writer,writer/single_conn_4MiB,10,148.5970,report_span,115.12525
writer,writer/single_conn_4MiB,10,148.5970,requests,1
writer,writer/single_conn_4MiB,10,148.5970,response_head_ms,0.386
writer,writer/single_conn_4MiB,10,148.5970,response_heads,1
writer,writer/single_conn_4MiB,10,148.5970,running_reports,17
writer,writer/single_conn_4MiB,10,148.5970,served_bytes,4194304
writer,writer/single_conn_4MiB,10,148.5970,to_first_report,1.8937920000000001
writer,writer/single_conn_4MiB,10,148.5970,total,146.78716699999998
writer,writer/single_conn_4MiB,10,148.5970,unique_bytes,4194304
writer,writer/single_conn_4MiB,10,148.5970,verified,1
writer,writer/single_conn_4MiB,10,148.5970,writer_blocks,16
writer,writer/single_conn_4MiB,10,148.5970,writer_bytes,4194304
writer,writer/single_conn_4MiB,10,148.5970,writer_seeks,1
writer,writer/split_4conns_16KiB_chunks,11,15.1427,avg_block_bytes,1048576
writer,writer/split_4conns_16KiB_chunks,11,15.1427,body_reads,804
writer,writer/split_4conns_16KiB_chunks,11,15.1427,body_wait_ms,6.688
writer,writer/split_4conns_16KiB_chunks,11,15.1427,cache_copied_bytes,12582912
writer,writer/split_4conns_16KiB_chunks,11,15.1427,cache_evicted_bytes,12582912
writer,writer/split_4conns_16KiB_chunks,11,15.1427,checksum_ms,0
writer,writer/split_4conns_16KiB_chunks,11,15.1427,cpu_ms,18.313999999999997
writer,writer/split_4conns_16KiB_chunks,11,15.1427,cpu_percent,120.94302806764487
writer,writer/split_4conns_16KiB_chunks,11,15.1427,distinct_ranges,4
writer,writer/split_4conns_16KiB_chunks,11,15.1427,driver_connections,4
writer,writer/split_4conns_16KiB_chunks,11,15.1427,driver_loops,138
writer,writer/split_4conns_16KiB_chunks,11,15.1427,driver_pauses,3
writer,writer/split_4conns_16KiB_chunks,11,15.1427,duplicate_bytes,0
writer,writer/split_4conns_16KiB_chunks,11,15.1427,failed,0
writer,writer/split_4conns_16KiB_chunks,11,15.1427,file_bytes,12582912
writer,writer/split_4conns_16KiB_chunks,11,15.1427,finalize,0.006000000000000227
writer,writer/split_4conns_16KiB_chunks,11,15.1427,fsync_calls,1
writer,writer/split_4conns_16KiB_chunks,11,15.1427,fsync_ms,7.482
writer,writer/split_4conns_16KiB_chunks,11,15.1427,prealloc_ms,0.065
writer,writer/split_4conns_16KiB_chunks,11,15.1427,process_peak_rss_bytes,50184192
writer,writer/split_4conns_16KiB_chunks,11,15.1427,report_span,0
writer,writer/split_4conns_16KiB_chunks,11,15.1427,requests,4
writer,writer/split_4conns_16KiB_chunks,11,15.1427,response_head_ms,1.76
writer,writer/split_4conns_16KiB_chunks,11,15.1427,response_heads,4
writer,writer/split_4conns_16KiB_chunks,11,15.1427,running_reports,1
writer,writer/split_4conns_16KiB_chunks,11,15.1427,served_bytes,12582912
writer,writer/split_4conns_16KiB_chunks,11,15.1427,to_first_report,12.181792
writer,writer/split_4conns_16KiB_chunks,11,15.1427,total,12.187792
writer,writer/split_4conns_16KiB_chunks,11,15.1427,unique_bytes,12582912
writer,writer/split_4conns_16KiB_chunks,11,15.1427,verified,1
writer,writer/split_4conns_16KiB_chunks,11,15.1427,writer_blocks,12
writer,writer/split_4conns_16KiB_chunks,11,15.1427,writer_bytes,12582912
writer,writer/split_4conns_16KiB_chunks,11,15.1427,writer_seeks,12
writer,writer/split_4conns_1MiB_chunks,11,83.2347,avg_block_bytes,1048576
writer,writer/split_4conns_1MiB_chunks,11,83.2347,body_reads,777
writer,writer/split_4conns_1MiB_chunks,11,83.2347,body_wait_ms,98.035
writer,writer/split_4conns_1MiB_chunks,11,83.2347,cache_copied_bytes,12582912
writer,writer/split_4conns_1MiB_chunks,11,83.2347,cache_evicted_bytes,12582912
writer,writer/split_4conns_1MiB_chunks,11,83.2347,checksum_ms,0
writer,writer/split_4conns_1MiB_chunks,11,83.2347,cpu_ms,15.598999999999995
writer,writer/split_4conns_1MiB_chunks,11,83.2347,cpu_percent,18.740989256315512
writer,writer/split_4conns_1MiB_chunks,11,83.2347,distinct_ranges,4
writer,writer/split_4conns_1MiB_chunks,11,83.2347,driver_connections,4
writer,writer/split_4conns_1MiB_chunks,11,83.2347,driver_loops,72
writer,writer/split_4conns_1MiB_chunks,11,83.2347,driver_pauses,4
writer,writer/split_4conns_1MiB_chunks,11,83.2347,duplicate_bytes,0
writer,writer/split_4conns_1MiB_chunks,11,83.2347,failed,0
writer,writer/split_4conns_1MiB_chunks,11,83.2347,file_bytes,12582912
writer,writer/split_4conns_1MiB_chunks,11,83.2347,finalize,0.014707999999998833
writer,writer/split_4conns_1MiB_chunks,11,83.2347,fsync_calls,1
writer,writer/split_4conns_1MiB_chunks,11,83.2347,fsync_ms,7.103
writer,writer/split_4conns_1MiB_chunks,11,83.2347,prealloc_ms,0.121
writer,writer/split_4conns_1MiB_chunks,11,83.2347,process_peak_rss_bytes,60588032
writer,writer/split_4conns_1MiB_chunks,11,83.2347,report_span,0
writer,writer/split_4conns_1MiB_chunks,11,83.2347,requests,4
writer,writer/split_4conns_1MiB_chunks,11,83.2347,response_head_ms,73.589
writer,writer/split_4conns_1MiB_chunks,11,83.2347,response_heads,4
writer,writer/split_4conns_1MiB_chunks,11,83.2347,running_reports,1
writer,writer/split_4conns_1MiB_chunks,11,83.2347,served_bytes,12582912
writer,writer/split_4conns_1MiB_chunks,11,83.2347,to_first_report,80.670084
writer,writer/split_4conns_1MiB_chunks,11,83.2347,total,80.684792
writer,writer/split_4conns_1MiB_chunks,11,83.2347,unique_bytes,12582912
writer,writer/split_4conns_1MiB_chunks,11,83.2347,verified,1
writer,writer/split_4conns_1MiB_chunks,11,83.2347,writer_blocks,12
writer,writer/split_4conns_1MiB_chunks,11,83.2347,writer_bytes,12582912
writer,writer/split_4conns_1MiB_chunks,11,83.2347,writer_seeks,12
writer,writer/split_tiny_budget_1MiB,11,132.7563,avg_block_bytes,246723.76470588235
writer,writer/split_tiny_budget_1MiB,11,132.7563,body_reads,778
writer,writer/split_tiny_budget_1MiB,11,132.7563,body_wait_ms,210.465
writer,writer/split_tiny_budget_1MiB,11,132.7563,cache_copied_bytes,12582912
writer,writer/split_tiny_budget_1MiB,11,132.7563,cache_evicted_bytes,12582912
writer,writer/split_tiny_budget_1MiB,11,132.7563,checksum_ms,0
writer,writer/split_tiny_budget_1MiB,11,132.7563,cpu_ms,20.759000000000007
writer,writer/split_tiny_budget_1MiB,11,132.7563,cpu_percent,15.636923752261206
writer,writer/split_tiny_budget_1MiB,11,132.7563,distinct_ranges,4
writer,writer/split_tiny_budget_1MiB,11,132.7563,driver_connections,4
writer,writer/split_tiny_budget_1MiB,11,132.7563,driver_loops,66
writer,writer/split_tiny_budget_1MiB,11,132.7563,driver_pauses,12
writer,writer/split_tiny_budget_1MiB,11,132.7563,duplicate_bytes,0
writer,writer/split_tiny_budget_1MiB,11,132.7563,failed,0
writer,writer/split_tiny_budget_1MiB,11,132.7563,file_bytes,12582912
writer,writer/split_tiny_budget_1MiB,11,132.7563,fsync_calls,1
writer,writer/split_tiny_budget_1MiB,11,132.7563,fsync_ms,8.022
writer,writer/split_tiny_budget_1MiB,11,132.7563,prealloc_ms,0.102
writer,writer/split_tiny_budget_1MiB,11,132.7563,process_peak_rss_bytes,60850176
writer,writer/split_tiny_budget_1MiB,11,132.7563,requests,4
writer,writer/split_tiny_budget_1MiB,11,132.7563,response_head_ms,1.667
writer,writer/split_tiny_budget_1MiB,11,132.7563,response_heads,4
writer,writer/split_tiny_budget_1MiB,11,132.7563,running_reports,0
writer,writer/split_tiny_budget_1MiB,11,132.7563,served_bytes,12582912
writer,writer/split_tiny_budget_1MiB,11,132.7563,total,128.224958
writer,writer/split_tiny_budget_1MiB,11,132.7563,unique_bytes,12582912
writer,writer/split_tiny_budget_1MiB,11,132.7563,verified,1
writer,writer/split_tiny_budget_1MiB,11,132.7563,writer_blocks,51
writer,writer/split_tiny_budget_1MiB,11,132.7563,writer_bytes,12582912
writer,writer/split_tiny_budget_1MiB,11,132.7563,writer_seeks,45
writer,writer/split_prealloc_on,11,222.1333,avg_block_bytes,1048576
writer,writer/split_prealloc_on,11,222.1333,body_reads,778
writer,writer/split_prealloc_on,11,222.1333,body_wait_ms,315.323
writer,writer/split_prealloc_on,11,222.1333,cache_copied_bytes,12582912
writer,writer/split_prealloc_on,11,222.1333,cache_evicted_bytes,12582912
writer,writer/split_prealloc_on,11,222.1333,checksum_ms,0
writer,writer/split_prealloc_on,11,222.1333,cpu_ms,43.212
writer,writer/split_prealloc_on,11,222.1333,cpu_percent,19.45318497982367
writer,writer/split_prealloc_on,11,222.1333,distinct_ranges,4
writer,writer/split_prealloc_on,11,222.1333,driver_connections,4
writer,writer/split_prealloc_on,11,222.1333,driver_loops,57
writer,writer/split_prealloc_on,11,222.1333,driver_pauses,15
writer,writer/split_prealloc_on,11,222.1333,duplicate_bytes,0
writer,writer/split_prealloc_on,11,222.1333,failed,0
writer,writer/split_prealloc_on,11,222.1333,file_bytes,12582912
writer,writer/split_prealloc_on,11,222.1333,finalize,0.03787500000001387
writer,writer/split_prealloc_on,11,222.1333,fsync_calls,1
writer,writer/split_prealloc_on,11,222.1333,fsync_ms,9.379
writer,writer/split_prealloc_on,11,222.1333,prealloc_ms,3.712
writer,writer/split_prealloc_on,11,222.1333,process_peak_rss_bytes,64241664
writer,writer/split_prealloc_on,11,222.1333,report_span,0
writer,writer/split_prealloc_on,11,222.1333,requests,4
writer,writer/split_prealloc_on,11,222.1333,response_head_ms,60.467
writer,writer/split_prealloc_on,11,222.1333,response_heads,4
writer,writer/split_prealloc_on,11,222.1333,running_reports,1
writer,writer/split_prealloc_on,11,222.1333,served_bytes,12582912
writer,writer/split_prealloc_on,11,222.1333,to_first_report,209.68775
writer,writer/split_prealloc_on,11,222.1333,total,209.725625
writer,writer/split_prealloc_on,11,222.1333,unique_bytes,12582912
writer,writer/split_prealloc_on,11,222.1333,verified,1
writer,writer/split_prealloc_on,11,222.1333,writer_blocks,12
writer,writer/split_prealloc_on,11,222.1333,writer_bytes,12582912
writer,writer/split_prealloc_on,11,222.1333,writer_seeks,12
writer,writer/single_conn_4MiB,11,108.8932,avg_block_bytes,262144
writer,writer/single_conn_4MiB,11,108.8932,body_reads,259
writer,writer/single_conn_4MiB,11,108.8932,body_wait_ms,95.989
writer,writer/single_conn_4MiB,11,108.8932,cache_copied_bytes,4194304
writer,writer/single_conn_4MiB,11,108.8932,cache_evicted_bytes,4194304
writer,writer/single_conn_4MiB,11,108.8932,checksum_ms,0
writer,writer/single_conn_4MiB,11,108.8932,cpu_ms,19.248
writer,writer/single_conn_4MiB,11,108.8932,cpu_percent,17.676033568595024
writer,writer/single_conn_4MiB,11,108.8932,distinct_ranges,1
writer,writer/single_conn_4MiB,11,108.8932,driver_connections,1
writer,writer/single_conn_4MiB,11,108.8932,driver_loops,33
writer,writer/single_conn_4MiB,11,108.8932,driver_pauses,4
writer,writer/single_conn_4MiB,11,108.8932,duplicate_bytes,0
writer,writer/single_conn_4MiB,11,108.8932,failed,0
writer,writer/single_conn_4MiB,11,108.8932,file_bytes,4194304
writer,writer/single_conn_4MiB,11,108.8932,finalize,5.472083000000012
writer,writer/single_conn_4MiB,11,108.8932,fsync_calls,2
writer,writer/single_conn_4MiB,11,108.8932,fsync_ms,5.001
writer,writer/single_conn_4MiB,11,108.8932,prealloc_ms,0.272
writer,writer/single_conn_4MiB,11,108.8932,process_peak_rss_bytes,72728576
writer,writer/single_conn_4MiB,11,108.8932,report_span,96.434709
writer,writer/single_conn_4MiB,11,108.8932,requests,1
writer,writer/single_conn_4MiB,11,108.8932,response_head_ms,0.612
writer,writer/single_conn_4MiB,11,108.8932,response_heads,1
writer,writer/single_conn_4MiB,11,108.8932,running_reports,16
writer,writer/single_conn_4MiB,11,108.8932,served_bytes,4194304
writer,writer/single_conn_4MiB,11,108.8932,to_first_report,2.793708
writer,writer/single_conn_4MiB,11,108.8932,total,104.7005
writer,writer/single_conn_4MiB,11,108.8932,unique_bytes,4194304
writer,writer/single_conn_4MiB,11,108.8932,verified,1
writer,writer/single_conn_4MiB,11,108.8932,writer_blocks,16
writer,writer/single_conn_4MiB,11,108.8932,writer_bytes,4194304
writer,writer/single_conn_4MiB,11,108.8932,writer_seeks,1
writer,writer/split_4conns_16KiB_chunks,12,282.4461,avg_block_bytes,1048576
writer,writer/split_4conns_16KiB_chunks,12,282.4461,body_reads,782
writer,writer/split_4conns_16KiB_chunks,12,282.4461,body_wait_ms,266.781
writer,writer/split_4conns_16KiB_chunks,12,282.4461,cache_copied_bytes,12582912
writer,writer/split_4conns_16KiB_chunks,12,282.4461,cache_evicted_bytes,12582912
writer,writer/split_4conns_16KiB_chunks,12,282.4461,checksum_ms,0
writer,writer/split_4conns_16KiB_chunks,12,282.4461,cpu_ms,19.665000000000003
writer,writer/split_4conns_16KiB_chunks,12,282.4461,cpu_percent,6.962389730076843
writer,writer/split_4conns_16KiB_chunks,12,282.4461,distinct_ranges,4
writer,writer/split_4conns_16KiB_chunks,12,282.4461,driver_connections,4
writer,writer/split_4conns_16KiB_chunks,12,282.4461,driver_loops,97
writer,writer/split_4conns_16KiB_chunks,12,282.4461,driver_pauses,11
writer,writer/split_4conns_16KiB_chunks,12,282.4461,duplicate_bytes,0
writer,writer/split_4conns_16KiB_chunks,12,282.4461,failed,0
writer,writer/split_4conns_16KiB_chunks,12,282.4461,file_bytes,12582912
writer,writer/split_4conns_16KiB_chunks,12,282.4461,finalize,0.004207999999948697
writer,writer/split_4conns_16KiB_chunks,12,282.4461,fsync_calls,1
writer,writer/split_4conns_16KiB_chunks,12,282.4461,fsync_ms,11.387
writer,writer/split_4conns_16KiB_chunks,12,282.4461,prealloc_ms,0.128
writer,writer/split_4conns_16KiB_chunks,12,282.4461,process_peak_rss_bytes,48922624
writer,writer/split_4conns_16KiB_chunks,12,282.4461,report_span,75.84445800000006
writer,writer/split_4conns_16KiB_chunks,12,282.4461,requests,4
writer,writer/split_4conns_16KiB_chunks,12,282.4461,response_head_ms,67.598
writer,writer/split_4conns_16KiB_chunks,12,282.4461,response_heads,4
writer,writer/split_4conns_16KiB_chunks,12,282.4461,running_reports,2
writer,writer/split_4conns_16KiB_chunks,12,282.4461,served_bytes,12582912
writer,writer/split_4conns_16KiB_chunks,12,282.4461,to_first_report,202.66466699999998
writer,writer/split_4conns_16KiB_chunks,12,282.4461,total,278.513333
writer,writer/split_4conns_16KiB_chunks,12,282.4461,unique_bytes,12582912
writer,writer/split_4conns_16KiB_chunks,12,282.4461,verified,1
writer,writer/split_4conns_16KiB_chunks,12,282.4461,writer_blocks,12
writer,writer/split_4conns_16KiB_chunks,12,282.4461,writer_bytes,12582912
writer,writer/split_4conns_16KiB_chunks,12,282.4461,writer_seeks,5
writer,writer/split_4conns_1MiB_chunks,12,63.2283,avg_block_bytes,1048576
writer,writer/split_4conns_1MiB_chunks,12,63.2283,body_reads,781
writer,writer/split_4conns_1MiB_chunks,12,63.2283,body_wait_ms,68.049
writer,writer/split_4conns_1MiB_chunks,12,63.2283,cache_copied_bytes,12582912
writer,writer/split_4conns_1MiB_chunks,12,63.2283,cache_evicted_bytes,12582912
writer,writer/split_4conns_1MiB_chunks,12,63.2283,checksum_ms,0
writer,writer/split_4conns_1MiB_chunks,12,63.2283,cpu_ms,13.474
writer,writer/split_4conns_1MiB_chunks,12,63.2283,cpu_percent,21.3100806202388
writer,writer/split_4conns_1MiB_chunks,12,63.2283,distinct_ranges,4
writer,writer/split_4conns_1MiB_chunks,12,63.2283,driver_connections,4
writer,writer/split_4conns_1MiB_chunks,12,63.2283,driver_loops,67
writer,writer/split_4conns_1MiB_chunks,12,63.2283,driver_pauses,6
writer,writer/split_4conns_1MiB_chunks,12,63.2283,duplicate_bytes,0
writer,writer/split_4conns_1MiB_chunks,12,63.2283,failed,0
writer,writer/split_4conns_1MiB_chunks,12,63.2283,file_bytes,12582912
writer,writer/split_4conns_1MiB_chunks,12,63.2283,fsync_calls,1
writer,writer/split_4conns_1MiB_chunks,12,63.2283,fsync_ms,13.597
writer,writer/split_4conns_1MiB_chunks,12,63.2283,prealloc_ms,0.076
writer,writer/split_4conns_1MiB_chunks,12,63.2283,process_peak_rss_bytes,56213504
writer,writer/split_4conns_1MiB_chunks,12,63.2283,requests,4
writer,writer/split_4conns_1MiB_chunks,12,63.2283,response_head_ms,2.336
writer,writer/split_4conns_1MiB_chunks,12,63.2283,response_heads,4
writer,writer/split_4conns_1MiB_chunks,12,63.2283,running_reports,0
writer,writer/split_4conns_1MiB_chunks,12,63.2283,served_bytes,12582912
writer,writer/split_4conns_1MiB_chunks,12,63.2283,total,61.169542
writer,writer/split_4conns_1MiB_chunks,12,63.2283,unique_bytes,12582912
writer,writer/split_4conns_1MiB_chunks,12,63.2283,verified,1
writer,writer/split_4conns_1MiB_chunks,12,63.2283,writer_blocks,12
writer,writer/split_4conns_1MiB_chunks,12,63.2283,writer_bytes,12582912
writer,writer/split_4conns_1MiB_chunks,12,63.2283,writer_seeks,10
writer,writer/split_tiny_budget_1MiB,12,127.4674,avg_block_bytes,228780.21818181817
writer,writer/split_tiny_budget_1MiB,12,127.4674,body_reads,779
writer,writer/split_tiny_budget_1MiB,12,127.4674,body_wait_ms,208.976
writer,writer/split_tiny_budget_1MiB,12,127.4674,cache_copied_bytes,12582912
writer,writer/split_tiny_budget_1MiB,12,127.4674,cache_evicted_bytes,12582912
writer,writer/split_tiny_budget_1MiB,12,127.4674,checksum_ms,0
writer,writer/split_tiny_budget_1MiB,12,127.4674,cpu_ms,18.92900000000001
writer,writer/split_tiny_budget_1MiB,12,127.4674,cpu_percent,14.850074381778091
writer,writer/split_tiny_budget_1MiB,12,127.4674,distinct_ranges,4
writer,writer/split_tiny_budget_1MiB,12,127.4674,driver_connections,4
writer,writer/split_tiny_budget_1MiB,12,127.4674,driver_loops,64
writer,writer/split_tiny_budget_1MiB,12,127.4674,driver_pauses,10
writer,writer/split_tiny_budget_1MiB,12,127.4674,duplicate_bytes,0
writer,writer/split_tiny_budget_1MiB,12,127.4674,failed,0
writer,writer/split_tiny_budget_1MiB,12,127.4674,file_bytes,12582912
writer,writer/split_tiny_budget_1MiB,12,127.4674,fsync_calls,1
writer,writer/split_tiny_budget_1MiB,12,127.4674,fsync_ms,6.144
writer,writer/split_tiny_budget_1MiB,12,127.4674,prealloc_ms,0.074
writer,writer/split_tiny_budget_1MiB,12,127.4674,process_peak_rss_bytes,56328192
writer,writer/split_tiny_budget_1MiB,12,127.4674,requests,4
writer,writer/split_tiny_budget_1MiB,12,127.4674,response_head_ms,70.714
writer,writer/split_tiny_budget_1MiB,12,127.4674,response_heads,4
writer,writer/split_tiny_budget_1MiB,12,127.4674,running_reports,0
writer,writer/split_tiny_budget_1MiB,12,127.4674,served_bytes,12582912
writer,writer/split_tiny_budget_1MiB,12,127.4674,total,125.08512499999999
writer,writer/split_tiny_budget_1MiB,12,127.4674,unique_bytes,12582912
writer,writer/split_tiny_budget_1MiB,12,127.4674,verified,1
writer,writer/split_tiny_budget_1MiB,12,127.4674,writer_blocks,55
writer,writer/split_tiny_budget_1MiB,12,127.4674,writer_bytes,12582912
writer,writer/split_tiny_budget_1MiB,12,127.4674,writer_seeks,47
writer,writer/split_prealloc_on,12,173.3855,avg_block_bytes,1048576
writer,writer/split_prealloc_on,12,173.3855,body_reads,782
writer,writer/split_prealloc_on,12,173.3855,body_wait_ms,160.395
writer,writer/split_prealloc_on,12,173.3855,cache_copied_bytes,12582912
writer,writer/split_prealloc_on,12,173.3855,cache_evicted_bytes,12582912
writer,writer/split_prealloc_on,12,173.3855,checksum_ms,0
writer,writer/split_prealloc_on,12,173.3855,cpu_ms,32.958
writer,writer/split_prealloc_on,12,173.3855,cpu_percent,19.008509938835715
writer,writer/split_prealloc_on,12,173.3855,distinct_ranges,5
writer,writer/split_prealloc_on,12,173.3855,driver_connections,4
writer,writer/split_prealloc_on,12,173.3855,driver_loops,77
writer,writer/split_prealloc_on,12,173.3855,driver_pauses,10
writer,writer/split_prealloc_on,12,173.3855,duplicate_bytes,0
writer,writer/split_prealloc_on,12,173.3855,failed,0
writer,writer/split_prealloc_on,12,173.3855,file_bytes,12582912
writer,writer/split_prealloc_on,12,173.3855,fsync_calls,1
writer,writer/split_prealloc_on,12,173.3855,fsync_ms,3.418
writer,writer/split_prealloc_on,12,173.3855,prealloc_ms,3.745
writer,writer/split_prealloc_on,12,173.3855,process_peak_rss_bytes,60162048
writer,writer/split_prealloc_on,12,173.3855,requests,5
writer,writer/split_prealloc_on,12,173.3855,response_head_ms,57.472
writer,writer/split_prealloc_on,12,173.3855,response_heads,5
writer,writer/split_prealloc_on,12,173.3855,running_reports,0
writer,writer/split_prealloc_on,12,173.3855,served_bytes,12582912
writer,writer/split_prealloc_on,12,173.3855,total,169.684583
writer,writer/split_prealloc_on,12,173.3855,unique_bytes,12582912
writer,writer/split_prealloc_on,12,173.3855,verified,1
writer,writer/split_prealloc_on,12,173.3855,writer_blocks,12
writer,writer/split_prealloc_on,12,173.3855,writer_bytes,12582912
writer,writer/split_prealloc_on,12,173.3855,writer_seeks,4
writer,writer/single_conn_4MiB,12,31.2855,avg_block_bytes,262144
writer,writer/single_conn_4MiB,12,31.2855,body_reads,258
writer,writer/single_conn_4MiB,12,31.2855,body_wait_ms,22.767
writer,writer/single_conn_4MiB,12,31.2855,cache_copied_bytes,4194304
writer,writer/single_conn_4MiB,12,31.2855,cache_evicted_bytes,4194304
writer,writer/single_conn_4MiB,12,31.2855,checksum_ms,0
writer,writer/single_conn_4MiB,12,31.2855,cpu_ms,9.913000000000006
writer,writer/single_conn_4MiB,12,31.2855,cpu_percent,31.68560515254672
writer,writer/single_conn_4MiB,12,31.2855,distinct_ranges,1
writer,writer/single_conn_4MiB,12,31.2855,driver_connections,1
writer,writer/single_conn_4MiB,12,31.2855,driver_loops,39
writer,writer/single_conn_4MiB,12,31.2855,driver_pauses,1
writer,writer/single_conn_4MiB,12,31.2855,duplicate_bytes,0
writer,writer/single_conn_4MiB,12,31.2855,failed,0
writer,writer/single_conn_4MiB,12,31.2855,file_bytes,4194304
writer,writer/single_conn_4MiB,12,31.2855,finalize,4.320333000000005
writer,writer/single_conn_4MiB,12,31.2855,fsync_calls,2
writer,writer/single_conn_4MiB,12,31.2855,fsync_ms,4.17
writer,writer/single_conn_4MiB,12,31.2855,prealloc_ms,0.156
writer,writer/single_conn_4MiB,12,31.2855,process_peak_rss_bytes,68681728
writer,writer/single_conn_4MiB,12,31.2855,report_span,1.4887089999999965
writer,writer/single_conn_4MiB,12,31.2855,requests,1
writer,writer/single_conn_4MiB,12,31.2855,response_head_ms,0.358
writer,writer/single_conn_4MiB,12,31.2855,response_heads,1
writer,writer/single_conn_4MiB,12,31.2855,running_reports,16
writer,writer/single_conn_4MiB,12,31.2855,served_bytes,4194304
writer,writer/single_conn_4MiB,12,31.2855,to_first_report,23.387166
writer,writer/single_conn_4MiB,12,31.2855,total,29.196208000000002
writer,writer/single_conn_4MiB,12,31.2855,unique_bytes,4194304
writer,writer/single_conn_4MiB,12,31.2855,verified,1
writer,writer/single_conn_4MiB,12,31.2855,writer_blocks,16
writer,writer/single_conn_4MiB,12,31.2855,writer_bytes,4194304
writer,writer/single_conn_4MiB,12,31.2855,writer_seeks,1
writer,writer/split_4conns_16KiB_chunks,13,293.2531,avg_block_bytes,1048576
writer,writer/split_4conns_16KiB_chunks,13,293.2531,body_reads,786
writer,writer/split_4conns_16KiB_chunks,13,293.2531,body_wait_ms,261.445
writer,writer/split_4conns_16KiB_chunks,13,293.2531,cache_copied_bytes,12582912
writer,writer/split_4conns_16KiB_chunks,13,293.2531,cache_evicted_bytes,12582912
writer,writer/split_4conns_16KiB_chunks,13,293.2531,checksum_ms,0
writer,writer/split_4conns_16KiB_chunks,13,293.2531,cpu_ms,24.061999999999998
writer,writer/split_4conns_16KiB_chunks,13,293.2531,cpu_percent,8.205198154324867
writer,writer/split_4conns_16KiB_chunks,13,293.2531,distinct_ranges,4
writer,writer/split_4conns_16KiB_chunks,13,293.2531,driver_connections,4
writer,writer/split_4conns_16KiB_chunks,13,293.2531,driver_loops,97
writer,writer/split_4conns_16KiB_chunks,13,293.2531,driver_pauses,10
writer,writer/split_4conns_16KiB_chunks,13,293.2531,duplicate_bytes,0
writer,writer/split_4conns_16KiB_chunks,13,293.2531,failed,0
writer,writer/split_4conns_16KiB_chunks,13,293.2531,file_bytes,12582912
writer,writer/split_4conns_16KiB_chunks,13,293.2531,finalize,0.11641700000001265
writer,writer/split_4conns_16KiB_chunks,13,293.2531,fsync_calls,1
writer,writer/split_4conns_16KiB_chunks,13,293.2531,fsync_ms,8.106
writer,writer/split_4conns_16KiB_chunks,13,293.2531,prealloc_ms,0.073
writer,writer/split_4conns_16KiB_chunks,13,293.2531,process_peak_rss_bytes,44957696
writer,writer/split_4conns_16KiB_chunks,13,293.2531,report_span,75.45637500000001
writer,writer/split_4conns_16KiB_chunks,13,293.2531,requests,4
writer,writer/split_4conns_16KiB_chunks,13,293.2531,response_head_ms,2.011
writer,writer/split_4conns_16KiB_chunks,13,293.2531,response_heads,4
writer,writer/split_4conns_16KiB_chunks,13,293.2531,running_reports,2
writer,writer/split_4conns_16KiB_chunks,13,293.2531,served_bytes,12582912
writer,writer/split_4conns_16KiB_chunks,13,293.2531,to_first_report,204.005417
writer,writer/split_4conns_16KiB_chunks,13,293.2531,total,279.578209
writer,writer/split_4conns_16KiB_chunks,13,293.2531,unique_bytes,12582912
writer,writer/split_4conns_16KiB_chunks,13,293.2531,verified,1
writer,writer/split_4conns_16KiB_chunks,13,293.2531,writer_blocks,12
writer,writer/split_4conns_16KiB_chunks,13,293.2531,writer_bytes,12582912
writer,writer/split_4conns_16KiB_chunks,13,293.2531,writer_seeks,5
writer,writer/split_4conns_1MiB_chunks,13,124.3107,avg_block_bytes,1048576
writer,writer/split_4conns_1MiB_chunks,13,124.3107,body_reads,774
writer,writer/split_4conns_1MiB_chunks,13,124.3107,body_wait_ms,257.982
writer,writer/split_4conns_1MiB_chunks,13,124.3107,cache_copied_bytes,12582912
writer,writer/split_4conns_1MiB_chunks,13,124.3107,cache_evicted_bytes,12582912
writer,writer/split_4conns_1MiB_chunks,13,124.3107,checksum_ms,0
writer,writer/split_4conns_1MiB_chunks,13,124.3107,cpu_ms,19.804000000000002
writer,writer/split_4conns_1MiB_chunks,13,124.3107,cpu_percent,15.931043775377432
writer,writer/split_4conns_1MiB_chunks,13,124.3107,distinct_ranges,4
writer,writer/split_4conns_1MiB_chunks,13,124.3107,driver_connections,4
writer,writer/split_4conns_1MiB_chunks,13,124.3107,driver_loops,45
writer,writer/split_4conns_1MiB_chunks,13,124.3107,driver_pauses,15
writer,writer/split_4conns_1MiB_chunks,13,124.3107,duplicate_bytes,0
writer,writer/split_4conns_1MiB_chunks,13,124.3107,failed,0
writer,writer/split_4conns_1MiB_chunks,13,124.3107,file_bytes,12582912
writer,writer/split_4conns_1MiB_chunks,13,124.3107,fsync_calls,1
writer,writer/split_4conns_1MiB_chunks,13,124.3107,fsync_ms,7.19
writer,writer/split_4conns_1MiB_chunks,13,124.3107,prealloc_ms,0.232
writer,writer/split_4conns_1MiB_chunks,13,124.3107,process_peak_rss_bytes,58032128
writer,writer/split_4conns_1MiB_chunks,13,124.3107,requests,4
writer,writer/split_4conns_1MiB_chunks,13,124.3107,response_head_ms,114.33
writer,writer/split_4conns_1MiB_chunks,13,124.3107,response_heads,4
writer,writer/split_4conns_1MiB_chunks,13,124.3107,running_reports,0
writer,writer/split_4conns_1MiB_chunks,13,124.3107,served_bytes,12582912
writer,writer/split_4conns_1MiB_chunks,13,124.3107,total,120.965042
writer,writer/split_4conns_1MiB_chunks,13,124.3107,unique_bytes,12582912
writer,writer/split_4conns_1MiB_chunks,13,124.3107,verified,1
writer,writer/split_4conns_1MiB_chunks,13,124.3107,writer_blocks,12
writer,writer/split_4conns_1MiB_chunks,13,124.3107,writer_bytes,12582912
writer,writer/split_4conns_1MiB_chunks,13,124.3107,writer_seeks,11
writer,writer/split_tiny_budget_1MiB,13,227.5117,avg_block_bytes,349525.3333333333
writer,writer/split_tiny_budget_1MiB,13,227.5117,body_reads,776
writer,writer/split_tiny_budget_1MiB,13,227.5117,body_wait_ms,236.856
writer,writer/split_tiny_budget_1MiB,13,227.5117,cache_copied_bytes,12582912
writer,writer/split_tiny_budget_1MiB,13,227.5117,cache_evicted_bytes,12582912
writer,writer/split_tiny_budget_1MiB,13,227.5117,checksum_ms,0
writer,writer/split_tiny_budget_1MiB,13,227.5117,cpu_ms,18.660999999999998
writer,writer/split_tiny_budget_1MiB,13,227.5117,cpu_percent,8.20221676017264
writer,writer/split_tiny_budget_1MiB,13,227.5117,distinct_ranges,4
writer,writer/split_tiny_budget_1MiB,13,227.5117,driver_connections,4
writer,writer/split_tiny_budget_1MiB,13,227.5117,driver_loops,84
writer,writer/split_tiny_budget_1MiB,13,227.5117,driver_pauses,10
writer,writer/split_tiny_budget_1MiB,13,227.5117,duplicate_bytes,0
writer,writer/split_tiny_budget_1MiB,13,227.5117,failed,0
writer,writer/split_tiny_budget_1MiB,13,227.5117,file_bytes,12582912
writer,writer/split_tiny_budget_1MiB,13,227.5117,finalize,0.006291999999973541
writer,writer/split_tiny_budget_1MiB,13,227.5117,fsync_calls,1
writer,writer/split_tiny_budget_1MiB,13,227.5117,fsync_ms,7.888
writer,writer/split_tiny_budget_1MiB,13,227.5117,prealloc_ms,0.174
writer,writer/split_tiny_budget_1MiB,13,227.5117,process_peak_rss_bytes,58310656
writer,writer/split_tiny_budget_1MiB,13,227.5117,report_span,21.745082999999994
writer,writer/split_tiny_budget_1MiB,13,227.5117,requests,4
writer,writer/split_tiny_budget_1MiB,13,227.5117,response_head_ms,70.357
writer,writer/split_tiny_budget_1MiB,13,227.5117,response_heads,4
writer,writer/split_tiny_budget_1MiB,13,227.5117,running_reports,2
writer,writer/split_tiny_budget_1MiB,13,227.5117,served_bytes,12582912
writer,writer/split_tiny_budget_1MiB,13,227.5117,to_first_report,203.62287500000002
writer,writer/split_tiny_budget_1MiB,13,227.5117,total,225.37425
writer,writer/split_tiny_budget_1MiB,13,227.5117,unique_bytes,12582912
writer,writer/split_tiny_budget_1MiB,13,227.5117,verified,1
writer,writer/split_tiny_budget_1MiB,13,227.5117,writer_blocks,36
writer,writer/split_tiny_budget_1MiB,13,227.5117,writer_bytes,12582912
writer,writer/split_tiny_budget_1MiB,13,227.5117,writer_seeks,19
writer,writer/split_prealloc_on,13,289.6215,avg_block_bytes,1048576
writer,writer/split_prealloc_on,13,289.6215,body_reads,778
writer,writer/split_prealloc_on,13,289.6215,body_wait_ms,275.466
writer,writer/split_prealloc_on,13,289.6215,cache_copied_bytes,12582912
writer,writer/split_prealloc_on,13,289.6215,cache_evicted_bytes,12582912
writer,writer/split_prealloc_on,13,289.6215,checksum_ms,0
writer,writer/split_prealloc_on,13,289.6215,cpu_ms,23.290999999999993
writer,writer/split_prealloc_on,13,289.6215,cpu_percent,8.04187417799191
writer,writer/split_prealloc_on,13,289.6215,distinct_ranges,4
writer,writer/split_prealloc_on,13,289.6215,driver_connections,4
writer,writer/split_prealloc_on,13,289.6215,driver_loops,90
writer,writer/split_prealloc_on,13,289.6215,driver_pauses,12
writer,writer/split_prealloc_on,13,289.6215,duplicate_bytes,0
writer,writer/split_prealloc_on,13,289.6215,failed,0
writer,writer/split_prealloc_on,13,289.6215,file_bytes,12582912
writer,writer/split_prealloc_on,13,289.6215,finalize,78.224167
writer,writer/split_prealloc_on,13,289.6215,fsync_calls,1
writer,writer/split_prealloc_on,13,289.6215,fsync_ms,5.678
writer,writer/split_prealloc_on,13,289.6215,prealloc_ms,3.543
writer,writer/split_prealloc_on,13,289.6215,process_peak_rss_bytes,58720256
writer,writer/split_prealloc_on,13,289.6215,report_span,0
writer,writer/split_prealloc_on,13,289.6215,requests,4
writer,writer/split_prealloc_on,13,289.6215,response_head_ms,62.339
writer,writer/split_prealloc_on,13,289.6215,response_heads,4
writer,writer/split_prealloc_on,13,289.6215,running_reports,1
writer,writer/split_prealloc_on,13,289.6215,served_bytes,12582912
writer,writer/split_prealloc_on,13,289.6215,to_first_report,207.19775
writer,writer/split_prealloc_on,13,289.6215,total,285.421917
writer,writer/split_prealloc_on,13,289.6215,unique_bytes,12582912
writer,writer/split_prealloc_on,13,289.6215,verified,1
writer,writer/split_prealloc_on,13,289.6215,writer_blocks,12
writer,writer/split_prealloc_on,13,289.6215,writer_bytes,12582912
writer,writer/split_prealloc_on,13,289.6215,writer_seeks,4
writer,writer/single_conn_4MiB,13,102.5014,avg_block_bytes,262144
writer,writer/single_conn_4MiB,13,102.5014,body_reads,258
writer,writer/single_conn_4MiB,13,102.5014,body_wait_ms,91.567
writer,writer/single_conn_4MiB,13,102.5014,cache_copied_bytes,4194304
writer,writer/single_conn_4MiB,13,102.5014,cache_evicted_bytes,4194304
writer,writer/single_conn_4MiB,13,102.5014,checksum_ms,0
writer,writer/single_conn_4MiB,13,102.5014,cpu_ms,13.791999999999998
writer,writer/single_conn_4MiB,13,102.5014,cpu_percent,13.455429256436801
writer,writer/single_conn_4MiB,13,102.5014,distinct_ranges,1
writer,writer/single_conn_4MiB,13,102.5014,driver_connections,1
writer,writer/single_conn_4MiB,13,102.5014,driver_loops,33
writer,writer/single_conn_4MiB,13,102.5014,driver_pauses,4
writer,writer/single_conn_4MiB,13,102.5014,duplicate_bytes,0
writer,writer/single_conn_4MiB,13,102.5014,failed,0
writer,writer/single_conn_4MiB,13,102.5014,file_bytes,4194304
writer,writer/single_conn_4MiB,13,102.5014,finalize,5.051917000000003
writer,writer/single_conn_4MiB,13,102.5014,fsync_calls,2
writer,writer/single_conn_4MiB,13,102.5014,fsync_ms,4.844
writer,writer/single_conn_4MiB,13,102.5014,prealloc_ms,0.289
writer,writer/single_conn_4MiB,13,102.5014,process_peak_rss_bytes,67125248
writer,writer/single_conn_4MiB,13,102.5014,report_span,92.023625
writer,writer/single_conn_4MiB,13,102.5014,requests,1
writer,writer/single_conn_4MiB,13,102.5014,response_head_ms,0.439
writer,writer/single_conn_4MiB,13,102.5014,response_heads,1
writer,writer/single_conn_4MiB,13,102.5014,running_reports,17
writer,writer/single_conn_4MiB,13,102.5014,served_bytes,4194304
writer,writer/single_conn_4MiB,13,102.5014,to_first_report,2.2542500000000003
writer,writer/single_conn_4MiB,13,102.5014,total,99.329792
writer,writer/single_conn_4MiB,13,102.5014,unique_bytes,4194304
writer,writer/single_conn_4MiB,13,102.5014,verified,1
writer,writer/single_conn_4MiB,13,102.5014,writer_blocks,16
writer,writer/single_conn_4MiB,13,102.5014,writer_bytes,4194304
writer,writer/single_conn_4MiB,13,102.5014,writer_seeks,1
writer,writer/split_4conns_16KiB_chunks,14,155.8722,avg_block_bytes,1048576
writer,writer/split_4conns_16KiB_chunks,14,155.8722,body_reads,781
writer,writer/split_4conns_16KiB_chunks,14,155.8722,body_wait_ms,148.375
writer,writer/split_4conns_16KiB_chunks,14,155.8722,cache_copied_bytes,12582912
writer,writer/split_4conns_16KiB_chunks,14,155.8722,cache_evicted_bytes,12582912
writer,writer/split_4conns_16KiB_chunks,14,155.8722,checksum_ms,0
writer,writer/split_4conns_16KiB_chunks,14,155.8722,cpu_ms,17.628
writer,writer/split_4conns_16KiB_chunks,14,155.8722,cpu_percent,11.309261270046466
writer,writer/split_4conns_16KiB_chunks,14,155.8722,distinct_ranges,4
writer,writer/split_4conns_16KiB_chunks,14,155.8722,driver_connections,4
writer,writer/split_4conns_16KiB_chunks,14,155.8722,driver_loops,97
writer,writer/split_4conns_16KiB_chunks,14,155.8722,driver_pauses,6
writer,writer/split_4conns_16KiB_chunks,14,155.8722,duplicate_bytes,0
writer,writer/split_4conns_16KiB_chunks,14,155.8722,failed,0
writer,writer/split_4conns_16KiB_chunks,14,155.8722,file_bytes,12582912
writer,writer/split_4conns_16KiB_chunks,14,155.8722,finalize,0.003958999999980506
writer,writer/split_4conns_16KiB_chunks,14,155.8722,fsync_calls,1
writer,writer/split_4conns_16KiB_chunks,14,155.8722,fsync_ms,4.783
writer,writer/split_4conns_16KiB_chunks,14,155.8722,prealloc_ms,0.067
writer,writer/split_4conns_16KiB_chunks,14,155.8722,process_peak_rss_bytes,48168960
writer,writer/split_4conns_16KiB_chunks,14,155.8722,report_span,0
writer,writer/split_4conns_16KiB_chunks,14,155.8722,requests,4
writer,writer/split_4conns_16KiB_chunks,14,155.8722,response_head_ms,73.034
writer,writer/split_4conns_16KiB_chunks,14,155.8722,response_heads,4
writer,writer/split_4conns_16KiB_chunks,14,155.8722,running_reports,1
writer,writer/split_4conns_16KiB_chunks,14,155.8722,served_bytes,12582912
writer,writer/split_4conns_16KiB_chunks,14,155.8722,to_first_report,153.368291
writer,writer/split_4conns_16KiB_chunks,14,155.8722,total,153.37224999999998
writer,writer/split_4conns_16KiB_chunks,14,155.8722,unique_bytes,12582912
writer,writer/split_4conns_16KiB_chunks,14,155.8722,verified,1
writer,writer/split_4conns_16KiB_chunks,14,155.8722,writer_blocks,12
writer,writer/split_4conns_16KiB_chunks,14,155.8722,writer_bytes,12582912
writer,writer/split_4conns_16KiB_chunks,14,155.8722,writer_seeks,5
writer,writer/split_4conns_1MiB_chunks,14,33.5364,avg_block_bytes,1048576
writer,writer/split_4conns_1MiB_chunks,14,33.5364,body_reads,782
writer,writer/split_4conns_1MiB_chunks,14,33.5364,body_wait_ms,26.642
writer,writer/split_4conns_1MiB_chunks,14,33.5364,cache_copied_bytes,12582912
writer,writer/split_4conns_1MiB_chunks,14,33.5364,cache_evicted_bytes,12582912
writer,writer/split_4conns_1MiB_chunks,14,33.5364,checksum_ms,0
writer,writer/split_4conns_1MiB_chunks,14,33.5364,cpu_ms,13.733000000000002
writer,writer/split_4conns_1MiB_chunks,14,33.5364,cpu_percent,40.949565956368275
writer,writer/split_4conns_1MiB_chunks,14,33.5364,distinct_ranges,4
writer,writer/split_4conns_1MiB_chunks,14,33.5364,driver_connections,4
writer,writer/split_4conns_1MiB_chunks,14,33.5364,driver_loops,72
writer,writer/split_4conns_1MiB_chunks,14,33.5364,driver_pauses,7
writer,writer/split_4conns_1MiB_chunks,14,33.5364,duplicate_bytes,0
writer,writer/split_4conns_1MiB_chunks,14,33.5364,failed,0
writer,writer/split_4conns_1MiB_chunks,14,33.5364,file_bytes,12582912
writer,writer/split_4conns_1MiB_chunks,14,33.5364,finalize,0.012249999999998096
writer,writer/split_4conns_1MiB_chunks,14,33.5364,fsync_calls,1
writer,writer/split_4conns_1MiB_chunks,14,33.5364,fsync_ms,5.65
writer,writer/split_4conns_1MiB_chunks,14,33.5364,prealloc_ms,0.091
writer,writer/split_4conns_1MiB_chunks,14,33.5364,process_peak_rss_bytes,60620800
writer,writer/split_4conns_1MiB_chunks,14,33.5364,report_span,0
writer,writer/split_4conns_1MiB_chunks,14,33.5364,requests,4
writer,writer/split_4conns_1MiB_chunks,14,33.5364,response_head_ms,2.751
writer,writer/split_4conns_1MiB_chunks,14,33.5364,response_heads,4
writer,writer/split_4conns_1MiB_chunks,14,33.5364,running_reports,1
writer,writer/split_4conns_1MiB_chunks,14,33.5364,served_bytes,12582912
writer,writer/split_4conns_1MiB_chunks,14,33.5364,to_first_report,31.700875000000003
writer,writer/split_4conns_1MiB_chunks,14,33.5364,total,31.713125
writer,writer/split_4conns_1MiB_chunks,14,33.5364,unique_bytes,12582912
writer,writer/split_4conns_1MiB_chunks,14,33.5364,verified,1
writer,writer/split_4conns_1MiB_chunks,14,33.5364,writer_blocks,12
writer,writer/split_4conns_1MiB_chunks,14,33.5364,writer_bytes,12582912
writer,writer/split_4conns_1MiB_chunks,14,33.5364,writer_seeks,11
writer,writer/split_tiny_budget_1MiB,14,178.6755,avg_block_bytes,349525.3333333333
writer,writer/split_tiny_budget_1MiB,14,178.6755,body_reads,779
writer,writer/split_tiny_budget_1MiB,14,178.6755,body_wait_ms,169.782
writer,writer/split_tiny_budget_1MiB,14,178.6755,cache_copied_bytes,12582912
writer,writer/split_tiny_budget_1MiB,14,178.6755,cache_evicted_bytes,12582912
writer,writer/split_tiny_budget_1MiB,14,178.6755,checksum_ms,0
writer,writer/split_tiny_budget_1MiB,14,178.6755,cpu_ms,21.696
writer,writer/split_tiny_budget_1MiB,14,178.6755,cpu_percent,12.142680457869723
writer,writer/split_tiny_budget_1MiB,14,178.6755,distinct_ranges,4
writer,writer/split_tiny_budget_1MiB,14,178.6755,driver_connections,4
writer,writer/split_tiny_budget_1MiB,14,178.6755,driver_loops,83
writer,writer/split_tiny_budget_1MiB,14,178.6755,driver_pauses,7
writer,writer/split_tiny_budget_1MiB,14,178.6755,duplicate_bytes,0
writer,writer/split_tiny_budget_1MiB,14,178.6755,failed,0
writer,writer/split_tiny_budget_1MiB,14,178.6755,file_bytes,12582912
writer,writer/split_tiny_budget_1MiB,14,178.6755,fsync_calls,1
writer,writer/split_tiny_budget_1MiB,14,178.6755,fsync_ms,4.112
writer,writer/split_tiny_budget_1MiB,14,178.6755,prealloc_ms,0.095
writer,writer/split_tiny_budget_1MiB,14,178.6755,process_peak_rss_bytes,60833792
writer,writer/split_tiny_budget_1MiB,14,178.6755,requests,4
writer,writer/split_tiny_budget_1MiB,14,178.6755,response_head_ms,77.172
writer,writer/split_tiny_budget_1MiB,14,178.6755,response_heads,4
writer,writer/split_tiny_budget_1MiB,14,178.6755,running_reports,0
writer,writer/split_tiny_budget_1MiB,14,178.6755,served_bytes,12582912
writer,writer/split_tiny_budget_1MiB,14,178.6755,total,175.3675
writer,writer/split_tiny_budget_1MiB,14,178.6755,unique_bytes,12582912
writer,writer/split_tiny_budget_1MiB,14,178.6755,verified,1
writer,writer/split_tiny_budget_1MiB,14,178.6755,writer_blocks,36
writer,writer/split_tiny_budget_1MiB,14,178.6755,writer_bytes,12582912
writer,writer/split_tiny_budget_1MiB,14,178.6755,writer_seeks,18
writer,writer/split_prealloc_on,14,152.1040,avg_block_bytes,1048576
writer,writer/split_prealloc_on,14,152.1040,body_reads,784
writer,writer/split_prealloc_on,14,152.1040,body_wait_ms,246.471
writer,writer/split_prealloc_on,14,152.1040,cache_copied_bytes,12582912
writer,writer/split_prealloc_on,14,152.1040,cache_evicted_bytes,12582912
writer,writer/split_prealloc_on,14,152.1040,checksum_ms,0
writer,writer/split_prealloc_on,14,152.1040,cpu_ms,26.685
writer,writer/split_prealloc_on,14,152.1040,cpu_percent,17.543912590724663
writer,writer/split_prealloc_on,14,152.1040,distinct_ranges,4
writer,writer/split_prealloc_on,14,152.1040,driver_connections,4
writer,writer/split_prealloc_on,14,152.1040,driver_loops,52
writer,writer/split_prealloc_on,14,152.1040,driver_pauses,15
writer,writer/split_prealloc_on,14,152.1040,duplicate_bytes,0
writer,writer/split_prealloc_on,14,152.1040,failed,0
writer,writer/split_prealloc_on,14,152.1040,file_bytes,12582912
writer,writer/split_prealloc_on,14,152.1040,finalize,0.002207999999995991
writer,writer/split_prealloc_on,14,152.1040,fsync_calls,1
writer,writer/split_prealloc_on,14,152.1040,fsync_ms,7.462
writer,writer/split_prealloc_on,14,152.1040,prealloc_ms,4.325
writer,writer/split_prealloc_on,14,152.1040,process_peak_rss_bytes,65339392
writer,writer/split_prealloc_on,14,152.1040,report_span,0
writer,writer/split_prealloc_on,14,152.1040,requests,4
writer,writer/split_prealloc_on,14,152.1040,response_head_ms,64.111
writer,writer/split_prealloc_on,14,152.1040,response_heads,4
writer,writer/split_prealloc_on,14,152.1040,running_reports,1
writer,writer/split_prealloc_on,14,152.1040,served_bytes,12582912
writer,writer/split_prealloc_on,14,152.1040,to_first_report,149.003209
writer,writer/split_prealloc_on,14,152.1040,total,149.005417
writer,writer/split_prealloc_on,14,152.1040,unique_bytes,12582912
writer,writer/split_prealloc_on,14,152.1040,verified,1
writer,writer/split_prealloc_on,14,152.1040,writer_blocks,12
writer,writer/split_prealloc_on,14,152.1040,writer_bytes,12582912
writer,writer/split_prealloc_on,14,152.1040,writer_seeks,10
writer,writer/single_conn_4MiB,14,60.0925,avg_block_bytes,262144
writer,writer/single_conn_4MiB,14,60.0925,body_reads,258
writer,writer/single_conn_4MiB,14,60.0925,body_wait_ms,50.171
writer,writer/single_conn_4MiB,14,60.0925,cache_copied_bytes,4194304
writer,writer/single_conn_4MiB,14,60.0925,cache_evicted_bytes,4194304
writer,writer/single_conn_4MiB,14,60.0925,checksum_ms,0
writer,writer/single_conn_4MiB,14,60.0925,cpu_ms,12.368999999999991
writer,writer/single_conn_4MiB,14,60.0925,cpu_percent,20.58328184878041
writer,writer/single_conn_4MiB,14,60.0925,distinct_ranges,1
writer,writer/single_conn_4MiB,14,60.0925,driver_connections,1
writer,writer/single_conn_4MiB,14,60.0925,driver_loops,32
writer,writer/single_conn_4MiB,14,60.0925,driver_pauses,2
writer,writer/single_conn_4MiB,14,60.0925,duplicate_bytes,0
writer,writer/single_conn_4MiB,14,60.0925,failed,0
writer,writer/single_conn_4MiB,14,60.0925,file_bytes,4194304
writer,writer/single_conn_4MiB,14,60.0925,finalize,5.640332999999991
writer,writer/single_conn_4MiB,14,60.0925,fsync_calls,2
writer,writer/single_conn_4MiB,14,60.0925,fsync_ms,5.125
writer,writer/single_conn_4MiB,14,60.0925,prealloc_ms,0.218
writer,writer/single_conn_4MiB,14,60.0925,process_peak_rss_bytes,73842688
writer,writer/single_conn_4MiB,14,60.0925,report_span,50.56466700000001
writer,writer/single_conn_4MiB,14,60.0925,requests,1
writer,writer/single_conn_4MiB,14,60.0925,response_head_ms,0.471
writer,writer/single_conn_4MiB,14,60.0925,response_heads,1
writer,writer/single_conn_4MiB,14,60.0925,running_reports,17
writer,writer/single_conn_4MiB,14,60.0925,served_bytes,4194304
writer,writer/single_conn_4MiB,14,60.0925,to_first_report,0.878125
writer,writer/single_conn_4MiB,14,60.0925,total,57.083124999999995
writer,writer/single_conn_4MiB,14,60.0925,unique_bytes,4194304
writer,writer/single_conn_4MiB,14,60.0925,verified,1
writer,writer/single_conn_4MiB,14,60.0925,writer_blocks,16
writer,writer/single_conn_4MiB,14,60.0925,writer_bytes,4194304
writer,writer/single_conn_4MiB,14,60.0925,writer_seeks,1
writer,writer/split_4conns_16KiB_chunks,15,61.9975,avg_block_bytes,1048576
writer,writer/split_4conns_16KiB_chunks,15,61.9975,body_reads,789
writer,writer/split_4conns_16KiB_chunks,15,61.9975,body_wait_ms,96.981
writer,writer/split_4conns_16KiB_chunks,15,61.9975,cache_copied_bytes,12582912
writer,writer/split_4conns_16KiB_chunks,15,61.9975,cache_evicted_bytes,12582912
writer,writer/split_4conns_16KiB_chunks,15,61.9975,checksum_ms,0
writer,writer/split_4conns_16KiB_chunks,15,61.9975,cpu_ms,15.383000000000001
writer,writer/split_4conns_16KiB_chunks,15,61.9975,cpu_percent,24.81227400918572
writer,writer/split_4conns_16KiB_chunks,15,61.9975,distinct_ranges,4
writer,writer/split_4conns_16KiB_chunks,15,61.9975,driver_connections,4
writer,writer/split_4conns_16KiB_chunks,15,61.9975,driver_loops,84
writer,writer/split_4conns_16KiB_chunks,15,61.9975,driver_pauses,7
writer,writer/split_4conns_16KiB_chunks,15,61.9975,duplicate_bytes,0
writer,writer/split_4conns_16KiB_chunks,15,61.9975,failed,0
writer,writer/split_4conns_16KiB_chunks,15,61.9975,file_bytes,12582912
writer,writer/split_4conns_16KiB_chunks,15,61.9975,fsync_calls,1
writer,writer/split_4conns_16KiB_chunks,15,61.9975,fsync_ms,7.699
writer,writer/split_4conns_16KiB_chunks,15,61.9975,prealloc_ms,0.063
writer,writer/split_4conns_16KiB_chunks,15,61.9975,process_peak_rss_bytes,51953664
writer,writer/split_4conns_16KiB_chunks,15,61.9975,requests,4
writer,writer/split_4conns_16KiB_chunks,15,61.9975,response_head_ms,1.589
writer,writer/split_4conns_16KiB_chunks,15,61.9975,response_heads,4
writer,writer/split_4conns_16KiB_chunks,15,61.9975,running_reports,0
writer,writer/split_4conns_16KiB_chunks,15,61.9975,served_bytes,12582912
writer,writer/split_4conns_16KiB_chunks,15,61.9975,total,57.889708
writer,writer/split_4conns_16KiB_chunks,15,61.9975,unique_bytes,12582912
writer,writer/split_4conns_16KiB_chunks,15,61.9975,verified,1
writer,writer/split_4conns_16KiB_chunks,15,61.9975,writer_blocks,12
writer,writer/split_4conns_16KiB_chunks,15,61.9975,writer_bytes,12582912
writer,writer/split_4conns_16KiB_chunks,15,61.9975,writer_seeks,11
writer,writer/split_4conns_1MiB_chunks,15,223.8900,avg_block_bytes,1048576
writer,writer/split_4conns_1MiB_chunks,15,223.8900,body_reads,777
writer,writer/split_4conns_1MiB_chunks,15,223.8900,body_wait_ms,212.64
writer,writer/split_4conns_1MiB_chunks,15,223.8900,cache_copied_bytes,12582912
writer,writer/split_4conns_1MiB_chunks,15,223.8900,cache_evicted_bytes,12582912
writer,writer/split_4conns_1MiB_chunks,15,223.8900,checksum_ms,0
writer,writer/split_4conns_1MiB_chunks,15,223.8900,cpu_ms,23
writer,writer/split_4conns_1MiB_chunks,15,223.8900,cpu_percent,10.272903798570546
writer,writer/split_4conns_1MiB_chunks,15,223.8900,distinct_ranges,4
writer,writer/split_4conns_1MiB_chunks,15,223.8900,driver_connections,4
writer,writer/split_4conns_1MiB_chunks,15,223.8900,driver_loops,84
writer,writer/split_4conns_1MiB_chunks,15,223.8900,driver_pauses,10
writer,writer/split_4conns_1MiB_chunks,15,223.8900,duplicate_bytes,0
writer,writer/split_4conns_1MiB_chunks,15,223.8900,failed,0
writer,writer/split_4conns_1MiB_chunks,15,223.8900,file_bytes,12582912
writer,writer/split_4conns_1MiB_chunks,15,223.8900,finalize,0.07829200000003311
writer,writer/split_4conns_1MiB_chunks,15,223.8900,fsync_calls,1
writer,writer/split_4conns_1MiB_chunks,15,223.8900,fsync_ms,4.496
writer,writer/split_4conns_1MiB_chunks,15,223.8900,prealloc_ms,0.094
writer,writer/split_4conns_1MiB_chunks,15,223.8900,process_peak_rss_bytes,55984128
writer,writer/split_4conns_1MiB_chunks,15,223.8900,report_span,14.661249999999967
writer,writer/split_4conns_1MiB_chunks,15,223.8900,requests,4
writer,writer/split_4conns_1MiB_chunks,15,223.8900,response_head_ms,76.729
writer,writer/split_4conns_1MiB_chunks,15,223.8900,response_heads,4
writer,writer/split_4conns_1MiB_chunks,15,223.8900,running_reports,2
writer,writer/split_4conns_1MiB_chunks,15,223.8900,served_bytes,12582912
writer,writer/split_4conns_1MiB_chunks,15,223.8900,to_first_report,203.507875
writer,writer/split_4conns_1MiB_chunks,15,223.8900,total,218.247417
writer,writer/split_4conns_1MiB_chunks,15,223.8900,unique_bytes,12582912
writer,writer/split_4conns_1MiB_chunks,15,223.8900,verified,1
writer,writer/split_4conns_1MiB_chunks,15,223.8900,writer_blocks,12
writer,writer/split_4conns_1MiB_chunks,15,223.8900,writer_bytes,12582912
writer,writer/split_4conns_1MiB_chunks,15,223.8900,writer_seeks,5
writer,writer/split_tiny_budget_1MiB,15,275.4576,avg_block_bytes,299593.14285714284
writer,writer/split_tiny_budget_1MiB,15,275.4576,body_reads,774
writer,writer/split_tiny_budget_1MiB,15,275.4576,body_wait_ms,331.861
writer,writer/split_tiny_budget_1MiB,15,275.4576,cache_copied_bytes,12582912
writer,writer/split_tiny_budget_1MiB,15,275.4576,cache_evicted_bytes,12582912
writer,writer/split_tiny_budget_1MiB,15,275.4576,checksum_ms,0
writer,writer/split_tiny_budget_1MiB,15,275.4576,cpu_ms,35.735
writer,writer/split_tiny_budget_1MiB,15,275.4576,cpu_percent,12.972957274281297
writer,writer/split_tiny_budget_1MiB,15,275.4576,distinct_ranges,4
writer,writer/split_tiny_budget_1MiB,15,275.4576,driver_connections,4
writer,writer/split_tiny_budget_1MiB,15,275.4576,driver_loops,77
writer,writer/split_tiny_budget_1MiB,15,275.4576,driver_pauses,14
writer,writer/split_tiny_budget_1MiB,15,275.4576,duplicate_bytes,0
writer,writer/split_tiny_budget_1MiB,15,275.4576,failed,0
writer,writer/split_tiny_budget_1MiB,15,275.4576,file_bytes,12582912
writer,writer/split_tiny_budget_1MiB,15,275.4576,finalize,0.014791999999999916
writer,writer/split_tiny_budget_1MiB,15,275.4576,fsync_calls,1
writer,writer/split_tiny_budget_1MiB,15,275.4576,fsync_ms,4.406
writer,writer/split_tiny_budget_1MiB,15,275.4576,prealloc_ms,0.153
writer,writer/split_tiny_budget_1MiB,15,275.4576,process_peak_rss_bytes,56868864
writer,writer/split_tiny_budget_1MiB,15,275.4576,report_span,66.68537499999996
writer,writer/split_tiny_budget_1MiB,15,275.4576,requests,4
writer,writer/split_tiny_budget_1MiB,15,275.4576,response_head_ms,77.459
writer,writer/split_tiny_budget_1MiB,15,275.4576,response_heads,4
writer,writer/split_tiny_budget_1MiB,15,275.4576,running_reports,2
writer,writer/split_tiny_budget_1MiB,15,275.4576,served_bytes,12582912
writer,writer/split_tiny_budget_1MiB,15,275.4576,to_first_report,204.030708
writer,writer/split_tiny_budget_1MiB,15,275.4576,total,270.73087499999997
writer,writer/split_tiny_budget_1MiB,15,275.4576,unique_bytes,12582912
writer,writer/split_tiny_budget_1MiB,15,275.4576,verified,1
writer,writer/split_tiny_budget_1MiB,15,275.4576,writer_blocks,42
writer,writer/split_tiny_budget_1MiB,15,275.4576,writer_bytes,12582912
writer,writer/split_tiny_budget_1MiB,15,275.4576,writer_seeks,26
writer,writer/split_prealloc_on,15,379.0433,avg_block_bytes,1048576
writer,writer/split_prealloc_on,15,379.0433,body_reads,774
writer,writer/split_prealloc_on,15,379.0433,body_wait_ms,409.326
writer,writer/split_prealloc_on,15,379.0433,cache_copied_bytes,12582912
writer,writer/split_prealloc_on,15,379.0433,cache_evicted_bytes,12582912
writer,writer/split_prealloc_on,15,379.0433,checksum_ms,0
writer,writer/split_prealloc_on,15,379.0433,cpu_ms,33.73799999999999
writer,writer/split_prealloc_on,15,379.0433,cpu_percent,8.900831237596236
writer,writer/split_prealloc_on,15,379.0433,distinct_ranges,4
writer,writer/split_prealloc_on,15,379.0433,driver_connections,4
writer,writer/split_prealloc_on,15,379.0433,driver_loops,71
writer,writer/split_prealloc_on,15,379.0433,driver_pauses,17
writer,writer/split_prealloc_on,15,379.0433,duplicate_bytes,0
writer,writer/split_prealloc_on,15,379.0433,failed,0
writer,writer/split_prealloc_on,15,379.0433,file_bytes,12582912
writer,writer/split_prealloc_on,15,379.0433,finalize,0.012291999999945347
writer,writer/split_prealloc_on,15,379.0433,fsync_calls,1
writer,writer/split_prealloc_on,15,379.0433,fsync_ms,5.652
writer,writer/split_prealloc_on,15,379.0433,prealloc_ms,3.872
writer,writer/split_prealloc_on,15,379.0433,process_peak_rss_bytes,63291392
writer,writer/split_prealloc_on,15,379.0433,report_span,166.67570800000001
writer,writer/split_prealloc_on,15,379.0433,requests,4
writer,writer/split_prealloc_on,15,379.0433,response_head_ms,72.948
writer,writer/split_prealloc_on,15,379.0433,response_heads,4
writer,writer/split_prealloc_on,15,379.0433,running_reports,2
writer,writer/split_prealloc_on,15,379.0433,served_bytes,12582912
writer,writer/split_prealloc_on,15,379.0433,to_first_report,207.751875
writer,writer/split_prealloc_on,15,379.0433,total,374.439875
writer,writer/split_prealloc_on,15,379.0433,unique_bytes,12582912
writer,writer/split_prealloc_on,15,379.0433,verified,1
writer,writer/split_prealloc_on,15,379.0433,writer_blocks,12
writer,writer/split_prealloc_on,15,379.0433,writer_bytes,12582912
writer,writer/split_prealloc_on,15,379.0433,writer_seeks,4
writer,writer/single_conn_4MiB,15,174.3965,avg_block_bytes,262144
writer,writer/single_conn_4MiB,15,174.3965,body_reads,257
writer,writer/single_conn_4MiB,15,174.3965,body_wait_ms,163.503
writer,writer/single_conn_4MiB,15,174.3965,cache_copied_bytes,4194304
writer,writer/single_conn_4MiB,15,174.3965,cache_evicted_bytes,4194304
writer,writer/single_conn_4MiB,15,174.3965,checksum_ms,0
writer,writer/single_conn_4MiB,15,174.3965,cpu_ms,14.363999999999988
writer,writer/single_conn_4MiB,15,174.3965,cpu_percent,8.236403826911657
writer,writer/single_conn_4MiB,15,174.3965,distinct_ranges,1
writer,writer/single_conn_4MiB,15,174.3965,driver_connections,1
writer,writer/single_conn_4MiB,15,174.3965,driver_loops,35
writer,writer/single_conn_4MiB,15,174.3965,driver_pauses,7
writer,writer/single_conn_4MiB,15,174.3965,duplicate_bytes,0
writer,writer/single_conn_4MiB,15,174.3965,failed,0
writer,writer/single_conn_4MiB,15,174.3965,file_bytes,4194304
writer,writer/single_conn_4MiB,15,174.3965,finalize,5.123500000000007
writer,writer/single_conn_4MiB,15,174.3965,fsync_calls,2
writer,writer/single_conn_4MiB,15,174.3965,fsync_ms,4.975
writer,writer/single_conn_4MiB,15,174.3965,prealloc_ms,0.147
writer,writer/single_conn_4MiB,15,174.3965,process_peak_rss_bytes,71778304
writer,writer/single_conn_4MiB,15,174.3965,report_span,164.1985
writer,writer/single_conn_4MiB,15,174.3965,requests,1
writer,writer/single_conn_4MiB,15,174.3965,response_head_ms,0.397
writer,writer/single_conn_4MiB,15,174.3965,response_heads,1
writer,writer/single_conn_4MiB,15,174.3965,running_reports,16
writer,writer/single_conn_4MiB,15,174.3965,served_bytes,4194304
writer,writer/single_conn_4MiB,15,174.3965,to_first_report,2.176542
writer,writer/single_conn_4MiB,15,174.3965,total,171.49854200000001
writer,writer/single_conn_4MiB,15,174.3965,unique_bytes,4194304
writer,writer/single_conn_4MiB,15,174.3965,verified,1
writer,writer/single_conn_4MiB,15,174.3965,writer_blocks,16
writer,writer/single_conn_4MiB,15,174.3965,writer_bytes,4194304
writer,writer/single_conn_4MiB,15,174.3965,writer_seeks,1
writer,writer/split_4conns_16KiB_chunks,16,105.0678,avg_block_bytes,1048576
writer,writer/split_4conns_16KiB_chunks,16,105.0678,body_reads,784
writer,writer/split_4conns_16KiB_chunks,16,105.0678,body_wait_ms,216.311
writer,writer/split_4conns_16KiB_chunks,16,105.0678,cache_copied_bytes,12582912
writer,writer/split_4conns_16KiB_chunks,16,105.0678,cache_evicted_bytes,12582912
writer,writer/split_4conns_16KiB_chunks,16,105.0678,checksum_ms,0
writer,writer/split_4conns_16KiB_chunks,16,105.0678,cpu_ms,17.668999999999997
writer,writer/split_4conns_16KiB_chunks,16,105.0678,cpu_percent,16.816754783390696
writer,writer/split_4conns_16KiB_chunks,16,105.0678,distinct_ranges,4
writer,writer/split_4conns_16KiB_chunks,16,105.0678,driver_connections,4
writer,writer/split_4conns_16KiB_chunks,16,105.0678,driver_loops,71
writer,writer/split_4conns_16KiB_chunks,16,105.0678,driver_pauses,10
writer,writer/split_4conns_16KiB_chunks,16,105.0678,duplicate_bytes,0
writer,writer/split_4conns_16KiB_chunks,16,105.0678,failed,0
writer,writer/split_4conns_16KiB_chunks,16,105.0678,file_bytes,12582912
writer,writer/split_4conns_16KiB_chunks,16,105.0678,finalize,0.0014590000000112013
writer,writer/split_4conns_16KiB_chunks,16,105.0678,fsync_calls,1
writer,writer/split_4conns_16KiB_chunks,16,105.0678,fsync_ms,5.189
writer,writer/split_4conns_16KiB_chunks,16,105.0678,prealloc_ms,0.155
writer,writer/split_4conns_16KiB_chunks,16,105.0678,process_peak_rss_bytes,52838400
writer,writer/split_4conns_16KiB_chunks,16,105.0678,report_span,0
writer,writer/split_4conns_16KiB_chunks,16,105.0678,requests,4
writer,writer/split_4conns_16KiB_chunks,16,105.0678,response_head_ms,73.171
writer,writer/split_4conns_16KiB_chunks,16,105.0678,response_heads,4
writer,writer/split_4conns_16KiB_chunks,16,105.0678,running_reports,1
writer,writer/split_4conns_16KiB_chunks,16,105.0678,served_bytes,12582912
writer,writer/split_4conns_16KiB_chunks,16,105.0678,to_first_report,102.81641599999999
writer,writer/split_4conns_16KiB_chunks,16,105.0678,total,102.817875
writer,writer/split_4conns_16KiB_chunks,16,105.0678,unique_bytes,12582912
writer,writer/split_4conns_16KiB_chunks,16,105.0678,verified,1
writer,writer/split_4conns_16KiB_chunks,16,105.0678,writer_blocks,12
writer,writer/split_4conns_16KiB_chunks,16,105.0678,writer_bytes,12582912
writer,writer/split_4conns_16KiB_chunks,16,105.0678,writer_seeks,12
writer,writer/split_4conns_1MiB_chunks,16,33.8982,avg_block_bytes,1048576
writer,writer/split_4conns_1MiB_chunks,16,33.8982,body_reads,779
writer,writer/split_4conns_1MiB_chunks,16,33.8982,body_wait_ms,50.777
writer,writer/split_4conns_1MiB_chunks,16,33.8982,cache_copied_bytes,12582912
writer,writer/split_4conns_1MiB_chunks,16,33.8982,cache_evicted_bytes,12582912
writer,writer/split_4conns_1MiB_chunks,16,33.8982,checksum_ms,0
writer,writer/split_4conns_1MiB_chunks,16,33.8982,cpu_ms,13.551000000000004
writer,writer/split_4conns_1MiB_chunks,16,33.8982,cpu_percent,39.97561284065892
writer,writer/split_4conns_1MiB_chunks,16,33.8982,distinct_ranges,4
writer,writer/split_4conns_1MiB_chunks,16,33.8982,driver_connections,4
writer,writer/split_4conns_1MiB_chunks,16,33.8982,driver_loops,68
writer,writer/split_4conns_1MiB_chunks,16,33.8982,driver_pauses,6
writer,writer/split_4conns_1MiB_chunks,16,33.8982,duplicate_bytes,0
writer,writer/split_4conns_1MiB_chunks,16,33.8982,failed,0
writer,writer/split_4conns_1MiB_chunks,16,33.8982,file_bytes,12582912
writer,writer/split_4conns_1MiB_chunks,16,33.8982,fsync_calls,1
writer,writer/split_4conns_1MiB_chunks,16,33.8982,fsync_ms,5.14
writer,writer/split_4conns_1MiB_chunks,16,33.8982,prealloc_ms,0.069
writer,writer/split_4conns_1MiB_chunks,16,33.8982,process_peak_rss_bytes,58064896
writer,writer/split_4conns_1MiB_chunks,16,33.8982,requests,4
writer,writer/split_4conns_1MiB_chunks,16,33.8982,response_head_ms,1.317
writer,writer/split_4conns_1MiB_chunks,16,33.8982,response_heads,4
writer,writer/split_4conns_1MiB_chunks,16,33.8982,running_reports,0
writer,writer/split_4conns_1MiB_chunks,16,33.8982,served_bytes,12582912
writer,writer/split_4conns_1MiB_chunks,16,33.8982,total,32.132542
writer,writer/split_4conns_1MiB_chunks,16,33.8982,unique_bytes,12582912
writer,writer/split_4conns_1MiB_chunks,16,33.8982,verified,1
writer,writer/split_4conns_1MiB_chunks,16,33.8982,writer_blocks,12
writer,writer/split_4conns_1MiB_chunks,16,33.8982,writer_bytes,12582912
writer,writer/split_4conns_1MiB_chunks,16,33.8982,writer_seeks,9
writer,writer/split_tiny_budget_1MiB,16,108.2622,avg_block_bytes,202950.1935483871
writer,writer/split_tiny_budget_1MiB,16,108.2622,body_reads,783
writer,writer/split_tiny_budget_1MiB,16,108.2622,body_wait_ms,273.056
writer,writer/split_tiny_budget_1MiB,16,108.2622,cache_copied_bytes,12582912
writer,writer/split_tiny_budget_1MiB,16,108.2622,cache_evicted_bytes,12582912
writer,writer/split_tiny_budget_1MiB,16,108.2622,checksum_ms,0
writer,writer/split_tiny_budget_1MiB,16,108.2622,cpu_ms,15.206000000000005
writer,writer/split_tiny_budget_1MiB,16,108.2622,cpu_percent,14.04553461455778
writer,writer/split_tiny_budget_1MiB,16,108.2622,distinct_ranges,4
writer,writer/split_tiny_budget_1MiB,16,108.2622,driver_connections,4
writer,writer/split_tiny_budget_1MiB,16,108.2622,driver_loops,71
writer,writer/split_tiny_budget_1MiB,16,108.2622,driver_pauses,15
writer,writer/split_tiny_budget_1MiB,16,108.2622,duplicate_bytes,0
writer,writer/split_tiny_budget_1MiB,16,108.2622,failed,0
writer,writer/split_tiny_budget_1MiB,16,108.2622,file_bytes,12582912
writer,writer/split_tiny_budget_1MiB,16,108.2622,finalize,0.0051250000000067075
writer,writer/split_tiny_budget_1MiB,16,108.2622,fsync_calls,1
writer,writer/split_tiny_budget_1MiB,16,108.2622,fsync_ms,4.759
writer,writer/split_tiny_budget_1MiB,16,108.2622,prealloc_ms,0.067
writer,writer/split_tiny_budget_1MiB,16,108.2622,process_peak_rss_bytes,58572800
writer,writer/split_tiny_budget_1MiB,16,108.2622,report_span,0
writer,writer/split_tiny_budget_1MiB,16,108.2622,requests,4
writer,writer/split_tiny_budget_1MiB,16,108.2622,response_head_ms,1.786
writer,writer/split_tiny_budget_1MiB,16,108.2622,response_heads,4
writer,writer/split_tiny_budget_1MiB,16,108.2622,running_reports,1
writer,writer/split_tiny_budget_1MiB,16,108.2622,served_bytes,12582912
writer,writer/split_tiny_budget_1MiB,16,108.2622,to_first_report,106.53425
writer,writer/split_tiny_budget_1MiB,16,108.2622,total,106.539375
writer,writer/split_tiny_budget_1MiB,16,108.2622,unique_bytes,12582912
writer,writer/split_tiny_budget_1MiB,16,108.2622,verified,1
writer,writer/split_tiny_budget_1MiB,16,108.2622,writer_blocks,62
writer,writer/split_tiny_budget_1MiB,16,108.2622,writer_bytes,12582912
writer,writer/split_tiny_budget_1MiB,16,108.2622,writer_seeks,56
writer,writer/split_prealloc_on,16,83.6247,avg_block_bytes,1048576
writer,writer/split_prealloc_on,16,83.6247,body_reads,782
writer,writer/split_prealloc_on,16,83.6247,body_wait_ms,74.048
writer,writer/split_prealloc_on,16,83.6247,cache_copied_bytes,12582912
writer,writer/split_prealloc_on,16,83.6247,cache_evicted_bytes,12582912
writer,writer/split_prealloc_on,16,83.6247,checksum_ms,0
writer,writer/split_prealloc_on,16,83.6247,cpu_ms,12.771999999999998
writer,writer/split_prealloc_on,16,83.6247,cpu_percent,15.27299802350281
writer,writer/split_prealloc_on,16,83.6247,distinct_ranges,4
writer,writer/split_prealloc_on,16,83.6247,driver_connections,4
writer,writer/split_prealloc_on,16,83.6247,driver_loops,68
writer,writer/split_prealloc_on,16,83.6247,driver_pauses,5
writer,writer/split_prealloc_on,16,83.6247,duplicate_bytes,0
writer,writer/split_prealloc_on,16,83.6247,failed,0
writer,writer/split_prealloc_on,16,83.6247,file_bytes,12582912
writer,writer/split_prealloc_on,16,83.6247,finalize,0.0019170000000059417
writer,writer/split_prealloc_on,16,83.6247,fsync_calls,1
writer,writer/split_prealloc_on,16,83.6247,fsync_ms,5.746
writer,writer/split_prealloc_on,16,83.6247,prealloc_ms,3.461
writer,writer/split_prealloc_on,16,83.6247,process_peak_rss_bytes,58818560
writer,writer/split_prealloc_on,16,83.6247,report_span,0
writer,writer/split_prealloc_on,16,83.6247,requests,4
writer,writer/split_prealloc_on,16,83.6247,response_head_ms,67.389
writer,writer/split_prealloc_on,16,83.6247,response_heads,4
writer,writer/split_prealloc_on,16,83.6247,running_reports,1
writer,writer/split_prealloc_on,16,83.6247,served_bytes,12582912
writer,writer/split_prealloc_on,16,83.6247,to_first_report,81.95962499999999
writer,writer/split_prealloc_on,16,83.6247,total,81.961542
writer,writer/split_prealloc_on,16,83.6247,unique_bytes,12582912
writer,writer/split_prealloc_on,16,83.6247,verified,1
writer,writer/split_prealloc_on,16,83.6247,writer_blocks,12
writer,writer/split_prealloc_on,16,83.6247,writer_bytes,12582912
writer,writer/split_prealloc_on,16,83.6247,writer_seeks,11
writer,writer/single_conn_4MiB,16,32.1464,avg_block_bytes,262144
writer,writer/single_conn_4MiB,16,32.1464,body_reads,260
writer,writer/single_conn_4MiB,16,32.1464,body_wait_ms,24.537
writer,writer/single_conn_4MiB,16,32.1464,cache_copied_bytes,4194304
writer,writer/single_conn_4MiB,16,32.1464,cache_evicted_bytes,4194304
writer,writer/single_conn_4MiB,16,32.1464,checksum_ms,0
writer,writer/single_conn_4MiB,16,32.1464,cpu_ms,6.069999999999992
writer,writer/single_conn_4MiB,16,32.1464,cpu_percent,18.88235320284681
writer,writer/single_conn_4MiB,16,32.1464,distinct_ranges,1
writer,writer/single_conn_4MiB,16,32.1464,driver_connections,1
writer,writer/single_conn_4MiB,16,32.1464,driver_loops,36
writer,writer/single_conn_4MiB,16,32.1464,driver_pauses,1
writer,writer/single_conn_4MiB,16,32.1464,duplicate_bytes,0
writer,writer/single_conn_4MiB,16,32.1464,failed,0
writer,writer/single_conn_4MiB,16,32.1464,file_bytes,4194304
writer,writer/single_conn_4MiB,16,32.1464,finalize,3.934083000000001
writer,writer/single_conn_4MiB,16,32.1464,fsync_calls,2
writer,writer/single_conn_4MiB,16,32.1464,fsync_ms,3.649
writer,writer/single_conn_4MiB,16,32.1464,prealloc_ms,0.101
writer,writer/single_conn_4MiB,16,32.1464,process_peak_rss_bytes,67305472
writer,writer/single_conn_4MiB,16,32.1464,report_span,0.9205419999999975
writer,writer/single_conn_4MiB,16,32.1464,requests,1
writer,writer/single_conn_4MiB,16,32.1464,response_head_ms,0.427
writer,writer/single_conn_4MiB,16,32.1464,response_heads,1
writer,writer/single_conn_4MiB,16,32.1464,running_reports,16
writer,writer/single_conn_4MiB,16,32.1464,served_bytes,4194304
writer,writer/single_conn_4MiB,16,32.1464,to_first_report,25.708708
writer,writer/single_conn_4MiB,16,32.1464,total,30.563333
writer,writer/single_conn_4MiB,16,32.1464,unique_bytes,4194304
writer,writer/single_conn_4MiB,16,32.1464,verified,1
writer,writer/single_conn_4MiB,16,32.1464,writer_blocks,16
writer,writer/single_conn_4MiB,16,32.1464,writer_bytes,4194304
writer,writer/single_conn_4MiB,16,32.1464,writer_seeks,1
writer,writer/split_4conns_16KiB_chunks,17,128.2192,avg_block_bytes,1048576
writer,writer/split_4conns_16KiB_chunks,17,128.2192,body_reads,782
writer,writer/split_4conns_16KiB_chunks,17,128.2192,body_wait_ms,144.762
writer,writer/split_4conns_16KiB_chunks,17,128.2192,cache_copied_bytes,12582912
writer,writer/split_4conns_16KiB_chunks,17,128.2192,cache_evicted_bytes,12582912
writer,writer/split_4conns_16KiB_chunks,17,128.2192,checksum_ms,0
writer,writer/split_4conns_16KiB_chunks,17,128.2192,cpu_ms,18.879
writer,writer/split_4conns_16KiB_chunks,17,128.2192,cpu_percent,14.724007682876305
writer,writer/split_4conns_16KiB_chunks,17,128.2192,distinct_ranges,4
writer,writer/split_4conns_16KiB_chunks,17,128.2192,driver_connections,4
writer,writer/split_4conns_16KiB_chunks,17,128.2192,driver_loops,82
writer,writer/split_4conns_16KiB_chunks,17,128.2192,driver_pauses,9
writer,writer/split_4conns_16KiB_chunks,17,128.2192,duplicate_bytes,0
writer,writer/split_4conns_16KiB_chunks,17,128.2192,failed,0
writer,writer/split_4conns_16KiB_chunks,17,128.2192,file_bytes,12582912
writer,writer/split_4conns_16KiB_chunks,17,128.2192,finalize,0.0040830000000084965
writer,writer/split_4conns_16KiB_chunks,17,128.2192,fsync_calls,1
writer,writer/split_4conns_16KiB_chunks,17,128.2192,fsync_ms,5.669
writer,writer/split_4conns_16KiB_chunks,17,128.2192,prealloc_ms,0.17
writer,writer/split_4conns_16KiB_chunks,17,128.2192,process_peak_rss_bytes,50397184
writer,writer/split_4conns_16KiB_chunks,17,128.2192,report_span,0
writer,writer/split_4conns_16KiB_chunks,17,128.2192,requests,4
writer,writer/split_4conns_16KiB_chunks,17,128.2192,response_head_ms,66.151
writer,writer/split_4conns_16KiB_chunks,17,128.2192,response_heads,4
writer,writer/split_4conns_16KiB_chunks,17,128.2192,running_reports,1
writer,writer/split_4conns_16KiB_chunks,17,128.2192,served_bytes,12582912
writer,writer/split_4conns_16KiB_chunks,17,128.2192,to_first_report,125.726125
writer,writer/split_4conns_16KiB_chunks,17,128.2192,total,125.730208
writer,writer/split_4conns_16KiB_chunks,17,128.2192,unique_bytes,12582912
writer,writer/split_4conns_16KiB_chunks,17,128.2192,verified,1
writer,writer/split_4conns_16KiB_chunks,17,128.2192,writer_blocks,12
writer,writer/split_4conns_16KiB_chunks,17,128.2192,writer_bytes,12582912
writer,writer/split_4conns_16KiB_chunks,17,128.2192,writer_seeks,9
writer,writer/split_4conns_1MiB_chunks,17,223.3145,avg_block_bytes,1048576
writer,writer/split_4conns_1MiB_chunks,17,223.3145,body_reads,776
writer,writer/split_4conns_1MiB_chunks,17,223.3145,body_wait_ms,217.025
writer,writer/split_4conns_1MiB_chunks,17,223.3145,cache_copied_bytes,12582912
writer,writer/split_4conns_1MiB_chunks,17,223.3145,cache_evicted_bytes,12582912
writer,writer/split_4conns_1MiB_chunks,17,223.3145,checksum_ms,0
writer,writer/split_4conns_1MiB_chunks,17,223.3145,cpu_ms,13.744
writer,writer/split_4conns_1MiB_chunks,17,223.3145,cpu_percent,6.154550011267072
writer,writer/split_4conns_1MiB_chunks,17,223.3145,distinct_ranges,4
writer,writer/split_4conns_1MiB_chunks,17,223.3145,driver_connections,4
writer,writer/split_4conns_1MiB_chunks,17,223.3145,driver_loops,78
writer,writer/split_4conns_1MiB_chunks,17,223.3145,driver_pauses,9
writer,writer/split_4conns_1MiB_chunks,17,223.3145,duplicate_bytes,0
writer,writer/split_4conns_1MiB_chunks,17,223.3145,failed,0
writer,writer/split_4conns_1MiB_chunks,17,223.3145,file_bytes,12582912
writer,writer/split_4conns_1MiB_chunks,17,223.3145,finalize,17.97145900000004
writer,writer/split_4conns_1MiB_chunks,17,223.3145,fsync_calls,1
writer,writer/split_4conns_1MiB_chunks,17,223.3145,fsync_ms,4.533
writer,writer/split_4conns_1MiB_chunks,17,223.3145,prealloc_ms,0.119
writer,writer/split_4conns_1MiB_chunks,17,223.3145,process_peak_rss_bytes,55640064
writer,writer/split_4conns_1MiB_chunks,17,223.3145,report_span,0
writer,writer/split_4conns_1MiB_chunks,17,223.3145,requests,4
writer,writer/split_4conns_1MiB_chunks,17,223.3145,response_head_ms,69.364
writer,writer/split_4conns_1MiB_chunks,17,223.3145,response_heads,4
writer,writer/split_4conns_1MiB_chunks,17,223.3145,running_reports,1
writer,writer/split_4conns_1MiB_chunks,17,223.3145,served_bytes,12582912
writer,writer/split_4conns_1MiB_chunks,17,223.3145,to_first_report,203.66858299999998
writer,writer/split_4conns_1MiB_chunks,17,223.3145,total,221.64004200000002
writer,writer/split_4conns_1MiB_chunks,17,223.3145,unique_bytes,12582912
writer,writer/split_4conns_1MiB_chunks,17,223.3145,verified,1
writer,writer/split_4conns_1MiB_chunks,17,223.3145,writer_blocks,12
writer,writer/split_4conns_1MiB_chunks,17,223.3145,writer_bytes,12582912
writer,writer/split_4conns_1MiB_chunks,17,223.3145,writer_seeks,1
writer,writer/split_tiny_budget_1MiB,17,131.8945,avg_block_bytes,246723.76470588235
writer,writer/split_tiny_budget_1MiB,17,131.8945,body_reads,777
writer,writer/split_tiny_budget_1MiB,17,131.8945,body_wait_ms,218.628
writer,writer/split_tiny_budget_1MiB,17,131.8945,cache_copied_bytes,12582912
writer,writer/split_tiny_budget_1MiB,17,131.8945,cache_evicted_bytes,12582912
writer,writer/split_tiny_budget_1MiB,17,131.8945,checksum_ms,0
writer,writer/split_tiny_budget_1MiB,17,131.8945,cpu_ms,14.189999999999994
writer,writer/split_tiny_budget_1MiB,17,131.8945,cpu_percent,10.758595302601675
writer,writer/split_tiny_budget_1MiB,17,131.8945,distinct_ranges,4
writer,writer/split_tiny_budget_1MiB,17,131.8945,driver_connections,4
writer,writer/split_tiny_budget_1MiB,17,131.8945,driver_loops,70
writer,writer/split_tiny_budget_1MiB,17,131.8945,driver_pauses,11
writer,writer/split_tiny_budget_1MiB,17,131.8945,duplicate_bytes,0
writer,writer/split_tiny_budget_1MiB,17,131.8945,failed,0
writer,writer/split_tiny_budget_1MiB,17,131.8945,file_bytes,12582912
writer,writer/split_tiny_budget_1MiB,17,131.8945,finalize,0.0017920000000231084
writer,writer/split_tiny_budget_1MiB,17,131.8945,fsync_calls,1
writer,writer/split_tiny_budget_1MiB,17,131.8945,fsync_ms,6.908
writer,writer/split_tiny_budget_1MiB,17,131.8945,prealloc_ms,0.064
writer,writer/split_tiny_budget_1MiB,17,131.8945,process_peak_rss_bytes,56082432
writer,writer/split_tiny_budget_1MiB,17,131.8945,report_span,0
writer,writer/split_tiny_budget_1MiB,17,131.8945,requests,4
writer,writer/split_tiny_budget_1MiB,17,131.8945,response_head_ms,1.526
writer,writer/split_tiny_budget_1MiB,17,131.8945,response_heads,4
writer,writer/split_tiny_budget_1MiB,17,131.8945,running_reports,1
writer,writer/split_tiny_budget_1MiB,17,131.8945,served_bytes,12582912
writer,writer/split_tiny_budget_1MiB,17,131.8945,to_first_report,130.27095799999998
writer,writer/split_tiny_budget_1MiB,17,131.8945,total,130.27275
writer,writer/split_tiny_budget_1MiB,17,131.8945,unique_bytes,12582912
writer,writer/split_tiny_budget_1MiB,17,131.8945,verified,1
writer,writer/split_tiny_budget_1MiB,17,131.8945,writer_blocks,51
writer,writer/split_tiny_budget_1MiB,17,131.8945,writer_bytes,12582912
writer,writer/split_tiny_budget_1MiB,17,131.8945,writer_seeks,48
writer,writer/split_prealloc_on,17,75.3565,avg_block_bytes,1048576
writer,writer/split_prealloc_on,17,75.3565,body_reads,778
writer,writer/split_prealloc_on,17,75.3565,body_wait_ms,87.03
writer,writer/split_prealloc_on,17,75.3565,cache_copied_bytes,12582912
writer,writer/split_prealloc_on,17,75.3565,cache_evicted_bytes,12582912
writer,writer/split_prealloc_on,17,75.3565,checksum_ms,0
writer,writer/split_prealloc_on,17,75.3565,cpu_ms,13.492000000000004
writer,writer/split_prealloc_on,17,75.3565,cpu_percent,17.904228566878775
writer,writer/split_prealloc_on,17,75.3565,distinct_ranges,4
writer,writer/split_prealloc_on,17,75.3565,driver_connections,4
writer,writer/split_prealloc_on,17,75.3565,driver_loops,71
writer,writer/split_prealloc_on,17,75.3565,driver_pauses,7
writer,writer/split_prealloc_on,17,75.3565,duplicate_bytes,0
writer,writer/split_prealloc_on,17,75.3565,failed,0
writer,writer/split_prealloc_on,17,75.3565,file_bytes,12582912
writer,writer/split_prealloc_on,17,75.3565,fsync_calls,1
writer,writer/split_prealloc_on,17,75.3565,fsync_ms,4.699
writer,writer/split_prealloc_on,17,75.3565,prealloc_ms,3.531
writer,writer/split_prealloc_on,17,75.3565,process_peak_rss_bytes,56688640
writer,writer/split_prealloc_on,17,75.3565,requests,4
writer,writer/split_prealloc_on,17,75.3565,response_head_ms,66.315
writer,writer/split_prealloc_on,17,75.3565,response_heads,4
writer,writer/split_prealloc_on,17,75.3565,running_reports,0
writer,writer/split_prealloc_on,17,75.3565,served_bytes,12582912
writer,writer/split_prealloc_on,17,75.3565,total,73.953042
writer,writer/split_prealloc_on,17,75.3565,unique_bytes,12582912
writer,writer/split_prealloc_on,17,75.3565,verified,1
writer,writer/split_prealloc_on,17,75.3565,writer_blocks,12
writer,writer/split_prealloc_on,17,75.3565,writer_bytes,12582912
writer,writer/split_prealloc_on,17,75.3565,writer_seeks,12
writer,writer/single_conn_4MiB,17,34.8127,avg_block_bytes,262144
writer,writer/single_conn_4MiB,17,34.8127,body_reads,260
writer,writer/single_conn_4MiB,17,34.8127,body_wait_ms,24.193
writer,writer/single_conn_4MiB,17,34.8127,cache_copied_bytes,4194304
writer,writer/single_conn_4MiB,17,34.8127,cache_evicted_bytes,4194304
writer,writer/single_conn_4MiB,17,34.8127,checksum_ms,0
writer,writer/single_conn_4MiB,17,34.8127,cpu_ms,5.290000000000003
writer,writer/single_conn_4MiB,17,34.8127,cpu_percent,15.195600411206167
writer,writer/single_conn_4MiB,17,34.8127,distinct_ranges,1
writer,writer/single_conn_4MiB,17,34.8127,driver_connections,1
writer,writer/single_conn_4MiB,17,34.8127,driver_loops,36
writer,writer/single_conn_4MiB,17,34.8127,driver_pauses,1
writer,writer/single_conn_4MiB,17,34.8127,duplicate_bytes,0
writer,writer/single_conn_4MiB,17,34.8127,failed,0
writer,writer/single_conn_4MiB,17,34.8127,file_bytes,4194304
writer,writer/single_conn_4MiB,17,34.8127,finalize,7.5560000000000045
writer,writer/single_conn_4MiB,17,34.8127,fsync_calls,2
writer,writer/single_conn_4MiB,17,34.8127,fsync_ms,7.471
writer,writer/single_conn_4MiB,17,34.8127,prealloc_ms,0.078
writer,writer/single_conn_4MiB,17,34.8127,process_peak_rss_bytes,65191936
writer,writer/single_conn_4MiB,17,34.8127,report_span,24.398457999999998
writer,writer/single_conn_4MiB,17,34.8127,requests,1
writer,writer/single_conn_4MiB,17,34.8127,response_head_ms,0.278
writer,writer/single_conn_4MiB,17,34.8127,response_heads,1
writer,writer/single_conn_4MiB,17,34.8127,running_reports,16
writer,writer/single_conn_4MiB,17,34.8127,served_bytes,4194304
writer,writer/single_conn_4MiB,17,34.8127,to_first_report,1.944792
writer,writer/single_conn_4MiB,17,34.8127,total,33.89925
writer,writer/single_conn_4MiB,17,34.8127,unique_bytes,4194304
writer,writer/single_conn_4MiB,17,34.8127,verified,1
writer,writer/single_conn_4MiB,17,34.8127,writer_blocks,16
writer,writer/single_conn_4MiB,17,34.8127,writer_bytes,4194304
writer,writer/single_conn_4MiB,17,34.8127,writer_seeks,1
writer,writer/split_4conns_16KiB_chunks,18,11.9898,avg_block_bytes,1048576
writer,writer/split_4conns_16KiB_chunks,18,11.9898,body_reads,797
writer,writer/split_4conns_16KiB_chunks,18,11.9898,body_wait_ms,6.267
writer,writer/split_4conns_16KiB_chunks,18,11.9898,cache_copied_bytes,12582912
writer,writer/split_4conns_16KiB_chunks,18,11.9898,cache_evicted_bytes,12582912
writer,writer/split_4conns_16KiB_chunks,18,11.9898,checksum_ms,0
writer,writer/split_4conns_16KiB_chunks,18,11.9898,cpu_ms,16.439
writer,writer/split_4conns_16KiB_chunks,18,11.9898,cpu_percent,137.10831156272866
writer,writer/split_4conns_16KiB_chunks,18,11.9898,distinct_ranges,4
writer,writer/split_4conns_16KiB_chunks,18,11.9898,driver_connections,4
writer,writer/split_4conns_16KiB_chunks,18,11.9898,driver_loops,122
writer,writer/split_4conns_16KiB_chunks,18,11.9898,driver_pauses,3
writer,writer/split_4conns_16KiB_chunks,18,11.9898,duplicate_bytes,0
writer,writer/split_4conns_16KiB_chunks,18,11.9898,failed,0
writer,writer/split_4conns_16KiB_chunks,18,11.9898,file_bytes,12582912
writer,writer/split_4conns_16KiB_chunks,18,11.9898,finalize,0.006916999999999618
writer,writer/split_4conns_16KiB_chunks,18,11.9898,fsync_calls,1
writer,writer/split_4conns_16KiB_chunks,18,11.9898,fsync_ms,5.192
writer,writer/split_4conns_16KiB_chunks,18,11.9898,prealloc_ms,0.076
writer,writer/split_4conns_16KiB_chunks,18,11.9898,process_peak_rss_bytes,49987584
writer,writer/split_4conns_16KiB_chunks,18,11.9898,report_span,0
writer,writer/split_4conns_16KiB_chunks,18,11.9898,requests,4
writer,writer/split_4conns_16KiB_chunks,18,11.9898,response_head_ms,1.852
writer,writer/split_4conns_16KiB_chunks,18,11.9898,response_heads,4
writer,writer/split_4conns_16KiB_chunks,18,11.9898,running_reports,1
writer,writer/split_4conns_16KiB_chunks,18,11.9898,served_bytes,12582912
writer,writer/split_4conns_16KiB_chunks,18,11.9898,to_first_report,9.694208
writer,writer/split_4conns_16KiB_chunks,18,11.9898,total,9.701125
writer,writer/split_4conns_16KiB_chunks,18,11.9898,unique_bytes,12582912
writer,writer/split_4conns_16KiB_chunks,18,11.9898,verified,1
writer,writer/split_4conns_16KiB_chunks,18,11.9898,writer_blocks,12
writer,writer/split_4conns_16KiB_chunks,18,11.9898,writer_bytes,12582912
writer,writer/split_4conns_16KiB_chunks,18,11.9898,writer_seeks,11
writer,writer/split_4conns_1MiB_chunks,18,107.5764,avg_block_bytes,1048576
writer,writer/split_4conns_1MiB_chunks,18,107.5764,body_reads,777
writer,writer/split_4conns_1MiB_chunks,18,107.5764,body_wait_ms,191.81
writer,writer/split_4conns_1MiB_chunks,18,107.5764,cache_copied_bytes,12582912
writer,writer/split_4conns_1MiB_chunks,18,107.5764,cache_evicted_bytes,12582912
writer,writer/split_4conns_1MiB_chunks,18,107.5764,checksum_ms,0
writer,writer/split_4conns_1MiB_chunks,18,107.5764,cpu_ms,14.984
writer,writer/split_4conns_1MiB_chunks,18,107.5764,cpu_percent,13.928708789453076
writer,writer/split_4conns_1MiB_chunks,18,107.5764,distinct_ranges,4
writer,writer/split_4conns_1MiB_chunks,18,107.5764,driver_connections,4
writer,writer/split_4conns_1MiB_chunks,18,107.5764,driver_loops,59
writer,writer/split_4conns_1MiB_chunks,18,107.5764,driver_pauses,8
writer,writer/split_4conns_1MiB_chunks,18,107.5764,duplicate_bytes,0
writer,writer/split_4conns_1MiB_chunks,18,107.5764,failed,0
writer,writer/split_4conns_1MiB_chunks,18,107.5764,file_bytes,12582912
writer,writer/split_4conns_1MiB_chunks,18,107.5764,finalize,0.0015829999999965594
writer,writer/split_4conns_1MiB_chunks,18,107.5764,fsync_calls,1
writer,writer/split_4conns_1MiB_chunks,18,107.5764,fsync_ms,6.999
writer,writer/split_4conns_1MiB_chunks,18,107.5764,prealloc_ms,0.073
writer,writer/split_4conns_1MiB_chunks,18,107.5764,process_peak_rss_bytes,59146240
writer,writer/split_4conns_1MiB_chunks,18,107.5764,report_span,0
writer,writer/split_4conns_1MiB_chunks,18,107.5764,requests,4
writer,writer/split_4conns_1MiB_chunks,18,107.5764,response_head_ms,2.929
writer,writer/split_4conns_1MiB_chunks,18,107.5764,response_heads,4
writer,writer/split_4conns_1MiB_chunks,18,107.5764,running_reports,1
writer,writer/split_4conns_1MiB_chunks,18,107.5764,served_bytes,12582912
writer,writer/split_4conns_1MiB_chunks,18,107.5764,to_first_report,105.21579200000001
writer,writer/split_4conns_1MiB_chunks,18,107.5764,total,105.217375
writer,writer/split_4conns_1MiB_chunks,18,107.5764,unique_bytes,12582912
writer,writer/split_4conns_1MiB_chunks,18,107.5764,verified,1
writer,writer/split_4conns_1MiB_chunks,18,107.5764,writer_blocks,12
writer,writer/split_4conns_1MiB_chunks,18,107.5764,writer_bytes,12582912
writer,writer/split_4conns_1MiB_chunks,18,107.5764,writer_seeks,10
writer,writer/split_tiny_budget_1MiB,18,112.6524,avg_block_bytes,237413.43396226416
writer,writer/split_tiny_budget_1MiB,18,112.6524,body_reads,780
writer,writer/split_tiny_budget_1MiB,18,112.6524,body_wait_ms,198.665
writer,writer/split_tiny_budget_1MiB,18,112.6524,cache_copied_bytes,12582912
writer,writer/split_tiny_budget_1MiB,18,112.6524,cache_evicted_bytes,12582912
writer,writer/split_tiny_budget_1MiB,18,112.6524,checksum_ms,0
writer,writer/split_tiny_budget_1MiB,18,112.6524,cpu_ms,22.484000000000005
writer,writer/split_tiny_budget_1MiB,18,112.6524,cpu_percent,19.958744766810295
writer,writer/split_tiny_budget_1MiB,18,112.6524,distinct_ranges,4
writer,writer/split_tiny_budget_1MiB,18,112.6524,driver_connections,4
writer,writer/split_tiny_budget_1MiB,18,112.6524,driver_loops,64
writer,writer/split_tiny_budget_1MiB,18,112.6524,driver_pauses,10
writer,writer/split_tiny_budget_1MiB,18,112.6524,duplicate_bytes,0
writer,writer/split_tiny_budget_1MiB,18,112.6524,failed,0
writer,writer/split_tiny_budget_1MiB,18,112.6524,file_bytes,12582912
writer,writer/split_tiny_budget_1MiB,18,112.6524,fsync_calls,1
writer,writer/split_tiny_budget_1MiB,18,112.6524,fsync_ms,5.923
writer,writer/split_tiny_budget_1MiB,18,112.6524,prealloc_ms,0.104
writer,writer/split_tiny_budget_1MiB,18,112.6524,process_peak_rss_bytes,59490304
writer,writer/split_tiny_budget_1MiB,18,112.6524,requests,4
writer,writer/split_tiny_budget_1MiB,18,112.6524,response_head_ms,1.603
writer,writer/split_tiny_budget_1MiB,18,112.6524,response_heads,4
writer,writer/split_tiny_budget_1MiB,18,112.6524,running_reports,0
writer,writer/split_tiny_budget_1MiB,18,112.6524,served_bytes,12582912
writer,writer/split_tiny_budget_1MiB,18,112.6524,total,108.5405
writer,writer/split_tiny_budget_1MiB,18,112.6524,unique_bytes,12582912
writer,writer/split_tiny_budget_1MiB,18,112.6524,verified,1
writer,writer/split_tiny_budget_1MiB,18,112.6524,writer_blocks,53
writer,writer/split_tiny_budget_1MiB,18,112.6524,writer_bytes,12582912
writer,writer/split_tiny_budget_1MiB,18,112.6524,writer_seeks,52
writer,writer/split_prealloc_on,18,134.8368,avg_block_bytes,1048576
writer,writer/split_prealloc_on,18,134.8368,body_reads,776
writer,writer/split_prealloc_on,18,134.8368,body_wait_ms,188.81
writer,writer/split_prealloc_on,18,134.8368,cache_copied_bytes,12582912
writer,writer/split_prealloc_on,18,134.8368,cache_evicted_bytes,12582912
writer,writer/split_prealloc_on,18,134.8368,checksum_ms,0
writer,writer/split_prealloc_on,18,134.8368,cpu_ms,32.83899999999999
writer,writer/split_prealloc_on,18,134.8368,cpu_percent,24.3546212628711
writer,writer/split_prealloc_on,18,134.8368,distinct_ranges,4
writer,writer/split_prealloc_on,18,134.8368,driver_connections,4
writer,writer/split_prealloc_on,18,134.8368,driver_loops,58
writer,writer/split_prealloc_on,18,134.8368,driver_pauses,10
writer,writer/split_prealloc_on,18,134.8368,duplicate_bytes,0
writer,writer/split_prealloc_on,18,134.8368,failed,0
writer,writer/split_prealloc_on,18,134.8368,file_bytes,12582912
writer,writer/split_prealloc_on,18,134.8368,finalize,0.10170800000000213
writer,writer/split_prealloc_on,18,134.8368,fsync_calls,1
writer,writer/split_prealloc_on,18,134.8368,fsync_ms,6.655
writer,writer/split_prealloc_on,18,134.8368,prealloc_ms,3.764
writer,writer/split_prealloc_on,18,134.8368,process_peak_rss_bytes,60932096
writer,writer/split_prealloc_on,18,134.8368,report_span,0
writer,writer/split_prealloc_on,18,134.8368,requests,4
writer,writer/split_prealloc_on,18,134.8368,response_head_ms,64.411
writer,writer/split_prealloc_on,18,134.8368,response_heads,4
writer,writer/split_prealloc_on,18,134.8368,running_reports,1
writer,writer/split_prealloc_on,18,134.8368,served_bytes,12582912
writer,writer/split_prealloc_on,18,134.8368,to_first_report,130.19725
writer,writer/split_prealloc_on,18,134.8368,total,130.298958
writer,writer/split_prealloc_on,18,134.8368,unique_bytes,12582912
writer,writer/split_prealloc_on,18,134.8368,verified,1
writer,writer/split_prealloc_on,18,134.8368,writer_blocks,12
writer,writer/split_prealloc_on,18,134.8368,writer_bytes,12582912
writer,writer/split_prealloc_on,18,134.8368,writer_seeks,10
writer,writer/single_conn_4MiB,18,58.3099,avg_block_bytes,262144
writer,writer/single_conn_4MiB,18,58.3099,body_reads,260
writer,writer/single_conn_4MiB,18,58.3099,body_wait_ms,48.001
writer,writer/single_conn_4MiB,18,58.3099,cache_copied_bytes,4194304
writer,writer/single_conn_4MiB,18,58.3099,cache_evicted_bytes,4194304
writer,writer/single_conn_4MiB,18,58.3099,checksum_ms,0
writer,writer/single_conn_4MiB,18,58.3099,cpu_ms,13.166999999999998
writer,writer/single_conn_4MiB,18,58.3099,cpu_percent,22.581064942710597
writer,writer/single_conn_4MiB,18,58.3099,distinct_ranges,1
writer,writer/single_conn_4MiB,18,58.3099,driver_connections,1
writer,writer/single_conn_4MiB,18,58.3099,driver_loops,34
writer,writer/single_conn_4MiB,18,58.3099,driver_pauses,2
writer,writer/single_conn_4MiB,18,58.3099,duplicate_bytes,0
writer,writer/single_conn_4MiB,18,58.3099,failed,0
writer,writer/single_conn_4MiB,18,58.3099,file_bytes,4194304
writer,writer/single_conn_4MiB,18,58.3099,finalize,5.553625000000004
writer,writer/single_conn_4MiB,18,58.3099,fsync_calls,2
writer,writer/single_conn_4MiB,18,58.3099,fsync_ms,5.235
writer,writer/single_conn_4MiB,18,58.3099,prealloc_ms,0.151
writer,writer/single_conn_4MiB,18,58.3099,process_peak_rss_bytes,69402624
writer,writer/single_conn_4MiB,18,58.3099,report_span,24.939124999999997
writer,writer/single_conn_4MiB,18,58.3099,requests,1
writer,writer/single_conn_4MiB,18,58.3099,response_head_ms,0.563
writer,writer/single_conn_4MiB,18,58.3099,response_heads,1
writer,writer/single_conn_4MiB,18,58.3099,running_reports,16
writer,writer/single_conn_4MiB,18,58.3099,served_bytes,4194304
writer,writer/single_conn_4MiB,18,58.3099,to_first_report,24.625583
writer,writer/single_conn_4MiB,18,58.3099,total,55.118333
writer,writer/single_conn_4MiB,18,58.3099,unique_bytes,4194304
writer,writer/single_conn_4MiB,18,58.3099,verified,1
writer,writer/single_conn_4MiB,18,58.3099,writer_blocks,16
writer,writer/single_conn_4MiB,18,58.3099,writer_bytes,4194304
writer,writer/single_conn_4MiB,18,58.3099,writer_seeks,1
writer,writer/split_4conns_16KiB_chunks,19,61.6995,avg_block_bytes,1048576
writer,writer/split_4conns_16KiB_chunks,19,61.6995,body_reads,787
writer,writer/split_4conns_16KiB_chunks,19,61.6995,body_wait_ms,99.748
writer,writer/split_4conns_16KiB_chunks,19,61.6995,cache_copied_bytes,12582912
writer,writer/split_4conns_16KiB_chunks,19,61.6995,cache_evicted_bytes,12582912
writer,writer/split_4conns_16KiB_chunks,19,61.6995,checksum_ms,0
writer,writer/split_4conns_16KiB_chunks,19,61.6995,cpu_ms,17.080000000000002
writer,writer/split_4conns_16KiB_chunks,19,61.6995,cpu_percent,27.682539810142192
writer,writer/split_4conns_16KiB_chunks,19,61.6995,distinct_ranges,4
writer,writer/split_4conns_16KiB_chunks,19,61.6995,driver_connections,4
writer,writer/split_4conns_16KiB_chunks,19,61.6995,driver_loops,92
writer,writer/split_4conns_16KiB_chunks,19,61.6995,driver_pauses,7
writer,writer/split_4conns_16KiB_chunks,19,61.6995,duplicate_bytes,0
writer,writer/split_4conns_16KiB_chunks,19,61.6995,failed,0
writer,writer/split_4conns_16KiB_chunks,19,61.6995,file_bytes,12582912
writer,writer/split_4conns_16KiB_chunks,19,61.6995,fsync_calls,1
writer,writer/split_4conns_16KiB_chunks,19,61.6995,fsync_ms,6.693
writer,writer/split_4conns_16KiB_chunks,19,61.6995,prealloc_ms,0.079
writer,writer/split_4conns_16KiB_chunks,19,61.6995,process_peak_rss_bytes,52183040
writer,writer/split_4conns_16KiB_chunks,19,61.6995,requests,4
writer,writer/split_4conns_16KiB_chunks,19,61.6995,response_head_ms,1.718
writer,writer/split_4conns_16KiB_chunks,19,61.6995,response_heads,4
writer,writer/split_4conns_16KiB_chunks,19,61.6995,running_reports,0
writer,writer/split_4conns_16KiB_chunks,19,61.6995,served_bytes,12582912
writer,writer/split_4conns_16KiB_chunks,19,61.6995,total,58.483333
writer,writer/split_4conns_16KiB_chunks,19,61.6995,unique_bytes,12582912
writer,writer/split_4conns_16KiB_chunks,19,61.6995,verified,1
writer,writer/split_4conns_16KiB_chunks,19,61.6995,writer_blocks,12
writer,writer/split_4conns_16KiB_chunks,19,61.6995,writer_bytes,12582912
writer,writer/split_4conns_16KiB_chunks,19,61.6995,writer_seeks,8
writer,writer/split_4conns_1MiB_chunks,19,62.7773,avg_block_bytes,1048576
writer,writer/split_4conns_1MiB_chunks,19,62.7773,body_reads,778
writer,writer/split_4conns_1MiB_chunks,19,62.7773,body_wait_ms,78.537
writer,writer/split_4conns_1MiB_chunks,19,62.7773,cache_copied_bytes,12582912
writer,writer/split_4conns_1MiB_chunks,19,62.7773,cache_evicted_bytes,12582912
writer,writer/split_4conns_1MiB_chunks,19,62.7773,checksum_ms,0
writer,writer/split_4conns_1MiB_chunks,19,62.7773,cpu_ms,13.970999999999997
writer,writer/split_4conns_1MiB_chunks,19,62.7773,cpu_percent,22.254847940099648
writer,writer/split_4conns_1MiB_chunks,19,62.7773,distinct_ranges,4
writer,writer/split_4conns_1MiB_chunks,19,62.7773,driver_connections,4
writer,writer/split_4conns_1MiB_chunks,19,62.7773,driver_loops,67
writer,writer/split_4conns_1MiB_chunks,19,62.7773,driver_pauses,7
writer,writer/split_4conns_1MiB_chunks,19,62.7773,duplicate_bytes,0
writer,writer/split_4conns_1MiB_chunks,19,62.7773,failed,0
writer,writer/split_4conns_1MiB_chunks,19,62.7773,file_bytes,12582912
writer,writer/split_4conns_1MiB_chunks,19,62.7773,finalize,0.0056250000000019895
writer,writer/split_4conns_1MiB_chunks,19,62.7773,fsync_calls,1
writer,writer/split_4conns_1MiB_chunks,19,62.7773,fsync_ms,8.027
writer,writer/split_4conns_1MiB_chunks,19,62.7773,prealloc_ms,0.083
writer,writer/split_4conns_1MiB_chunks,19,62.7773,process_peak_rss_bytes,56639488
writer,writer/split_4conns_1MiB_chunks,19,62.7773,report_span,0
writer,writer/split_4conns_1MiB_chunks,19,62.7773,requests,4
writer,writer/split_4conns_1MiB_chunks,19,62.7773,response_head_ms,1.503
writer,writer/split_4conns_1MiB_chunks,19,62.7773,response_heads,4
writer,writer/split_4conns_1MiB_chunks,19,62.7773,running_reports,1
writer,writer/split_4conns_1MiB_chunks,19,62.7773,served_bytes,12582912
writer,writer/split_4conns_1MiB_chunks,19,62.7773,to_first_report,60.741709
writer,writer/split_4conns_1MiB_chunks,19,62.7773,total,60.747334
writer,writer/split_4conns_1MiB_chunks,19,62.7773,unique_bytes,12582912
writer,writer/split_4conns_1MiB_chunks,19,62.7773,verified,1
writer,writer/split_4conns_1MiB_chunks,19,62.7773,writer_blocks,12
writer,writer/split_4conns_1MiB_chunks,19,62.7773,writer_bytes,12582912
writer,writer/split_4conns_1MiB_chunks,19,62.7773,writer_seeks,10
writer,writer/split_tiny_budget_1MiB,19,201.9659,avg_block_bytes,256794.1224489796
writer,writer/split_tiny_budget_1MiB,19,201.9659,body_reads,777
writer,writer/split_tiny_budget_1MiB,19,201.9659,body_wait_ms,307.436
writer,writer/split_tiny_budget_1MiB,19,201.9659,cache_copied_bytes,12582912
writer,writer/split_tiny_budget_1MiB,19,201.9659,cache_evicted_bytes,12582912
writer,writer/split_tiny_budget_1MiB,19,201.9659,checksum_ms,0
writer,writer/split_tiny_budget_1MiB,19,201.9659,cpu_ms,19.658999999999995
writer,writer/split_tiny_budget_1MiB,19,201.9659,cpu_percent,9.733822607408305
writer,writer/split_tiny_budget_1MiB,19,201.9659,distinct_ranges,4
writer,writer/split_tiny_budget_1MiB,19,201.9659,driver_connections,4
writer,writer/split_tiny_budget_1MiB,19,201.9659,driver_loops,67
writer,writer/split_tiny_budget_1MiB,19,201.9659,driver_pauses,16
writer,writer/split_tiny_budget_1MiB,19,201.9659,duplicate_bytes,0
writer,writer/split_tiny_budget_1MiB,19,201.9659,failed,0
writer,writer/split_tiny_budget_1MiB,19,201.9659,file_bytes,12582912
writer,writer/split_tiny_budget_1MiB,19,201.9659,fsync_calls,1
writer,writer/split_tiny_budget_1MiB,19,201.9659,fsync_ms,7.316
writer,writer/split_tiny_budget_1MiB,19,201.9659,prealloc_ms,0.076
writer,writer/split_tiny_budget_1MiB,19,201.9659,process_peak_rss_bytes,56950784
writer,writer/split_tiny_budget_1MiB,19,201.9659,requests,4
writer,writer/split_tiny_budget_1MiB,19,201.9659,response_head_ms,74.181
writer,writer/split_tiny_budget_1MiB,19,201.9659,response_heads,4
writer,writer/split_tiny_budget_1MiB,19,201.9659,running_reports,0
writer,writer/split_tiny_budget_1MiB,19,201.9659,served_bytes,12582912
writer,writer/split_tiny_budget_1MiB,19,201.9659,total,199.16362500000002
writer,writer/split_tiny_budget_1MiB,19,201.9659,unique_bytes,12582912
writer,writer/split_tiny_budget_1MiB,19,201.9659,verified,1
writer,writer/split_tiny_budget_1MiB,19,201.9659,writer_blocks,49
writer,writer/split_tiny_budget_1MiB,19,201.9659,writer_bytes,12582912
writer,writer/split_tiny_budget_1MiB,19,201.9659,writer_seeks,40
writer,writer/split_prealloc_on,19,187.2397,avg_block_bytes,1048576
writer,writer/split_prealloc_on,19,187.2397,body_reads,775
writer,writer/split_prealloc_on,19,187.2397,body_wait_ms,309.483
writer,writer/split_prealloc_on,19,187.2397,cache_copied_bytes,12582912
writer,writer/split_prealloc_on,19,187.2397,cache_evicted_bytes,12582912
writer,writer/split_prealloc_on,19,187.2397,checksum_ms,0
writer,writer/split_prealloc_on,19,187.2397,cpu_ms,35.581
writer,writer/split_prealloc_on,19,187.2397,cpu_percent,19.002917795191337
writer,writer/split_prealloc_on,19,187.2397,distinct_ranges,4
writer,writer/split_prealloc_on,19,187.2397,driver_connections,4
writer,writer/split_prealloc_on,19,187.2397,driver_loops,55
writer,writer/split_prealloc_on,19,187.2397,driver_pauses,18
writer,writer/split_prealloc_on,19,187.2397,duplicate_bytes,0
writer,writer/split_prealloc_on,19,187.2397,failed,0
writer,writer/split_prealloc_on,19,187.2397,file_bytes,12582912
writer,writer/split_prealloc_on,19,187.2397,finalize,0.003415999999987207
writer,writer/split_prealloc_on,19,187.2397,fsync_calls,1
writer,writer/split_prealloc_on,19,187.2397,fsync_ms,7.186
writer,writer/split_prealloc_on,19,187.2397,prealloc_ms,4.107
writer,writer/split_prealloc_on,19,187.2397,process_peak_rss_bytes,63389696
writer,writer/split_prealloc_on,19,187.2397,report_span,0
writer,writer/split_prealloc_on,19,187.2397,requests,4
writer,writer/split_prealloc_on,19,187.2397,response_head_ms,64.015
writer,writer/split_prealloc_on,19,187.2397,response_heads,4
writer,writer/split_prealloc_on,19,187.2397,running_reports,1
writer,writer/split_prealloc_on,19,187.2397,served_bytes,12582912
writer,writer/split_prealloc_on,19,187.2397,to_first_report,183.5475
writer,writer/split_prealloc_on,19,187.2397,total,183.550916
writer,writer/split_prealloc_on,19,187.2397,unique_bytes,12582912
writer,writer/split_prealloc_on,19,187.2397,verified,1
writer,writer/split_prealloc_on,19,187.2397,writer_blocks,12
writer,writer/split_prealloc_on,19,187.2397,writer_bytes,12582912
writer,writer/split_prealloc_on,19,187.2397,writer_seeks,9
writer,writer/single_conn_4MiB,19,33.8644,avg_block_bytes,262144
writer,writer/single_conn_4MiB,19,33.8644,body_reads,257
writer,writer/single_conn_4MiB,19,33.8644,body_wait_ms,25.248
writer,writer/single_conn_4MiB,19,33.8644,cache_copied_bytes,4194304
writer,writer/single_conn_4MiB,19,33.8644,cache_evicted_bytes,4194304
writer,writer/single_conn_4MiB,19,33.8644,checksum_ms,0
writer,writer/single_conn_4MiB,19,33.8644,cpu_ms,16.366000000000007
writer,writer/single_conn_4MiB,19,33.8644,cpu_percent,48.328013442546506
writer,writer/single_conn_4MiB,19,33.8644,distinct_ranges,1
writer,writer/single_conn_4MiB,19,33.8644,driver_connections,1
writer,writer/single_conn_4MiB,19,33.8644,driver_loops,41
writer,writer/single_conn_4MiB,19,33.8644,driver_pauses,1
writer,writer/single_conn_4MiB,19,33.8644,duplicate_bytes,0
writer,writer/single_conn_4MiB,19,33.8644,failed,0
writer,writer/single_conn_4MiB,19,33.8644,file_bytes,4194304
writer,writer/single_conn_4MiB,19,33.8644,finalize,4.362832999999998
writer,writer/single_conn_4MiB,19,33.8644,fsync_calls,2
writer,writer/single_conn_4MiB,19,33.8644,fsync_ms,4.258
writer,writer/single_conn_4MiB,19,33.8644,prealloc_ms,0.161
writer,writer/single_conn_4MiB,19,33.8644,process_peak_rss_bytes,71892992
writer,writer/single_conn_4MiB,19,33.8644,report_span,25.873209000000003
writer,writer/single_conn_4MiB,19,33.8644,requests,1
writer,writer/single_conn_4MiB,19,33.8644,response_head_ms,0.469
writer,writer/single_conn_4MiB,19,33.8644,response_heads,1
writer,writer/single_conn_4MiB,19,33.8644,running_reports,17
writer,writer/single_conn_4MiB,19,33.8644,served_bytes,4194304
writer,writer/single_conn_4MiB,19,33.8644,to_first_report,1.1016249999999999
writer,writer/single_conn_4MiB,19,33.8644,total,31.337667
writer,writer/single_conn_4MiB,19,33.8644,unique_bytes,4194304
writer,writer/single_conn_4MiB,19,33.8644,verified,1
writer,writer/single_conn_4MiB,19,33.8644,writer_blocks,16
writer,writer/single_conn_4MiB,19,33.8644,writer_bytes,4194304
writer,writer/single_conn_4MiB,19,33.8644,writer_seeks,1
