group,scenario,round,round_millis,metric,value
writer,writer/split_4conns_16KiB_chunks,0,226.9385,avg_block_bytes,1048576
writer,writer/split_4conns_16KiB_chunks,0,226.9385,body_reads,791
writer,writer/split_4conns_16KiB_chunks,0,226.9385,body_wait_ms,217.959
writer,writer/split_4conns_16KiB_chunks,0,226.9385,cache_copied_bytes,12582912
writer,writer/split_4conns_16KiB_chunks,0,226.9385,cache_evicted_bytes,12582912
writer,writer/split_4conns_16KiB_chunks,0,226.9385,checksum_ms,0
writer,writer/split_4conns_16KiB_chunks,0,226.9385,cpu_ms,17.519
writer,writer/split_4conns_16KiB_chunks,0,226.9385,cpu_percent,7.7197140380675355
writer,writer/split_4conns_16KiB_chunks,0,226.9385,distinct_ranges,4
writer,writer/split_4conns_16KiB_chunks,0,226.9385,driver_connections,4
writer,writer/split_4conns_16KiB_chunks,0,226.9385,driver_loops,114
writer,writer/split_4conns_16KiB_chunks,0,226.9385,driver_pauses,9
writer,writer/split_4conns_16KiB_chunks,0,226.9385,duplicate_bytes,0
writer,writer/split_4conns_16KiB_chunks,0,226.9385,failed,0
writer,writer/split_4conns_16KiB_chunks,0,226.9385,file_bytes,12582912
writer,writer/split_4conns_16KiB_chunks,0,226.9385,finalize,0.003500000000002501
writer,writer/split_4conns_16KiB_chunks,0,226.9385,fsync_calls,1
writer,writer/split_4conns_16KiB_chunks,0,226.9385,fsync_ms,5.402
writer,writer/split_4conns_16KiB_chunks,0,226.9385,prealloc_ms,0.696
writer,writer/split_4conns_16KiB_chunks,0,226.9385,process_peak_rss_bytes,47300608
writer,writer/split_4conns_16KiB_chunks,0,226.9385,report_span,20.04008399999998
writer,writer/split_4conns_16KiB_chunks,0,226.9385,requests,4
writer,writer/split_4conns_16KiB_chunks,0,226.9385,response_head_ms,63.858
writer,writer/split_4conns_16KiB_chunks,0,226.9385,response_heads,4
writer,writer/split_4conns_16KiB_chunks,0,226.9385,running_reports,2
writer,writer/split_4conns_16KiB_chunks,0,226.9385,served_bytes,12582912
writer,writer/split_4conns_16KiB_chunks,0,226.9385,to_first_report,203.87050000000002
writer,writer/split_4conns_16KiB_chunks,0,226.9385,total,223.914084
writer,writer/split_4conns_16KiB_chunks,0,226.9385,unique_bytes,12582912
writer,writer/split_4conns_16KiB_chunks,0,226.9385,verified,1
writer,writer/split_4conns_16KiB_chunks,0,226.9385,writer_blocks,12
writer,writer/split_4conns_16KiB_chunks,0,226.9385,writer_bytes,12582912
writer,writer/split_4conns_16KiB_chunks,0,226.9385,writer_seeks,12
writer,writer/split_4conns_1MiB_chunks,0,131.3653,avg_block_bytes,1048576
writer,writer/split_4conns_1MiB_chunks,0,131.3653,body_reads,776
writer,writer/split_4conns_1MiB_chunks,0,131.3653,body_wait_ms,222.754
writer,writer/split_4conns_1MiB_chunks,0,131.3653,cache_copied_bytes,12582912
writer,writer/split_4conns_1MiB_chunks,0,131.3653,cache_evicted_bytes,12582912
writer,writer/split_4conns_1MiB_chunks,0,131.3653,checksum_ms,0
writer,writer/split_4conns_1MiB_chunks,0,131.3653,cpu_ms,14.956000000000005
writer,writer/split_4conns_1MiB_chunks,0,131.3653,cpu_percent,11.385043267084784
writer,writer/split_4conns_1MiB_chunks,0,131.3653,distinct_ranges,4
writer,writer/split_4conns_1MiB_chunks,0,131.3653,driver_connections,4
writer,writer/split_4conns_1MiB_chunks,0,131.3653,driver_loops,54
writer,writer/split_4conns_1MiB_chunks,0,131.3653,driver_pauses,9
writer,writer/split_4conns_1MiB_chunks,0,131.3653,duplicate_bytes,0
writer,writer/split_4conns_1MiB_chunks,0,131.3653,failed,0
writer,writer/split_4conns_1MiB_chunks,0,131.3653,file_bytes,12582912
writer,writer/split_4conns_1MiB_chunks,0,131.3653,finalize,0.004499999999978854
writer,writer/split_4conns_1MiB_chunks,0,131.3653,fsync_calls,1
writer,writer/split_4conns_1MiB_chunks,0,131.3653,fsync_ms,6.229
writer,writer/split_4conns_1MiB_chunks,0,131.3653,prealloc_ms,0.116
writer,writer/split_4conns_1MiB_chunks,0,131.3653,process_peak_rss_bytes,56786944
writer,writer/split_4conns_1MiB_chunks,0,131.3653,report_span,0
writer,writer/split_4conns_1MiB_chunks,0,131.3653,requests,4
writer,writer/split_4conns_1MiB_chunks,0,131.3653,response_head_ms,63.395
writer,writer/split_4conns_1MiB_chunks,0,131.3653,response_heads,4
writer,writer/split_4conns_1MiB_chunks,0,131.3653,running_reports,1
writer,writer/split_4conns_1MiB_chunks,0,131.3653,served_bytes,12582912
writer,writer/split_4conns_1MiB_chunks,0,131.3653,to_first_report,129.77745800000002
writer,writer/split_4conns_1MiB_chunks,0,131.3653,total,129.781958
writer,writer/split_4conns_1MiB_chunks,0,131.3653,unique_bytes,12582912
writer,writer/split_4conns_1MiB_chunks,0,131.3653,verified,1
writer,writer/split_4conns_1MiB_chunks,0,131.3653,writer_blocks,12
writer,writer/split_4conns_1MiB_chunks,0,131.3653,writer_bytes,12582912
writer,writer/split_4conns_1MiB_chunks,0,131.3653,writer_seeks,12
writer,writer/split_tiny_budget_1MiB,0,107.8624,avg_block_bytes,190650.18181818182
writer,writer/split_tiny_budget_1MiB,0,107.8624,body_reads,781
writer,writer/split_tiny_budget_1MiB,0,107.8624,body_wait_ms,264.825
writer,writer/split_tiny_budget_1MiB,0,107.8624,cache_copied_bytes,12582912
writer,writer/split_tiny_budget_1MiB,0,107.8624,cache_evicted_bytes,12582912
writer,writer/split_tiny_budget_1MiB,0,107.8624,checksum_ms,0
writer,writer/split_tiny_budget_1MiB,0,107.8624,cpu_ms,13.707999999999998
writer,writer/split_tiny_budget_1MiB,0,107.8624,cpu_percent,12.708787471071352
writer,writer/split_tiny_budget_1MiB,0,107.8624,distinct_ranges,5
writer,writer/split_tiny_budget_1MiB,0,107.8624,driver_connections,4
writer,writer/split_tiny_budget_1MiB,0,107.8624,driver_loops,66
writer,writer/split_tiny_budget_1MiB,0,107.8624,driver_pauses,15
writer,writer/split_tiny_budget_1MiB,0,107.8624,duplicate_bytes,0
writer,writer/split_tiny_budget_1MiB,0,107.8624,failed,0
writer,writer/split_tiny_budget_1MiB,0,107.8624,file_bytes,12582912
writer,writer/split_tiny_budget_1MiB,0,107.8624,finalize,0.00391699999998707
writer,writer/split_tiny_budget_1MiB,0,107.8624,fsync_calls,1
writer,writer/split_tiny_budget_1MiB,0,107.8624,fsync_ms,7.472
writer,writer/split_tiny_budget_1MiB,0,107.8624,prealloc_ms,0.07
writer,writer/split_tiny_budget_1MiB,0,107.8624,process_peak_rss_bytes,57327616
writer,writer/split_tiny_budget_1MiB,0,107.8624,report_span,0
writer,writer/split_tiny_budget_1MiB,0,107.8624,requests,5
writer,writer/split_tiny_budget_1MiB,0,107.8624,response_head_ms,1.439
writer,writer/split_tiny_budget_1MiB,0,107.8624,response_heads,5
writer,writer/split_tiny_budget_1MiB,0,107.8624,running_reports,1
writer,writer/split_tiny_budget_1MiB,0,107.8624,served_bytes,12582912
writer,writer/split_tiny_budget_1MiB,0,107.8624,to_first_report,106.22045800000001
writer,writer/split_tiny_budget_1MiB,0,107.8624,total,106.224375
writer,writer/split_tiny_budget_1MiB,0,107.8624,unique_bytes,12582912
writer,writer/split_tiny_budget_1MiB,0,107.8624,verified,1
writer,writer/split_tiny_budget_1MiB,0,107.8624,writer_blocks,66
writer,writer/split_tiny_budget_1MiB,0,107.8624,writer_bytes,12582912
writer,writer/split_tiny_budget_1MiB,0,107.8624,writer_seeks,66
writer,writer/split_prealloc_on,0,55.8752,avg_block_bytes,1048576
writer,writer/split_prealloc_on,0,55.8752,body_reads,783
writer,writer/split_prealloc_on,0,55.8752,body_wait_ms,45.955
writer,writer/split_prealloc_on,0,55.8752,cache_copied_bytes,12582912
writer,writer/split_prealloc_on,0,55.8752,cache_evicted_bytes,12582912
writer,writer/split_prealloc_on,0,55.8752,checksum_ms,0
writer,writer/split_prealloc_on,0,55.8752,cpu_ms,12.711999999999987
writer,writer/split_prealloc_on,0,55.8752,cpu_percent,22.750698306125297
writer,writer/split_prealloc_on,0,55.8752,distinct_ranges,4
writer,writer/split_prealloc_on,0,55.8752,driver_connections,4
writer,writer/split_prealloc_on,0,55.8752,driver_loops,86
writer,writer/split_prealloc_on,0,55.8752,driver_pauses,4
writer,writer/split_prealloc_on,0,55.8752,duplicate_bytes,0
writer,writer/split_prealloc_on,0,55.8752,failed,0
writer,writer/split_prealloc_on,0,55.8752,file_bytes,12582912
writer,writer/split_prealloc_on,0,55.8752,finalize,0.0009590000000017085
writer,writer/split_prealloc_on,0,55.8752,fsync_calls,1
writer,writer/split_prealloc_on,0,55.8752,fsync_ms,5.943
writer,writer/split_prealloc_on,0,55.8752,prealloc_ms,3.477
writer,writer/split_prealloc_on,0,55.8752,process_peak_rss_bytes,57655296
writer,writer/split_prealloc_on,0,55.8752,report_span,0
writer,writer/split_prealloc_on,0,55.8752,requests,4
writer,writer/split_prealloc_on,0,55.8752,response_head_ms,57.19
writer,writer/split_prealloc_on,0,55.8752,response_heads,4
writer,writer/split_prealloc_on,0,55.8752,running_reports,1
writer,writer/split_prealloc_on,0,55.8752,served_bytes,12582912
writer,writer/split_prealloc_on,0,55.8752,to_first_report,53.855291
writer,writer/split_prealloc_on,0,55.8752,total,53.85625
writer,writer/split_prealloc_on,0,55.8752,unique_bytes,12582912
writer,writer/split_prealloc_on,0,55.8752,verified,1
writer,writer/split_prealloc_on,0,55.8752,writer_blocks,12
writer,writer/split_prealloc_on,0,55.8752,writer_bytes,12582912
writer,writer/split_prealloc_on,0,55.8752,writer_seeks,12
writer,writer/single_conn_4MiB,0,81.6695,avg_block_bytes,16194.223938223939
writer,writer/single_conn_4MiB,0,81.6695,body_reads,260
writer,writer/single_conn_4MiB,0,81.6695,body_wait_ms,70.493
writer,writer/single_conn_4MiB,0,81.6695,cache_copied_bytes,0
writer,writer/single_conn_4MiB,0,81.6695,cache_evicted_bytes,0
writer,writer/single_conn_4MiB,0,81.6695,checksum_ms,0
writer,writer/single_conn_4MiB,0,81.6695,cpu_ms,16.221
writer,writer/single_conn_4MiB,0,81.6695,cpu_percent,19.861769869199204
writer,writer/single_conn_4MiB,0,81.6695,distinct_ranges,1
writer,writer/single_conn_4MiB,0,81.6695,driver_connections,1
writer,writer/single_conn_4MiB,0,81.6695,driver_loops,38
writer,writer/single_conn_4MiB,0,81.6695,driver_pauses,3
writer,writer/single_conn_4MiB,0,81.6695,duplicate_bytes,0
writer,writer/single_conn_4MiB,0,81.6695,failed,0
writer,writer/single_conn_4MiB,0,81.6695,file_bytes,4194304
writer,writer/single_conn_4MiB,0,81.6695,finalize,7.224958000000001
writer,writer/single_conn_4MiB,0,81.6695,fsync_calls,2
writer,writer/single_conn_4MiB,0,81.6695,fsync_ms,4.967
writer,writer/single_conn_4MiB,0,81.6695,prealloc_ms,0.077
writer,writer/single_conn_4MiB,0,81.6695,process_peak_rss_bytes,66158592
writer,writer/single_conn_4MiB,0,81.6695,report_span,48.872084
writer,writer/single_conn_4MiB,0,81.6695,requests,1
writer,writer/single_conn_4MiB,0,81.6695,response_head_ms,0.331
writer,writer/single_conn_4MiB,0,81.6695,response_heads,1
writer,writer/single_conn_4MiB,0,81.6695,running_reports,15
writer,writer/single_conn_4MiB,0,81.6695,served_bytes,4194304
writer,writer/single_conn_4MiB,0,81.6695,to_first_report,23.941582999999998
writer,writer/single_conn_4MiB,0,81.6695,total,80.038625
writer,writer/single_conn_4MiB,0,81.6695,unique_bytes,4194304
writer,writer/single_conn_4MiB,0,81.6695,verified,1
writer,writer/single_conn_4MiB,0,81.6695,writer_blocks,259
writer,writer/single_conn_4MiB,0,81.6695,writer_bytes,4194304
writer,writer/single_conn_4MiB,0,81.6695,writer_seeks,259
writer,writer/split_4conns_16KiB_chunks,1,131.7781,avg_block_bytes,1048576
writer,writer/split_4conns_16KiB_chunks,1,131.7781,body_reads,785
writer,writer/split_4conns_16KiB_chunks,1,131.7781,body_wait_ms,193.415
writer,writer/split_4conns_16KiB_chunks,1,131.7781,cache_copied_bytes,12582912
writer,writer/split_4conns_16KiB_chunks,1,131.7781,cache_evicted_bytes,12582912
writer,writer/split_4conns_16KiB_chunks,1,131.7781,checksum_ms,0
writer,writer/split_4conns_16KiB_chunks,1,131.7781,cpu_ms,20.764999999999997
writer,writer/split_4conns_16KiB_chunks,1,131.7781,cpu_percent,15.757547013208754
writer,writer/split_4conns_16KiB_chunks,1,131.7781,distinct_ranges,5
writer,writer/split_4conns_16KiB_chunks,1,131.7781,driver_connections,4
writer,writer/split_4conns_16KiB_chunks,1,131.7781,driver_loops,73
writer,writer/split_4conns_16KiB_chunks,1,131.7781,driver_pauses,12
writer,writer/split_4conns_16KiB_chunks,1,131.7781,duplicate_bytes,0
writer,writer/split_4conns_16KiB_chunks,1,131.7781,failed,0
writer,writer/split_4conns_16KiB_chunks,1,131.7781,file_bytes,12582912
writer,writer/split_4conns_16KiB_chunks,1,131.7781,finalize,0.00533300000000736
writer,writer/split_4conns_16KiB_chunks,1,131.7781,fsync_calls,1
writer,writer/split_4conns_16KiB_chunks,1,131.7781,fsync_ms,6.19
writer,writer/split_4conns_16KiB_chunks,1,131.7781,prealloc_ms,0.07
writer,writer/split_4conns_16KiB_chunks,1,131.7781,process_peak_rss_bytes,49184768
writer,writer/split_4conns_16KiB_chunks,1,131.7781,report_span,0
writer,writer/split_4conns_16KiB_chunks,1,131.7781,requests,5
writer,writer/split_4conns_16KiB_chunks,1,131.7781,response_head_ms,58.898
writer,writer/split_4conns_16KiB_chunks,1,131.7781,response_heads,5
writer,writer/split_4conns_16KiB_chunks,1,131.7781,running_reports,1
writer,writer/split_4conns_16KiB_chunks,1,131.7781,served_bytes,12582912
writer,writer/split_4conns_16KiB_chunks,1,131.7781,to_first_report,128.537584
writer,writer/split_4conns_16KiB_chunks,1,131.7781,total,128.54291700000002
writer,writer/split_4conns_16KiB_chunks,1,131.7781,unique_bytes,12582912
writer,writer/split_4conns_16KiB_chunks,1,131.7781,verified,1
writer,writer/split_4conns_16KiB_chunks,1,131.7781,writer_blocks,12
writer,writer/split_4conns_16KiB_chunks,1,131.7781,writer_bytes,12582912
writer,writer/split_4conns_16KiB_chunks,1,131.7781,writer_seeks,12
writer,writer/split_4conns_1MiB_chunks,1,88.2448,avg_block_bytes,1048576
writer,writer/split_4conns_1MiB_chunks,1,88.2448,body_reads,781
writer,writer/split_4conns_1MiB_chunks,1,88.2448,body_wait_ms,78.565
writer,writer/split_4conns_1MiB_chunks,1,88.2448,cache_copied_bytes,12582912
writer,writer/split_4conns_1MiB_chunks,1,88.2448,cache_evicted_bytes,12582912
writer,writer/split_4conns_1MiB_chunks,1,88.2448,checksum_ms,0
writer,writer/split_4conns_1MiB_chunks,1,88.2448,cpu_ms,13.607000000000001
writer,writer/split_4conns_1MiB_chunks,1,88.2448,cpu_percent,15.419607033802142
writer,writer/split_4conns_1MiB_chunks,1,88.2448,distinct_ranges,4
writer,writer/split_4conns_1MiB_chunks,1,88.2448,driver_connections,4
writer,writer/split_4conns_1MiB_chunks,1,88.2448,driver_loops,99
writer,writer/split_4conns_1MiB_chunks,1,88.2448,driver_pauses,3
writer,writer/split_4conns_1MiB_chunks,1,88.2448,duplicate_bytes,0
writer,writer/split_4conns_1MiB_chunks,1,88.2448,failed,0
writer,writer/split_4conns_1MiB_chunks,1,88.2448,file_bytes,12582912
writer,writer/split_4conns_1MiB_chunks,1,88.2448,finalize,0.008416999999994346
writer,writer/split_4conns_1MiB_chunks,1,88.2448,fsync_calls,1
writer,writer/split_4conns_1MiB_chunks,1,88.2448,fsync_ms,5.056
writer,writer/split_4conns_1MiB_chunks,1,88.2448,prealloc_ms,0.071
writer,writer/split_4conns_1MiB_chunks,1,88.2448,process_peak_rss_bytes,54788096
writer,writer/split_4conns_1MiB_chunks,1,88.2448,report_span,0
writer,writer/split_4conns_1MiB_chunks,1,88.2448,requests,4
writer,writer/split_4conns_1MiB_chunks,1,88.2448,response_head_ms,1.581
writer,writer/split_4conns_1MiB_chunks,1,88.2448,response_heads,4
writer,writer/split_4conns_1MiB_chunks,1,88.2448,running_reports,1
writer,writer/split_4conns_1MiB_chunks,1,88.2448,served_bytes,12582912
writer,writer/split_4conns_1MiB_chunks,1,88.2448,to_first_report,84.449208
writer,writer/split_4conns_1MiB_chunks,1,88.2448,total,84.457625
writer,writer/split_4conns_1MiB_chunks,1,88.2448,unique_bytes,12582912
writer,writer/split_4conns_1MiB_chunks,1,88.2448,verified,1
writer,writer/split_4conns_1MiB_chunks,1,88.2448,writer_blocks,12
writer,writer/split_4conns_1MiB_chunks,1,88.2448,writer_bytes,12582912
writer,writer/split_4conns_1MiB_chunks,1,88.2448,writer_seeks,12
writer,writer/split_tiny_budget_1MiB,1,175.2959,avg_block_bytes,237413.43396226416
writer,writer/split_tiny_budget_1MiB,1,175.2959,body_reads,778
writer,writer/split_tiny_budget_1MiB,1,175.2959,body_wait_ms,301.358
writer,writer/split_tiny_budget_1MiB,1,175.2959,cache_copied_bytes,12582912
writer,writer/split_tiny_budget_1MiB,1,175.2959,cache_evicted_bytes,12582912
writer,writer/split_tiny_budget_1MiB,1,175.2959,checksum_ms,0
writer,writer/split_tiny_budget_1MiB,1,175.2959,cpu_ms,19.304999999999996
writer,writer/split_tiny_budget_1MiB,1,175.2959,cpu_percent,11.012806482040343
writer,writer/split_tiny_budget_1MiB,1,175.2959,distinct_ranges,4
writer,writer/split_tiny_budget_1MiB,1,175.2959,driver_connections,4
writer,writer/split_tiny_budget_1MiB,1,175.2959,driver_loops,66
writer,writer/split_tiny_budget_1MiB,1,175.2959,driver_pauses,15
writer,writer/split_tiny_budget_1MiB,1,175.2959,duplicate_bytes,0
writer,writer/split_tiny_budget_1MiB,1,175.2959,failed,0
writer,writer/split_tiny_budget_1MiB,1,175.2959,file_bytes,12582912
writer,writer/split_tiny_budget_1MiB,1,175.2959,finalize,0.0008750000000361524
writer,writer/split_tiny_budget_1MiB,1,175.2959,fsync_calls,1
writer,writer/split_tiny_budget_1MiB,1,175.2959,fsync_ms,5.563
writer,writer/split_tiny_budget_1MiB,1,175.2959,prealloc_ms,0.128
writer,writer/split_tiny_budget_1MiB,1,175.2959,process_peak_rss_bytes,55230464
writer,writer/split_tiny_budget_1MiB,1,175.2959,report_span,0
writer,writer/split_tiny_budget_1MiB,1,175.2959,requests,4
writer,writer/split_tiny_budget_1MiB,1,175.2959,response_head_ms,72.307
writer,writer/split_tiny_budget_1MiB,1,175.2959,response_heads,4
writer,writer/split_tiny_budget_1MiB,1,175.2959,running_reports,1
writer,writer/split_tiny_budget_1MiB,1,175.2959,served_bytes,12582912
writer,writer/split_tiny_budget_1MiB,1,175.2959,to_first_report,172.55208299999998
writer,writer/split_tiny_budget_1MiB,1,175.2959,total,172.55295800000002
writer,writer/split_tiny_budget_1MiB,1,175.2959,unique_bytes,12582912
writer,writer/split_tiny_budget_1MiB,1,175.2959,verified,1
writer,writer/split_tiny_budget_1MiB,1,175.2959,writer_blocks,53
writer,writer/split_tiny_budget_1MiB,1,175.2959,writer_bytes,12582912
writer,writer/split_tiny_budget_1MiB,1,175.2959,writer_seeks,53
writer,writer/split_prealloc_on,1,289.1833,avg_block_bytes,1048576
writer,writer/split_prealloc_on,1,289.1833,body_reads,777
writer,writer/split_prealloc_on,1,289.1833,body_wait_ms,272.887
writer,writer/split_prealloc_on,1,289.1833,cache_copied_bytes,12582912
writer,writer/split_prealloc_on,1,289.1833,cache_evicted_bytes,12582912
writer,writer/split_prealloc_on,1,289.1833,checksum_ms,0
writer,writer/split_prealloc_on,1,289.1833,cpu_ms,32.028
writer,writer/split_prealloc_on,1,289.1833,cpu_percent,11.075327083252061
writer,writer/split_prealloc_on,1,289.1833,distinct_ranges,5
writer,writer/split_prealloc_on,1,289.1833,driver_connections,4
writer,writer/split_prealloc_on,1,289.1833,driver_loops,77
writer,writer/split_prealloc_on,1,289.1833,driver_pauses,15
writer,writer/split_prealloc_on,1,289.1833,duplicate_bytes,0
writer,writer/split_prealloc_on,1,289.1833,failed,0
writer,writer/split_prealloc_on,1,289.1833,file_bytes,12582912
writer,writer/split_prealloc_on,1,289.1833,finalize,0.01875000000001137
writer,writer/split_prealloc_on,1,289.1833,fsync_calls,1
writer,writer/split_prealloc_on,1,289.1833,fsync_ms,5.282
writer,writer/split_prealloc_on,1,289.1833,prealloc_ms,2.589
writer,writer/split_prealloc_on,1,289.1833,process_peak_rss_bytes,59768832
writer,writer/split_prealloc_on,1,289.1833,report_span,77.19666699999999
writer,writer/split_prealloc_on,1,289.1833,requests,5
writer,writer/split_prealloc_on,1,289.1833,response_head_ms,93.102
writer,writer/split_prealloc_on,1,289.1833,response_heads,5
writer,writer/split_prealloc_on,1,289.1833,running_reports,2
writer,writer/split_prealloc_on,1,289.1833,served_bytes,12582912
writer,writer/split_prealloc_on,1,289.1833,to_first_report,206.4375
writer,writer/split_prealloc_on,1,289.1833,total,283.652917
writer,writer/split_prealloc_on,1,289.1833,unique_bytes,12582912
writer,writer/split_prealloc_on,1,289.1833,verified,1
writer,writer/split_prealloc_on,1,289.1833,writer_blocks,12
writer,writer/split_prealloc_on,1,289.1833,writer_bytes,12582912
writer,writer/split_prealloc_on,1,289.1833,writer_seeks,12
writer,writer/single_conn_4MiB,1,85.0261,avg_block_bytes,16384
writer,writer/single_conn_4MiB,1,85.0261,body_reads,257
writer,writer/single_conn_4MiB,1,85.0261,body_wait_ms,69.548
writer,writer/single_conn_4MiB,1,85.0261,cache_copied_bytes,0
writer,writer/single_conn_4MiB,1,85.0261,cache_evicted_bytes,0
writer,writer/single_conn_4MiB,1,85.0261,checksum_ms,0
writer,writer/single_conn_4MiB,1,85.0261,cpu_ms,27.267000000000014
writer,writer/single_conn_4MiB,1,85.0261,cpu_percent,32.06896703807214
writer,writer/single_conn_4MiB,1,85.0261,distinct_ranges,1
writer,writer/single_conn_4MiB,1,85.0261,driver_connections,1
writer,writer/single_conn_4MiB,1,85.0261,driver_loops,33
writer,writer/single_conn_4MiB,1,85.0261,driver_pauses,3
writer,writer/single_conn_4MiB,1,85.0261,duplicate_bytes,0
writer,writer/single_conn_4MiB,1,85.0261,failed,0
writer,writer/single_conn_4MiB,1,85.0261,file_bytes,4194304
writer,writer/single_conn_4MiB,1,85.0261,finalize,8.541125000000008
writer,writer/single_conn_4MiB,1,85.0261,fsync_calls,2
writer,writer/single_conn_4MiB,1,85.0261,fsync_ms,5.289
writer,writer/single_conn_4MiB,1,85.0261,prealloc_ms,0.167
writer,writer/single_conn_4MiB,1,85.0261,process_peak_rss_bytes,68255744
writer,writer/single_conn_4MiB,1,85.0261,report_span,71.74862499999999
writer,writer/single_conn_4MiB,1,85.0261,requests,1
writer,writer/single_conn_4MiB,1,85.0261,response_head_ms,0.409
writer,writer/single_conn_4MiB,1,85.0261,response_heads,1
writer,writer/single_conn_4MiB,1,85.0261,running_reports,17
writer,writer/single_conn_4MiB,1,85.0261,served_bytes,4194304
writer,writer/single_conn_4MiB,1,85.0261,to_first_report,1.917375
writer,writer/single_conn_4MiB,1,85.0261,total,82.207125
writer,writer/single_conn_4MiB,1,85.0261,unique_bytes,4194304
writer,writer/single_conn_4MiB,1,85.0261,verified,1
writer,writer/single_conn_4MiB,1,85.0261,writer_blocks,256
writer,writer/single_conn_4MiB,1,85.0261,writer_bytes,4194304
writer,writer/single_conn_4MiB,1,85.0261,writer_seeks,256
writer,writer/split_4conns_16KiB_chunks,2,54.6487,avg_block_bytes,1048576
writer,writer/split_4conns_16KiB_chunks,2,54.6487,body_reads,787
writer,writer/split_4conns_16KiB_chunks,2,54.6487,body_wait_ms,67.182
writer,writer/split_4conns_16KiB_chunks,2,54.6487,cache_copied_bytes,12582912
writer,writer/split_4conns_16KiB_chunks,2,54.6487,cache_evicted_bytes,12582912
writer,writer/split_4conns_16KiB_chunks,2,54.6487,checksum_ms,0
writer,writer/split_4conns_16KiB_chunks,2,54.6487,cpu_ms,17.779000000000003
writer,writer/split_4conns_16KiB_chunks,2,54.6487,cpu_percent,32.53327354779347
writer,writer/split_4conns_16KiB_chunks,2,54.6487,distinct_ranges,4
writer,writer/split_4conns_16KiB_chunks,2,54.6487,driver_connections,4
writer,writer/split_4conns_16KiB_chunks,2,54.6487,driver_loops,96
writer,writer/split_4conns_16KiB_chunks,2,54.6487,driver_pauses,5
writer,writer/split_4conns_16KiB_chunks,2,54.6487,duplicate_bytes,0
writer,writer/split_4conns_16KiB_chunks,2,54.6487,failed,0
writer,writer/split_4conns_16KiB_chunks,2,54.6487,file_bytes,12582912
writer,writer/split_4conns_16KiB_chunks,2,54.6487,finalize,0.0010830000000083828
writer,writer/split_4conns_16KiB_chunks,2,54.6487,fsync_calls,1
writer,writer/split_4conns_16KiB_chunks,2,54.6487,fsync_ms,5.41
writer,writer/split_4conns_16KiB_chunks,2,54.6487,prealloc_ms,0.078
writer,writer/split_4conns_16KiB_chunks,2,54.6487,process_peak_rss_bytes,49676288
writer,writer/split_4conns_16KiB_chunks,2,54.6487,report_span,0
writer,writer/split_4conns_16KiB_chunks,2,54.6487,requests,4
writer,writer/split_4conns_16KiB_chunks,2,54.6487,response_head_ms,1.824
writer,writer/split_4conns_16KiB_chunks,2,54.6487,response_heads,4
writer,writer/split_4conns_16KiB_chunks,2,54.6487,running_reports,1
writer,writer/split_4conns_16KiB_chunks,2,54.6487,served_bytes,12582912
writer,writer/split_4conns_16KiB_chunks,2,54.6487,to_first_report,51.706416999999995
writer,writer/split_4conns_16KiB_chunks,2,54.6487,total,51.7075
writer,writer/split_4conns_16KiB_chunks,2,54.6487,unique_bytes,12582912
writer,writer/split_4conns_16KiB_chunks,2,54.6487,verified,1
writer,writer/split_4conns_16KiB_chunks,2,54.6487,writer_blocks,12
writer,writer/split_4conns_16KiB_chunks,2,54.6487,writer_bytes,12582912
writer,writer/split_4conns_16KiB_chunks,2,54.6487,writer_seeks,12
writer,writer/split_4conns_1MiB_chunks,2,106.7051,avg_block_bytes,1048576
writer,writer/split_4conns_1MiB_chunks,2,106.7051,body_reads,780
writer,writer/split_4conns_1MiB_chunks,2,106.7051,body_wait_ms,192.326
writer,writer/split_4conns_1MiB_chunks,2,106.7051,cache_copied_bytes,12582912
writer,writer/split_4conns_1MiB_chunks,2,106.7051,cache_evicted_bytes,12582912
writer,writer/split_4conns_1MiB_chunks,2,106.7051,checksum_ms,0
writer,writer/split_4conns_1MiB_chunks,2,106.7051,cpu_ms,16.659
writer,writer/split_4conns_1MiB_chunks,2,106.7051,cpu_percent,15.612189574772275
writer,writer/split_4conns_1MiB_chunks,2,106.7051,distinct_ranges,5
writer,writer/split_4conns_1MiB_chunks,2,106.7051,driver_connections,4
writer,writer/split_4conns_1MiB_chunks,2,106.7051,driver_loops,67
writer,writer/split_4conns_1MiB_chunks,2,106.7051,driver_pauses,9
writer,writer/split_4conns_1MiB_chunks,2,106.7051,duplicate_bytes,0
writer,writer/split_4conns_1MiB_chunks,2,106.7051,failed,0
writer,writer/split_4conns_1MiB_chunks,2,106.7051,file_bytes,12582912
writer,writer/split_4conns_1MiB_chunks,2,106.7051,finalize,0.009167000000005032
writer,writer/split_4conns_1MiB_chunks,2,106.7051,fsync_calls,1
writer,writer/split_4conns_1MiB_chunks,2,106.7051,fsync_ms,5.678
writer,writer/split_4conns_1MiB_chunks,2,106.7051,prealloc_ms,0.102
writer,writer/split_4conns_1MiB_chunks,2,106.7051,process_peak_rss_bytes,57212928
writer,writer/split_4conns_1MiB_chunks,2,106.7051,report_span,0
writer,writer/split_4conns_1MiB_chunks,2,106.7051,requests,5
writer,writer/split_4conns_1MiB_chunks,2,106.7051,response_head_ms,2.073
writer,writer/split_4conns_1MiB_chunks,2,106.7051,response_heads,5
writer,writer/split_4conns_1MiB_chunks,2,106.7051,running_reports,1
writer,writer/split_4conns_1MiB_chunks,2,106.7051,served_bytes,12582912
writer,writer/split_4conns_1MiB_chunks,2,106.7051,to_first_report,103.77254099999999
writer,writer/split_4conns_1MiB_chunks,2,106.7051,total,103.781708
writer,writer/split_4conns_1MiB_chunks,2,106.7051,unique_bytes,12582912
writer,writer/split_4conns_1MiB_chunks,2,106.7051,verified,1
writer,writer/split_4conns_1MiB_chunks,2,106.7051,writer_blocks,12
writer,writer/split_4conns_1MiB_chunks,2,106.7051,writer_bytes,12582912
writer,writer/split_4conns_1MiB_chunks,2,106.7051,writer_seeks,12
writer,writer/split_tiny_budget_1MiB,2,180.9477,avg_block_bytes,213269.69491525425
writer,writer/split_tiny_budget_1MiB,2,180.9477,body_reads,781
writer,writer/split_tiny_budget_1MiB,2,180.9477,body_wait_ms,357.422
writer,writer/split_tiny_budget_1MiB,2,180.9477,cache_copied_bytes,12582912
writer,writer/split_tiny_budget_1MiB,2,180.9477,cache_evicted_bytes,12582912
writer,writer/split_tiny_budget_1MiB,2,180.9477,checksum_ms,0
writer,writer/split_tiny_budget_1MiB,2,180.9477,cpu_ms,21.833
writer,writer/split_tiny_budget_1MiB,2,180.9477,cpu_percent,12.065919656570756
writer,writer/split_tiny_budget_1MiB,2,180.9477,distinct_ranges,4
writer,writer/split_tiny_budget_1MiB,2,180.9477,driver_connections,4
writer,writer/split_tiny_budget_1MiB,2,180.9477,driver_loops,63
writer,writer/split_tiny_budget_1MiB,2,180.9477,driver_pauses,23
writer,writer/split_tiny_budget_1MiB,2,180.9477,duplicate_bytes,0
writer,writer/split_tiny_budget_1MiB,2,180.9477,failed,0
writer,writer/split_tiny_budget_1MiB,2,180.9477,file_bytes,12582912
writer,writer/split_tiny_budget_1MiB,2,180.9477,finalize,0.0027910000000019863
writer,writer/split_tiny_budget_1MiB,2,180.9477,fsync_calls,1
writer,writer/split_tiny_budget_1MiB,2,180.9477,fsync_ms,6.713
writer,writer/split_tiny_budget_1MiB,2,180.9477,prealloc_ms,0.124
writer,writer/split_tiny_budget_1MiB,2,180.9477,process_peak_rss_bytes,57950208
writer,writer/split_tiny_budget_1MiB,2,180.9477,report_span,0
writer,writer/split_tiny_budget_1MiB,2,180.9477,requests,4
writer,writer/split_tiny_budget_1MiB,2,180.9477,response_head_ms,71.627
writer,writer/split_tiny_budget_1MiB,2,180.9477,response_heads,4
writer,writer/split_tiny_budget_1MiB,2,180.9477,running_reports,1
writer,writer/split_tiny_budget_1MiB,2,180.9477,served_bytes,12582912
writer,writer/split_tiny_budget_1MiB,2,180.9477,to_first_report,177.473834
writer,writer/split_tiny_budget_1MiB,2,180.9477,total,177.476625
writer,writer/split_tiny_budget_1MiB,2,180.9477,unique_bytes,12582912
writer,writer/split_tiny_budget_1MiB,2,180.9477,verified,1
writer,writer/split_tiny_budget_1MiB,2,180.9477,writer_blocks,59
writer,writer/split_tiny_budget_1MiB,2,180.9477,writer_bytes,12582912
writer,writer/split_tiny_budget_1MiB,2,180.9477,writer_seeks,59
writer,writer/split_prealloc_on,2,292.5574,avg_block_bytes,1048576
writer,writer/split_prealloc_on,2,292.5574,body_reads,776
writer,writer/split_prealloc_on,2,292.5574,body_wait_ms,317.472
writer,writer/split_prealloc_on,2,292.5574,cache_copied_bytes,12582912
writer,writer/split_prealloc_on,2,292.5574,cache_evicted_bytes,12582912
writer,writer/split_prealloc_on,2,292.5574,checksum_ms,0
writer,writer/split_prealloc_on,2,292.5574,cpu_ms,26.298000000000002
writer,writer/split_prealloc_on,2,292.5574,cpu_percent,8.989006002668706
writer,writer/split_prealloc_on,2,292.5574,distinct_ranges,5
writer,writer/split_prealloc_on,2,292.5574,driver_connections,4
writer,writer/split_prealloc_on,2,292.5574,driver_loops,74
writer,writer/split_prealloc_on,2,292.5574,driver_pauses,16
writer,writer/split_prealloc_on,2,292.5574,duplicate_bytes,0
writer,writer/split_prealloc_on,2,292.5574,failed,0
writer,writer/split_prealloc_on,2,292.5574,file_bytes,12582912
writer,writer/split_prealloc_on,2,292.5574,finalize,0.011374999999986812
writer,writer/split_prealloc_on,2,292.5574,fsync_calls,1
writer,writer/split_prealloc_on,2,292.5574,fsync_ms,10.803
writer,writer/split_prealloc_on,2,292.5574,prealloc_ms,2.133
writer,writer/split_prealloc_on,2,292.5574,process_peak_rss_bytes,63111168
writer,writer/split_prealloc_on,2,292.5574,report_span,83.374417
writer,writer/split_prealloc_on,2,292.5574,requests,5
writer,writer/split_prealloc_on,2,292.5574,response_head_ms,58.131
writer,writer/split_prealloc_on,2,292.5574,response_heads,5
writer,writer/split_prealloc_on,2,292.5574,running_reports,2
writer,writer/split_prealloc_on,2,292.5574,served_bytes,12582912
writer,writer/split_prealloc_on,2,292.5574,to_first_report,205.529042
writer,writer/split_prealloc_on,2,292.5574,total,288.914834
writer,writer/split_prealloc_on,2,292.5574,unique_bytes,12582912
writer,writer/split_prealloc_on,2,292.5574,verified,1
writer,writer/split_prealloc_on,2,292.5574,writer_blocks,12
writer,writer/split_prealloc_on,2,292.5574,writer_bytes,12582912
writer,writer/split_prealloc_on,2,292.5574,writer_seeks,12
writer,writer/single_conn_4MiB,2,102.8195,avg_block_bytes,16384
writer,writer/single_conn_4MiB,2,102.8195,body_reads,257
writer,writer/single_conn_4MiB,2,102.8195,body_wait_ms,91.456
writer,writer/single_conn_4MiB,2,102.8195,cache_copied_bytes,0
writer,writer/single_conn_4MiB,2,102.8195,cache_evicted_bytes,0
writer,writer/single_conn_4MiB,2,102.8195,checksum_ms,0
writer,writer/single_conn_4MiB,2,102.8195,cpu_ms,19.475999999999992
writer,writer/single_conn_4MiB,2,102.8195,cpu_percent,18.94192448357725
writer,writer/single_conn_4MiB,2,102.8195,distinct_ranges,1
writer,writer/single_conn_4MiB,2,102.8195,driver_connections,1
writer,writer/single_conn_4MiB,2,102.8195,driver_loops,34
writer,writer/single_conn_4MiB,2,102.8195,driver_pauses,4
writer,writer/single_conn_4MiB,2,102.8195,duplicate_bytes,0
writer,writer/single_conn_4MiB,2,102.8195,failed,0
writer,writer/single_conn_4MiB,2,102.8195,file_bytes,4194304
writer,writer/single_conn_4MiB,2,102.8195,finalize,4.84812500000001
writer,writer/single_conn_4MiB,2,102.8195,fsync_calls,2
writer,writer/single_conn_4MiB,2,102.8195,fsync_ms,4.021
writer,writer/single_conn_4MiB,2,102.8195,prealloc_ms,0.146
writer,writer/single_conn_4MiB,2,102.8195,process_peak_rss_bytes,71565312
writer,writer/single_conn_4MiB,2,102.8195,report_span,93.00420899999999
writer,writer/single_conn_4MiB,2,102.8195,requests,1
writer,writer/single_conn_4MiB,2,102.8195,response_head_ms,0.394
writer,writer/single_conn_4MiB,2,102.8195,response_heads,1
writer,writer/single_conn_4MiB,2,102.8195,running_reports,17
writer,writer/single_conn_4MiB,2,102.8195,served_bytes,4194304
writer,writer/single_conn_4MiB,2,102.8195,to_first_report,2.2529999999999997
writer,writer/single_conn_4MiB,2,102.8195,total,100.105334
writer,writer/single_conn_4MiB,2,102.8195,unique_bytes,4194304
writer,writer/single_conn_4MiB,2,102.8195,verified,1
writer,writer/single_conn_4MiB,2,102.8195,writer_blocks,256
writer,writer/single_conn_4MiB,2,102.8195,writer_bytes,4194304
writer,writer/single_conn_4MiB,2,102.8195,writer_seeks,256
writer,writer/split_4conns_16KiB_chunks,3,34.2963,avg_block_bytes,1048576
writer,writer/split_4conns_16KiB_chunks,3,34.2963,body_reads,798
writer,writer/split_4conns_16KiB_chunks,3,34.2963,body_wait_ms,28.206
writer,writer/split_4conns_16KiB_chunks,3,34.2963,cache_copied_bytes,12582912
writer,writer/split_4conns_16KiB_chunks,3,34.2963,cache_evicted_bytes,12582912
writer,writer/split_4conns_16KiB_chunks,3,34.2963,checksum_ms,0
writer,writer/split_4conns_16KiB_chunks,3,34.2963,cpu_ms,15.786000000000001
writer,writer/split_4conns_16KiB_chunks,3,34.2963,cpu_percent,46.028300844543224
writer,writer/split_4conns_16KiB_chunks,3,34.2963,distinct_ranges,4
writer,writer/split_4conns_16KiB_chunks,3,34.2963,driver_connections,4
writer,writer/split_4conns_16KiB_chunks,3,34.2963,driver_loops,143
writer,writer/split_4conns_16KiB_chunks,3,34.2963,driver_pauses,1
writer,writer/split_4conns_16KiB_chunks,3,34.2963,duplicate_bytes,0
writer,writer/split_4conns_16KiB_chunks,3,34.2963,failed,0
writer,writer/split_4conns_16KiB_chunks,3,34.2963,file_bytes,12582912
writer,writer/split_4conns_16KiB_chunks,3,34.2963,fsync_calls,1
writer,writer/split_4conns_16KiB_chunks,3,34.2963,fsync_ms,5.882
writer,writer/split_4conns_16KiB_chunks,3,34.2963,prealloc_ms,0.063
writer,writer/split_4conns_16KiB_chunks,3,34.2963,process_peak_rss_bytes,48824320
writer,writer/split_4conns_16KiB_chunks,3,34.2963,requests,4
writer,writer/split_4conns_16KiB_chunks,3,34.2963,response_head_ms,1.943
writer,writer/split_4conns_16KiB_chunks,3,34.2963,response_heads,4
writer,writer/split_4conns_16KiB_chunks,3,34.2963,running_reports,0
writer,writer/split_4conns_16KiB_chunks,3,34.2963,served_bytes,12582912
writer,writer/split_4conns_16KiB_chunks,3,34.2963,total,31.745750000000005
writer,writer/split_4conns_16KiB_chunks,3,34.2963,unique_bytes,12582912
writer,writer/split_4conns_16KiB_chunks,3,34.2963,verified,1
writer,writer/split_4conns_16KiB_chunks,3,34.2963,writer_blocks,12
writer,writer/split_4conns_16KiB_chunks,3,34.2963,writer_bytes,12582912
writer,writer/split_4conns_16KiB_chunks,3,34.2963,writer_seeks,12
writer,writer/split_4conns_1MiB_chunks,3,61.6120,avg_block_bytes,1048576
writer,writer/split_4conns_1MiB_chunks,3,61.6120,body_reads,780
writer,writer/split_4conns_1MiB_chunks,3,61.6120,body_wait_ms,57.29
writer,writer/split_4conns_1MiB_chunks,3,61.6120,cache_copied_bytes,12582912
writer,writer/split_4conns_1MiB_chunks,3,61.6120,cache_evicted_bytes,12582912
writer,writer/split_4conns_1MiB_chunks,3,61.6120,checksum_ms,0
writer,writer/split_4conns_1MiB_chunks,3,61.6120,cpu_ms,12.85
writer,writer/split_4conns_1MiB_chunks,3,61.6120,cpu_percent,20.85634090706872
writer,writer/split_4conns_1MiB_chunks,3,61.6120,distinct_ranges,5
writer,writer/split_4conns_1MiB_chunks,3,61.6120,driver_connections,4
writer,writer/split_4conns_1MiB_chunks,3,61.6120,driver_loops,78
writer,writer/split_4conns_1MiB_chunks,3,61.6120,driver_pauses,6
writer,writer/split_4conns_1MiB_chunks,3,61.6120,duplicate_bytes,0
writer,writer/split_4conns_1MiB_chunks,3,61.6120,failed,0
writer,writer/split_4conns_1MiB_chunks,3,61.6120,file_bytes,12582912
writer,writer/split_4conns_1MiB_chunks,3,61.6120,finalize,0.006332999999997924
writer,writer/split_4conns_1MiB_chunks,3,61.6120,fsync_calls,1
writer,writer/split_4conns_1MiB_chunks,3,61.6120,fsync_ms,5.92
writer,writer/split_4conns_1MiB_chunks,3,61.6120,prealloc_ms,0.072
writer,writer/split_4conns_1MiB_chunks,3,61.6120,process_peak_rss_bytes,59572224
writer,writer/split_4conns_1MiB_chunks,3,61.6120,report_span,0
writer,writer/split_4conns_1MiB_chunks,3,61.6120,requests,5
writer,writer/split_4conns_1MiB_chunks,3,61.6120,response_head_ms,2.232
writer,writer/split_4conns_1MiB_chunks,3,61.6120,response_heads,5
writer,writer/split_4conns_1MiB_chunks,3,61.6120,running_reports,1
writer,writer/split_4conns_1MiB_chunks,3,61.6120,served_bytes,12582912
writer,writer/split_4conns_1MiB_chunks,3,61.6120,to_first_report,59.727209
writer,writer/split_4conns_1MiB_chunks,3,61.6120,total,59.733542
writer,writer/split_4conns_1MiB_chunks,3,61.6120,unique_bytes,12582912
writer,writer/split_4conns_1MiB_chunks,3,61.6120,verified,1
writer,writer/split_4conns_1MiB_chunks,3,61.6120,writer_blocks,12
writer,writer/split_4conns_1MiB_chunks,3,61.6120,writer_bytes,12582912
writer,writer/split_4conns_1MiB_chunks,3,61.6120,writer_seeks,12
writer,writer/split_tiny_budget_1MiB,3,110.8985,avg_block_bytes,202950.1935483871
writer,writer/split_tiny_budget_1MiB,3,110.8985,body_reads,782
writer,writer/split_tiny_budget_1MiB,3,110.8985,body_wait_ms,220.828
writer,writer/split_tiny_budget_1MiB,3,110.8985,cache_copied_bytes,12582912
writer,writer/split_tiny_budget_1MiB,3,110.8985,cache_evicted_bytes,12582912
writer,writer/split_tiny_budget_1MiB,3,110.8985,checksum_ms,0
writer,writer/split_tiny_budget_1MiB,3,110.8985,cpu_ms,20.468
writer,writer/split_tiny_budget_1MiB,3,110.8985,cpu_percent,18.45652336792164
writer,writer/split_tiny_budget_1MiB,3,110.8985,distinct_ranges,4
writer,writer/split_tiny_budget_1MiB,3,110.8985,driver_connections,4
writer,writer/split_tiny_budget_1MiB,3,110.8985,driver_loops,67
writer,writer/split_tiny_budget_1MiB,3,110.8985,driver_pauses,16
writer,writer/split_tiny_budget_1MiB,3,110.8985,duplicate_bytes,0
writer,writer/split_tiny_budget_1MiB,3,110.8985,failed,0
writer,writer/split_tiny_budget_1MiB,3,110.8985,file_bytes,12582912
writer,writer/split_tiny_budget_1MiB,3,110.8985,fsync_calls,1
writer,writer/split_tiny_budget_1MiB,3,110.8985,fsync_ms,5.431
writer,writer/split_tiny_budget_1MiB,3,110.8985,prealloc_ms,0.09
writer,writer/split_tiny_budget_1MiB,3,110.8985,process_peak_rss_bytes,60538880
writer,writer/split_tiny_budget_1MiB,3,110.8985,requests,4
writer,writer/split_tiny_budget_1MiB,3,110.8985,response_head_ms,75.724
writer,writer/split_tiny_budget_1MiB,3,110.8985,response_heads,4
writer,writer/split_tiny_budget_1MiB,3,110.8985,running_reports,0
writer,writer/split_tiny_budget_1MiB,3,110.8985,served_bytes,12582912
writer,writer/split_tiny_budget_1MiB,3,110.8985,total,107.058834
writer,writer/split_tiny_budget_1MiB,3,110.8985,unique_bytes,12582912
writer,writer/split_tiny_budget_1MiB,3,110.8985,verified,1
writer,writer/split_tiny_budget_1MiB,3,110.8985,writer_blocks,62
writer,writer/split_tiny_budget_1MiB,3,110.8985,writer_bytes,12582912
writer,writer/split_tiny_budget_1MiB,3,110.8985,writer_seeks,62
writer,writer/split_prealloc_on,3,90.2548,avg_block_bytes,1048576
writer,writer/split_prealloc_on,3,90.2548,body_reads,779
writer,writer/split_prealloc_on,3,90.2548,body_wait_ms,151.401
writer,writer/split_prealloc_on,3,90.2548,cache_copied_bytes,12582912
writer,writer/split_prealloc_on,3,90.2548,cache_evicted_bytes,12582912
writer,writer/split_prealloc_on,3,90.2548,checksum_ms,0
writer,writer/split_prealloc_on,3,90.2548,cpu_ms,28.220999999999997
writer,writer/split_prealloc_on,3,90.2548,cpu_percent,31.268131300313502
writer,writer/split_prealloc_on,3,90.2548,distinct_ranges,5
writer,writer/split_prealloc_on,3,90.2548,driver_connections,4
writer,writer/split_prealloc_on,3,90.2548,driver_loops,52
writer,writer/split_prealloc_on,3,90.2548,driver_pauses,11
writer,writer/split_prealloc_on,3,90.2548,duplicate_bytes,0
writer,writer/split_prealloc_on,3,90.2548,failed,0
writer,writer/split_prealloc_on,3,90.2548,file_bytes,12582912
writer,writer/split_prealloc_on,3,90.2548,fsync_calls,1
writer,writer/split_prealloc_on,3,90.2548,fsync_ms,6.702
writer,writer/split_prealloc_on,3,90.2548,prealloc_ms,3.906
writer,writer/split_prealloc_on,3,90.2548,process_peak_rss_bytes,63586304
writer,writer/split_prealloc_on,3,90.2548,requests,5
writer,writer/split_prealloc_on,3,90.2548,response_head_ms,67.54
writer,writer/split_prealloc_on,3,90.2548,response_heads,5
writer,writer/split_prealloc_on,3,90.2548,running_reports,0
writer,writer/split_prealloc_on,3,90.2548,served_bytes,12582912
writer,writer/split_prealloc_on,3,90.2548,total,86.545834
writer,writer/split_prealloc_on,3,90.2548,unique_bytes,12582912
writer,writer/split_prealloc_on,3,90.2548,verified,1
writer,writer/split_prealloc_on,3,90.2548,writer_blocks,12
writer,writer/split_prealloc_on,3,90.2548,writer_bytes,12582912
writer,writer/split_prealloc_on,3,90.2548,writer_seeks,12
writer,writer/single_conn_4MiB,3,85.8825,avg_block_bytes,16320.249027237354
writer,writer/single_conn_4MiB,3,85.8825,body_reads,258
writer,writer/single_conn_4MiB,3,85.8825,body_wait_ms,72.101
writer,writer/single_conn_4MiB,3,85.8825,cache_copied_bytes,0
writer,writer/single_conn_4MiB,3,85.8825,cache_evicted_bytes,0
writer,writer/single_conn_4MiB,3,85.8825,checksum_ms,0
writer,writer/single_conn_4MiB,3,85.8825,cpu_ms,24.83700000000001
writer,writer/single_conn_4MiB,3,85.8825,cpu_percent,28.919745000436656
writer,writer/single_conn_4MiB,3,85.8825,distinct_ranges,1
writer,writer/single_conn_4MiB,3,85.8825,driver_connections,1
writer,writer/single_conn_4MiB,3,85.8825,driver_loops,32
writer,writer/single_conn_4MiB,3,85.8825,driver_pauses,3
writer,writer/single_conn_4MiB,3,85.8825,duplicate_bytes,0
writer,writer/single_conn_4MiB,3,85.8825,failed,0
writer,writer/single_conn_4MiB,3,85.8825,file_bytes,4194304
writer,writer/single_conn_4MiB,3,85.8825,finalize,7.454584000000011
writer,writer/single_conn_4MiB,3,85.8825,fsync_calls,2
writer,writer/single_conn_4MiB,3,85.8825,fsync_ms,4.918
writer,writer/single_conn_4MiB,3,85.8825,prealloc_ms,0.138
writer,writer/single_conn_4MiB,3,85.8825,process_peak_rss_bytes,72056832
writer,writer/single_conn_4MiB,3,85.8825,report_span,73.517333
writer,writer/single_conn_4MiB,3,85.8825,requests,1
writer,writer/single_conn_4MiB,3,85.8825,response_head_ms,0.392
writer,writer/single_conn_4MiB,3,85.8825,response_heads,1
writer,writer/single_conn_4MiB,3,85.8825,running_reports,16
writer,writer/single_conn_4MiB,3,85.8825,served_bytes,4194304
writer,writer/single_conn_4MiB,3,85.8825,to_first_report,2.0627079999999998
writer,writer/single_conn_4MiB,3,85.8825,total,83.034625
writer,writer/single_conn_4MiB,3,85.8825,unique_bytes,4194304
writer,writer/single_conn_4MiB,3,85.8825,verified,1
writer,writer/single_conn_4MiB,3,85.8825,writer_blocks,257
writer,writer/single_conn_4MiB,3,85.8825,writer_bytes,4194304
writer,writer/single_conn_4MiB,3,85.8825,writer_seeks,257
writer,writer/split_4conns_16KiB_chunks,4,131.4061,avg_block_bytes,1048576
writer,writer/split_4conns_16KiB_chunks,4,131.4061,body_reads,785
writer,writer/split_4conns_16KiB_chunks,4,131.4061,body_wait_ms,211.106
writer,writer/split_4conns_16KiB_chunks,4,131.4061,cache_copied_bytes,12582912
writer,writer/split_4conns_16KiB_chunks,4,131.4061,cache_evicted_bytes,12582912
writer,writer/split_4conns_16KiB_chunks,4,131.4061,checksum_ms,0
writer,writer/split_4conns_16KiB_chunks,4,131.4061,cpu_ms,18.813999999999997
writer,writer/split_4conns_16KiB_chunks,4,131.4061,cpu_percent,14.317449824602106
writer,writer/split_4conns_16KiB_chunks,4,131.4061,distinct_ranges,4
writer,writer/split_4conns_16KiB_chunks,4,131.4061,driver_connections,4
writer,writer/split_4conns_16KiB_chunks,4,131.4061,driver_loops,90
writer,writer/split_4conns_16KiB_chunks,4,131.4061,driver_pauses,9
writer,writer/split_4conns_16KiB_chunks,4,131.4061,duplicate_bytes,0
writer,writer/split_4conns_16KiB_chunks,4,131.4061,failed,0
writer,writer/split_4conns_16KiB_chunks,4,131.4061,file_bytes,12582912
writer,writer/split_4conns_16KiB_chunks,4,131.4061,fsync_calls,1
writer,writer/split_4conns_16KiB_chunks,4,131.4061,fsync_ms,5.777
writer,writer/split_4conns_16KiB_chunks,4,131.4061,prealloc_ms,0.111
writer,writer/split_4conns_16KiB_chunks,4,131.4061,process_peak_rss_bytes,52690944
writer,writer/split_4conns_16KiB_chunks,4,131.4061,requests,4
writer,writer/split_4conns_16KiB_chunks,4,131.4061,response_head_ms,1.765
writer,writer/split_4conns_16KiB_chunks,4,131.4061,response_heads,4
writer,writer/split_4conns_16KiB_chunks,4,131.4061,running_reports,0
writer,writer/split_4conns_16KiB_chunks,4,131.4061,served_bytes,12582912
writer,writer/split_4conns_16KiB_chunks,4,131.4061,total,127.170375
writer,writer/split_4conns_16KiB_chunks,4,131.4061,unique_bytes,12582912
writer,writer/split_4conns_16KiB_chunks,4,131.4061,verified,1
writer,writer/split_4conns_16KiB_chunks,4,131.4061,writer_blocks,12
writer,writer/split_4conns_16KiB_chunks,4,131.4061,writer_bytes,12582912
writer,writer/split_4conns_16KiB_chunks,4,131.4061,writer_seeks,12
writer,writer/split_4conns_1MiB_chunks,4,83.3460,avg_block_bytes,1048576
writer,writer/split_4conns_1MiB_chunks,4,83.3460,body_reads,777
writer,writer/split_4conns_1MiB_chunks,4,83.3460,body_wait_ms,97.368
writer,writer/split_4conns_1MiB_chunks,4,83.3460,cache_copied_bytes,12582912
writer,writer/split_4conns_1MiB_chunks,4,83.3460,cache_evicted_bytes,12582912
writer,writer/split_4conns_1MiB_chunks,4,83.3460,checksum_ms,0
writer,writer/split_4conns_1MiB_chunks,4,83.3460,cpu_ms,19.809
writer,writer/split_4conns_1MiB_chunks,4,83.3460,cpu_percent,23.767199364365098
writer,writer/split_4conns_1MiB_chunks,4,83.3460,distinct_ranges,4
writer,writer/split_4conns_1MiB_chunks,4,83.3460,driver_connections,4
writer,writer/split_4conns_1MiB_chunks,4,83.3460,driver_loops,59
writer,writer/split_4conns_1MiB_chunks,4,83.3460,driver_pauses,9
writer,writer/split_4conns_1MiB_chunks,4,83.3460,duplicate_bytes,0
writer,writer/split_4conns_1MiB_chunks,4,83.3460,failed,0
writer,writer/split_4conns_1MiB_chunks,4,83.3460,file_bytes,12582912
writer,writer/split_4conns_1MiB_chunks,4,83.3460,finalize,0.0015829999999965594
writer,writer/split_4conns_1MiB_chunks,4,83.3460,fsync_calls,1
writer,writer/split_4conns_1MiB_chunks,4,83.3460,fsync_ms,6.718
writer,writer/split_4conns_1MiB_chunks,4,83.3460,prealloc_ms,0.136
writer,writer/split_4conns_1MiB_chunks,4,83.3460,process_peak_rss_bytes,59097088
writer,writer/split_4conns_1MiB_chunks,4,83.3460,report_span,0
writer,writer/split_4conns_1MiB_chunks,4,83.3460,requests,4
writer,writer/split_4conns_1MiB_chunks,4,83.3460,response_head_ms,64.371
writer,writer/split_4conns_1MiB_chunks,4,83.3460,response_heads,4
writer,writer/split_4conns_1MiB_chunks,4,83.3460,running_reports,1
writer,writer/split_4conns_1MiB_chunks,4,83.3460,served_bytes,12582912
writer,writer/split_4conns_1MiB_chunks,4,83.3460,to_first_report,80.479
writer,writer/split_4conns_1MiB_chunks,4,83.3460,total,80.480583
writer,writer/split_4conns_1MiB_chunks,4,83.3460,unique_bytes,12582912
writer,writer/split_4conns_1MiB_chunks,4,83.3460,verified,1
writer,writer/split_4conns_1MiB_chunks,4,83.3460,writer_blocks,12
writer,writer/split_4conns_1MiB_chunks,4,83.3460,writer_bytes,12582912
writer,writer/split_4conns_1MiB_chunks,4,83.3460,writer_seeks,12
writer,writer/split_tiny_budget_1MiB,4,309.3948,avg_block_bytes,331129.2631578947
writer,writer/split_tiny_budget_1MiB,4,309.3948,body_reads,774
writer,writer/split_tiny_budget_1MiB,4,309.3948,body_wait_ms,327.419
writer,writer/split_tiny_budget_1MiB,4,309.3948,cache_copied_bytes,12582912
writer,writer/split_tiny_budget_1MiB,4,309.3948,cache_evicted_bytes,12582912
writer,writer/split_tiny_budget_1MiB,4,309.3948,checksum_ms,0
writer,writer/split_tiny_budget_1MiB,4,309.3948,cpu_ms,34.947
writer,writer/split_tiny_budget_1MiB,4,309.3948,cpu_percent,11.29527589751313
writer,writer/split_tiny_budget_1MiB,4,309.3948,distinct_ranges,4
writer,writer/split_tiny_budget_1MiB,4,309.3948,driver_connections,4
writer,writer/split_tiny_budget_1MiB,4,309.3948,driver_loops,74
writer,writer/split_tiny_budget_1MiB,4,309.3948,driver_pauses,15
writer,writer/split_tiny_budget_1MiB,4,309.3948,duplicate_bytes,0
writer,writer/split_tiny_budget_1MiB,4,309.3948,failed,0
writer,writer/split_tiny_budget_1MiB,4,309.3948,file_bytes,12582912
writer,writer/split_tiny_budget_1MiB,4,309.3948,finalize,0.008958000000006905
writer,writer/split_tiny_budget_1MiB,4,309.3948,fsync_calls,1
writer,writer/split_tiny_budget_1MiB,4,309.3948,fsync_ms,4.302
writer,writer/split_tiny_budget_1MiB,4,309.3948,prealloc_ms,0.301
writer,writer/split_tiny_budget_1MiB,4,309.3948,process_peak_rss_bytes,59228160
writer,writer/split_tiny_budget_1MiB,4,309.3948,report_span,102.08112499999999
writer,writer/split_tiny_budget_1MiB,4,309.3948,requests,4
writer,writer/split_tiny_budget_1MiB,4,309.3948,response_head_ms,77.589
writer,writer/split_tiny_budget_1MiB,4,309.3948,response_heads,4
writer,writer/split_tiny_budget_1MiB,4,309.3948,running_reports,2
writer,writer/split_tiny_budget_1MiB,4,309.3948,served_bytes,12582912
writer,writer/split_tiny_budget_1MiB,4,309.3948,to_first_report,203.715125
writer,writer/split_tiny_budget_1MiB,4,309.3948,total,305.805208
writer,writer/split_tiny_budget_1MiB,4,309.3948,unique_bytes,12582912
writer,writer/split_tiny_budget_1MiB,4,309.3948,verified,1
writer,writer/split_tiny_budget_1MiB,4,309.3948,writer_blocks,38
writer,writer/split_tiny_budget_1MiB,4,309.3948,writer_bytes,12582912
writer,writer/split_tiny_budget_1MiB,4,309.3948,writer_seeks,38
writer,writer/split_prealloc_on,4,83.1105,avg_block_bytes,1048576
writer,writer/split_prealloc_on,4,83.1105,body_reads,785
writer,writer/split_prealloc_on,4,83.1105,body_wait_ms,90.701
writer,writer/split_prealloc_on,4,83.1105,cache_copied_bytes,12582912
writer,writer/split_prealloc_on,4,83.1105,cache_evicted_bytes,12582912
writer,writer/split_prealloc_on,4,83.1105,checksum_ms,0
writer,writer/split_prealloc_on,4,83.1105,cpu_ms,21.51
writer,writer/split_prealloc_on,4,83.1105,cpu_percent,25.88119326667368
writer,writer/split_prealloc_on,4,83.1105,distinct_ranges,4
writer,writer/split_prealloc_on,4,83.1105,driver_connections,4
writer,writer/split_prealloc_on,4,83.1105,driver_loops,74
writer,writer/split_prealloc_on,4,83.1105,driver_pauses,7
writer,writer/split_prealloc_on,4,83.1105,duplicate_bytes,0
writer,writer/split_prealloc_on,4,83.1105,failed,0
writer,writer/split_prealloc_on,4,83.1105,file_bytes,12582912
writer,writer/split_prealloc_on,4,83.1105,finalize,0.002332999999993035
writer,writer/split_prealloc_on,4,83.1105,fsync_calls,1
writer,writer/split_prealloc_on,4,83.1105,fsync_ms,6.256
writer,writer/split_prealloc_on,4,83.1105,prealloc_ms,4.146
writer,writer/split_prealloc_on,4,83.1105,process_peak_rss_bytes,59654144
writer,writer/split_prealloc_on,4,83.1105,report_span,0
writer,writer/split_prealloc_on,4,83.1105,requests,4
writer,writer/split_prealloc_on,4,83.1105,response_head_ms,64.93
writer,writer/split_prealloc_on,4,83.1105,response_heads,4
writer,writer/split_prealloc_on,4,83.1105,running_reports,1
writer,writer/split_prealloc_on,4,83.1105,served_bytes,12582912
writer,writer/split_prealloc_on,4,83.1105,to_first_report,79.827459
writer,writer/split_prealloc_on,4,83.1105,total,79.829792
writer,writer/split_prealloc_on,4,83.1105,unique_bytes,12582912
writer,writer/split_prealloc_on,4,83.1105,verified,1
writer,writer/split_prealloc_on,4,83.1105,writer_blocks,12
writer,writer/split_prealloc_on,4,83.1105,writer_bytes,12582912
writer,writer/split_prealloc_on,4,83.1105,writer_seeks,12
writer,writer/single_conn_4MiB,4,79.8008,avg_block_bytes,16256.992248062015
writer,writer/single_conn_4MiB,4,79.8008,body_reads,259
writer,writer/single_conn_4MiB,4,79.8008,body_wait_ms,64.3
writer,writer/single_conn_4MiB,4,79.8008,cache_copied_bytes,0
writer,writer/single_conn_4MiB,4,79.8008,cache_evicted_bytes,0
writer,writer/single_conn_4MiB,4,79.8008,checksum_ms,0
writer,writer/single_conn_4MiB,4,79.8008,cpu_ms,23.34700000000002
writer,writer/single_conn_4MiB,4,79.8008,cpu_percent,29.25658683287181
writer,writer/single_conn_4MiB,4,79.8008,distinct_ranges,1
writer,writer/single_conn_4MiB,4,79.8008,driver_connections,1
writer,writer/single_conn_4MiB,4,79.8008,driver_loops,34
writer,writer/single_conn_4MiB,4,79.8008,driver_pauses,4
writer,writer/single_conn_4MiB,4,79.8008,duplicate_bytes,0
writer,writer/single_conn_4MiB,4,79.8008,failed,0
writer,writer/single_conn_4MiB,4,79.8008,file_bytes,4194304
writer,writer/single_conn_4MiB,4,79.8008,finalize,7.6229999999999905
writer,writer/single_conn_4MiB,4,79.8008,fsync_calls,2
writer,writer/single_conn_4MiB,4,79.8008,fsync_ms,4.599
writer,writer/single_conn_4MiB,4,79.8008,prealloc_ms,0.179
writer,writer/single_conn_4MiB,4,79.8008,process_peak_rss_bytes,68157440
writer,writer/single_conn_4MiB,4,79.8008,report_span,42.91279200000001
writer,writer/single_conn_4MiB,4,79.8008,requests,1
writer,writer/single_conn_4MiB,4,79.8008,response_head_ms,0.522
writer,writer/single_conn_4MiB,4,79.8008,response_heads,1
writer,writer/single_conn_4MiB,4,79.8008,running_reports,16
writer,writer/single_conn_4MiB,4,79.8008,served_bytes,4194304
writer,writer/single_conn_4MiB,4,79.8008,to_first_report,25.826375
writer,writer/single_conn_4MiB,4,79.8008,total,76.362167
writer,writer/single_conn_4MiB,4,79.8008,unique_bytes,4194304
writer,writer/single_conn_4MiB,4,79.8008,verified,1
writer,writer/single_conn_4MiB,4,79.8008,writer_blocks,258
writer,writer/single_conn_4MiB,4,79.8008,writer_bytes,4194304
writer,writer/single_conn_4MiB,4,79.8008,writer_seeks,258
writer,writer/split_4conns_16KiB_chunks,5,90.0210,avg_block_bytes,1048576
writer,writer/split_4conns_16KiB_chunks,5,90.0210,body_reads,781
writer,writer/split_4conns_16KiB_chunks,5,90.0210,body_wait_ms,174.84
writer,writer/split_4conns_16KiB_chunks,5,90.0210,cache_copied_bytes,12582912
writer,writer/split_4conns_16KiB_chunks,5,90.0210,cache_evicted_bytes,12582912
writer,writer/split_4conns_16KiB_chunks,5,90.0210,checksum_ms,0
writer,writer/split_4conns_16KiB_chunks,5,90.0210,cpu_ms,19.503
writer,writer/split_4conns_16KiB_chunks,5,90.0210,cpu_percent,21.664934978923426
writer,writer/split_4conns_16KiB_chunks,5,90.0210,distinct_ranges,4
writer,writer/split_4conns_16KiB_chunks,5,90.0210,driver_connections,4
writer,writer/split_4conns_16KiB_chunks,5,90.0210,driver_loops,75
writer,writer/split_4conns_16KiB_chunks,5,90.0210,driver_pauses,7
writer,writer/split_4conns_16KiB_chunks,5,90.0210,duplicate_bytes,0
writer,writer/split_4conns_16KiB_chunks,5,90.0210,failed,0
writer,writer/split_4conns_16KiB_chunks,5,90.0210,file_bytes,12582912
writer,writer/split_4conns_16KiB_chunks,5,90.0210,finalize,0.0017919999999946867
writer,writer/split_4conns_16KiB_chunks,5,90.0210,fsync_calls,1
writer,writer/split_4conns_16KiB_chunks,5,90.0210,fsync_ms,10.299
writer,writer/split_4conns_16KiB_chunks,5,90.0210,prealloc_ms,0.074
writer,writer/split_4conns_16KiB_chunks,5,90.0210,process_peak_rss_bytes,52625408
writer,writer/split_4conns_16KiB_chunks,5,90.0210,report_span,0
writer,writer/split_4conns_16KiB_chunks,5,90.0210,requests,4
writer,writer/split_4conns_16KiB_chunks,5,90.0210,response_head_ms,1.818
writer,writer/split_4conns_16KiB_chunks,5,90.0210,response_heads,4
writer,writer/split_4conns_16KiB_chunks,5,90.0210,running_reports,1
writer,writer/split_4conns_16KiB_chunks,5,90.0210,served_bytes,12582912
writer,writer/split_4conns_16KiB_chunks,5,90.0210,to_first_report,86.852958
writer,writer/split_4conns_16KiB_chunks,5,90.0210,total,86.85475
writer,writer/split_4conns_16KiB_chunks,5,90.0210,unique_bytes,12582912
writer,writer/split_4conns_16KiB_chunks,5,90.0210,verified,1
writer,writer/split_4conns_16KiB_chunks,5,90.0210,writer_blocks,12
writer,writer/split_4conns_16KiB_chunks,5,90.0210,writer_bytes,12582912
writer,writer/split_4conns_16KiB_chunks,5,90.0210,writer_seeks,12
writer,writer/split_4conns_1MiB_chunks,5,86.6384,avg_block_bytes,1048576
writer,writer/split_4conns_1MiB_chunks,5,86.6384,body_reads,777
writer,writer/split_4conns_1MiB_chunks,5,86.6384,body_wait_ms,149.374
writer,writer/split_4conns_1MiB_chunks,5,86.6384,cache_copied_bytes,12582912
writer,writer/split_4conns_1MiB_chunks,5,86.6384,cache_evicted_bytes,12582912
writer,writer/split_4conns_1MiB_chunks,5,86.6384,checksum_ms,0
writer,writer/split_4conns_1MiB_chunks,5,86.6384,cpu_ms,21.062000000000005
writer,writer/split_4conns_1MiB_chunks,5,86.6384,cpu_percent,24.31024358432392
writer,writer/split_4conns_1MiB_chunks,5,86.6384,distinct_ranges,4
writer,writer/split_4conns_1MiB_chunks,5,86.6384,driver_connections,4
writer,writer/split_4conns_1MiB_chunks,5,86.6384,driver_loops,61
writer,writer/split_4conns_1MiB_chunks,5,86.6384,driver_pauses,11
writer,writer/split_4conns_1MiB_chunks,5,86.6384,duplicate_bytes,0
writer,writer/split_4conns_1MiB_chunks,5,86.6384,failed,0
writer,writer/split_4conns_1MiB_chunks,5,86.6384,file_bytes,12582912
writer,writer/split_4conns_1MiB_chunks,5,86.6384,finalize,0.005791999999999575
writer,writer/split_4conns_1MiB_chunks,5,86.6384,fsync_calls,1
writer,writer/split_4conns_1MiB_chunks,5,86.6384,fsync_ms,6.417
writer,writer/split_4conns_1MiB_chunks,5,86.6384,prealloc_ms,0.098
writer,writer/split_4conns_1MiB_chunks,5,86.6384,process_peak_rss_bytes,60211200
writer,writer/split_4conns_1MiB_chunks,5,86.6384,report_span,0
writer,writer/split_4conns_1MiB_chunks,5,86.6384,requests,4
writer,writer/split_4conns_1MiB_chunks,5,86.6384,response_head_ms,2.644
writer,writer/split_4conns_1MiB_chunks,5,86.6384,response_heads,4
writer,writer/split_4conns_1MiB_chunks,5,86.6384,running_reports,1
writer,writer/split_4conns_1MiB_chunks,5,86.6384,served_bytes,12582912
writer,writer/split_4conns_1MiB_chunks,5,86.6384,to_first_report,83.679541
writer,writer/split_4conns_1MiB_chunks,5,86.6384,total,83.685333
writer,writer/split_4conns_1MiB_chunks,5,86.6384,unique_bytes,12582912
writer,writer/split_4conns_1MiB_chunks,5,86.6384,verified,1
writer,writer/split_4conns_1MiB_chunks,5,86.6384,writer_blocks,12
writer,writer/split_4conns_1MiB_chunks,5,86.6384,writer_bytes,12582912
writer,writer/split_4conns_1MiB_chunks,5,86.6384,writer_seeks,12
writer,writer/split_tiny_budget_1MiB,5,164.6481,avg_block_bytes,213269.69491525425
writer,writer/split_tiny_budget_1MiB,5,164.6481,body_reads,777
writer,writer/split_tiny_budget_1MiB,5,164.6481,body_wait_ms,352.752
writer,writer/split_tiny_budget_1MiB,5,164.6481,cache_copied_bytes,12582912
writer,writer/split_tiny_budget_1MiB,5,164.6481,cache_evicted_bytes,12582912
writer,writer/split_tiny_budget_1MiB,5,164.6481,checksum_ms,0
writer,writer/split_tiny_budget_1MiB,5,164.6481,cpu_ms,31.347
writer,writer/split_tiny_budget_1MiB,5,164.6481,cpu_percent,19.03878820721655
writer,writer/split_tiny_budget_1MiB,5,164.6481,distinct_ranges,4
writer,writer/split_tiny_budget_1MiB,5,164.6481,driver_connections,4
writer,writer/split_tiny_budget_1MiB,5,164.6481,driver_loops,53
writer,writer/split_tiny_budget_1MiB,5,164.6481,driver_pauses,20
writer,writer/split_tiny_budget_1MiB,5,164.6481,duplicate_bytes,0
writer,writer/split_tiny_budget_1MiB,5,164.6481,failed,0
writer,writer/split_tiny_budget_1MiB,5,164.6481,file_bytes,12582912
writer,writer/split_tiny_budget_1MiB,5,164.6481,finalize,0.00570799999997007
writer,writer/split_tiny_budget_1MiB,5,164.6481,fsync_calls,1
writer,writer/split_tiny_budget_1MiB,5,164.6481,fsync_ms,6.93
writer,writer/split_tiny_budget_1MiB,5,164.6481,prealloc_ms,0.121
writer,writer/split_tiny_budget_1MiB,5,164.6481,process_peak_rss_bytes,60620800
writer,writer/split_tiny_budget_1MiB,5,164.6481,report_span,0
writer,writer/split_tiny_budget_1MiB,5,164.6481,requests,4
writer,writer/split_tiny_budget_1MiB,5,164.6481,response_head_ms,77.767
writer,writer/split_tiny_budget_1MiB,5,164.6481,response_heads,4
writer,writer/split_tiny_budget_1MiB,5,164.6481,running_reports,1
writer,writer/split_tiny_budget_1MiB,5,164.6481,served_bytes,12582912
writer,writer/split_tiny_budget_1MiB,5,164.6481,to_first_report,161.585167
writer,writer/split_tiny_budget_1MiB,5,164.6481,total,161.59087499999998
writer,writer/split_tiny_budget_1MiB,5,164.6481,unique_bytes,12582912
writer,writer/split_tiny_budget_1MiB,5,164.6481,verified,1
writer,writer/split_tiny_budget_1MiB,5,164.6481,writer_blocks,59
writer,writer/split_tiny_budget_1MiB,5,164.6481,writer_bytes,12582912
writer,writer/split_tiny_budget_1MiB,5,164.6481,writer_seeks,59
writer,writer/split_prealloc_on,5,115.2350,avg_block_bytes,1048576
writer,writer/split_prealloc_on,5,115.2350,body_reads,778
writer,writer/split_prealloc_on,5,115.2350,body_wait_ms,227.659
writer,writer/split_prealloc_on,5,115.2350,cache_copied_bytes,12582912
writer,writer/split_prealloc_on,5,115.2350,cache_evicted_bytes,12582912
writer,writer/split_prealloc_on,5,115.2350,checksum_ms,0
writer,writer/split_prealloc_on,5,115.2350,cpu_ms,24.502999999999997
writer,writer/split_prealloc_on,5,115.2350,cpu_percent,21.263497446058963
writer,writer/split_prealloc_on,5,115.2350,distinct_ranges,4
writer,writer/split_prealloc_on,5,115.2350,driver_connections,4
writer,writer/split_prealloc_on,5,115.2350,driver_loops,52
writer,writer/split_prealloc_on,5,115.2350,driver_pauses,13
writer,writer/split_prealloc_on,5,115.2350,duplicate_bytes,0
writer,writer/split_prealloc_on,5,115.2350,failed,0
writer,writer/split_prealloc_on,5,115.2350,file_bytes,12582912
writer,writer/split_prealloc_on,5,115.2350,finalize,0.010208000000005768
writer,writer/split_prealloc_on,5,115.2350,fsync_calls,1
writer,writer/split_prealloc_on,5,115.2350,fsync_ms,6.132
writer,writer/split_prealloc_on,5,115.2350,prealloc_ms,3.37
writer,writer/split_prealloc_on,5,115.2350,process_peak_rss_bytes,61210624
writer,writer/split_prealloc_on,5,115.2350,report_span,0
writer,writer/split_prealloc_on,5,115.2350,requests,4
writer,writer/split_prealloc_on,5,115.2350,response_head_ms,67.524
writer,writer/split_prealloc_on,5,115.2350,response_heads,4
writer,writer/split_prealloc_on,5,115.2350,running_reports,1
writer,writer/split_prealloc_on,5,115.2350,served_bytes,12582912
writer,writer/split_prealloc_on,5,115.2350,to_first_report,111.20804199999999
writer,writer/split_prealloc_on,5,115.2350,total,111.21825
writer,writer/split_prealloc_on,5,115.2350,unique_bytes,12582912
writer,writer/split_prealloc_on,5,115.2350,verified,1
writer,writer/split_prealloc_on,5,115.2350,writer_blocks,12
writer,writer/split_prealloc_on,5,115.2350,writer_bytes,12582912
writer,writer/split_prealloc_on,5,115.2350,writer_seeks,12
writer,writer/single_conn_4MiB,5,80.7805,avg_block_bytes,16256.992248062015
writer,writer/single_conn_4MiB,5,80.7805,body_reads,259
writer,writer/single_conn_4MiB,5,80.7805,body_wait_ms,67.988
writer,writer/single_conn_4MiB,5,80.7805,cache_copied_bytes,0
writer,writer/single_conn_4MiB,5,80.7805,cache_evicted_bytes,0
writer,writer/single_conn_4MiB,5,80.7805,checksum_ms,0
writer,writer/single_conn_4MiB,5,80.7805,cpu_ms,16.292
writer,writer/single_conn_4MiB,5,80.7805,cpu_percent,20.168244156278494
writer,writer/single_conn_4MiB,5,80.7805,distinct_ranges,1
writer,writer/single_conn_4MiB,5,80.7805,driver_connections,1
writer,writer/single_conn_4MiB,5,80.7805,driver_loops,36
writer,writer/single_conn_4MiB,5,80.7805,driver_pauses,3
writer,writer/single_conn_4MiB,5,80.7805,duplicate_bytes,0
writer,writer/single_conn_4MiB,5,80.7805,failed,0
writer,writer/single_conn_4MiB,5,80.7805,file_bytes,4194304
writer,writer/single_conn_4MiB,5,80.7805,finalize,7.3152919999999995
writer,writer/single_conn_4MiB,5,80.7805,fsync_calls,2
writer,writer/single_conn_4MiB,5,80.7805,fsync_ms,5.41
writer,writer/single_conn_4MiB,5,80.7805,prealloc_ms,0.093
writer,writer/single_conn_4MiB,5,80.7805,process_peak_rss_bytes,69681152
writer,writer/single_conn_4MiB,5,80.7805,report_span,50.331541
writer,writer/single_conn_4MiB,5,80.7805,requests,1
writer,writer/single_conn_4MiB,5,80.7805,response_head_ms,0.407
writer,writer/single_conn_4MiB,5,80.7805,response_heads,1
writer,writer/single_conn_4MiB,5,80.7805,running_reports,16
writer,writer/single_conn_4MiB,5,80.7805,served_bytes,4194304
writer,writer/single_conn_4MiB,5,80.7805,to_first_report,21.315875000000002
writer,writer/single_conn_4MiB,5,80.7805,total,78.962708
writer,writer/single_conn_4MiB,5,80.7805,unique_bytes,4194304
writer,writer/single_conn_4MiB,5,80.7805,verified,1
writer,writer/single_conn_4MiB,5,80.7805,writer_blocks,258
writer,writer/single_conn_4MiB,5,80.7805,writer_bytes,4194304
writer,writer/single_conn_4MiB,5,80.7805,writer_seeks,258
writer,writer/split_4conns_16KiB_chunks,6,12.1318,avg_block_bytes,1048576
writer,writer/split_4conns_16KiB_chunks,6,12.1318,body_reads,790
writer,writer/split_4conns_16KiB_chunks,6,12.1318,body_wait_ms,5.837
writer,writer/split_4conns_16KiB_chunks,6,12.1318,cache_copied_bytes,12582912
writer,writer/split_4conns_16KiB_chunks,6,12.1318,cache_evicted_bytes,12582912
writer,writer/split_4conns_16KiB_chunks,6,12.1318,checksum_ms,0
writer,writer/split_4conns_16KiB_chunks,6,12.1318,cpu_ms,14.751000000000001
writer,writer/split_4conns_16KiB_chunks,6,12.1318,cpu_percent,121.58963173697933
writer,writer/split_4conns_16KiB_chunks,6,12.1318,distinct_ranges,4
writer,writer/split_4conns_16KiB_chunks,6,12.1318,driver_connections,4
writer,writer/split_4conns_16KiB_chunks,6,12.1318,driver_loops,90
writer,writer/split_4conns_16KiB_chunks,6,12.1318,driver_pauses,3
writer,writer/split_4conns_16KiB_chunks,6,12.1318,duplicate_bytes,0
writer,writer/split_4conns_16KiB_chunks,6,12.1318,failed,0
writer,writer/split_4conns_16KiB_chunks,6,12.1318,file_bytes,12582912
writer,writer/split_4conns_16KiB_chunks,6,12.1318,finalize,0.007624999999999105
writer,writer/split_4conns_16KiB_chunks,6,12.1318,fsync_calls,1
writer,writer/split_4conns_16KiB_chunks,6,12.1318,fsync_ms,5.793
writer,writer/split_4conns_16KiB_chunks,6,12.1318,prealloc_ms,0.056
writer,writer/split_4conns_16KiB_chunks,6,12.1318,process_peak_rss_bytes,49512448
writer,writer/split_4conns_16KiB_chunks,6,12.1318,report_span,0
writer,writer/split_4conns_16KiB_chunks,6,12.1318,requests,4
writer,writer/split_4conns_16KiB_chunks,6,12.1318,response_head_ms,1.702
writer,writer/split_4conns_16KiB_chunks,6,12.1318,response_heads,4
writer,writer/split_4conns_16KiB_chunks,6,12.1318,running_reports,1
writer,writer/split_4conns_16KiB_chunks,6,12.1318,served_bytes,12582912
writer,writer/split_4conns_16KiB_chunks,6,12.1318,to_first_report,9.790625
writer,writer/split_4conns_16KiB_chunks,6,12.1318,total,9.79825
writer,writer/split_4conns_16KiB_chunks,6,12.1318,unique_bytes,12582912
writer,writer/split_4conns_16KiB_chunks,6,12.1318,verified,1
writer,writer/split_4conns_16KiB_chunks,6,12.1318,writer_blocks,12
writer,writer/split_4conns_16KiB_chunks,6,12.1318,writer_bytes,12582912
writer,writer/split_4conns_16KiB_chunks,6,12.1318,writer_seeks,12
writer,writer/split_4conns_1MiB_chunks,6,31.8150,avg_block_bytes,1048576
writer,writer/split_4conns_1MiB_chunks,6,31.8150,body_reads,780
writer,writer/split_4conns_1MiB_chunks,6,31.8150,body_wait_ms,26.096
writer,writer/split_4conns_1MiB_chunks,6,31.8150,cache_copied_bytes,12582912
writer,writer/split_4conns_1MiB_chunks,6,31.8150,cache_evicted_bytes,12582912
writer,writer/split_4conns_1MiB_chunks,6,31.8150,checksum_ms,0
writer,writer/split_4conns_1MiB_chunks,6,31.8150,cpu_ms,11.773000000000001
writer,writer/split_4conns_1MiB_chunks,6,31.8150,cpu_percent,37.00450874778038
writer,writer/split_4conns_1MiB_chunks,6,31.8150,distinct_ranges,4
writer,writer/split_4conns_1MiB_chunks,6,31.8150,driver_connections,4
writer,writer/split_4conns_1MiB_chunks,6,31.8150,driver_loops,81
writer,writer/split_4conns_1MiB_chunks,6,31.8150,driver_pauses,5
writer,writer/split_4conns_1MiB_chunks,6,31.8150,duplicate_bytes,0
writer,writer/split_4conns_1MiB_chunks,6,31.8150,failed,0
writer,writer/split_4conns_1MiB_chunks,6,31.8150,file_bytes,12582912
writer,writer/split_4conns_1MiB_chunks,6,31.8150,fsync_calls,1
writer,writer/split_4conns_1MiB_chunks,6,31.8150,fsync_ms,5.179
writer,writer/split_4conns_1MiB_chunks,6,31.8150,prealloc_ms,0.071
writer,writer/split_4conns_1MiB_chunks,6,31.8150,process_peak_rss_bytes,56623104
writer,writer/split_4conns_1MiB_chunks,6,31.8150,requests,4
writer,writer/split_4conns_1MiB_chunks,6,31.8150,response_head_ms,64.902
writer,writer/split_4conns_1MiB_chunks,6,31.8150,response_heads,4
writer,writer/split_4conns_1MiB_chunks,6,31.8150,running_reports,0
writer,writer/split_4conns_1MiB_chunks,6,31.8150,served_bytes,12582912
writer,writer/split_4conns_1MiB_chunks,6,31.8150,total,29.903208
writer,writer/split_4conns_1MiB_chunks,6,31.8150,unique_bytes,12582912
writer,writer/split_4conns_1MiB_chunks,6,31.8150,verified,1
writer,writer/split_4conns_1MiB_chunks,6,31.8150,writer_blocks,12
writer,writer/split_4conns_1MiB_chunks,6,31.8150,writer_bytes,12582912
writer,writer/split_4conns_1MiB_chunks,6,31.8150,writer_seeks,12
writer,writer/split_tiny_budget_1MiB,6,82.0844,avg_block_bytes,228780.21818181817
writer,writer/split_tiny_budget_1MiB,6,82.0844,body_reads,782
writer,writer/split_tiny_budget_1MiB,6,82.0844,body_wait_ms,96.499
writer,writer/split_tiny_budget_1MiB,6,82.0844,cache_copied_bytes,12582912
writer,writer/split_tiny_budget_1MiB,6,82.0844,cache_evicted_bytes,12582912
writer,writer/split_tiny_budget_1MiB,6,82.0844,checksum_ms,0
writer,writer/split_tiny_budget_1MiB,6,82.0844,cpu_ms,15.533999999999999
writer,writer/split_tiny_budget_1MiB,6,82.0844,cpu_percent,18.924420209989428
writer,writer/split_tiny_budget_1MiB,6,82.0844,distinct_ranges,4
writer,writer/split_tiny_budget_1MiB,6,82.0844,driver_connections,4
writer,writer/split_tiny_budget_1MiB,6,82.0844,driver_loops,84
writer,writer/split_tiny_budget_1MiB,6,82.0844,driver_pauses,8
writer,writer/split_tiny_budget_1MiB,6,82.0844,duplicate_bytes,0
writer,writer/split_tiny_budget_1MiB,6,82.0844,failed,0
writer,writer/split_tiny_budget_1MiB,6,82.0844,file_bytes,12582912
writer,writer/split_tiny_budget_1MiB,6,82.0844,finalize,0.009916000000004033
writer,writer/split_tiny_budget_1MiB,6,82.0844,fsync_calls,1
writer,writer/split_tiny_budget_1MiB,6,82.0844,fsync_ms,7.055
writer,writer/split_tiny_budget_1MiB,6,82.0844,prealloc_ms,0.127
writer,writer/split_tiny_budget_1MiB,6,82.0844,process_peak_rss_bytes,56803328
writer,writer/split_tiny_budget_1MiB,6,82.0844,report_span,0
writer,writer/split_tiny_budget_1MiB,6,82.0844,requests,4
writer,writer/split_tiny_budget_1MiB,6,82.0844,response_head_ms,65.067
writer,writer/split_tiny_budget_1MiB,6,82.0844,response_heads,4
writer,writer/split_tiny_budget_1MiB,6,82.0844,running_reports,1
writer,writer/split_tiny_budget_1MiB,6,82.0844,served_bytes,12582912
writer,writer/split_tiny_budget_1MiB,6,82.0844,to_first_report,79.578042
writer,writer/split_tiny_budget_1MiB,6,82.0844,total,79.587958
writer,writer/split_tiny_budget_1MiB,6,82.0844,unique_bytes,12582912
writer,writer/split_tiny_budget_1MiB,6,82.0844,verified,1
writer,writer/split_tiny_budget_1MiB,6,82.0844,writer_blocks,55
writer,writer/split_tiny_budget_1MiB,6,82.0844,writer_bytes,12582912
writer,writer/split_tiny_budget_1MiB,6,82.0844,writer_seeks,55
writer,writer/split_prealloc_on,6,85.7471,avg_block_bytes,1048576
writer,writer/split_prealloc_on,6,85.7471,body_reads,778
writer,writer/split_prealloc_on,6,85.7471,body_wait_ms,145.466
writer,writer/split_prealloc_on,6,85.7471,cache_copied_bytes,12582912
writer,writer/split_prealloc_on,6,85.7471,cache_evicted_bytes,12582912
writer,writer/split_prealloc_on,6,85.7471,checksum_ms,0
writer,writer/split_prealloc_on,6,85.7471,cpu_ms,21.166999999999998
writer,writer/split_prealloc_on,6,85.7471,cpu_percent,24.685387552071155
writer,writer/split_prealloc_on,6,85.7471,distinct_ranges,4
writer,writer/split_prealloc_on,6,85.7471,driver_connections,4
writer,writer/split_prealloc_on,6,85.7471,driver_loops,53
writer,writer/split_prealloc_on,6,85.7471,driver_pauses,7
writer,writer/split_prealloc_on,6,85.7471,duplicate_bytes,0
writer,writer/split_prealloc_on,6,85.7471,failed,0
writer,writer/split_prealloc_on,6,85.7471,file_bytes,12582912
writer,writer/split_prealloc_on,6,85.7471,finalize,0.0010410000000007358
writer,writer/split_prealloc_on,6,85.7471,fsync_calls,1
writer,writer/split_prealloc_on,6,85.7471,fsync_ms,7.167
writer,writer/split_prealloc_on,6,85.7471,prealloc_ms,2.963
writer,writer/split_prealloc_on,6,85.7471,process_peak_rss_bytes,58228736
writer,writer/split_prealloc_on,6,85.7471,report_span,0
writer,writer/split_prealloc_on,6,85.7471,requests,4
writer,writer/split_prealloc_on,6,85.7471,response_head_ms,65.301
writer,writer/split_prealloc_on,6,85.7471,response_heads,4
writer,writer/split_prealloc_on,6,85.7471,running_reports,1
writer,writer/split_prealloc_on,6,85.7471,served_bytes,12582912
writer,writer/split_prealloc_on,6,85.7471,to_first_report,82.67725
writer,writer/split_prealloc_on,6,85.7471,total,82.678291
writer,writer/split_prealloc_on,6,85.7471,unique_bytes,12582912
writer,writer/split_prealloc_on,6,85.7471,verified,1
writer,writer/split_prealloc_on,6,85.7471,writer_blocks,12
writer,writer/split_prealloc_on,6,85.7471,writer_bytes,12582912
writer,writer/split_prealloc_on,6,85.7471,writer_seeks,12
writer,writer/single_conn_4MiB,6,86.0621,avg_block_bytes,16256.992248062015
writer,writer/single_conn_4MiB,6,86.0621,body_reads,259
writer,writer/single_conn_4MiB,6,86.0621,body_wait_ms,71.359
writer,writer/single_conn_4MiB,6,86.0621,cache_copied_bytes,0
writer,writer/single_conn_4MiB,6,86.0621,cache_evicted_bytes,0
writer,writer/single_conn_4MiB,6,86.0621,checksum_ms,0
writer,writer/single_conn_4MiB,6,86.0621,cpu_ms,22.877999999999997
writer,writer/single_conn_4MiB,6,86.0621,cpu_percent,26.583122366546252
writer,writer/single_conn_4MiB,6,86.0621,distinct_ranges,1
writer,writer/single_conn_4MiB,6,86.0621,driver_connections,1
writer,writer/single_conn_4MiB,6,86.0621,driver_loops,37
writer,writer/single_conn_4MiB,6,86.0621,driver_pauses,3
writer,writer/single_conn_4MiB,6,86.0621,duplicate_bytes,0
writer,writer/single_conn_4MiB,6,86.0621,failed,0
writer,writer/single_conn_4MiB,6,86.0621,file_bytes,4194304
writer,writer/single_conn_4MiB,6,86.0621,finalize,7.903541000000004
writer,writer/single_conn_4MiB,6,86.0621,fsync_calls,2
writer,writer/single_conn_4MiB,6,86.0621,fsync_ms,5.758
writer,writer/single_conn_4MiB,6,86.0621,prealloc_ms,0.214
writer,writer/single_conn_4MiB,6,86.0621,process_peak_rss_bytes,66699264
writer,writer/single_conn_4MiB,6,86.0621,report_span,73.527834
writer,writer/single_conn_4MiB,6,86.0621,requests,1
writer,writer/single_conn_4MiB,6,86.0621,response_head_ms,0.541
writer,writer/single_conn_4MiB,6,86.0621,response_heads,1
writer,writer/single_conn_4MiB,6,86.0621,running_reports,16
writer,writer/single_conn_4MiB,6,86.0621,served_bytes,4194304
writer,writer/single_conn_4MiB,6,86.0621,to_first_report,2.1990410000000002
writer,writer/single_conn_4MiB,6,86.0621,total,83.630416
writer,writer/single_conn_4MiB,6,86.0621,unique_bytes,4194304
writer,writer/single_conn_4MiB,6,86.0621,verified,1
writer,writer/single_conn_4MiB,6,86.0621,writer_blocks,258
writer,writer/single_conn_4MiB,6,86.0621,writer_bytes,4194304
writer,writer/single_conn_4MiB,6,86.0621,writer_seeks,258
writer,writer/split_4conns_16KiB_chunks,7,180.8113,avg_block_bytes,1048576
writer,writer/split_4conns_16KiB_chunks,7,180.8113,body_reads,787
writer,writer/split_4conns_16KiB_chunks,7,180.8113,body_wait_ms,171.897
writer,writer/split_4conns_16KiB_chunks,7,180.8113,cache_copied_bytes,12582912
writer,writer/split_4conns_16KiB_chunks,7,180.8113,cache_evicted_bytes,12582912
writer,writer/split_4conns_16KiB_chunks,7,180.8113,checksum_ms,0
writer,writer/split_4conns_16KiB_chunks,7,180.8113,cpu_ms,23.383999999999997
writer,writer/split_4conns_16KiB_chunks,7,180.8113,cpu_percent,12.932823593664661
writer,writer/split_4conns_16KiB_chunks,7,180.8113,distinct_ranges,5
writer,writer/split_4conns_16KiB_chunks,7,180.8113,driver_connections,4
writer,writer/split_4conns_16KiB_chunks,7,180.8113,driver_loops,95
writer,writer/split_4conns_16KiB_chunks,7,180.8113,driver_pauses,7
writer,writer/split_4conns_16KiB_chunks,7,180.8113,duplicate_bytes,0
writer,writer/split_4conns_16KiB_chunks,7,180.8113,failed,0
writer,writer/split_4conns_16KiB_chunks,7,180.8113,file_bytes,12582912
writer,writer/split_4conns_16KiB_chunks,7,180.8113,fsync_calls,1
writer,writer/split_4conns_16KiB_chunks,7,180.8113,fsync_ms,2.873
writer,writer/split_4conns_16KiB_chunks,7,180.8113,prealloc_ms,0.072
writer,writer/split_4conns_16KiB_chunks,7,180.8113,process_peak_rss_bytes,49119232
writer,writer/split_4conns_16KiB_chunks,7,180.8113,requests,5
writer,writer/split_4conns_16KiB_chunks,7,180.8113,response_head_ms,2.319
writer,writer/split_4conns_16KiB_chunks,7,180.8113,response_heads,5
writer,writer/split_4conns_16KiB_chunks,7,180.8113,running_reports,0
writer,writer/split_4conns_16KiB_chunks,7,180.8113,served_bytes,12582912
writer,writer/split_4conns_16KiB_chunks,7,180.8113,total,174.89425
writer,writer/split_4conns_16KiB_chunks,7,180.8113,unique_bytes,12582912
writer,writer/split_4conns_16KiB_chunks,7,180.8113,verified,1
writer,writer/split_4conns_16KiB_chunks,7,180.8113,writer_blocks,12
writer,writer/split_4conns_16KiB_chunks,7,180.8113,writer_bytes,12582912
writer,writer/split_4conns_16KiB_chunks,7,180.8113,writer_seeks,12
writer,writer/split_4conns_1MiB_chunks,7,66.5297,avg_block_bytes,1048576
writer,writer/split_4conns_1MiB_chunks,7,66.5297,body_reads,778
writer,writer/split_4conns_1MiB_chunks,7,66.5297,body_wait_ms,131.558
writer,writer/split_4conns_1MiB_chunks,7,66.5297,cache_copied_bytes,12582912
writer,writer/split_4conns_1MiB_chunks,7,66.5297,cache_evicted_bytes,12582912
writer,writer/split_4conns_1MiB_chunks,7,66.5297,checksum_ms,0
writer,writer/split_4conns_1MiB_chunks,7,66.5297,cpu_ms,28.499000000000002
writer,writer/split_4conns_1MiB_chunks,7,66.5297,cpu_percent,42.83652885260947
writer,writer/split_4conns_1MiB_chunks,7,66.5297,distinct_ranges,4
writer,writer/split_4conns_1MiB_chunks,7,66.5297,driver_connections,4
writer,writer/split_4conns_1MiB_chunks,7,66.5297,driver_loops,56
writer,writer/split_4conns_1MiB_chunks,7,66.5297,driver_pauses,6
writer,writer/split_4conns_1MiB_chunks,7,66.5297,duplicate_bytes,0
writer,writer/split_4conns_1MiB_chunks,7,66.5297,failed,0
writer,writer/split_4conns_1MiB_chunks,7,66.5297,file_bytes,12582912
writer,writer/split_4conns_1MiB_chunks,7,66.5297,finalize,0.0025420000000053733
writer,writer/split_4conns_1MiB_chunks,7,66.5297,fsync_calls,1
writer,writer/split_4conns_1MiB_chunks,7,66.5297,fsync_ms,6.235
writer,writer/split_4conns_1MiB_chunks,7,66.5297,prealloc_ms,0.137
writer,writer/split_4conns_1MiB_chunks,7,66.5297,process_peak_rss_bytes,58720256
writer,writer/split_4conns_1MiB_chunks,7,66.5297,report_span,0
writer,writer/split_4conns_1MiB_chunks,7,66.5297,requests,4
writer,writer/split_4conns_1MiB_chunks,7,66.5297,response_head_ms,3.944
writer,writer/split_4conns_1MiB_chunks,7,66.5297,response_heads,4
writer,writer/split_4conns_1MiB_chunks,7,66.5297,running_reports,1
writer,writer/split_4conns_1MiB_chunks,7,66.5297,served_bytes,12582912
writer,writer/split_4conns_1MiB_chunks,7,66.5297,to_first_report,62.420333
writer,writer/split_4conns_1MiB_chunks,7,66.5297,total,62.422875000000005
writer,writer/split_4conns_1MiB_chunks,7,66.5297,unique_bytes,12582912
writer,writer/split_4conns_1MiB_chunks,7,66.5297,verified,1
writer,writer/split_4conns_1MiB_chunks,7,66.5297,writer_blocks,12
writer,writer/split_4conns_1MiB_chunks,7,66.5297,writer_bytes,12582912
writer,writer/split_4conns_1MiB_chunks,7,66.5297,writer_seeks,12
writer,writer/split_tiny_budget_1MiB,7,191.0719,avg_block_bytes,246723.76470588235
writer,writer/split_tiny_budget_1MiB,7,191.0719,body_reads,781
writer,writer/split_tiny_budget_1MiB,7,191.0719,body_wait_ms,307.838
writer,writer/split_tiny_budget_1MiB,7,191.0719,cache_copied_bytes,12582912
writer,writer/split_tiny_budget_1MiB,7,191.0719,cache_evicted_bytes,12582912
writer,writer/split_tiny_budget_1MiB,7,191.0719,checksum_ms,0
writer,writer/split_tiny_budget_1MiB,7,191.0719,cpu_ms,41.705000000000005
writer,writer/split_tiny_budget_1MiB,7,191.0719,cpu_percent,21.82686009268437
writer,writer/split_tiny_budget_1MiB,7,191.0719,distinct_ranges,4
writer,writer/split_tiny_budget_1MiB,7,191.0719,driver_connections,4
writer,writer/split_tiny_budget_1MiB,7,191.0719,driver_loops,60
writer,writer/split_tiny_budget_1MiB,7,191.0719,driver_pauses,14
writer,writer/split_tiny_budget_1MiB,7,191.0719,duplicate_bytes,0
writer,writer/split_tiny_budget_1MiB,7,191.0719,failed,0
writer,writer/split_tiny_budget_1MiB,7,191.0719,file_bytes,12582912
writer,writer/split_tiny_budget_1MiB,7,191.0719,finalize,0.01700000000002433
writer,writer/split_tiny_budget_1MiB,7,191.0719,fsync_calls,1
writer,writer/split_tiny_budget_1MiB,7,191.0719,fsync_ms,6.748
writer,writer/split_tiny_budget_1MiB,7,191.0719,prealloc_ms,0.194
writer,writer/split_tiny_budget_1MiB,7,191.0719,process_peak_rss_bytes,58982400
writer,writer/split_tiny_budget_1MiB,7,191.0719,report_span,0
writer,writer/split_tiny_budget_1MiB,7,191.0719,requests,4
writer,writer/split_tiny_budget_1MiB,7,191.0719,response_head_ms,78.287
writer,writer/split_tiny_budget_1MiB,7,191.0719,response_heads,4
writer,writer/split_tiny_budget_1MiB,7,191.0719,running_reports,1
writer,writer/split_tiny_budget_1MiB,7,191.0719,served_bytes,12582912
writer,writer/split_tiny_budget_1MiB,7,191.0719,to_first_report,186.402084
writer,writer/split_tiny_budget_1MiB,7,191.0719,total,186.41908400000003
writer,writer/split_tiny_budget_1MiB,7,191.0719,unique_bytes,12582912
writer,writer/split_tiny_budget_1MiB,7,191.0719,verified,1
writer,writer/split_tiny_budget_1MiB,7,191.0719,writer_blocks,51
writer,writer/split_tiny_budget_1MiB,7,191.0719,writer_bytes,12582912
writer,writer/split_tiny_budget_1MiB,7,191.0719,writer_seeks,51
writer,writer/split_prealloc_on,7,255.0260,avg_block_bytes,1048576
writer,writer/split_prealloc_on,7,255.0260,body_reads,779
writer,writer/split_prealloc_on,7,255.0260,body_wait_ms,256.594
writer,writer/split_prealloc_on,7,255.0260,cache_copied_bytes,12582912
writer,writer/split_prealloc_on,7,255.0260,cache_evicted_bytes,12582912
writer,writer/split_prealloc_on,7,255.0260,checksum_ms,0
writer,writer/split_prealloc_on,7,255.0260,cpu_ms,41.951
writer,writer/split_prealloc_on,7,255.0260,cpu_percent,16.44969532518253
writer,writer/split_prealloc_on,7,255.0260,distinct_ranges,4
writer,writer/split_prealloc_on,7,255.0260,driver_connections,4
writer,writer/split_prealloc_on,7,255.0260,driver_loops,74
writer,writer/split_prealloc_on,7,255.0260,driver_pauses,15
writer,writer/split_prealloc_on,7,255.0260,duplicate_bytes,0
writer,writer/split_prealloc_on,7,255.0260,failed,0
writer,writer/split_prealloc_on,7,255.0260,file_bytes,12582912
writer,writer/split_prealloc_on,7,255.0260,finalize,0.01745800000000486
writer,writer/split_prealloc_on,7,255.0260,fsync_calls,1
writer,writer/split_prealloc_on,7,255.0260,fsync_ms,5.555
writer,writer/split_prealloc_on,7,255.0260,prealloc_ms,3.878
writer,writer/split_prealloc_on,7,255.0260,process_peak_rss_bytes,59047936
writer,writer/split_prealloc_on,7,255.0260,report_span,39.071541999999994
writer,writer/split_prealloc_on,7,255.0260,requests,4
writer,writer/split_prealloc_on,7,255.0260,response_head_ms,67.78
writer,writer/split_prealloc_on,7,255.0260,response_heads,4
writer,writer/split_prealloc_on,7,255.0260,running_reports,2
writer,writer/split_prealloc_on,7,255.0260,served_bytes,12582912
writer,writer/split_prealloc_on,7,255.0260,to_first_report,209.592208
writer,writer/split_prealloc_on,7,255.0260,total,248.681208
writer,writer/split_prealloc_on,7,255.0260,unique_bytes,12582912
writer,writer/split_prealloc_on,7,255.0260,verified,1
writer,writer/split_prealloc_on,7,255.0260,writer_blocks,12
writer,writer/split_prealloc_on,7,255.0260,writer_bytes,12582912
writer,writer/split_prealloc_on,7,255.0260,writer_seeks,12
writer,writer/single_conn_4MiB,7,102.6778,avg_block_bytes,16384
writer,writer/single_conn_4MiB,7,102.6778,body_reads,257
writer,writer/single_conn_4MiB,7,102.6778,body_wait_ms,90.522
writer,writer/single_conn_4MiB,7,102.6778,cache_copied_bytes,0
writer,writer/single_conn_4MiB,7,102.6778,cache_evicted_bytes,0
writer,writer/single_conn_4MiB,7,102.6778,checksum_ms,0
writer,writer/single_conn_4MiB,7,102.6778,cpu_ms,27.48499999999998
writer,writer/single_conn_4MiB,7,102.6778,cpu_percent,26.768203196266608
writer,writer/single_conn_4MiB,7,102.6778,distinct_ranges,1
writer,writer/single_conn_4MiB,7,102.6778,driver_connections,1
writer,writer/single_conn_4MiB,7,102.6778,driver_loops,38
writer,writer/single_conn_4MiB,7,102.6778,driver_pauses,4
writer,writer/single_conn_4MiB,7,102.6778,duplicate_bytes,0
writer,writer/single_conn_4MiB,7,102.6778,failed,0
writer,writer/single_conn_4MiB,7,102.6778,file_bytes,4194304
writer,writer/single_conn_4MiB,7,102.6778,finalize,4.843791999999993
writer,writer/single_conn_4MiB,7,102.6778,fsync_calls,2
writer,writer/single_conn_4MiB,7,102.6778,fsync_ms,3.422
writer,writer/single_conn_4MiB,7,102.6778,prealloc_ms,0.207
writer,writer/single_conn_4MiB,7,102.6778,process_peak_rss_bytes,67518464
writer,writer/single_conn_4MiB,7,102.6778,report_span,91.668
writer,writer/single_conn_4MiB,7,102.6778,requests,1
writer,writer/single_conn_4MiB,7,102.6778,response_head_ms,0.61
writer,writer/single_conn_4MiB,7,102.6778,response_heads,1
writer,writer/single_conn_4MiB,7,102.6778,running_reports,16
writer,writer/single_conn_4MiB,7,102.6778,served_bytes,4194304
writer,writer/single_conn_4MiB,7,102.6778,to_first_report,2.496708
writer,writer/single_conn_4MiB,7,102.6778,total,99.0085
writer,writer/single_conn_4MiB,7,102.6778,unique_bytes,4194304
writer,writer/single_conn_4MiB,7,102.6778,verified,1
writer,writer/single_conn_4MiB,7,102.6778,writer_blocks,256
writer,writer/single_conn_4MiB,7,102.6778,writer_bytes,4194304
writer,writer/single_conn_4MiB,7,102.6778,writer_seeks,256
writer,writer/split_4conns_16KiB_chunks,8,62.9445,avg_block_bytes,1048576
writer,writer/split_4conns_16KiB_chunks,8,62.9445,body_reads,794
writer,writer/split_4conns_16KiB_chunks,8,62.9445,body_wait_ms,79.253
writer,writer/split_4conns_16KiB_chunks,8,62.9445,cache_copied_bytes,12582912
writer,writer/split_4conns_16KiB_chunks,8,62.9445,cache_evicted_bytes,12582912
writer,writer/split_4conns_16KiB_chunks,8,62.9445,checksum_ms,0
writer,writer/split_4conns_16KiB_chunks,8,62.9445,cpu_ms,17.038999999999998
writer,writer/split_4conns_16KiB_chunks,8,62.9445,cpu_percent,27.069879020406866
writer,writer/split_4conns_16KiB_chunks,8,62.9445,distinct_ranges,4
writer,writer/split_4conns_16KiB_chunks,8,62.9445,driver_connections,4
writer,writer/split_4conns_16KiB_chunks,8,62.9445,driver_loops,101
writer,writer/split_4conns_16KiB_chunks,8,62.9445,driver_pauses,7
writer,writer/split_4conns_16KiB_chunks,8,62.9445,duplicate_bytes,0
writer,writer/split_4conns_16KiB_chunks,8,62.9445,failed,0
writer,writer/split_4conns_16KiB_chunks,8,62.9445,file_bytes,12582912
writer,writer/split_4conns_16KiB_chunks,8,62.9445,finalize,0.006000000000000227
writer,writer/split_4conns_16KiB_chunks,8,62.9445,fsync_calls,1
writer,writer/split_4conns_16KiB_chunks,8,62.9445,fsync_ms,6.62
writer,writer/split_4conns_16KiB_chunks,8,62.9445,prealloc_ms,0.065
writer,writer/split_4conns_16KiB_chunks,8,62.9445,process_peak_rss_bytes,48332800
writer,writer/split_4conns_16KiB_chunks,8,62.9445,report_span,0
writer,writer/split_4conns_16KiB_chunks,8,62.9445,requests,4
writer,writer/split_4conns_16KiB_chunks,8,62.9445,response_head_ms,1.957
writer,writer/split_4conns_16KiB_chunks,8,62.9445,response_heads,4
writer,writer/split_4conns_16KiB_chunks,8,62.9445,running_reports,1
writer,writer/split_4conns_16KiB_chunks,8,62.9445,served_bytes,12582912
writer,writer/split_4conns_16KiB_chunks,8,62.9445,to_first_report,59.952959
writer,writer/split_4conns_16KiB_chunks,8,62.9445,total,59.958959
writer,writer/split_4conns_16KiB_chunks,8,62.9445,unique_bytes,12582912
writer,writer/split_4conns_16KiB_chunks,8,62.9445,verified,1
writer,writer/split_4conns_16KiB_chunks,8,62.9445,writer_blocks,12
writer,writer/split_4conns_16KiB_chunks,8,62.9445,writer_bytes,12582912
writer,writer/split_4conns_16KiB_chunks,8,62.9445,writer_seeks,12
writer,writer/split_4conns_1MiB_chunks,8,39.4439,avg_block_bytes,1048576
writer,writer/split_4conns_1MiB_chunks,8,39.4439,body_reads,780
writer,writer/split_4conns_1MiB_chunks,8,39.4439,body_wait_ms,55.296
writer,writer/split_4conns_1MiB_chunks,8,39.4439,cache_copied_bytes,12582912
writer,writer/split_4conns_1MiB_chunks,8,39.4439,cache_evicted_bytes,12582912
writer,writer/split_4conns_1MiB_chunks,8,39.4439,checksum_ms,0
writer,writer/split_4conns_1MiB_chunks,8,39.4439,cpu_ms,16.706000000000003
writer,writer/split_4conns_1MiB_chunks,8,39.4439,cpu_percent,42.35380685832513
writer,writer/split_4conns_1MiB_chunks,8,39.4439,distinct_ranges,5
writer,writer/split_4conns_1MiB_chunks,8,39.4439,driver_connections,4
writer,writer/split_4conns_1MiB_chunks,8,39.4439,driver_loops,72
writer,writer/split_4conns_1MiB_chunks,8,39.4439,driver_pauses,6
writer,writer/split_4conns_1MiB_chunks,8,39.4439,duplicate_bytes,0
writer,writer/split_4conns_1MiB_chunks,8,39.4439,failed,0
writer,writer/split_4conns_1MiB_chunks,8,39.4439,file_bytes,12582912
writer,writer/split_4conns_1MiB_chunks,8,39.4439,finalize,0.01833299999999838
writer,writer/split_4conns_1MiB_chunks,8,39.4439,fsync_calls,1
writer,writer/split_4conns_1MiB_chunks,8,39.4439,fsync_ms,7.401
writer,writer/split_4conns_1MiB_chunks,8,39.4439,prealloc_ms,0.069
writer,writer/split_4conns_1MiB_chunks,8,39.4439,process_peak_rss_bytes,57212928
writer,writer/split_4conns_1MiB_chunks,8,39.4439,report_span,0
writer,writer/split_4conns_1MiB_chunks,8,39.4439,requests,5
writer,writer/split_4conns_1MiB_chunks,8,39.4439,response_head_ms,2.196
writer,writer/split_4conns_1MiB_chunks,8,39.4439,response_heads,5
writer,writer/split_4conns_1MiB_chunks,8,39.4439,running_reports,1
writer,writer/split_4conns_1MiB_chunks,8,39.4439,served_bytes,12582912
writer,writer/split_4conns_1MiB_chunks,8,39.4439,to_first_report,36.947209
writer,writer/split_4conns_1MiB_chunks,8,39.4439,total,36.965542
writer,writer/split_4conns_1MiB_chunks,8,39.4439,unique_bytes,12582912
writer,writer/split_4conns_1MiB_chunks,8,39.4439,verified,1
writer,writer/split_4conns_1MiB_chunks,8,39.4439,writer_blocks,12
writer,writer/split_4conns_1MiB_chunks,8,39.4439,writer_bytes,12582912
writer,writer/split_4conns_1MiB_chunks,8,39.4439,writer_seeks,12
writer,writer/split_tiny_budget_1MiB,8,114.9882,avg_block_bytes,241979.07692307694
writer,writer/split_tiny_budget_1MiB,8,114.9882,body_reads,778
writer,writer/split_tiny_budget_1MiB,8,114.9882,body_wait_ms,205.35
writer,writer/split_tiny_budget_1MiB,8,114.9882,cache_copied_bytes,12582912
writer,writer/split_tiny_budget_1MiB,8,114.9882,cache_evicted_bytes,12582912
writer,writer/split_tiny_budget_1MiB,8,114.9882,checksum_ms,0
writer,writer/split_tiny_budget_1MiB,8,114.9882,cpu_ms,20.656000000000002
writer,writer/split_tiny_budget_1MiB,8,114.9882,cpu_percent,17.963581100420317
writer,writer/split_tiny_budget_1MiB,8,114.9882,distinct_ranges,4
writer,writer/split_tiny_budget_1MiB,8,114.9882,driver_connections,4
writer,writer/split_tiny_budget_1MiB,8,114.9882,driver_loops,66
writer,writer/split_tiny_budget_1MiB,8,114.9882,driver_pauses,10
writer,writer/split_tiny_budget_1MiB,8,114.9882,duplicate_bytes,0
writer,writer/split_tiny_budget_1MiB,8,114.9882,failed,0
writer,writer/split_tiny_budget_1MiB,8,114.9882,file_bytes,12582912
writer,writer/split_tiny_budget_1MiB,8,114.9882,finalize,0.006332999999997924
writer,writer/split_tiny_budget_1MiB,8,114.9882,fsync_calls,1
writer,writer/split_tiny_budget_1MiB,8,114.9882,fsync_ms,6.685
writer,writer/split_tiny_budget_1MiB,8,114.9882,prealloc_ms,0.086
writer,writer/split_tiny_budget_1MiB,8,114.9882,process_peak_rss_bytes,57442304
writer,writer/split_tiny_budget_1MiB,8,114.9882,report_span,0
writer,writer/split_tiny_budget_1MiB,8,114.9882,requests,4
writer,writer/split_tiny_budget_1MiB,8,114.9882,response_head_ms,1.57
writer,writer/split_tiny_budget_1MiB,8,114.9882,response_heads,4
writer,writer/split_tiny_budget_1MiB,8,114.9882,running_reports,1
writer,writer/split_tiny_budget_1MiB,8,114.9882,served_bytes,12582912
writer,writer/split_tiny_budget_1MiB,8,114.9882,to_first_report,111.60620899999999
writer,writer/split_tiny_budget_1MiB,8,114.9882,total,111.61254199999999
writer,writer/split_tiny_budget_1MiB,8,114.9882,unique_bytes,12582912
writer,writer/split_tiny_budget_1MiB,8,114.9882,verified,1
writer,writer/split_tiny_budget_1MiB,8,114.9882,writer_blocks,52
writer,writer/split_tiny_budget_1MiB,8,114.9882,writer_bytes,12582912
writer,writer/split_tiny_budget_1MiB,8,114.9882,writer_seeks,52
writer,writer/split_prealloc_on,8,64.8468,avg_block_bytes,1048576
writer,writer/split_prealloc_on,8,64.8468,body_reads,778
writer,writer/split_prealloc_on,8,64.8468,body_wait_ms,76.654
writer,writer/split_prealloc_on,8,64.8468,cache_copied_bytes,12582912
writer,writer/split_prealloc_on,8,64.8468,cache_evicted_bytes,12582912
writer,writer/split_prealloc_on,8,64.8468,checksum_ms,0
writer,writer/split_prealloc_on,8,64.8468,cpu_ms,24.774000000000004
writer,writer/split_prealloc_on,8,64.8468,cpu_percent,38.20387034167113
writer,writer/split_prealloc_on,8,64.8468,distinct_ranges,4
writer,writer/split_prealloc_on,8,64.8468,driver_connections,4
writer,writer/split_prealloc_on,8,64.8468,driver_loops,53
writer,writer/split_prealloc_on,8,64.8468,driver_pauses,5
writer,writer/split_prealloc_on,8,64.8468,duplicate_bytes,0
writer,writer/split_prealloc_on,8,64.8468,failed,0
writer,writer/split_prealloc_on,8,64.8468,file_bytes,12582912
writer,writer/split_prealloc_on,8,64.8468,fsync_calls,1
writer,writer/split_prealloc_on,8,64.8468,fsync_ms,5.486
writer,writer/split_prealloc_on,8,64.8468,prealloc_ms,3.93
writer,writer/split_prealloc_on,8,64.8468,process_peak_rss_bytes,58359808
writer,writer/split_prealloc_on,8,64.8468,requests,4
writer,writer/split_prealloc_on,8,64.8468,response_head_ms,65.747
writer,writer/split_prealloc_on,8,64.8468,response_heads,4
writer,writer/split_prealloc_on,8,64.8468,running_reports,0
writer,writer/split_prealloc_on,8,64.8468,served_bytes,12582912
writer,writer/split_prealloc_on,8,64.8468,total,60.771708000000004
writer,writer/split_prealloc_on,8,64.8468,unique_bytes,12582912
writer,writer/split_prealloc_on,8,64.8468,verified,1
writer,writer/split_prealloc_on,8,64.8468,writer_blocks,12
writer,writer/split_prealloc_on,8,64.8468,writer_bytes,12582912
writer,writer/split_prealloc_on,8,64.8468,writer_seeks,12
writer,writer/single_conn_4MiB,8,82.0106,avg_block_bytes,16320.249027237354
writer,writer/single_conn_4MiB,8,82.0106,body_reads,258
writer,writer/single_conn_4MiB,8,82.0106,body_wait_ms,68.467
writer,writer/single_conn_4MiB,8,82.0106,cache_copied_bytes,0
writer,writer/single_conn_4MiB,8,82.0106,cache_evicted_bytes,0
writer,writer/single_conn_4MiB,8,82.0106,checksum_ms,0
writer,writer/single_conn_4MiB,8,82.0106,cpu_ms,21.433999999999994
writer,writer/single_conn_4MiB,8,82.0106,cpu_percent,26.135637912770438
writer,writer/single_conn_4MiB,8,82.0106,distinct_ranges,1
writer,writer/single_conn_4MiB,8,82.0106,driver_connections,1
writer,writer/single_conn_4MiB,8,82.0106,driver_loops,35
writer,writer/single_conn_4MiB,8,82.0106,driver_pauses,3
writer,writer/single_conn_4MiB,8,82.0106,duplicate_bytes,0
writer,writer/single_conn_4MiB,8,82.0106,failed,0
writer,writer/single_conn_4MiB,8,82.0106,file_bytes,4194304
writer,writer/single_conn_4MiB,8,82.0106,finalize,7.3671250000000015
writer,writer/single_conn_4MiB,8,82.0106,fsync_calls,2
writer,writer/single_conn_4MiB,8,82.0106,fsync_ms,5.153
writer,writer/single_conn_4MiB,8,82.0106,prealloc_ms,0.11
writer,writer/single_conn_4MiB,8,82.0106,process_peak_rss_bytes,66830336
writer,writer/single_conn_4MiB,8,82.0106,report_span,70.313625
writer,writer/single_conn_4MiB,8,82.0106,requests,1
writer,writer/single_conn_4MiB,8,82.0106,response_head_ms,0.41
writer,writer/single_conn_4MiB,8,82.0106,response_heads,1
writer,writer/single_conn_4MiB,8,82.0106,running_reports,17
writer,writer/single_conn_4MiB,8,82.0106,served_bytes,4194304
writer,writer/single_conn_4MiB,8,82.0106,to_first_report,1.9685420000000002
writer,writer/single_conn_4MiB,8,82.0106,total,79.649292
writer,writer/single_conn_4MiB,8,82.0106,unique_bytes,4194304
writer,writer/single_conn_4MiB,8,82.0106,verified,1
writer,writer/single_conn_4MiB,8,82.0106,writer_blocks,257
writer,writer/single_conn_4MiB,8,82.0106,writer_bytes,4194304
writer,writer/single_conn_4MiB,8,82.0106,writer_seeks,257
writer,writer/split_4conns_16KiB_chunks,9,123.5666,avg_block_bytes,1048576
writer,writer/split_4conns_16KiB_chunks,9,123.5666,body_reads,782
writer,writer/split_4conns_16KiB_chunks,9,123.5666,body_wait_ms,192.782
writer,writer/split_4conns_16KiB_chunks,9,123.5666,cache_copied_bytes,12582912
writer,writer/split_4conns_16KiB_chunks,9,123.5666,cache_evicted_bytes,12582912
writer,writer/split_4conns_16KiB_chunks,9,123.5666,checksum_ms,0
writer,writer/split_4conns_16KiB_chunks,9,123.5666,cpu_ms,18.685
writer,writer/split_4conns_16KiB_chunks,9,123.5666,cpu_percent,15.121402077441907
writer,writer/split_4conns_16KiB_chunks,9,123.5666,distinct_ranges,4
writer,writer/split_4conns_16KiB_chunks,9,123.5666,driver_connections,4
writer,writer/split_4conns_16KiB_chunks,9,123.5666,driver_loops,58
writer,writer/split_4conns_16KiB_chunks,9,123.5666,driver_pauses,8
writer,writer/split_4conns_16KiB_chunks,9,123.5666,duplicate_bytes,0
writer,writer/split_4conns_16KiB_chunks,9,123.5666,failed,0
writer,writer/split_4conns_16KiB_chunks,9,123.5666,file_bytes,12582912
writer,writer/split_4conns_16KiB_chunks,9,123.5666,fsync_calls,1
writer,writer/split_4conns_16KiB_chunks,9,123.5666,fsync_ms,17.103
writer,writer/split_4conns_16KiB_chunks,9,123.5666,prealloc_ms,0.071
writer,writer/split_4conns_16KiB_chunks,9,123.5666,process_peak_rss_bytes,53084160
writer,writer/split_4conns_16KiB_chunks,9,123.5666,requests,4
writer,writer/split_4conns_16KiB_chunks,9,123.5666,response_head_ms,2.183
writer,writer/split_4conns_16KiB_chunks,9,123.5666,response_heads,4
writer,writer/split_4conns_16KiB_chunks,9,123.5666,running_reports,0
writer,writer/split_4conns_16KiB_chunks,9,123.5666,served_bytes,12582912
writer,writer/split_4conns_16KiB_chunks,9,123.5666,total,115.970084
writer,writer/split_4conns_16KiB_chunks,9,123.5666,unique_bytes,12582912
writer,writer/split_4conns_16KiB_chunks,9,123.5666,verified,1
writer,writer/split_4conns_16KiB_chunks,9,123.5666,writer_blocks,12
writer,writer/split_4conns_16KiB_chunks,9,123.5666,writer_bytes,12582912
writer,writer/split_4conns_16KiB_chunks,9,123.5666,writer_seeks,12
writer,writer/split_4conns_1MiB_chunks,9,78.9319,avg_block_bytes,1048576
writer,writer/split_4conns_1MiB_chunks,9,78.9319,body_reads,776
writer,writer/split_4conns_1MiB_chunks,9,78.9319,body_wait_ms,55.089
writer,writer/split_4conns_1MiB_chunks,9,78.9319,cache_copied_bytes,12582912
writer,writer/split_4conns_1MiB_chunks,9,78.9319,cache_evicted_bytes,12582912
writer,writer/split_4conns_1MiB_chunks,9,78.9319,checksum_ms,0
writer,writer/split_4conns_1MiB_chunks,9,78.9319,cpu_ms,14.016
writer,writer/split_4conns_1MiB_chunks,9,78.9319,cpu_percent,17.757084827897472
writer,writer/split_4conns_1MiB_chunks,9,78.9319,distinct_ranges,4
writer,writer/split_4conns_1MiB_chunks,9,78.9319,driver_connections,4
writer,writer/split_4conns_1MiB_chunks,9,78.9319,driver_loops,47
writer,writer/split_4conns_1MiB_chunks,9,78.9319,driver_pauses,7
writer,writer/split_4conns_1MiB_chunks,9,78.9319,duplicate_bytes,0
writer,writer/split_4conns_1MiB_chunks,9,78.9319,failed,0
writer,writer/split_4conns_1MiB_chunks,9,78.9319,file_bytes,12582912
writer,writer/split_4conns_1MiB_chunks,9,78.9319,fsync_calls,1
writer,writer/split_4conns_1MiB_chunks,9,78.9319,fsync_ms,22.612
writer,writer/split_4conns_1MiB_chunks,9,78.9319,prealloc_ms,0.179
writer,writer/split_4conns_1MiB_chunks,9,78.9319,process_peak_rss_bytes,59932672
writer,writer/split_4conns_1MiB_chunks,9,78.9319,requests,4
writer,writer/split_4conns_1MiB_chunks,9,78.9319,response_head_ms,76.478
writer,writer/split_4conns_1MiB_chunks,9,78.9319,response_heads,4
writer,writer/split_4conns_1MiB_chunks,9,78.9319,running_reports,0
writer,writer/split_4conns_1MiB_chunks,9,78.9319,served_bytes,12582912
writer,writer/split_4conns_1MiB_chunks,9,78.9319,total,76.910125
writer,writer/split_4conns_1MiB_chunks,9,78.9319,unique_bytes,12582912
writer,writer/split_4conns_1MiB_chunks,9,78.9319,verified,1
writer,writer/split_4conns_1MiB_chunks,9,78.9319,writer_blocks,12
writer,writer/split_4conns_1MiB_chunks,9,78.9319,writer_bytes,12582912
writer,writer/split_4conns_1MiB_chunks,9,78.9319,writer_seeks,12
writer,writer/split_tiny_budget_1MiB,9,172.5197,avg_block_bytes,228780.21818181817
writer,writer/split_tiny_budget_1MiB,9,172.5197,body_reads,775
writer,writer/split_tiny_budget_1MiB,9,172.5197,body_wait_ms,280.847
writer,writer/split_tiny_budget_1MiB,9,172.5197,cache_copied_bytes,12582912
writer,writer/split_tiny_budget_1MiB,9,172.5197,cache_evicted_bytes,12582912
writer,writer/split_tiny_budget_1MiB,9,172.5197,checksum_ms,0
writer,writer/split_tiny_budget_1MiB,9,172.5197,cpu_ms,19.305000000000003
writer,writer/split_tiny_budget_1MiB,9,172.5197,cpu_percent,11.190025895476246
writer,writer/split_tiny_budget_1MiB,9,172.5197,distinct_ranges,4
writer,writer/split_tiny_budget_1MiB,9,172.5197,driver_connections,4
writer,writer/split_tiny_budget_1MiB,9,172.5197,driver_loops,60
writer,writer/split_tiny_budget_1MiB,9,172.5197,driver_pauses,18
writer,writer/split_tiny_budget_1MiB,9,172.5197,duplicate_bytes,0
writer,writer/split_tiny_budget_1MiB,9,172.5197,failed,0
writer,writer/split_tiny_budget_1MiB,9,172.5197,file_bytes,12582912
writer,writer/split_tiny_budget_1MiB,9,172.5197,finalize,0.013083000000023048
writer,writer/split_tiny_budget_1MiB,9,172.5197,fsync_calls,1
writer,writer/split_tiny_budget_1MiB,9,172.5197,fsync_ms,22.331
writer,writer/split_tiny_budget_1MiB,9,172.5197,prealloc_ms,0.093
writer,writer/split_tiny_budget_1MiB,9,172.5197,process_peak_rss_bytes,60456960
writer,writer/split_tiny_budget_1MiB,9,172.5197,report_span,0
writer,writer/split_tiny_budget_1MiB,9,172.5197,requests,4
writer,writer/split_tiny_budget_1MiB,9,172.5197,response_head_ms,76.889
writer,writer/split_tiny_budget_1MiB,9,172.5197,response_heads,4
writer,writer/split_tiny_budget_1MiB,9,172.5197,running_reports,1
writer,writer/split_tiny_budget_1MiB,9,172.5197,served_bytes,12582912
writer,writer/split_tiny_budget_1MiB,9,172.5197,to_first_report,169.75045799999998
writer,writer/split_tiny_budget_1MiB,9,172.5197,total,169.763541
writer,writer/split_tiny_budget_1MiB,9,172.5197,unique_bytes,12582912
writer,writer/split_tiny_budget_1MiB,9,172.5197,verified,1
writer,writer/split_tiny_budget_1MiB,9,172.5197,writer_blocks,55
writer,writer/split_tiny_budget_1MiB,9,172.5197,writer_bytes,12582912
writer,writer/split_tiny_budget_1MiB,9,172.5197,writer_seeks,55
writer,writer/split_prealloc_on,9,182.3844,avg_block_bytes,1048576
writer,writer/split_prealloc_on,9,182.3844,body_reads,775
writer,writer/split_prealloc_on,9,182.3844,body_wait_ms,321.369
writer,writer/split_prealloc_on,9,182.3844,cache_copied_bytes,12582912
writer,writer/split_prealloc_on,9,182.3844,cache_evicted_bytes,12582912
writer,writer/split_prealloc_on,9,182.3844,checksum_ms,0
writer,writer/split_prealloc_on,9,182.3844,cpu_ms,22.886000000000003
writer,writer/split_prealloc_on,9,182.3844,cpu_percent,12.548221156416014
writer,writer/split_prealloc_on,9,182.3844,distinct_ranges,4
writer,writer/split_prealloc_on,9,182.3844,driver_connections,4
writer,writer/split_prealloc_on,9,182.3844,driver_loops,49
writer,writer/split_prealloc_on,9,182.3844,driver_pauses,14
writer,writer/split_prealloc_on,9,182.3844,duplicate_bytes,0
writer,writer/split_prealloc_on,9,182.3844,failed,0
writer,writer/split_prealloc_on,9,182.3844,file_bytes,12582912
writer,writer/split_prealloc_on,9,182.3844,finalize,0.015457999999995309
writer,writer/split_prealloc_on,9,182.3844,fsync_calls,1
writer,writer/split_prealloc_on,9,182.3844,fsync_ms,30.298
writer,writer/split_prealloc_on,9,182.3844,prealloc_ms,3.457
writer,writer/split_prealloc_on,9,182.3844,process_peak_rss_bytes,61652992
writer,writer/split_prealloc_on,9,182.3844,report_span,0
writer,writer/split_prealloc_on,9,182.3844,requests,4
writer,writer/split_prealloc_on,9,182.3844,response_head_ms,61.93
writer,writer/split_prealloc_on,9,182.3844,response_heads,4
writer,writer/split_prealloc_on,9,182.3844,running_reports,1
writer,writer/split_prealloc_on,9,182.3844,served_bytes,12582912
writer,writer/split_prealloc_on,9,182.3844,to_first_report,179.2665
writer,writer/split_prealloc_on,9,182.3844,total,179.281958
writer,writer/split_prealloc_on,9,182.3844,unique_bytes,12582912
writer,writer/split_prealloc_on,9,182.3844,verified,1
writer,writer/split_prealloc_on,9,182.3844,writer_blocks,12
writer,writer/split_prealloc_on,9,182.3844,writer_bytes,12582912
writer,writer/split_prealloc_on,9,182.3844,writer_seeks,12
writer,writer/single_conn_4MiB,9,176.2810,avg_block_bytes,16384
writer,writer/single_conn_4MiB,9,176.2810,body_reads,257
writer,writer/single_conn_4MiB,9,176.2810,body_wait_ms,140.507
writer,writer/single_conn_4MiB,9,176.2810,cache_copied_bytes,0
writer,writer/single_conn_4MiB,9,176.2810,cache_evicted_bytes,0
writer,writer/single_conn_4MiB,9,176.2810,checksum_ms,0
writer,writer/single_conn_4MiB,9,176.2810,cpu_ms,18.333000000000002
writer,writer/single_conn_4MiB,9,176.2810,cpu_percent,10.399875407983659
writer,writer/single_conn_4MiB,9,176.2810,distinct_ranges,1
writer,writer/single_conn_4MiB,9,176.2810,driver_connections,1
writer,writer/single_conn_4MiB,9,176.2810,driver_loops,33
writer,writer/single_conn_4MiB,9,176.2810,driver_pauses,6
writer,writer/single_conn_4MiB,9,176.2810,duplicate_bytes,0
writer,writer/single_conn_4MiB,9,176.2810,failed,0
writer,writer/single_conn_4MiB,9,176.2810,file_bytes,4194304
writer,writer/single_conn_4MiB,9,176.2810,finalize,31.033708000000047
writer,writer/single_conn_4MiB,9,176.2810,fsync_calls,2
writer,writer/single_conn_4MiB,9,176.2810,fsync_ms,29.118
writer,writer/single_conn_4MiB,9,176.2810,prealloc_ms,0.156
writer,writer/single_conn_4MiB,9,176.2810,process_peak_rss_bytes,65191936
writer,writer/single_conn_4MiB,9,176.2810,report_span,141.129542
writer,writer/single_conn_4MiB,9,176.2810,requests,1
writer,writer/single_conn_4MiB,9,176.2810,response_head_ms,0.478
writer,writer/single_conn_4MiB,9,176.2810,response_heads,1
writer,writer/single_conn_4MiB,9,176.2810,running_reports,17
writer,writer/single_conn_4MiB,9,176.2810,served_bytes,4194304
writer,writer/single_conn_4MiB,9,176.2810,to_first_report,2.117708
writer,writer/single_conn_4MiB,9,176.2810,total,174.28095800000003
writer,writer/single_conn_4MiB,9,176.2810,unique_bytes,4194304
writer,writer/single_conn_4MiB,9,176.2810,verified,1
writer,writer/single_conn_4MiB,9,176.2810,writer_blocks,256
writer,writer/single_conn_4MiB,9,176.2810,writer_bytes,4194304
writer,writer/single_conn_4MiB,9,176.2810,writer_seeks,256
writer,writer/split_4conns_16KiB_chunks,10,205.4287,avg_block_bytes,1048576
writer,writer/split_4conns_16KiB_chunks,10,205.4287,body_reads,774
writer,writer/split_4conns_16KiB_chunks,10,205.4287,body_wait_ms,329.728
writer,writer/split_4conns_16KiB_chunks,10,205.4287,cache_copied_bytes,12582912
writer,writer/split_4conns_16KiB_chunks,10,205.4287,cache_evicted_bytes,12582912
writer,writer/split_4conns_16KiB_chunks,10,205.4287,checksum_ms,0
writer,writer/split_4conns_16KiB_chunks,10,205.4287,cpu_ms,24.346000000000004
writer,writer/split_4conns_16KiB_chunks,10,205.4287,cpu_percent,11.851310977650405
writer,writer/split_4conns_16KiB_chunks,10,205.4287,distinct_ranges,4
writer,writer/split_4conns_16KiB_chunks,10,205.4287,driver_connections,4
writer,writer/split_4conns_16KiB_chunks,10,205.4287,driver_loops,66
writer,writer/split_4conns_16KiB_chunks,10,205.4287,driver_pauses,14
writer,writer/split_4conns_16KiB_chunks,10,205.4287,duplicate_bytes,0
writer,writer/split_4conns_16KiB_chunks,10,205.4287,failed,0
writer,writer/split_4conns_16KiB_chunks,10,205.4287,file_bytes,12582912
writer,writer/split_4conns_16KiB_chunks,10,205.4287,fsync_calls,1
writer,writer/split_4conns_16KiB_chunks,10,205.4287,fsync_ms,10.538
writer,writer/split_4conns_16KiB_chunks,10,205.4287,prealloc_ms,0.126
writer,writer/split_4conns_16KiB_chunks,10,205.4287,process_peak_rss_bytes,48365568
writer,writer/split_4conns_16KiB_chunks,10,205.4287,requests,4
writer,writer/split_4conns_16KiB_chunks,10,205.4287,response_head_ms,62.113
writer,writer/split_4conns_16KiB_chunks,10,205.4287,response_heads,4
writer,writer/split_4conns_16KiB_chunks,10,205.4287,running_reports,0
writer,writer/split_4conns_16KiB_chunks,10,205.4287,served_bytes,12582912
writer,writer/split_4conns_16KiB_chunks,10,205.4287,total,200.24875
writer,writer/split_4conns_16KiB_chunks,10,205.4287,unique_bytes,12582912
writer,writer/split_4conns_16KiB_chunks,10,205.4287,verified,1
writer,writer/split_4conns_16KiB_chunks,10,205.4287,writer_blocks,12
writer,writer/split_4conns_16KiB_chunks,10,205.4287,writer_bytes,12582912
writer,writer/split_4conns_16KiB_chunks,10,205.4287,writer_seeks,12
writer,writer/split_4conns_1MiB_chunks,10,96.3361,avg_block_bytes,1048576
writer,writer/split_4conns_1MiB_chunks,10,96.3361,body_reads,774
writer,writer/split_4conns_1MiB_chunks,10,96.3361,body_wait_ms,131.265
writer,writer/split_4conns_1MiB_chunks,10,96.3361,cache_copied_bytes,12582912
writer,writer/split_4conns_1MiB_chunks,10,96.3361,cache_evicted_bytes,12582912
writer,writer/split_4conns_1MiB_chunks,10,96.3361,checksum_ms,0
writer,writer/split_4conns_1MiB_chunks,10,96.3361,cpu_ms,19.658
writer,writer/split_4conns_1MiB_chunks,10,96.3361,cpu_percent,20.405645930196272
writer,writer/split_4conns_1MiB_chunks,10,96.3361,distinct_ranges,5
writer,writer/split_4conns_1MiB_chunks,10,96.3361,driver_connections,4
writer,writer/split_4conns_1MiB_chunks,10,96.3361,driver_loops,42
writer,writer/split_4conns_1MiB_chunks,10,96.3361,driver_pauses,12
writer,writer/split_4conns_1MiB_chunks,10,96.3361,duplicate_bytes,0
writer,writer/split_4conns_1MiB_chunks,10,96.3361,failed,0
writer,writer/split_4conns_1MiB_chunks,10,96.3361,file_bytes,12582912
writer,writer/split_4conns_1MiB_chunks,10,96.3361,finalize,0.0013749999999959073
writer,writer/split_4conns_1MiB_chunks,10,96.3361,fsync_calls,1
writer,writer/split_4conns_1MiB_chunks,10,96.3361,fsync_ms,7.046
writer,writer/split_4conns_1MiB_chunks,10,96.3361,prealloc_ms,0.254
writer,writer/split_4conns_1MiB_chunks,10,96.3361,process_peak_rss_bytes,58277888
writer,writer/split_4conns_1MiB_chunks,10,96.3361,report_span,0
writer,writer/split_4conns_1MiB_chunks,10,96.3361,requests,5
writer,writer/split_4conns_1MiB_chunks,10,96.3361,response_head_ms,91.2
writer,writer/split_4conns_1MiB_chunks,10,96.3361,response_heads,5
writer,writer/split_4conns_1MiB_chunks,10,96.3361,running_reports,1
writer,writer/split_4conns_1MiB_chunks,10,96.3361,served_bytes,12582912
writer,writer/split_4conns_1MiB_chunks,10,96.3361,to_first_report,91.756167
writer,writer/split_4conns_1MiB_chunks,10,96.3361,total,91.757542
writer,writer/split_4conns_1MiB_chunks,10,96.3361,unique_bytes,12582912
writer,writer/split_4conns_1MiB_chunks,10,96.3361,verified,1
writer,writer/split_4conns_1MiB_chunks,10,96.3361,writer_blocks,12
writer,writer/split_4conns_1MiB_chunks,10,96.3361,writer_bytes,12582912
writer,writer/split_4conns_1MiB_chunks,10,96.3361,writer_seeks,12
writer,writer/split_tiny_budget_1MiB,10,242.2025,avg_block_bytes,187804.6567164179
writer,writer/split_tiny_budget_1MiB,10,242.2025,body_reads,777
writer,writer/split_tiny_budget_1MiB,10,242.2025,body_wait_ms,569.93
writer,writer/split_tiny_budget_1MiB,10,242.2025,cache_copied_bytes,12582912
writer,writer/split_tiny_budget_1MiB,10,242.2025,cache_evicted_bytes,12582912
writer,writer/split_tiny_budget_1MiB,10,242.2025,checksum_ms,0
writer,writer/split_tiny_budget_1MiB,10,242.2025,cpu_ms,38.86299999999999
writer,writer/split_tiny_budget_1MiB,10,242.2025,cpu_percent,16.045664268535624
writer,writer/split_tiny_budget_1MiB,10,242.2025,distinct_ranges,4
writer,writer/split_tiny_budget_1MiB,10,242.2025,driver_connections,4
writer,writer/split_tiny_budget_1MiB,10,242.2025,driver_loops,46
writer,writer/split_tiny_budget_1MiB,10,242.2025,driver_pauses,24
writer,writer/split_tiny_budget_1MiB,10,242.2025,duplicate_bytes,0
writer,writer/split_tiny_budget_1MiB,10,242.2025,failed,0
writer,writer/split_tiny_budget_1MiB,10,242.2025,file_bytes,12582912
writer,writer/split_tiny_budget_1MiB,10,242.2025,finalize,0.057041999999995596
writer,writer/split_tiny_budget_1MiB,10,242.2025,fsync_calls,1
writer,writer/split_tiny_budget_1MiB,10,242.2025,fsync_ms,7.159
writer,writer/split_tiny_budget_1MiB,10,242.2025,prealloc_ms,0.283
writer,writer/split_tiny_budget_1MiB,10,242.2025,process_peak_rss_bytes,58474496
writer,writer/split_tiny_budget_1MiB,10,242.2025,report_span,30.661
writer,writer/split_tiny_budget_1MiB,10,242.2025,requests,4
writer,writer/split_tiny_budget_1MiB,10,242.2025,response_head_ms,68.873
writer,writer/split_tiny_budget_1MiB,10,242.2025,response_heads,4
writer,writer/split_tiny_budget_1MiB,10,242.2025,running_reports,2
writer,writer/split_tiny_budget_1MiB,10,242.2025,served_bytes,12582912
writer,writer/split_tiny_budget_1MiB,10,242.2025,to_first_report,204.885292
writer,writer/split_tiny_budget_1MiB,10,242.2025,total,235.603334
writer,writer/split_tiny_budget_1MiB,10,242.2025,unique_bytes,12582912
writer,writer/split_tiny_budget_1MiB,10,242.2025,verified,1
writer,writer/split_tiny_budget_1MiB,10,242.2025,writer_blocks,67
writer,writer/split_tiny_budget_1MiB,10,242.2025,writer_bytes,12582912
writer,writer/split_tiny_budget_1MiB,10,242.2025,writer_seeks,67
writer,writer/split_prealloc_on,10,120.2578,avg_block_bytes,1048576
writer,writer/split_prealloc_on,10,120.2578,body_reads,783
writer,writer/split_prealloc_on,10,120.2578,body_wait_ms,196.958
writer,writer/split_prealloc_on,10,120.2578,cache_copied_bytes,12582912
writer,writer/split_prealloc_on,10,120.2578,cache_evicted_bytes,12582912
writer,writer/split_prealloc_on,10,120.2578,checksum_ms,0
writer,writer/split_prealloc_on,10,120.2578,cpu_ms,38.67299999999999
writer,writer/split_prealloc_on,10,120.2578,cpu_percent,32.158426380004606
writer,writer/split_prealloc_on,10,120.2578,distinct_ranges,5
writer,writer/split_prealloc_on,10,120.2578,driver_connections,4
writer,writer/split_prealloc_on,10,120.2578,driver_loops,53
writer,writer/split_prealloc_on,10,120.2578,driver_pauses,12
writer,writer/split_prealloc_on,10,120.2578,duplicate_bytes,0
writer,writer/split_prealloc_on,10,120.2578,failed,0
writer,writer/split_prealloc_on,10,120.2578,file_bytes,12582912
writer,writer/split_prealloc_on,10,120.2578,fsync_calls,1
writer,writer/split_prealloc_on,10,120.2578,fsync_ms,7.714
writer,writer/split_prealloc_on,10,120.2578,prealloc_ms,3.977
writer,writer/split_prealloc_on,10,120.2578,process_peak_rss_bytes,58802176
writer,writer/split_prealloc_on,10,120.2578,requests,5
writer,writer/split_prealloc_on,10,120.2578,response_head_ms,66.155
writer,writer/split_prealloc_on,10,120.2578,response_heads,5
writer,writer/split_prealloc_on,10,120.2578,running_reports,0
writer,writer/split_prealloc_on,10,120.2578,served_bytes,12582912
writer,writer/split_prealloc_on,10,120.2578,total,114.913375
writer,writer/split_prealloc_on,10,120.2578,unique_bytes,12582912
writer,writer/split_prealloc_on,10,120.2578,verified,1
writer,writer/split_prealloc_on,10,120.2578,writer_blocks,12
writer,writer/split_prealloc_on,10,120.2578,writer_bytes,12582912
writer,writer/split_prealloc_on,10,120.2578,writer_seeks,12
writer,writer/single_conn_4MiB,10,83.0958,avg_block_bytes,16256.992248062015
writer,writer/single_conn_4MiB,10,83.0958,body_reads,259
writer,writer/single_conn_4MiB,10,83.0958,body_wait_ms,69.291
writer,writer/single_conn_4MiB,10,83.0958,cache_copied_bytes,0
writer,writer/single_conn_4MiB,10,83.0958,cache_evicted_bytes,0
writer,writer/single_conn_4MiB,10,83.0958,checksum_ms,0
writer,writer/single_conn_4MiB,10,83.0958,cpu_ms,23.48900000000001
writer,writer/single_conn_4MiB,10,83.0958,cpu_percent,28.267361754862478
writer,writer/single_conn_4MiB,10,83.0958,distinct_ranges,1
writer,writer/single_conn_4MiB,10,83.0958,driver_connections,1
writer,writer/single_conn_4MiB,10,83.0958,driver_loops,38
writer,writer/single_conn_4MiB,10,83.0958,driver_pauses,3
writer,writer/single_conn_4MiB,10,83.0958,duplicate_bytes,0
writer,writer/single_conn_4MiB,10,83.0958,failed,0
writer,writer/single_conn_4MiB,10,83.0958,file_bytes,4194304
writer,writer/single_conn_4MiB,10,83.0958,finalize,8.275582999999997
writer,writer/single_conn_4MiB,10,83.0958,fsync_calls,2
writer,writer/single_conn_4MiB,10,83.0958,fsync_ms,5.743
writer,writer/single_conn_4MiB,10,83.0958,prealloc_ms,0.17
writer,writer/single_conn_4MiB,10,83.0958,process_peak_rss_bytes,66945024
writer,writer/single_conn_4MiB,10,83.0958,report_span,71.41525
writer,writer/single_conn_4MiB,10,83.0958,requests,1
writer,writer/single_conn_4MiB,10,83.0958,response_head_ms,0.674
writer,writer/single_conn_4MiB,10,83.0958,response_heads,1
writer,writer/single_conn_4MiB,10,83.0958,running_reports,16
writer,writer/single_conn_4MiB,10,83.0958,served_bytes,4194304
writer,writer/single_conn_4MiB,10,83.0958,to_first_report,1.353875
writer,writer/single_conn_4MiB,10,83.0958,total,81.044708
writer,writer/single_conn_4MiB,10,83.0958,unique_bytes,4194304
writer,writer/single_conn_4MiB,10,83.0958,verified,1
writer,writer/single_conn_4MiB,10,83.0958,writer_blocks,258
writer,writer/single_conn_4MiB,10,83.0958,writer_bytes,4194304
writer,writer/single_conn_4MiB,10,83.0958,writer_seeks,258
writer,writer/split_4conns_16KiB_chunks,11,191.4844,avg_block_bytes,1048576
writer,writer/split_4conns_16KiB_chunks,11,191.4844,body_reads,787
writer,writer/split_4conns_16KiB_chunks,11,191.4844,body_wait_ms,177
writer,writer/split_4conns_16KiB_chunks,11,191.4844,cache_copied_bytes,12582912
writer,writer/split_4conns_16KiB_chunks,11,191.4844,cache_evicted_bytes,12582912
writer,writer/split_4conns_16KiB_chunks,11,191.4844,checksum_ms,0
writer,writer/split_4conns_16KiB_chunks,11,191.4844,cpu_ms,27.377000000000002
writer,writer/split_4conns_16KiB_chunks,11,191.4844,cpu_percent,14.297247040720016
writer,writer/split_4conns_16KiB_chunks,11,191.4844,distinct_ranges,5
writer,writer/split_4conns_16KiB_chunks,11,191.4844,driver_connections,4
writer,writer/split_4conns_16KiB_chunks,11,191.4844,driver_loops,118
writer,writer/split_4conns_16KiB_chunks,11,191.4844,driver_pauses,7
writer,writer/split_4conns_16KiB_chunks,11,191.4844,duplicate_bytes,0
writer,writer/split_4conns_16KiB_chunks,11,191.4844,failed,0
writer,writer/split_4conns_16KiB_chunks,11,191.4844,file_bytes,12582912
writer,writer/split_4conns_16KiB_chunks,11,191.4844,finalize,0.013707999999979847
writer,writer/split_4conns_16KiB_chunks,11,191.4844,fsync_calls,1
writer,writer/split_4conns_16KiB_chunks,11,191.4844,fsync_ms,8.459
writer,writer/split_4conns_16KiB_chunks,11,191.4844,prealloc_ms,0.063
writer,writer/split_4conns_16KiB_chunks,11,191.4844,process_peak_rss_bytes,49086464
writer,writer/split_4conns_16KiB_chunks,11,191.4844,report_span,0
writer,writer/split_4conns_16KiB_chunks,11,191.4844,requests,5
writer,writer/split_4conns_16KiB_chunks,11,191.4844,response_head_ms,2.362
writer,writer/split_4conns_16KiB_chunks,11,191.4844,response_heads,5
writer,writer/split_4conns_16KiB_chunks,11,191.4844,running_reports,1
writer,writer/split_4conns_16KiB_chunks,11,191.4844,served_bytes,12582912
writer,writer/split_4conns_16KiB_chunks,11,191.4844,to_first_report,185.025042
writer,writer/split_4conns_16KiB_chunks,11,191.4844,total,185.03875
writer,writer/split_4conns_16KiB_chunks,11,191.4844,unique_bytes,12582912
writer,writer/split_4conns_16KiB_chunks,11,191.4844,verified,1
writer,writer/split_4conns_16KiB_chunks,11,191.4844,writer_blocks,12
writer,writer/split_4conns_16KiB_chunks,11,191.4844,writer_bytes,12582912
writer,writer/split_4conns_16KiB_chunks,11,191.4844,writer_seeks,12
writer,writer/split_4conns_1MiB_chunks,11,219.4505,avg_block_bytes,1048576
writer,writer/split_4conns_1MiB_chunks,11,219.4505,body_reads,777
writer,writer/split_4conns_1MiB_chunks,11,219.4505,body_wait_ms,205.317
writer,writer/split_4conns_1MiB_chunks,11,219.4505,cache_copied_bytes,12582912
writer,writer/split_4conns_1MiB_chunks,11,219.4505,cache_evicted_bytes,12582912
writer,writer/split_4conns_1MiB_chunks,11,219.4505,checksum_ms,0
writer,writer/split_4conns_1MiB_chunks,11,219.4505,cpu_ms,38.907999999999994
writer,writer/split_4conns_1MiB_chunks,11,219.4505,cpu_percent,17.729741990331135
writer,writer/split_4conns_1MiB_chunks,11,219.4505,distinct_ranges,4
writer,writer/split_4conns_1MiB_chunks,11,219.4505,driver_connections,4
writer,writer/split_4conns_1MiB_chunks,11,219.4505,driver_loops,72
writer,writer/split_4conns_1MiB_chunks,11,219.4505,driver_pauses,8
writer,writer/split_4conns_1MiB_chunks,11,219.4505,duplicate_bytes,0
writer,writer/split_4conns_1MiB_chunks,11,219.4505,failed,0
writer,writer/split_4conns_1MiB_chunks,11,219.4505,file_bytes,12582912
writer,writer/split_4conns_1MiB_chunks,11,219.4505,finalize,0.01816699999997695
writer,writer/split_4conns_1MiB_chunks,11,219.4505,fsync_calls,1
writer,writer/split_4conns_1MiB_chunks,11,219.4505,fsync_ms,5.925
writer,writer/split_4conns_1MiB_chunks,11,219.4505,prealloc_ms,0.175
writer,writer/split_4conns_1MiB_chunks,11,219.4505,process_peak_rss_bytes,55115776
writer,writer/split_4conns_1MiB_chunks,11,219.4505,report_span,9.316291000000007
writer,writer/split_4conns_1MiB_chunks,11,219.4505,requests,4
writer,writer/split_4conns_1MiB_chunks,11,219.4505,response_head_ms,81.037
writer,writer/split_4conns_1MiB_chunks,11,219.4505,response_heads,4
writer,writer/split_4conns_1MiB_chunks,11,219.4505,running_reports,2
writer,writer/split_4conns_1MiB_chunks,11,219.4505,served_bytes,12582912
writer,writer/split_4conns_1MiB_chunks,11,219.4505,to_first_report,204.160209
writer,writer/split_4conns_1MiB_chunks,11,219.4505,total,213.494667
writer,writer/split_4conns_1MiB_chunks,11,219.4505,unique_bytes,12582912
writer,writer/split_4conns_1MiB_chunks,11,219.4505,verified,1
writer,writer/split_4conns_1MiB_chunks,11,219.4505,writer_blocks,12
writer,writer/split_4conns_1MiB_chunks,11,219.4505,writer_bytes,12582912
writer,writer/split_4conns_1MiB_chunks,11,219.4505,writer_seeks,12
writer,writer/split_tiny_budget_1MiB,11,253.3510,avg_block_bytes,193583.26153846155
writer,writer/split_tiny_budget_1MiB,11,253.3510,body_reads,778
writer,writer/split_tiny_budget_1MiB,11,253.3510,body_wait_ms,406.538
writer,writer/split_tiny_budget_1MiB,11,253.3510,cache_copied_bytes,12582912
writer,writer/split_tiny_budget_1MiB,11,253.3510,cache_evicted_bytes,12582912
writer,writer/split_tiny_budget_1MiB,11,253.3510,checksum_ms,0
writer,writer/split_tiny_budget_1MiB,11,253.3510,cpu_ms,33.639
writer,writer/split_tiny_budget_1MiB,11,253.3510,cpu_percent,13.277624543093944
writer,writer/split_tiny_budget_1MiB,11,253.3510,distinct_ranges,4
writer,writer/split_tiny_budget_1MiB,11,253.3510,driver_connections,4
writer,writer/split_tiny_budget_1MiB,11,253.3510,driver_loops,53
writer,writer/split_tiny_budget_1MiB,11,253.3510,driver_pauses,23
writer,writer/split_tiny_budget_1MiB,11,253.3510,duplicate_bytes,0
writer,writer/split_tiny_budget_1MiB,11,253.3510,failed,0
writer,writer/split_tiny_budget_1MiB,11,253.3510,file_bytes,12582912
writer,writer/split_tiny_budget_1MiB,11,253.3510,finalize,0.00891600000002768
writer,writer/split_tiny_budget_1MiB,11,253.3510,fsync_calls,1
writer,writer/split_tiny_budget_1MiB,11,253.3510,fsync_ms,6.24
writer,writer/split_tiny_budget_1MiB,11,253.3510,prealloc_ms,0.351
writer,writer/split_tiny_budget_1MiB,11,253.3510,process_peak_rss_bytes,55853056
writer,writer/split_tiny_budget_1MiB,11,253.3510,report_span,47.054542
writer,writer/split_tiny_budget_1MiB,11,253.3510,requests,4
writer,writer/split_tiny_budget_1MiB,11,253.3510,response_head_ms,96.578
writer,writer/split_tiny_budget_1MiB,11,253.3510,response_heads,4
writer,writer/split_tiny_budget_1MiB,11,253.3510,running_reports,2
writer,writer/split_tiny_budget_1MiB,11,253.3510,served_bytes,12582912
writer,writer/split_tiny_budget_1MiB,11,253.3510,to_first_report,204.297667
writer,writer/split_tiny_budget_1MiB,11,253.3510,total,251.36112500000002
writer,writer/split_tiny_budget_1MiB,11,253.3510,unique_bytes,12582912
writer,writer/split_tiny_budget_1MiB,11,253.3510,verified,1
writer,writer/split_tiny_budget_1MiB,11,253.3510,writer_blocks,65
writer,writer/split_tiny_budget_1MiB,11,253.3510,writer_bytes,12582912
writer,writer/split_tiny_budget_1MiB,11,253.3510,writer_seeks,65
writer,writer/split_prealloc_on,11,135.1735,avg_block_bytes,1048576
writer,writer/split_prealloc_on,11,135.1735,body_reads,776
writer,writer/split_prealloc_on,11,135.1735,body_wait_ms,239.349
writer,writer/split_prealloc_on,11,135.1735,cache_copied_bytes,12582912
writer,writer/split_prealloc_on,11,135.1735,cache_evicted_bytes,12582912
writer,writer/split_prealloc_on,11,135.1735,checksum_ms,0
writer,writer/split_prealloc_on,11,135.1735,cpu_ms,20.369
writer,writer/split_prealloc_on,11,135.1735,cpu_percent,15.068786543370175
writer,writer/split_prealloc_on,11,135.1735,distinct_ranges,5
writer,writer/split_prealloc_on,11,135.1735,driver_connections,4
writer,writer/split_prealloc_on,11,135.1735,driver_loops,47
writer,writer/split_prealloc_on,11,135.1735,driver_pauses,12
writer,writer/split_prealloc_on,11,135.1735,duplicate_bytes,0
writer,writer/split_prealloc_on,11,135.1735,failed,0
writer,writer/split_prealloc_on,11,135.1735,file_bytes,12582912
writer,writer/split_prealloc_on,11,135.1735,finalize,0.01116699999997195
writer,writer/split_prealloc_on,11,135.1735,fsync_calls,1
writer,writer/split_prealloc_on,11,135.1735,fsync_ms,8.101
writer,writer/split_prealloc_on,11,135.1735,prealloc_ms,3.132
writer,writer/split_prealloc_on,11,135.1735,process_peak_rss_bytes,57540608
writer,writer/split_prealloc_on,11,135.1735,report_span,0
writer,writer/split_prealloc_on,11,135.1735,requests,5
writer,writer/split_prealloc_on,11,135.1735,response_head_ms,89.398
writer,writer/split_prealloc_on,11,135.1735,response_heads,5
writer,writer/split_prealloc_on,11,135.1735,running_reports,1
writer,writer/split_prealloc_on,11,135.1735,served_bytes,12582912
writer,writer/split_prealloc_on,11,135.1735,to_first_report,131.612208
writer,writer/split_prealloc_on,11,135.1735,total,131.62337499999998
writer,writer/split_prealloc_on,11,135.1735,unique_bytes,12582912
writer,writer/split_prealloc_on,11,135.1735,verified,1
writer,writer/split_prealloc_on,11,135.1735,writer_blocks,12
writer,writer/split_prealloc_on,11,135.1735,writer_bytes,12582912
writer,writer/split_prealloc_on,11,135.1735,writer_seeks,12
writer,writer/single_conn_4MiB,11,96.0339,avg_block_bytes,16320.249027237354
writer,writer/single_conn_4MiB,11,96.0339,body_reads,258
writer,writer/single_conn_4MiB,11,96.0339,body_wait_ms,87.685
writer,writer/single_conn_4MiB,11,96.0339,cache_copied_bytes,0
writer,writer/single_conn_4MiB,11,96.0339,cache_evicted_bytes,0
writer,writer/single_conn_4MiB,11,96.0339,checksum_ms,0
writer,writer/single_conn_4MiB,11,96.0339,cpu_ms,17.151
writer,writer/single_conn_4MiB,11,96.0339,cpu_percent,17.8593154526782
writer,writer/single_conn_4MiB,11,96.0339,distinct_ranges,1
writer,writer/single_conn_4MiB,11,96.0339,driver_connections,1
writer,writer/single_conn_4MiB,11,96.0339,driver_loops,36
writer,writer/single_conn_4MiB,11,96.0339,driver_pauses,4
writer,writer/single_conn_4MiB,11,96.0339,duplicate_bytes,0
writer,writer/single_conn_4MiB,11,96.0339,failed,0
writer,writer/single_conn_4MiB,11,96.0339,file_bytes,4194304
writer,writer/single_conn_4MiB,11,96.0339,finalize,3.703249999999997
writer,writer/single_conn_4MiB,11,96.0339,fsync_calls,2
writer,writer/single_conn_4MiB,11,96.0339,fsync_ms,3.264
writer,writer/single_conn_4MiB,11,96.0339,prealloc_ms,0.152
writer,writer/single_conn_4MiB,11,96.0339,process_peak_rss_bytes,66011136
writer,writer/single_conn_4MiB,11,96.0339,report_span,89.151084
writer,writer/single_conn_4MiB,11,96.0339,requests,1
writer,writer/single_conn_4MiB,11,96.0339,response_head_ms,0.362
writer,writer/single_conn_4MiB,11,96.0339,response_heads,1
writer,writer/single_conn_4MiB,11,96.0339,running_reports,16
writer,writer/single_conn_4MiB,11,96.0339,served_bytes,4194304
writer,writer/single_conn_4MiB,11,96.0339,to_first_report,1.991625
writer,writer/single_conn_4MiB,11,96.0339,total,94.845959
writer,writer/single_conn_4MiB,11,96.0339,unique_bytes,4194304
writer,writer/single_conn_4MiB,11,96.0339,verified,1
writer,writer/single_conn_4MiB,11,96.0339,writer_blocks,257
writer,writer/single_conn_4MiB,11,96.0339,writer_bytes,4194304
writer,writer/single_conn_4MiB,11,96.0339,writer_seeks,257
writer,writer/split_4conns_16KiB_chunks,12,11.9270,avg_block_bytes,1048576
writer,writer/split_4conns_16KiB_chunks,12,11.9270,body_reads,789
writer,writer/split_4conns_16KiB_chunks,12,11.9270,body_wait_ms,5.638
writer,writer/split_4conns_16KiB_chunks,12,11.9270,cache_copied_bytes,12582912
writer,writer/split_4conns_16KiB_chunks,12,11.9270,cache_evicted_bytes,12582912
writer,writer/split_4conns_16KiB_chunks,12,11.9270,checksum_ms,0
writer,writer/split_4conns_16KiB_chunks,12,11.9270,cpu_ms,14.450999999999999
writer,writer/split_4conns_16KiB_chunks,12,11.9270,cpu_percent,121.16249591890909
writer,writer/split_4conns_16KiB_chunks,12,11.9270,distinct_ranges,4
writer,writer/split_4conns_16KiB_chunks,12,11.9270,driver_connections,4
writer,writer/split_4conns_16KiB_chunks,12,11.9270,driver_loops,77
writer,writer/split_4conns_16KiB_chunks,12,11.9270,driver_pauses,4
writer,writer/split_4conns_16KiB_chunks,12,11.9270,duplicate_bytes,0
writer,writer/split_4conns_16KiB_chunks,12,11.9270,failed,0
writer,writer/split_4conns_16KiB_chunks,12,11.9270,file_bytes,12582912
writer,writer/split_4conns_16KiB_chunks,12,11.9270,finalize,0.0008329999999983073
writer,writer/split_4conns_16KiB_chunks,12,11.9270,fsync_calls,1
writer,writer/split_4conns_16KiB_chunks,12,11.9270,fsync_ms,4.9
writer,writer/split_4conns_16KiB_chunks,12,11.9270,prealloc_ms,0.06
writer,writer/split_4conns_16KiB_chunks,12,11.9270,process_peak_rss_bytes,50003968
writer,writer/split_4conns_16KiB_chunks,12,11.9270,report_span,0
writer,writer/split_4conns_16KiB_chunks,12,11.9270,requests,4
writer,writer/split_4conns_16KiB_chunks,12,11.9270,response_head_ms,1.766
writer,writer/split_4conns_16KiB_chunks,12,11.9270,response_heads,4
writer,writer/split_4conns_16KiB_chunks,12,11.9270,running_reports,1
writer,writer/split_4conns_16KiB_chunks,12,11.9270,served_bytes,12582912
writer,writer/split_4conns_16KiB_chunks,12,11.9270,to_first_report,8.659292
writer,writer/split_4conns_16KiB_chunks,12,11.9270,total,8.660124999999999
writer,writer/split_4conns_16KiB_chunks,12,11.9270,unique_bytes,12582912
writer,writer/split_4conns_16KiB_chunks,12,11.9270,verified,1
writer,writer/split_4conns_16KiB_chunks,12,11.9270,writer_blocks,12
writer,writer/split_4conns_16KiB_chunks,12,11.9270,writer_bytes,12582912
writer,writer/split_4conns_16KiB_chunks,12,11.9270,writer_seeks,12
writer,writer/split_4conns_1MiB_chunks,12,61.8572,avg_block_bytes,1048576
writer,writer/split_4conns_1MiB_chunks,12,61.8572,body_reads,777
writer,writer/split_4conns_1MiB_chunks,12,61.8572,body_wait_ms,100.542
writer,writer/split_4conns_1MiB_chunks,12,61.8572,cache_copied_bytes,12582912
writer,writer/split_4conns_1MiB_chunks,12,61.8572,cache_evicted_bytes,12582912
writer,writer/split_4conns_1MiB_chunks,12,61.8572,checksum_ms,0
writer,writer/split_4conns_1MiB_chunks,12,61.8572,cpu_ms,13.628000000000002
writer,writer/split_4conns_1MiB_chunks,12,61.8572,cpu_percent,22.031385574337598
writer,writer/split_4conns_1MiB_chunks,12,61.8572,distinct_ranges,4
writer,writer/split_4conns_1MiB_chunks,12,61.8572,driver_connections,4
writer,writer/split_4conns_1MiB_chunks,12,61.8572,driver_loops,61
writer,writer/split_4conns_1MiB_chunks,12,61.8572,driver_pauses,5
writer,writer/split_4conns_1MiB_chunks,12,61.8572,duplicate_bytes,0
writer,writer/split_4conns_1MiB_chunks,12,61.8572,failed,0
writer,writer/split_4conns_1MiB_chunks,12,61.8572,file_bytes,12582912
writer,writer/split_4conns_1MiB_chunks,12,61.8572,finalize,0.005875000000003183
writer,writer/split_4conns_1MiB_chunks,12,61.8572,fsync_calls,1
writer,writer/split_4conns_1MiB_chunks,12,61.8572,fsync_ms,8.247
writer,writer/split_4conns_1MiB_chunks,12,61.8572,prealloc_ms,0.063
writer,writer/split_4conns_1MiB_chunks,12,61.8572,process_peak_rss_bytes,57147392
writer,writer/split_4conns_1MiB_chunks,12,61.8572,report_span,0
writer,writer/split_4conns_1MiB_chunks,12,61.8572,requests,4
writer,writer/split_4conns_1MiB_chunks,12,61.8572,response_head_ms,1.507
writer,writer/split_4conns_1MiB_chunks,12,61.8572,response_heads,4
writer,writer/split_4conns_1MiB_chunks,12,61.8572,running_reports,1
writer,writer/split_4conns_1MiB_chunks,12,61.8572,served_bytes,12582912
writer,writer/split_4conns_1MiB_chunks,12,61.8572,to_first_report,60.094625
writer,writer/split_4conns_1MiB_chunks,12,61.8572,total,60.100500000000004
writer,writer/split_4conns_1MiB_chunks,12,61.8572,unique_bytes,12582912
writer,writer/split_4conns_1MiB_chunks,12,61.8572,verified,1
writer,writer/split_4conns_1MiB_chunks,12,61.8572,writer_blocks,12
writer,writer/split_4conns_1MiB_chunks,12,61.8572,writer_bytes,12582912
writer,writer/split_4conns_1MiB_chunks,12,61.8572,writer_seeks,12
writer,writer/split_tiny_budget_1MiB,12,197.7012,avg_block_bytes,251658.24
writer,writer/split_tiny_budget_1MiB,12,197.7012,body_reads,780
writer,writer/split_tiny_budget_1MiB,12,197.7012,body_wait_ms,307.189
writer,writer/split_tiny_budget_1MiB,12,197.7012,cache_copied_bytes,12582912
writer,writer/split_tiny_budget_1MiB,12,197.7012,cache_evicted_bytes,12582912
writer,writer/split_tiny_budget_1MiB,12,197.7012,checksum_ms,0
writer,writer/split_tiny_budget_1MiB,12,197.7012,cpu_ms,16.788000000000004
writer,writer/split_tiny_budget_1MiB,12,197.7012,cpu_percent,8.491600331307973
writer,writer/split_tiny_budget_1MiB,12,197.7012,distinct_ranges,4
writer,writer/split_tiny_budget_1MiB,12,197.7012,driver_connections,4
writer,writer/split_tiny_budget_1MiB,12,197.7012,driver_loops,70
writer,writer/split_tiny_budget_1MiB,12,197.7012,driver_pauses,13
writer,writer/split_tiny_budget_1MiB,12,197.7012,duplicate_bytes,0
writer,writer/split_tiny_budget_1MiB,12,197.7012,failed,0
writer,writer/split_tiny_budget_1MiB,12,197.7012,file_bytes,12582912
writer,writer/split_tiny_budget_1MiB,12,197.7012,finalize,0.008250000000032287
writer,writer/split_tiny_budget_1MiB,12,197.7012,fsync_calls,1
writer,writer/split_tiny_budget_1MiB,12,197.7012,fsync_ms,14.951
writer,writer/split_tiny_budget_1MiB,12,197.7012,prealloc_ms,0.088
writer,writer/split_tiny_budget_1MiB,12,197.7012,process_peak_rss_bytes,57344000
writer,writer/split_tiny_budget_1MiB,12,197.7012,report_span,0
writer,writer/split_tiny_budget_1MiB,12,197.7012,requests,4
writer,writer/split_tiny_budget_1MiB,12,197.7012,response_head_ms,70.445
writer,writer/split_tiny_budget_1MiB,12,197.7012,response_heads,4
writer,writer/split_tiny_budget_1MiB,12,197.7012,running_reports,1
writer,writer/split_tiny_budget_1MiB,12,197.7012,served_bytes,12582912
writer,writer/split_tiny_budget_1MiB,12,197.7012,to_first_report,195.418917
writer,writer/split_tiny_budget_1MiB,12,197.7012,total,195.42716700000003
writer,writer/split_tiny_budget_1MiB,12,197.7012,unique_bytes,12582912
writer,writer/split_tiny_budget_1MiB,12,197.7012,verified,1
writer,writer/split_tiny_budget_1MiB,12,197.7012,writer_blocks,50
writer,writer/split_tiny_budget_1MiB,12,197.7012,writer_bytes,12582912
writer,writer/split_tiny_budget_1MiB,12,197.7012,writer_seeks,50
writer,writer/split_prealloc_on,12,112.8550,avg_block_bytes,1048576
writer,writer/split_prealloc_on,12,112.8550,body_reads,780
writer,writer/split_prealloc_on,12,112.8550,body_wait_ms,139.169
writer,writer/split_prealloc_on,12,112.8550,cache_copied_bytes,12582912
writer,writer/split_prealloc_on,12,112.8550,cache_evicted_bytes,12582912
writer,writer/split_prealloc_on,12,112.8550,checksum_ms,0
writer,writer/split_prealloc_on,12,112.8550,cpu_ms,13.835999999999995
writer,writer/split_prealloc_on,12,112.8550,cpu_percent,12.25997516584128
writer,writer/split_prealloc_on,12,112.8550,distinct_ranges,4
writer,writer/split_prealloc_on,12,112.8550,driver_connections,4
writer,writer/split_prealloc_on,12,112.8550,driver_loops,63
writer,writer/split_prealloc_on,12,112.8550,driver_pauses,10
writer,writer/split_prealloc_on,12,112.8550,duplicate_bytes,0
writer,writer/split_prealloc_on,12,112.8550,failed,0
writer,writer/split_prealloc_on,12,112.8550,file_bytes,12582912
writer,writer/split_prealloc_on,12,112.8550,fsync_calls,1
writer,writer/split_prealloc_on,12,112.8550,fsync_ms,13.901
writer,writer/split_prealloc_on,12,112.8550,prealloc_ms,2.97
writer,writer/split_prealloc_on,12,112.8550,process_peak_rss_bytes,57442304
writer,writer/split_prealloc_on,12,112.8550,requests,4
writer,writer/split_prealloc_on,12,112.8550,response_head_ms,61.075
writer,writer/split_prealloc_on,12,112.8550,response_heads,4
writer,writer/split_prealloc_on,12,112.8550,running_reports,0
writer,writer/split_prealloc_on,12,112.8550,served_bytes,12582912
writer,writer/split_prealloc_on,12,112.8550,total,110.57629200000001
writer,writer/split_prealloc_on,12,112.8550,unique_bytes,12582912
writer,writer/split_prealloc_on,12,112.8550,verified,1
writer,writer/split_prealloc_on,12,112.8550,writer_blocks,12
writer,writer/split_prealloc_on,12,112.8550,writer_bytes,12582912
writer,writer/split_prealloc_on,12,112.8550,writer_seeks,12
writer,writer/single_conn_4MiB,12,81.5320,avg_block_bytes,16320.249027237354
writer,writer/single_conn_4MiB,12,81.5320,body_reads,258
writer,writer/single_conn_4MiB,12,81.5320,body_wait_ms,69.583
writer,writer/single_conn_4MiB,12,81.5320,cache_copied_bytes,0
writer,writer/single_conn_4MiB,12,81.5320,cache_evicted_bytes,0
writer,writer/single_conn_4MiB,12,81.5320,checksum_ms,0
writer,writer/single_conn_4MiB,12,81.5320,cpu_ms,13.279
writer,writer/single_conn_4MiB,12,81.5320,cpu_percent,16.286864884480455
writer,writer/single_conn_4MiB,12,81.5320,distinct_ranges,1
writer,writer/single_conn_4MiB,12,81.5320,driver_connections,1
writer,writer/single_conn_4MiB,12,81.5320,driver_loops,32
writer,writer/single_conn_4MiB,12,81.5320,driver_pauses,3
writer,writer/single_conn_4MiB,12,81.5320,duplicate_bytes,0
writer,writer/single_conn_4MiB,12,81.5320,failed,0
writer,writer/single_conn_4MiB,12,81.5320,file_bytes,4194304
writer,writer/single_conn_4MiB,12,81.5320,finalize,7.914500000000004
writer,writer/single_conn_4MiB,12,81.5320,fsync_calls,2
writer,writer/single_conn_4MiB,12,81.5320,fsync_ms,5.781
writer,writer/single_conn_4MiB,12,81.5320,prealloc_ms,0.159
writer,writer/single_conn_4MiB,12,81.5320,process_peak_rss_bytes,65945600
writer,writer/single_conn_4MiB,12,81.5320,report_span,49.327749999999995
writer,writer/single_conn_4MiB,12,81.5320,requests,1
writer,writer/single_conn_4MiB,12,81.5320,response_head_ms,0.297
writer,writer/single_conn_4MiB,12,81.5320,response_heads,1
writer,writer/single_conn_4MiB,12,81.5320,running_reports,16
writer,writer/single_conn_4MiB,12,81.5320,served_bytes,4194304
writer,writer/single_conn_4MiB,12,81.5320,to_first_report,23.253708000000003
writer,writer/single_conn_4MiB,12,81.5320,total,80.495958
writer,writer/single_conn_4MiB,12,81.5320,unique_bytes,4194304
writer,writer/single_conn_4MiB,12,81.5320,verified,1
writer,writer/single_conn_4MiB,12,81.5320,writer_blocks,257
writer,writer/single_conn_4MiB,12,81.5320,writer_bytes,4194304
writer,writer/single_conn_4MiB,12,81.5320,writer_seeks,257
writer,writer/split_4conns_16KiB_chunks,13,224.4930,avg_block_bytes,1048576
writer,writer/split_4conns_16KiB_chunks,13,224.4930,body_reads,782
writer,writer/split_4conns_16KiB_chunks,13,224.4930,body_wait_ms,211.111
writer,writer/split_4conns_16KiB_chunks,13,224.4930,cache_copied_bytes,12582912
writer,writer/split_4conns_16KiB_chunks,13,224.4930,cache_evicted_bytes,12582912
writer,writer/split_4conns_16KiB_chunks,13,224.4930,checksum_ms,0
writer,writer/split_4conns_16KiB_chunks,13,224.4930,cpu_ms,22.058999999999994
writer,writer/split_4conns_16KiB_chunks,13,224.4930,cpu_percent,9.826139777758184
writer,writer/split_4conns_16KiB_chunks,13,224.4930,distinct_ranges,4
writer,writer/split_4conns_16KiB_chunks,13,224.4930,driver_connections,4
writer,writer/split_4conns_16KiB_chunks,13,224.4930,driver_loops,93
writer,writer/split_4conns_16KiB_chunks,13,224.4930,driver_pauses,9
writer,writer/split_4conns_16KiB_chunks,13,224.4930,duplicate_bytes,0
writer,writer/split_4conns_16KiB_chunks,13,224.4930,failed,0
writer,writer/split_4conns_16KiB_chunks,13,224.4930,file_bytes,12582912
writer,writer/split_4conns_16KiB_chunks,13,224.4930,finalize,0.011665999999991072
writer,writer/split_4conns_16KiB_chunks,13,224.4930,fsync_calls,1
writer,writer/split_4conns_16KiB_chunks,13,224.4930,fsync_ms,8.655
writer,writer/split_4conns_16KiB_chunks,13,224.4930,prealloc_ms,0.123
writer,writer/split_4conns_16KiB_chunks,13,224.4930,process_peak_rss_bytes,50200576
writer,writer/split_4conns_16KiB_chunks,13,224.4930,report_span,16.87258399999999
writer,writer/split_4conns_16KiB_chunks,13,224.4930,requests,4
writer,writer/split_4conns_16KiB_chunks,13,224.4930,response_head_ms,76.122
writer,writer/split_4conns_16KiB_chunks,13,224.4930,response_heads,4
writer,writer/split_4conns_16KiB_chunks,13,224.4930,running_reports,2
writer,writer/split_4conns_16KiB_chunks,13,224.4930,served_bytes,12582912
writer,writer/split_4conns_16KiB_chunks,13,224.4930,to_first_report,203.37845800000002
writer,writer/split_4conns_16KiB_chunks,13,224.4930,total,220.262708
writer,writer/split_4conns_16KiB_chunks,13,224.4930,unique_bytes,12582912
writer,writer/split_4conns_16KiB_chunks,13,224.4930,verified,1
writer,writer/split_4conns_16KiB_chunks,13,224.4930,writer_blocks,12
writer,writer/split_4conns_16KiB_chunks,13,224.4930,writer_bytes,12582912
writer,writer/split_4conns_16KiB_chunks,13,224.4930,writer_seeks,12
writer,writer/split_4conns_1MiB_chunks,13,142.8553,avg_block_bytes,1048576
writer,writer/split_4conns_1MiB_chunks,13,142.8553,body_reads,775
writer,writer/split_4conns_1MiB_chunks,13,142.8553,body_wait_ms,263.419
writer,writer/split_4conns_1MiB_chunks,13,142.8553,cache_copied_bytes,12582912
writer,writer/split_4conns_1MiB_chunks,13,142.8553,cache_evicted_bytes,12582912
writer,writer/split_4conns_1MiB_chunks,13,142.8553,checksum_ms,0
writer,writer/split_4conns_1MiB_chunks,13,142.8553,cpu_ms,22.162000000000003
writer,writer/split_4conns_1MiB_chunks,13,142.8553,cpu_percent,15.51359654175459
writer,writer/split_4conns_1MiB_chunks,13,142.8553,distinct_ranges,4
writer,writer/split_4conns_1MiB_chunks,13,142.8553,driver_connections,4
writer,writer/split_4conns_1MiB_chunks,13,142.8553,driver_loops,50
writer,writer/split_4conns_1MiB_chunks,13,142.8553,driver_pauses,18
writer,writer/split_4conns_1MiB_chunks,13,142.8553,duplicate_bytes,0
writer,writer/split_4conns_1MiB_chunks,13,142.8553,failed,0
writer,writer/split_4conns_1MiB_chunks,13,142.8553,file_bytes,12582912
writer,writer/split_4conns_1MiB_chunks,13,142.8553,fsync_calls,1
writer,writer/split_4conns_1MiB_chunks,13,142.8553,fsync_ms,15.144
writer,writer/split_4conns_1MiB_chunks,13,142.8553,prealloc_ms,0.194
writer,writer/split_4conns_1MiB_chunks,13,142.8553,process_peak_rss_bytes,59998208
writer,writer/split_4conns_1MiB_chunks,13,142.8553,requests,4
writer,writer/split_4conns_1MiB_chunks,13,142.8553,response_head_ms,62.044
writer,writer/split_4conns_1MiB_chunks,13,142.8553,response_heads,4
writer,writer/split_4conns_1MiB_chunks,13,142.8553,running_reports,0
writer,writer/split_4conns_1MiB_chunks,13,142.8553,served_bytes,12582912
writer,writer/split_4conns_1MiB_chunks,13,142.8553,total,136.131917
writer,writer/split_4conns_1MiB_chunks,13,142.8553,unique_bytes,12582912
writer,writer/split_4conns_1MiB_chunks,13,142.8553,verified,1
writer,writer/split_4conns_1MiB_chunks,13,142.8553,writer_blocks,12
writer,writer/split_4conns_1MiB_chunks,13,142.8553,writer_bytes,12582912
writer,writer/split_4conns_1MiB_chunks,13,142.8553,writer_seeks,12
writer,writer/split_tiny_budget_1MiB,13,205.3280,avg_block_bytes,196608
writer,writer/split_tiny_budget_1MiB,13,205.3280,body_reads,775
writer,writer/split_tiny_budget_1MiB,13,205.3280,body_wait_ms,443.95
writer,writer/split_tiny_budget_1MiB,13,205.3280,cache_copied_bytes,12582912
writer,writer/split_tiny_budget_1MiB,13,205.3280,cache_evicted_bytes,12582912
writer,writer/split_tiny_budget_1MiB,13,205.3280,checksum_ms,0
writer,writer/split_tiny_budget_1MiB,13,205.3280,cpu_ms,22.791000000000004
writer,writer/split_tiny_budget_1MiB,13,205.3280,cpu_percent,11.099803509954533
writer,writer/split_tiny_budget_1MiB,13,205.3280,distinct_ranges,4
writer,writer/split_tiny_budget_1MiB,13,205.3280,driver_connections,4
writer,writer/split_tiny_budget_1MiB,13,205.3280,driver_loops,40
writer,writer/split_tiny_budget_1MiB,13,205.3280,driver_pauses,20
writer,writer/split_tiny_budget_1MiB,13,205.3280,duplicate_bytes,0
writer,writer/split_tiny_budget_1MiB,13,205.3280,failed,0
writer,writer/split_tiny_budget_1MiB,13,205.3280,file_bytes,12582912
writer,writer/split_tiny_budget_1MiB,13,205.3280,fsync_calls,1
writer,writer/split_tiny_budget_1MiB,13,205.3280,fsync_ms,15.07
writer,writer/split_tiny_budget_1MiB,13,205.3280,prealloc_ms,0.168
writer,writer/split_tiny_budget_1MiB,13,205.3280,process_peak_rss_bytes,60309504
writer,writer/split_tiny_budget_1MiB,13,205.3280,requests,4
writer,writer/split_tiny_budget_1MiB,13,205.3280,response_head_ms,62.745
writer,writer/split_tiny_budget_1MiB,13,205.3280,response_heads,4
writer,writer/split_tiny_budget_1MiB,13,205.3280,running_reports,0
writer,writer/split_tiny_budget_1MiB,13,205.3280,served_bytes,12582912
writer,writer/split_tiny_budget_1MiB,13,205.3280,total,201.52379100000002
writer,writer/split_tiny_budget_1MiB,13,205.3280,unique_bytes,12582912
writer,writer/split_tiny_budget_1MiB,13,205.3280,verified,1
writer,writer/split_tiny_budget_1MiB,13,205.3280,writer_blocks,64
writer,writer/split_tiny_budget_1MiB,13,205.3280,writer_bytes,12582912
writer,writer/split_tiny_budget_1MiB,13,205.3280,writer_seeks,64
writer,writer/split_prealloc_on,13,155.8707,avg_block_bytes,1048576
writer,writer/split_prealloc_on,13,155.8707,body_reads,776
writer,writer/split_prealloc_on,13,155.8707,body_wait_ms,329.951
writer,writer/split_prealloc_on,13,155.8707,cache_copied_bytes,12582912
writer,writer/split_prealloc_on,13,155.8707,cache_evicted_bytes,12582912
writer,writer/split_prealloc_on,13,155.8707,checksum_ms,0
writer,writer/split_prealloc_on,13,155.8707,cpu_ms,24.867
writer,writer/split_prealloc_on,13,155.8707,cpu_percent,15.953606882955842
writer,writer/split_prealloc_on,13,155.8707,distinct_ranges,4
writer,writer/split_prealloc_on,13,155.8707,driver_connections,4
writer,writer/split_prealloc_on,13,155.8707,driver_loops,48
writer,writer/split_prealloc_on,13,155.8707,driver_pauses,18
writer,writer/split_prealloc_on,13,155.8707,duplicate_bytes,0
writer,writer/split_prealloc_on,13,155.8707,failed,0
writer,writer/split_prealloc_on,13,155.8707,file_bytes,12582912
writer,writer/split_prealloc_on,13,155.8707,fsync_calls,1
writer,writer/split_prealloc_on,13,155.8707,fsync_ms,7.727
writer,writer/split_prealloc_on,13,155.8707,prealloc_ms,4.455
writer,writer/split_prealloc_on,13,155.8707,process_peak_rss_bytes,60702720
writer,writer/split_prealloc_on,13,155.8707,requests,4
writer,writer/split_prealloc_on,13,155.8707,response_head_ms,58.341
writer,writer/split_prealloc_on,13,155.8707,response_heads,4
writer,writer/split_prealloc_on,13,155.8707,running_reports,0
writer,writer/split_prealloc_on,13,155.8707,served_bytes,12582912
writer,writer/split_prealloc_on,13,155.8707,total,152.69904200000002
writer,writer/split_prealloc_on,13,155.8707,unique_bytes,12582912
writer,writer/split_prealloc_on,13,155.8707,verified,1
writer,writer/split_prealloc_on,13,155.8707,writer_blocks,12
writer,writer/split_prealloc_on,13,155.8707,writer_bytes,12582912
writer,writer/split_prealloc_on,13,155.8707,writer_seeks,12
writer,writer/single_conn_4MiB,13,105.3812,avg_block_bytes,16384
writer,writer/single_conn_4MiB,13,105.3812,body_reads,257
writer,writer/single_conn_4MiB,13,105.3812,body_wait_ms,91.448
writer,writer/single_conn_4MiB,13,105.3812,cache_copied_bytes,0
writer,writer/single_conn_4MiB,13,105.3812,cache_evicted_bytes,0
writer,writer/single_conn_4MiB,13,105.3812,checksum_ms,0
writer,writer/single_conn_4MiB,13,105.3812,cpu_ms,26.652000000000008
writer,writer/single_conn_4MiB,13,105.3812,cpu_percent,25.29104654914289
writer,writer/single_conn_4MiB,13,105.3812,distinct_ranges,1
writer,writer/single_conn_4MiB,13,105.3812,driver_connections,1
writer,writer/single_conn_4MiB,13,105.3812,driver_loops,35
writer,writer/single_conn_4MiB,13,105.3812,driver_pauses,4
writer,writer/single_conn_4MiB,13,105.3812,duplicate_bytes,0
writer,writer/single_conn_4MiB,13,105.3812,failed,0
writer,writer/single_conn_4MiB,13,105.3812,file_bytes,4194304
writer,writer/single_conn_4MiB,13,105.3812,finalize,6.800333999999978
writer,writer/single_conn_4MiB,13,105.3812,fsync_calls,2
writer,writer/single_conn_4MiB,13,105.3812,fsync_ms,4.637
writer,writer/single_conn_4MiB,13,105.3812,prealloc_ms,0.159
writer,writer/single_conn_4MiB,13,105.3812,process_peak_rss_bytes,63111168
writer,writer/single_conn_4MiB,13,105.3812,report_span,93.97100000000002
writer,writer/single_conn_4MiB,13,105.3812,requests,1
writer,writer/single_conn_4MiB,13,105.3812,response_head_ms,0.373
writer,writer/single_conn_4MiB,13,105.3812,response_heads,1
writer,writer/single_conn_4MiB,13,105.3812,running_reports,17
writer,writer/single_conn_4MiB,13,105.3812,served_bytes,4194304
writer,writer/single_conn_4MiB,13,105.3812,to_first_report,1.926166
writer,writer/single_conn_4MiB,13,105.3812,total,102.69749999999999
writer,writer/single_conn_4MiB,13,105.3812,unique_bytes,4194304
writer,writer/single_conn_4MiB,13,105.3812,verified,1
writer,writer/single_conn_4MiB,13,105.3812,writer_blocks,256
writer,writer/single_conn_4MiB,13,105.3812,writer_bytes,4194304
writer,writer/single_conn_4MiB,13,105.3812,writer_seeks,256
writer,writer/split_4conns_16KiB_chunks,14,82.4610,avg_block_bytes,1048576
writer,writer/split_4conns_16KiB_chunks,14,82.4610,body_reads,779
writer,writer/split_4conns_16KiB_chunks,14,82.4610,body_wait_ms,141.375
writer,writer/split_4conns_16KiB_chunks,14,82.4610,cache_copied_bytes,12582912
writer,writer/split_4conns_16KiB_chunks,14,82.4610,cache_evicted_bytes,12582912
writer,writer/split_4conns_16KiB_chunks,14,82.4610,checksum_ms,0
writer,writer/split_4conns_16KiB_chunks,14,82.4610,cpu_ms,19.104999999999997
writer,writer/split_4conns_16KiB_chunks,14,82.4610,cpu_percent,23.16851635224304
writer,writer/split_4conns_16KiB_chunks,14,82.4610,distinct_ranges,4
writer,writer/split_4conns_16KiB_chunks,14,82.4610,driver_connections,4
writer,writer/split_4conns_16KiB_chunks,14,82.4610,driver_loops,72
writer,writer/split_4conns_16KiB_chunks,14,82.4610,driver_pauses,8
writer,writer/split_4conns_16KiB_chunks,14,82.4610,duplicate_bytes,0
writer,writer/split_4conns_16KiB_chunks,14,82.4610,failed,0
writer,writer/split_4conns_16KiB_chunks,14,82.4610,file_bytes,12582912
writer,writer/split_4conns_16KiB_chunks,14,82.4610,finalize,0.0019159999999800448
writer,writer/split_4conns_16KiB_chunks,14,82.4610,fsync_calls,1
writer,writer/split_4conns_16KiB_chunks,14,82.4610,fsync_ms,5.945
writer,writer/split_4conns_16KiB_chunks,14,82.4610,prealloc_ms,0.076
writer,writer/split_4conns_16KiB_chunks,14,82.4610,process_peak_rss_bytes,50610176
writer,writer/split_4conns_16KiB_chunks,14,82.4610,report_span,0
writer,writer/split_4conns_16KiB_chunks,14,82.4610,requests,4
writer,writer/split_4conns_16KiB_chunks,14,82.4610,response_head_ms,1.823
writer,writer/split_4conns_16KiB_chunks,14,82.4610,response_heads,4
writer,writer/split_4conns_16KiB_chunks,14,82.4610,running_reports,1
writer,writer/split_4conns_16KiB_chunks,14,82.4610,served_bytes,12582912
writer,writer/split_4conns_16KiB_chunks,14,82.4610,to_first_report,78.37583400000001
writer,writer/split_4conns_16KiB_chunks,14,82.4610,total,78.37774999999999
writer,writer/split_4conns_16KiB_chunks,14,82.4610,unique_bytes,12582912
writer,writer/split_4conns_16KiB_chunks,14,82.4610,verified,1
writer,writer/split_4conns_16KiB_chunks,14,82.4610,writer_blocks,12
writer,writer/split_4conns_16KiB_chunks,14,82.4610,writer_bytes,12582912
writer,writer/split_4conns_16KiB_chunks,14,82.4610,writer_seeks,12
writer,writer/split_4conns_1MiB_chunks,14,83.9457,avg_block_bytes,1048576
writer,writer/split_4conns_1MiB_chunks,14,83.9457,body_reads,776
writer,writer/split_4conns_1MiB_chunks,14,83.9457,body_wait_ms,121.252
writer,writer/split_4conns_1MiB_chunks,14,83.9457,cache_copied_bytes,12582912
writer,writer/split_4conns_1MiB_chunks,14,83.9457,cache_evicted_bytes,12582912
writer,writer/split_4conns_1MiB_chunks,14,83.9457,checksum_ms,0
writer,writer/split_4conns_1MiB_chunks,14,83.9457,cpu_ms,15.356000000000002
writer,writer/split_4conns_1MiB_chunks,14,83.9457,cpu_percent,18.292784545984965
writer,writer/split_4conns_1MiB_chunks,14,83.9457,distinct_ranges,4
writer,writer/split_4conns_1MiB_chunks,14,83.9457,driver_connections,4
writer,writer/split_4conns_1MiB_chunks,14,83.9457,driver_loops,56
writer,writer/split_4conns_1MiB_chunks,14,83.9457,driver_pauses,6
writer,writer/split_4conns_1MiB_chunks,14,83.9457,duplicate_bytes,0
writer,writer/split_4conns_1MiB_chunks,14,83.9457,failed,0
writer,writer/split_4conns_1MiB_chunks,14,83.9457,file_bytes,12582912
writer,writer/split_4conns_1MiB_chunks,14,83.9457,finalize,0.008290999999999826
writer,writer/split_4conns_1MiB_chunks,14,83.9457,fsync_calls,1
writer,writer/split_4conns_1MiB_chunks,14,83.9457,fsync_ms,6.098
writer,writer/split_4conns_1MiB_chunks,14,83.9457,prealloc_ms,0.098
writer,writer/split_4conns_1MiB_chunks,14,83.9457,process_peak_rss_bytes,57999360
writer,writer/split_4conns_1MiB_chunks,14,83.9457,report_span,0
writer,writer/split_4conns_1MiB_chunks,14,83.9457,requests,4
writer,writer/split_4conns_1MiB_chunks,14,83.9457,response_head_ms,77.036
writer,writer/split_4conns_1MiB_chunks,14,83.9457,response_heads,4
writer,writer/split_4conns_1MiB_chunks,14,83.9457,running_reports,1
writer,writer/split_4conns_1MiB_chunks,14,83.9457,served_bytes,12582912
writer,writer/split_4conns_1MiB_chunks,14,83.9457,to_first_report,80.924667
writer,writer/split_4conns_1MiB_chunks,14,83.9457,total,80.932958
writer,writer/split_4conns_1MiB_chunks,14,83.9457,unique_bytes,12582912
writer,writer/split_4conns_1MiB_chunks,14,83.9457,verified,1
writer,writer/split_4conns_1MiB_chunks,14,83.9457,writer_blocks,12
writer,writer/split_4conns_1MiB_chunks,14,83.9457,writer_bytes,12582912
writer,writer/split_4conns_1MiB_chunks,14,83.9457,writer_seeks,12
writer,writer/split_tiny_budget_1MiB,14,158.3514,avg_block_bytes,206277.24590163934
writer,writer/split_tiny_budget_1MiB,14,158.3514,body_reads,780
writer,writer/split_tiny_budget_1MiB,14,158.3514,body_wait_ms,333.178
writer,writer/split_tiny_budget_1MiB,14,158.3514,cache_copied_bytes,12582912
writer,writer/split_tiny_budget_1MiB,14,158.3514,cache_evicted_bytes,12582912
writer,writer/split_tiny_budget_1MiB,14,158.3514,checksum_ms,0
writer,writer/split_tiny_budget_1MiB,14,158.3514,cpu_ms,21.46
writer,writer/split_tiny_budget_1MiB,14,158.3514,cpu_percent,13.55213997983914
writer,writer/split_tiny_budget_1MiB,14,158.3514,distinct_ranges,4
writer,writer/split_tiny_budget_1MiB,14,158.3514,driver_connections,4
writer,writer/split_tiny_budget_1MiB,14,158.3514,driver_loops,61
writer,writer/split_tiny_budget_1MiB,14,158.3514,driver_pauses,18
writer,writer/split_tiny_budget_1MiB,14,158.3514,duplicate_bytes,0
writer,writer/split_tiny_budget_1MiB,14,158.3514,failed,0
writer,writer/split_tiny_budget_1MiB,14,158.3514,file_bytes,12582912
writer,writer/split_tiny_budget_1MiB,14,158.3514,finalize,0.007749999999987267
writer,writer/split_tiny_budget_1MiB,14,158.3514,fsync_calls,1
writer,writer/split_tiny_budget_1MiB,14,158.3514,fsync_ms,7.493
writer,writer/split_tiny_budget_1MiB,14,158.3514,prealloc_ms,0.096
writer,writer/split_tiny_budget_1MiB,14,158.3514,process_peak_rss_bytes,58556416
writer,writer/split_tiny_budget_1MiB,14,158.3514,report_span,0
writer,writer/split_tiny_budget_1MiB,14,158.3514,requests,4
writer,writer/split_tiny_budget_1MiB,14,158.3514,response_head_ms,2.06
writer,writer/split_tiny_budget_1MiB,14,158.3514,response_heads,4
writer,writer/split_tiny_budget_1MiB,14,158.3514,running_reports,1
writer,writer/split_tiny_budget_1MiB,14,158.3514,served_bytes,12582912
writer,writer/split_tiny_budget_1MiB,14,158.3514,to_first_report,154.049208
writer,writer/split_tiny_budget_1MiB,14,158.3514,total,154.05695799999998
writer,writer/split_tiny_budget_1MiB,14,158.3514,unique_bytes,12582912
writer,writer/split_tiny_budget_1MiB,14,158.3514,verified,1
writer,writer/split_tiny_budget_1MiB,14,158.3514,writer_blocks,61
writer,writer/split_tiny_budget_1MiB,14,158.3514,writer_bytes,12582912
writer,writer/split_tiny_budget_1MiB,14,158.3514,writer_seeks,61
writer,writer/split_prealloc_on,14,318.8976,avg_block_bytes,1048576
writer,writer/split_prealloc_on,14,318.8976,body_reads,774
writer,writer/split_prealloc_on,14,318.8976,body_wait_ms,421.581
writer,writer/split_prealloc_on,14,318.8976,cache_copied_bytes,12582912
writer,writer/split_prealloc_on,14,318.8976,cache_evicted_bytes,12582912
writer,writer/split_prealloc_on,14,318.8976,checksum_ms,0
writer,writer/split_prealloc_on,14,318.8976,cpu_ms,31.78700000000001
writer,writer/split_prealloc_on,14,318.8976,cpu_percent,9.967776990119816
writer,writer/split_prealloc_on,14,318.8976,distinct_ranges,5
writer,writer/split_prealloc_on,14,318.8976,driver_connections,4
writer,writer/split_prealloc_on,14,318.8976,driver_loops,77
writer,writer/split_prealloc_on,14,318.8976,driver_pauses,18
writer,writer/split_prealloc_on,14,318.8976,duplicate_bytes,0
writer,writer/split_prealloc_on,14,318.8976,failed,0
writer,writer/split_prealloc_on,14,318.8976,file_bytes,12582912
writer,writer/split_prealloc_on,14,318.8976,finalize,0.009291000000018812
writer,writer/split_prealloc_on,14,318.8976,fsync_calls,1
writer,writer/split_prealloc_on,14,318.8976,fsync_ms,3.835
writer,writer/split_prealloc_on,14,318.8976,prealloc_ms,3.772
writer,writer/split_prealloc_on,14,318.8976,process_peak_rss_bytes,61505536
writer,writer/split_prealloc_on,14,318.8976,report_span,108.382375
writer,writer/split_prealloc_on,14,318.8976,requests,5
writer,writer/split_prealloc_on,14,318.8976,response_head_ms,83.866
writer,writer/split_prealloc_on,14,318.8976,response_heads,5
writer,writer/split_prealloc_on,14,318.8976,running_reports,2
writer,writer/split_prealloc_on,14,318.8976,served_bytes,12582912
writer,writer/split_prealloc_on,14,318.8976,to_first_report,207.088625
writer,writer/split_prealloc_on,14,318.8976,total,315.480291
writer,writer/split_prealloc_on,14,318.8976,unique_bytes,12582912
writer,writer/split_prealloc_on,14,318.8976,verified,1
writer,writer/split_prealloc_on,14,318.8976,writer_blocks,12
writer,writer/split_prealloc_on,14,318.8976,writer_bytes,12582912
writer,writer/split_prealloc_on,14,318.8976,writer_seeks,12
writer,writer/single_conn_4MiB,14,125.2209,avg_block_bytes,16384
writer,writer/single_conn_4MiB,14,125.2209,body_reads,257
writer,writer/single_conn_4MiB,14,125.2209,body_wait_ms,114.639
writer,writer/single_conn_4MiB,14,125.2209,cache_copied_bytes,0
writer,writer/single_conn_4MiB,14,125.2209,cache_evicted_bytes,0
writer,writer/single_conn_4MiB,14,125.2209,checksum_ms,0
writer,writer/single_conn_4MiB,14,125.2209,cpu_ms,20.835999999999995
writer,writer/single_conn_4MiB,14,125.2209,cpu_percent,16.639392602435578
writer,writer/single_conn_4MiB,14,125.2209,distinct_ranges,1
writer,writer/single_conn_4MiB,14,125.2209,driver_connections,1
writer,writer/single_conn_4MiB,14,125.2209,driver_loops,32
writer,writer/single_conn_4MiB,14,125.2209,driver_pauses,5
writer,writer/single_conn_4MiB,14,125.2209,duplicate_bytes,0
writer,writer/single_conn_4MiB,14,125.2209,failed,0
writer,writer/single_conn_4MiB,14,125.2209,file_bytes,4194304
writer,writer/single_conn_4MiB,14,125.2209,finalize,5.688040999999998
writer,writer/single_conn_4MiB,14,125.2209,fsync_calls,2
writer,writer/single_conn_4MiB,14,125.2209,fsync_ms,3.784
writer,writer/single_conn_4MiB,14,125.2209,prealloc_ms,0.229
writer,writer/single_conn_4MiB,14,125.2209,process_peak_rss_bytes,65093632
writer,writer/single_conn_4MiB,14,125.2209,report_span,115.128
writer,writer/single_conn_4MiB,14,125.2209,requests,1
writer,writer/single_conn_4MiB,14,125.2209,response_head_ms,0.64
writer,writer/single_conn_4MiB,14,125.2209,response_heads,1
writer,writer/single_conn_4MiB,14,125.2209,running_reports,17
writer,writer/single_conn_4MiB,14,125.2209,served_bytes,4194304
writer,writer/single_conn_4MiB,14,125.2209,to_first_report,2.313084
writer,writer/single_conn_4MiB,14,125.2209,total,123.129125
writer,writer/single_conn_4MiB,14,125.2209,unique_bytes,4194304
writer,writer/single_conn_4MiB,14,125.2209,verified,1
writer,writer/single_conn_4MiB,14,125.2209,writer_blocks,256
writer,writer/single_conn_4MiB,14,125.2209,writer_bytes,4194304
writer,writer/single_conn_4MiB,14,125.2209,writer_seeks,256
writer,writer/split_4conns_16KiB_chunks,15,56.4686,avg_block_bytes,1048576
writer,writer/split_4conns_16KiB_chunks,15,56.4686,body_reads,779
writer,writer/split_4conns_16KiB_chunks,15,56.4686,body_wait_ms,71.886
writer,writer/split_4conns_16KiB_chunks,15,56.4686,cache_copied_bytes,12582912
writer,writer/split_4conns_16KiB_chunks,15,56.4686,cache_evicted_bytes,12582912
writer,writer/split_4conns_16KiB_chunks,15,56.4686,checksum_ms,0
writer,writer/split_4conns_16KiB_chunks,15,56.4686,cpu_ms,16.826
writer,writer/split_4conns_16KiB_chunks,15,56.4686,cpu_percent,29.797077580691933
writer,writer/split_4conns_16KiB_chunks,15,56.4686,distinct_ranges,4
writer,writer/split_4conns_16KiB_chunks,15,56.4686,driver_connections,4
writer,writer/split_4conns_16KiB_chunks,15,56.4686,driver_loops,74
writer,writer/split_4conns_16KiB_chunks,15,56.4686,driver_pauses,8
writer,writer/split_4conns_16KiB_chunks,15,56.4686,duplicate_bytes,0
writer,writer/split_4conns_16KiB_chunks,15,56.4686,failed,0
writer,writer/split_4conns_16KiB_chunks,15,56.4686,file_bytes,12582912
writer,writer/split_4conns_16KiB_chunks,15,56.4686,fsync_calls,1
writer,writer/split_4conns_16KiB_chunks,15,56.4686,fsync_ms,5.242
writer,writer/split_4conns_16KiB_chunks,15,56.4686,prealloc_ms,0.092
writer,writer/split_4conns_16KiB_chunks,15,56.4686,process_peak_rss_bytes,49577984
writer,writer/split_4conns_16KiB_chunks,15,56.4686,requests,4
writer,writer/split_4conns_16KiB_chunks,15,56.4686,response_head_ms,1.688
writer,writer/split_4conns_16KiB_chunks,15,56.4686,response_heads,4
writer,writer/split_4conns_16KiB_chunks,15,56.4686,running_reports,0
writer,writer/split_4conns_16KiB_chunks,15,56.4686,served_bytes,12582912
writer,writer/split_4conns_16KiB_chunks,15,56.4686,total,53.340832999999996
writer,writer/split_4conns_16KiB_chunks,15,56.4686,unique_bytes,12582912
writer,writer/split_4conns_16KiB_chunks,15,56.4686,verified,1
writer,writer/split_4conns_16KiB_chunks,15,56.4686,writer_blocks,12
writer,writer/split_4conns_16KiB_chunks,15,56.4686,writer_bytes,12582912
writer,writer/split_4conns_16KiB_chunks,15,56.4686,writer_seeks,12
writer,writer/split_4conns_1MiB_chunks,15,32.6094,avg_block_bytes,1048576
writer,writer/split_4conns_1MiB_chunks,15,32.6094,body_reads,781
writer,writer/split_4conns_1MiB_chunks,15,32.6094,body_wait_ms,27.38
writer,writer/split_4conns_1MiB_chunks,15,32.6094,cache_copied_bytes,12582912
writer,writer/split_4conns_1MiB_chunks,15,32.6094,cache_evicted_bytes,12582912
writer,writer/split_4conns_1MiB_chunks,15,32.6094,checksum_ms,0
writer,writer/split_4conns_1MiB_chunks,15,32.6094,cpu_ms,12.603999999999997
writer,writer/split_4conns_1MiB_chunks,15,32.6094,cpu_percent,38.65141164590583
writer,writer/split_4conns_1MiB_chunks,15,32.6094,distinct_ranges,4
writer,writer/split_4conns_1MiB_chunks,15,32.6094,driver_connections,4
writer,writer/split_4conns_1MiB_chunks,15,32.6094,driver_loops,83
writer,writer/split_4conns_1MiB_chunks,15,32.6094,driver_pauses,3
writer,writer/split_4conns_1MiB_chunks,15,32.6094,duplicate_bytes,0
writer,writer/split_4conns_1MiB_chunks,15,32.6094,failed,0
writer,writer/split_4conns_1MiB_chunks,15,32.6094,file_bytes,12582912
writer,writer/split_4conns_1MiB_chunks,15,32.6094,finalize,0.0007500000000000284
writer,writer/split_4conns_1MiB_chunks,15,32.6094,fsync_calls,1
writer,writer/split_4conns_1MiB_chunks,15,32.6094,fsync_ms,6.325
writer,writer/split_4conns_1MiB_chunks,15,32.6094,prealloc_ms,0.106
writer,writer/split_4conns_1MiB_chunks,15,32.6094,process_peak_rss_bytes,61227008
writer,writer/split_4conns_1MiB_chunks,15,32.6094,report_span,0
writer,writer/split_4conns_1MiB_chunks,15,32.6094,requests,4
writer,writer/split_4conns_1MiB_chunks,15,32.6094,response_head_ms,1.289
writer,writer/split_4conns_1MiB_chunks,15,32.6094,response_heads,4
writer,writer/split_4conns_1MiB_chunks,15,32.6094,running_reports,1
writer,writer/split_4conns_1MiB_chunks,15,32.6094,served_bytes,12582912
writer,writer/split_4conns_1MiB_chunks,15,32.6094,to_first_report,31.0285
writer,writer/split_4conns_1MiB_chunks,15,32.6094,total,31.02925
writer,writer/split_4conns_1MiB_chunks,15,32.6094,unique_bytes,12582912
writer,writer/split_4conns_1MiB_chunks,15,32.6094,verified,1
writer,writer/split_4conns_1MiB_chunks,15,32.6094,writer_blocks,12
writer,writer/split_4conns_1MiB_chunks,15,32.6094,writer_bytes,12582912
writer,writer/split_4conns_1MiB_chunks,15,32.6094,writer_seeks,12
writer,writer/split_tiny_budget_1MiB,15,157.1224,avg_block_bytes,206277.24590163934
writer,writer/split_tiny_budget_1MiB,15,157.1224,body_reads,778
writer,writer/split_tiny_budget_1MiB,15,157.1224,body_wait_ms,338.423
writer,writer/split_tiny_budget_1MiB,15,157.1224,cache_copied_bytes,12582912
writer,writer/split_tiny_budget_1MiB,15,157.1224,cache_evicted_bytes,12582912
writer,writer/split_tiny_budget_1MiB,15,157.1224,checksum_ms,0
writer,writer/split_tiny_budget_1MiB,15,157.1224,cpu_ms,17.655000000000005
writer,writer/split_tiny_budget_1MiB,15,157.1224,cpu_percent,11.236464571007156
writer,writer/split_tiny_budget_1MiB,15,157.1224,distinct_ranges,4
writer,writer/split_tiny_budget_1MiB,15,157.1224,driver_connections,4
writer,writer/split_tiny_budget_1MiB,15,157.1224,driver_loops,57
writer,writer/split_tiny_budget_1MiB,15,157.1224,driver_pauses,14
writer,writer/split_tiny_budget_1MiB,15,157.1224,duplicate_bytes,0
writer,writer/split_tiny_budget_1MiB,15,157.1224,failed,0
writer,writer/split_tiny_budget_1MiB,15,157.1224,file_bytes,12582912
writer,writer/split_tiny_budget_1MiB,15,157.1224,fsync_calls,1
writer,writer/split_tiny_budget_1MiB,15,157.1224,fsync_ms,5.412
writer,writer/split_tiny_budget_1MiB,15,157.1224,prealloc_ms,0.143
writer,writer/split_tiny_budget_1MiB,15,157.1224,process_peak_rss_bytes,61554688
writer,writer/split_tiny_budget_1MiB,15,157.1224,requests,4
writer,writer/split_tiny_budget_1MiB,15,157.1224,response_head_ms,76.311
writer,writer/split_tiny_budget_1MiB,15,157.1224,response_heads,4
writer,writer/split_tiny_budget_1MiB,15,157.1224,running_reports,0
writer,writer/split_tiny_budget_1MiB,15,157.1224,served_bytes,12582912
writer,writer/split_tiny_budget_1MiB,15,157.1224,total,154.88233300000002
writer,writer/split_tiny_budget_1MiB,15,157.1224,unique_bytes,12582912
writer,writer/split_tiny_budget_1MiB,15,157.1224,verified,1
writer,writer/split_tiny_budget_1MiB,15,157.1224,writer_blocks,61
writer,writer/split_tiny_budget_1MiB,15,157.1224,writer_bytes,12582912
writer,writer/split_tiny_budget_1MiB,15,157.1224,writer_seeks,61
writer,writer/split_prealloc_on,15,81.9578,avg_block_bytes,1048576
writer,writer/split_prealloc_on,15,81.9578,body_reads,780
writer,writer/split_prealloc_on,15,81.9578,body_wait_ms,143.612
writer,writer/split_prealloc_on,15,81.9578,cache_copied_bytes,12582912
writer,writer/split_prealloc_on,15,81.9578,cache_evicted_bytes,12582912
writer,writer/split_prealloc_on,15,81.9578,checksum_ms,0
writer,writer/split_prealloc_on,15,81.9578,cpu_ms,15.771999999999995
writer,writer/split_prealloc_on,15,81.9578,cpu_percent,19.24404200335504
writer,writer/split_prealloc_on,15,81.9578,distinct_ranges,4
writer,writer/split_prealloc_on,15,81.9578,driver_connections,4
writer,writer/split_prealloc_on,15,81.9578,driver_loops,58
writer,writer/split_prealloc_on,15,81.9578,driver_pauses,9
writer,writer/split_prealloc_on,15,81.9578,duplicate_bytes,0
writer,writer/split_prealloc_on,15,81.9578,failed,0
writer,writer/split_prealloc_on,15,81.9578,file_bytes,12582912
writer,writer/split_prealloc_on,15,81.9578,finalize,0.001082999999994172
writer,writer/split_prealloc_on,15,81.9578,fsync_calls,1
writer,writer/split_prealloc_on,15,81.9578,fsync_ms,6.165
writer,writer/split_prealloc_on,15,81.9578,prealloc_ms,3.736
writer,writer/split_prealloc_on,15,81.9578,process_peak_rss_bytes,62046208
writer,writer/split_prealloc_on,15,81.9578,report_span,0
writer,writer/split_prealloc_on,15,81.9578,requests,4
writer,writer/split_prealloc_on,15,81.9578,response_head_ms,56.653
writer,writer/split_prealloc_on,15,81.9578,response_heads,4
writer,writer/split_prealloc_on,15,81.9578,running_reports,1
writer,writer/split_prealloc_on,15,81.9578,served_bytes,12582912
writer,writer/split_prealloc_on,15,81.9578,to_first_report,80.22945800000001
writer,writer/split_prealloc_on,15,81.9578,total,80.230541
writer,writer/split_prealloc_on,15,81.9578,unique_bytes,12582912
writer,writer/split_prealloc_on,15,81.9578,verified,1
writer,writer/split_prealloc_on,15,81.9578,writer_blocks,12
writer,writer/split_prealloc_on,15,81.9578,writer_bytes,12582912
writer,writer/split_prealloc_on,15,81.9578,writer_seeks,12
writer,writer/single_conn_4MiB,15,78.3187,avg_block_bytes,16131.938461538462
writer,writer/single_conn_4MiB,15,78.3187,body_reads,261
writer,writer/single_conn_4MiB,15,78.3187,body_wait_ms,68.539
writer,writer/single_conn_4MiB,15,78.3187,cache_copied_bytes,0
writer,writer/single_conn_4MiB,15,78.3187,cache_evicted_bytes,0
writer,writer/single_conn_4MiB,15,78.3187,checksum_ms,0
writer,writer/single_conn_4MiB,15,78.3187,cpu_ms,11.674000000000003
writer,writer/single_conn_4MiB,15,78.3187,cpu_percent,14.905761724261339
writer,writer/single_conn_4MiB,15,78.3187,distinct_ranges,1
writer,writer/single_conn_4MiB,15,78.3187,driver_connections,1
writer,writer/single_conn_4MiB,15,78.3187,driver_loops,34
writer,writer/single_conn_4MiB,15,78.3187,driver_pauses,3
writer,writer/single_conn_4MiB,15,78.3187,duplicate_bytes,0
writer,writer/single_conn_4MiB,15,78.3187,failed,0
writer,writer/single_conn_4MiB,15,78.3187,file_bytes,4194304
writer,writer/single_conn_4MiB,15,78.3187,finalize,5.796541000000005
writer,writer/single_conn_4MiB,15,78.3187,fsync_calls,2
writer,writer/single_conn_4MiB,15,78.3187,fsync_ms,4.521
writer,writer/single_conn_4MiB,15,78.3187,prealloc_ms,0.074
writer,writer/single_conn_4MiB,15,78.3187,process_peak_rss_bytes,70516736
writer,writer/single_conn_4MiB,15,78.3187,report_span,47.784417
writer,writer/single_conn_4MiB,15,78.3187,requests,1
writer,writer/single_conn_4MiB,15,78.3187,response_head_ms,0.279
writer,writer/single_conn_4MiB,15,78.3187,response_heads,1
writer,writer/single_conn_4MiB,15,78.3187,running_reports,16
writer,writer/single_conn_4MiB,15,78.3187,served_bytes,4194304
writer,writer/single_conn_4MiB,15,78.3187,to_first_report,23.845458
writer,writer/single_conn_4MiB,15,78.3187,total,77.426416
writer,writer/single_conn_4MiB,15,78.3187,unique_bytes,4194304
writer,writer/single_conn_4MiB,15,78.3187,verified,1
writer,writer/single_conn_4MiB,15,78.3187,writer_blocks,260
writer,writer/single_conn_4MiB,15,78.3187,writer_bytes,4194304
writer,writer/single_conn_4MiB,15,78.3187,writer_seeks,260
writer,writer/split_4conns_16KiB_chunks,16,134.2390,avg_block_bytes,1048576
writer,writer/split_4conns_16KiB_chunks,16,134.2390,body_reads,787
writer,writer/split_4conns_16KiB_chunks,16,134.2390,body_wait_ms,194.986
writer,writer/split_4conns_16KiB_chunks,16,134.2390,cache_copied_bytes,12582912
writer,writer/split_4conns_16KiB_chunks,16,134.2390,cache_evicted_bytes,12582912
writer,writer/split_4conns_16KiB_chunks,16,134.2390,checksum_ms,0
writer,writer/split_4conns_16KiB_chunks,16,134.2390,cpu_ms,23.574000000000005
writer,writer/split_4conns_16KiB_chunks,16,134.2390,cpu_percent,17.561220807738838
writer,writer/split_4conns_16KiB_chunks,16,134.2390,distinct_ranges,5
writer,writer/split_4conns_16KiB_chunks,16,134.2390,driver_connections,4
writer,writer/split_4conns_16KiB_chunks,16,134.2390,driver_loops,80
writer,writer/split_4conns_16KiB_chunks,16,134.2390,driver_pauses,8
writer,writer/split_4conns_16KiB_chunks,16,134.2390,duplicate_bytes,0
writer,writer/split_4conns_16KiB_chunks,16,134.2390,failed,0
writer,writer/split_4conns_16KiB_chunks,16,134.2390,file_bytes,12582912
writer,writer/split_4conns_16KiB_chunks,16,134.2390,fsync_calls,1
writer,writer/split_4conns_16KiB_chunks,16,134.2390,fsync_ms,6.429
writer,writer/split_4conns_16KiB_chunks,16,134.2390,prealloc_ms,0.152
writer,writer/split_4conns_16KiB_chunks,16,134.2390,process_peak_rss_bytes,50790400
writer,writer/split_4conns_16KiB_chunks,16,134.2390,requests,5
writer,writer/split_4conns_16KiB_chunks,16,134.2390,response_head_ms,74.553
writer,writer/split_4conns_16KiB_chunks,16,134.2390,response_heads,5
writer,writer/split_4conns_16KiB_chunks,16,134.2390,running_reports,0
writer,writer/split_4conns_16KiB_chunks,16,134.2390,served_bytes,12582912
writer,writer/split_4conns_16KiB_chunks,16,134.2390,total,130.421625
writer,writer/split_4conns_16KiB_chunks,16,134.2390,unique_bytes,12582912
writer,writer/split_4conns_16KiB_chunks,16,134.2390,verified,1
writer,writer/split_4conns_16KiB_chunks,16,134.2390,writer_blocks,12
writer,writer/split_4conns_16KiB_chunks,16,134.2390,writer_bytes,12582912
writer,writer/split_4conns_16KiB_chunks,16,134.2390,writer_seeks,12
writer,writer/split_4conns_1MiB_chunks,16,125.9140,avg_block_bytes,1048576
writer,writer/split_4conns_1MiB_chunks,16,125.9140,body_reads,779
writer,writer/split_4conns_1MiB_chunks,16,125.9140,body_wait_ms,143.556
writer,writer/split_4conns_1MiB_chunks,16,125.9140,cache_copied_bytes,12582912
writer,writer/split_4conns_1MiB_chunks,16,125.9140,cache_evicted_bytes,12582912
writer,writer/split_4conns_1MiB_chunks,16,125.9140,checksum_ms,0
writer,writer/split_4conns_1MiB_chunks,16,125.9140,cpu_ms,16.446
writer,writer/split_4conns_1MiB_chunks,16,125.9140,cpu_percent,13.061295805073305
writer,writer/split_4conns_1MiB_chunks,16,125.9140,distinct_ranges,4
writer,writer/split_4conns_1MiB_chunks,16,125.9140,driver_connections,4
writer,writer/split_4conns_1MiB_chunks,16,125.9140,driver_loops,73
writer,writer/split_4conns_1MiB_chunks,16,125.9140,driver_pauses,8
writer,writer/split_4conns_1MiB_chunks,16,125.9140,duplicate_bytes,0
writer,writer/split_4conns_1MiB_chunks,16,125.9140,failed,0
writer,writer/split_4conns_1MiB_chunks,16,125.9140,file_bytes,12582912
writer,writer/split_4conns_1MiB_chunks,16,125.9140,finalize,0.001541000000017334
writer,writer/split_4conns_1MiB_chunks,16,125.9140,fsync_calls,1
writer,writer/split_4conns_1MiB_chunks,16,125.9140,fsync_ms,6.581
writer,writer/split_4conns_1MiB_chunks,16,125.9140,prealloc_ms,0.077
writer,writer/split_4conns_1MiB_chunks,16,125.9140,process_peak_rss_bytes,57622528
writer,writer/split_4conns_1MiB_chunks,16,125.9140,report_span,0
writer,writer/split_4conns_1MiB_chunks,16,125.9140,requests,4
writer,writer/split_4conns_1MiB_chunks,16,125.9140,response_head_ms,1.418
writer,writer/split_4conns_1MiB_chunks,16,125.9140,response_heads,4
writer,writer/split_4conns_1MiB_chunks,16,125.9140,running_reports,1
writer,writer/split_4conns_1MiB_chunks,16,125.9140,served_bytes,12582912
writer,writer/split_4conns_1MiB_chunks,16,125.9140,to_first_report,84.740417
writer,writer/split_4conns_1MiB_chunks,16,125.9140,total,84.74195800000001
writer,writer/split_4conns_1MiB_chunks,16,125.9140,unique_bytes,12582912
writer,writer/split_4conns_1MiB_chunks,16,125.9140,verified,1
writer,writer/split_4conns_1MiB_chunks,16,125.9140,writer_blocks,12
writer,writer/split_4conns_1MiB_chunks,16,125.9140,writer_bytes,12582912
writer,writer/split_4conns_1MiB_chunks,16,125.9140,writer_seeks,12
writer,writer/split_tiny_budget_1MiB,16,165.1675,avg_block_bytes,220752.84210526315
writer,writer/split_tiny_budget_1MiB,16,165.1675,body_reads,775
writer,writer/split_tiny_budget_1MiB,16,165.1675,body_wait_ms,357.407
writer,writer/split_tiny_budget_1MiB,16,165.1675,cache_copied_bytes,12582912
writer,writer/split_tiny_budget_1MiB,16,165.1675,cache_evicted_bytes,12582912
writer,writer/split_tiny_budget_1MiB,16,165.1675,checksum_ms,0
writer,writer/split_tiny_budget_1MiB,16,165.1675,cpu_ms,18.104000000000003
writer,writer/split_tiny_budget_1MiB,16,165.1675,cpu_percent,10.960991421431892
writer,writer/split_tiny_budget_1MiB,16,165.1675,distinct_ranges,4
writer,writer/split_tiny_budget_1MiB,16,165.1675,driver_connections,4
writer,writer/split_tiny_budget_1MiB,16,165.1675,driver_loops,45
writer,writer/split_tiny_budget_1MiB,16,165.1675,driver_pauses,19
writer,writer/split_tiny_budget_1MiB,16,165.1675,duplicate_bytes,0
writer,writer/split_tiny_budget_1MiB,16,165.1675,failed,0
writer,writer/split_tiny_budget_1MiB,16,165.1675,file_bytes,12582912
writer,writer/split_tiny_budget_1MiB,16,165.1675,finalize,0.03254200000000651
writer,writer/split_tiny_budget_1MiB,16,165.1675,fsync_calls,1
writer,writer/split_tiny_budget_1MiB,16,165.1675,fsync_ms,5.678
writer,writer/split_tiny_budget_1MiB,16,165.1675,prealloc_ms,0.196
writer,writer/split_tiny_budget_1MiB,16,165.1675,process_peak_rss_bytes,57622528
writer,writer/split_tiny_budget_1MiB,16,165.1675,report_span,0
writer,writer/split_tiny_budget_1MiB,16,165.1675,requests,4
writer,writer/split_tiny_budget_1MiB,16,165.1675,response_head_ms,78.369
writer,writer/split_tiny_budget_1MiB,16,165.1675,response_heads,4
writer,writer/split_tiny_budget_1MiB,16,165.1675,running_reports,1
writer,writer/split_tiny_budget_1MiB,16,165.1675,served_bytes,12582912
writer,writer/split_tiny_budget_1MiB,16,165.1675,to_first_report,163.244417
writer,writer/split_tiny_budget_1MiB,16,165.1675,total,163.276959
writer,writer/split_tiny_budget_1MiB,16,165.1675,unique_bytes,12582912
writer,writer/split_tiny_budget_1MiB,16,165.1675,verified,1
writer,writer/split_tiny_budget_1MiB,16,165.1675,writer_blocks,57
writer,writer/split_tiny_budget_1MiB,16,165.1675,writer_bytes,12582912
writer,writer/split_tiny_budget_1MiB,16,165.1675,writer_seeks,57
writer,writer/split_prealloc_on,16,133.6899,avg_block_bytes,1048576
writer,writer/split_prealloc_on,16,133.6899,body_reads,780
writer,writer/split_prealloc_on,16,133.6899,body_wait_ms,230.697
writer,writer/split_prealloc_on,16,133.6899,cache_copied_bytes,12582912
writer,writer/split_prealloc_on,16,133.6899,cache_evicted_bytes,12582912
writer,writer/split_prealloc_on,16,133.6899,checksum_ms,0
writer,writer/split_prealloc_on,16,133.6899,cpu_ms,14.718999999999996
writer,writer/split_prealloc_on,16,133.6899,cpu_percent,11.00980908240059
writer,writer/split_prealloc_on,16,133.6899,distinct_ranges,4
writer,writer/split_prealloc_on,16,133.6899,driver_connections,4
writer,writer/split_prealloc_on,16,133.6899,driver_loops,69
writer,writer/split_prealloc_on,16,133.6899,driver_pauses,13
writer,writer/split_prealloc_on,16,133.6899,duplicate_bytes,0
writer,writer/split_prealloc_on,16,133.6899,failed,0
writer,writer/split_prealloc_on,16,133.6899,file_bytes,12582912
writer,writer/split_prealloc_on,16,133.6899,finalize,0.0016670000000260643
writer,writer/split_prealloc_on,16,133.6899,fsync_calls,1
writer,writer/split_prealloc_on,16,133.6899,fsync_ms,9.355
writer,writer/split_prealloc_on,16,133.6899,prealloc_ms,3.223
writer,writer/split_prealloc_on,16,133.6899,process_peak_rss_bytes,57622528
writer,writer/split_prealloc_on,16,133.6899,report_span,0
writer,writer/split_prealloc_on,16,133.6899,requests,4
writer,writer/split_prealloc_on,16,133.6899,response_head_ms,67.284
writer,writer/split_prealloc_on,16,133.6899,response_heads,4
writer,writer/split_prealloc_on,16,133.6899,running_reports,1
writer,writer/split_prealloc_on,16,133.6899,served_bytes,12582912
writer,writer/split_prealloc_on,16,133.6899,to_first_report,131.87937499999998
writer,writer/split_prealloc_on,16,133.6899,total,131.881042
writer,writer/split_prealloc_on,16,133.6899,unique_bytes,12582912
writer,writer/split_prealloc_on,16,133.6899,verified,1
writer,writer/split_prealloc_on,16,133.6899,writer_blocks,12
writer,writer/split_prealloc_on,16,133.6899,writer_bytes,12582912
writer,writer/split_prealloc_on,16,133.6899,writer_seeks,12
writer,writer/single_conn_4MiB,16,79.9847,avg_block_bytes,16320.249027237354
writer,writer/single_conn_4MiB,16,79.9847,body_reads,258
writer,writer/single_conn_4MiB,16,79.9847,body_wait_ms,67.957
writer,writer/single_conn_4MiB,16,79.9847,cache_copied_bytes,0
writer,writer/single_conn_4MiB,16,79.9847,cache_evicted_bytes,0
writer,writer/single_conn_4MiB,16,79.9847,checksum_ms,0
writer,writer/single_conn_4MiB,16,79.9847,cpu_ms,13.027999999999999
writer,writer/single_conn_4MiB,16,79.9847,cpu_percent,16.288104920000375
writer,writer/single_conn_4MiB,16,79.9847,distinct_ranges,1
writer,writer/single_conn_4MiB,16,79.9847,driver_connections,1
writer,writer/single_conn_4MiB,16,79.9847,driver_loops,33
writer,writer/single_conn_4MiB,16,79.9847,driver_pauses,3
writer,writer/single_conn_4MiB,16,79.9847,duplicate_bytes,0
writer,writer/single_conn_4MiB,16,79.9847,failed,0
writer,writer/single_conn_4MiB,16,79.9847,file_bytes,4194304
writer,writer/single_conn_4MiB,16,79.9847,finalize,6.393875000000008
writer,writer/single_conn_4MiB,16,79.9847,fsync_calls,2
writer,writer/single_conn_4MiB,16,79.9847,fsync_ms,4.913
writer,writer/single_conn_4MiB,16,79.9847,prealloc_ms,0.165
writer,writer/single_conn_4MiB,16,79.9847,process_peak_rss_bytes,61358080
writer,writer/single_conn_4MiB,16,79.9847,report_span,45.524875
writer,writer/single_conn_4MiB,16,79.9847,requests,1
writer,writer/single_conn_4MiB,16,79.9847,response_head_ms,0.314
writer,writer/single_conn_4MiB,16,79.9847,response_heads,1
writer,writer/single_conn_4MiB,16,79.9847,running_reports,16
writer,writer/single_conn_4MiB,16,79.9847,served_bytes,4194304
writer,writer/single_conn_4MiB,16,79.9847,to_first_report,25.517958
writer,writer/single_conn_4MiB,16,79.9847,total,77.43670800000001
writer,writer/single_conn_4MiB,16,79.9847,unique_bytes,4194304
writer,writer/single_conn_4MiB,16,79.9847,verified,1
writer,writer/single_conn_4MiB,16,79.9847,writer_blocks,257
writer,writer/single_conn_4MiB,16,79.9847,writer_bytes,4194304
writer,writer/single_conn_4MiB,16,79.9847,writer_seeks,257
writer,writer/split_4conns_16KiB_chunks,17,285.8004,avg_block_bytes,1048576
writer,writer/split_4conns_16KiB_chunks,17,285.8004,body_reads,788
writer,writer/split_4conns_16KiB_chunks,17,285.8004,body_wait_ms,277.154
writer,writer/split_4conns_16KiB_chunks,17,285.8004,cache_copied_bytes,12582912
writer,writer/split_4conns_16KiB_chunks,17,285.8004,cache_evicted_bytes,12582912
writer,writer/split_4conns_16KiB_chunks,17,285.8004,checksum_ms,0
writer,writer/split_4conns_16KiB_chunks,17,285.8004,cpu_ms,18.695999999999998
writer,writer/split_4conns_16KiB_chunks,17,285.8004,cpu_percent,6.541627964104755
writer,writer/split_4conns_16KiB_chunks,17,285.8004,distinct_ranges,4
writer,writer/split_4conns_16KiB_chunks,17,285.8004,driver_connections,4
writer,writer/split_4conns_16KiB_chunks,17,285.8004,driver_loops,111
writer,writer/split_4conns_16KiB_chunks,17,285.8004,driver_pauses,12
writer,writer/split_4conns_16KiB_chunks,17,285.8004,duplicate_bytes,0
writer,writer/split_4conns_16KiB_chunks,17,285.8004,failed,0
writer,writer/split_4conns_16KiB_chunks,17,285.8004,file_bytes,12582912
writer,writer/split_4conns_16KiB_chunks,17,285.8004,finalize,0.0012500000000272848
writer,writer/split_4conns_16KiB_chunks,17,285.8004,fsync_calls,1
writer,writer/split_4conns_16KiB_chunks,17,285.8004,fsync_ms,5.73
writer,writer/split_4conns_16KiB_chunks,17,285.8004,prealloc_ms,0.141
writer,writer/split_4conns_16KiB_chunks,17,285.8004,process_peak_rss_bytes,47284224
writer,writer/split_4conns_16KiB_chunks,17,285.8004,report_span,81.07858300000001
writer,writer/split_4conns_16KiB_chunks,17,285.8004,requests,4
writer,writer/split_4conns_16KiB_chunks,17,285.8004,response_head_ms,64.687
writer,writer/split_4conns_16KiB_chunks,17,285.8004,response_heads,4
writer,writer/split_4conns_16KiB_chunks,17,285.8004,running_reports,2
writer,writer/split_4conns_16KiB_chunks,17,285.8004,served_bytes,12582912
writer,writer/split_4conns_16KiB_chunks,17,285.8004,to_first_report,202.34712499999998
writer,writer/split_4conns_16KiB_chunks,17,285.8004,total,283.426958
writer,writer/split_4conns_16KiB_chunks,17,285.8004,unique_bytes,12582912
writer,writer/split_4conns_16KiB_chunks,17,285.8004,verified,1
writer,writer/split_4conns_16KiB_chunks,17,285.8004,writer_blocks,12
writer,writer/split_4conns_16KiB_chunks,17,285.8004,writer_bytes,12582912
writer,writer/split_4conns_16KiB_chunks,17,285.8004,writer_seeks,12
writer,writer/split_4conns_1MiB_chunks,17,59.8210,avg_block_bytes,1048576
writer,writer/split_4conns_1MiB_chunks,17,59.8210,body_reads,778
writer,writer/split_4conns_1MiB_chunks,17,59.8210,body_wait_ms,53.259
writer,writer/split_4conns_1MiB_chunks,17,59.8210,cache_copied_bytes,12582912
writer,writer/split_4conns_1MiB_chunks,17,59.8210,cache_evicted_bytes,12582912
writer,writer/split_4conns_1MiB_chunks,17,59.8210,checksum_ms,0
writer,writer/split_4conns_1MiB_chunks,17,59.8210,cpu_ms,14.161
writer,writer/split_4conns_1MiB_chunks,17,59.8210,cpu_percent,23.67230521998151
writer,writer/split_4conns_1MiB_chunks,17,59.8210,distinct_ranges,4
writer,writer/split_4conns_1MiB_chunks,17,59.8210,driver_connections,4
writer,writer/split_4conns_1MiB_chunks,17,59.8210,driver_loops,76
writer,writer/split_4conns_1MiB_chunks,17,59.8210,driver_pauses,8
writer,writer/split_4conns_1MiB_chunks,17,59.8210,duplicate_bytes,0
writer,writer/split_4conns_1MiB_chunks,17,59.8210,failed,0
writer,writer/split_4conns_1MiB_chunks,17,59.8210,file_bytes,12582912
writer,writer/split_4conns_1MiB_chunks,17,59.8210,finalize,0.0010839999999987526
writer,writer/split_4conns_1MiB_chunks,17,59.8210,fsync_calls,1
writer,writer/split_4conns_1MiB_chunks,17,59.8210,fsync_ms,6.273
writer,writer/split_4conns_1MiB_chunks,17,59.8210,prealloc_ms,0.063
writer,writer/split_4conns_1MiB_chunks,17,59.8210,process_peak_rss_bytes,60964864
writer,writer/split_4conns_1MiB_chunks,17,59.8210,report_span,0
writer,writer/split_4conns_1MiB_chunks,17,59.8210,requests,4
writer,writer/split_4conns_1MiB_chunks,17,59.8210,response_head_ms,1.67
writer,writer/split_4conns_1MiB_chunks,17,59.8210,response_heads,4
writer,writer/split_4conns_1MiB_chunks,17,59.8210,running_reports,1
writer,writer/split_4conns_1MiB_chunks,17,59.8210,served_bytes,12582912
writer,writer/split_4conns_1MiB_chunks,17,59.8210,to_first_report,58.066
writer,writer/split_4conns_1MiB_chunks,17,59.8210,total,58.067084
writer,writer/split_4conns_1MiB_chunks,17,59.8210,unique_bytes,12582912
writer,writer/split_4conns_1MiB_chunks,17,59.8210,verified,1
writer,writer/split_4conns_1MiB_chunks,17,59.8210,writer_blocks,12
writer,writer/split_4conns_1MiB_chunks,17,59.8210,writer_bytes,12582912
writer,writer/split_4conns_1MiB_chunks,17,59.8210,writer_seeks,12
writer,writer/split_tiny_budget_1MiB,17,152.4085,avg_block_bytes,220752.84210526315
writer,writer/split_tiny_budget_1MiB,17,152.4085,body_reads,785
writer,writer/split_tiny_budget_1MiB,17,152.4085,body_wait_ms,304.615
writer,writer/split_tiny_budget_1MiB,17,152.4085,cache_copied_bytes,12582912
writer,writer/split_tiny_budget_1MiB,17,152.4085,cache_evicted_bytes,12582912
writer,writer/split_tiny_budget_1MiB,17,152.4085,checksum_ms,0
writer,writer/split_tiny_budget_1MiB,17,152.4085,cpu_ms,14.889999999999993
writer,writer/split_tiny_budget_1MiB,17,152.4085,cpu_percent,9.76979630401191
writer,writer/split_tiny_budget_1MiB,17,152.4085,distinct_ranges,4
writer,writer/split_tiny_budget_1MiB,17,152.4085,driver_connections,4
writer,writer/split_tiny_budget_1MiB,17,152.4085,driver_loops,75
writer,writer/split_tiny_budget_1MiB,17,152.4085,driver_pauses,18
writer,writer/split_tiny_budget_1MiB,17,152.4085,duplicate_bytes,0
writer,writer/split_tiny_budget_1MiB,17,152.4085,failed,0
writer,writer/split_tiny_budget_1MiB,17,152.4085,file_bytes,12582912
writer,writer/split_tiny_budget_1MiB,17,152.4085,finalize,0.004249999999984766
writer,writer/split_tiny_budget_1MiB,17,152.4085,fsync_calls,1
writer,writer/split_tiny_budget_1MiB,17,152.4085,fsync_ms,6.261
writer,writer/split_tiny_budget_1MiB,17,152.4085,prealloc_ms,0.076
writer,writer/split_tiny_budget_1MiB,17,152.4085,process_peak_rss_bytes,61243392
writer,writer/split_tiny_budget_1MiB,17,152.4085,report_span,0
writer,writer/split_tiny_budget_1MiB,17,152.4085,requests,4
writer,writer/split_tiny_budget_1MiB,17,152.4085,response_head_ms,76.216
writer,writer/split_tiny_budget_1MiB,17,152.4085,response_heads,4
writer,writer/split_tiny_budget_1MiB,17,152.4085,running_reports,1
writer,writer/split_tiny_budget_1MiB,17,152.4085,served_bytes,12582912
writer,writer/split_tiny_budget_1MiB,17,152.4085,to_first_report,150.967125
writer,writer/split_tiny_budget_1MiB,17,152.4085,total,150.971375
writer,writer/split_tiny_budget_1MiB,17,152.4085,unique_bytes,12582912
writer,writer/split_tiny_budget_1MiB,17,152.4085,verified,1
writer,writer/split_tiny_budget_1MiB,17,152.4085,writer_blocks,57
writer,writer/split_tiny_budget_1MiB,17,152.4085,writer_bytes,12582912
writer,writer/split_tiny_budget_1MiB,17,152.4085,writer_seeks,57
writer,writer/split_prealloc_on,17,60.8255,avg_block_bytes,1048576
writer,writer/split_prealloc_on,17,60.8255,body_reads,783
writer,writer/split_prealloc_on,17,60.8255,body_wait_ms,76.791
writer,writer/split_prealloc_on,17,60.8255,cache_copied_bytes,12582912
writer,writer/split_prealloc_on,17,60.8255,cache_evicted_bytes,12582912
writer,writer/split_prealloc_on,17,60.8255,checksum_ms,0
writer,writer/split_prealloc_on,17,60.8255,cpu_ms,14.271999999999993
writer,writer/split_prealloc_on,17,60.8255,cpu_percent,23.463859105444637
writer,writer/split_prealloc_on,17,60.8255,distinct_ranges,4
writer,writer/split_prealloc_on,17,60.8255,driver_connections,4
writer,writer/split_prealloc_on,17,60.8255,driver_loops,74
writer,writer/split_prealloc_on,17,60.8255,driver_pauses,7
writer,writer/split_prealloc_on,17,60.8255,duplicate_bytes,0
writer,writer/split_prealloc_on,17,60.8255,failed,0
writer,writer/split_prealloc_on,17,60.8255,file_bytes,12582912
writer,writer/split_prealloc_on,17,60.8255,finalize,0.0016669999999976426
writer,writer/split_prealloc_on,17,60.8255,fsync_calls,1
writer,writer/split_prealloc_on,17,60.8255,fsync_ms,5.511
writer,writer/split_prealloc_on,17,60.8255,prealloc_ms,3.78
writer,writer/split_prealloc_on,17,60.8255,process_peak_rss_bytes,61407232
writer,writer/split_prealloc_on,17,60.8255,report_span,0
writer,writer/split_prealloc_on,17,60.8255,requests,4
writer,writer/split_prealloc_on,17,60.8255,response_head_ms,65.672
writer,writer/split_prealloc_on,17,60.8255,response_heads,4
writer,writer/split_prealloc_on,17,60.8255,running_reports,1
writer,writer/split_prealloc_on,17,60.8255,served_bytes,12582912
writer,writer/split_prealloc_on,17,60.8255,to_first_report,59.1015
writer,writer/split_prealloc_on,17,60.8255,total,59.103167
writer,writer/split_prealloc_on,17,60.8255,unique_bytes,12582912
writer,writer/split_prealloc_on,17,60.8255,verified,1
writer,writer/split_prealloc_on,17,60.8255,writer_blocks,12
writer,writer/split_prealloc_on,17,60.8255,writer_bytes,12582912
writer,writer/split_prealloc_on,17,60.8255,writer_seeks,12
writer,writer/single_conn_4MiB,17,99.1538,avg_block_bytes,16256.992248062015
writer,writer/single_conn_4MiB,17,99.1538,body_reads,259
writer,writer/single_conn_4MiB,17,99.1538,body_wait_ms,90.108
writer,writer/single_conn_4MiB,17,99.1538,cache_copied_bytes,0
writer,writer/single_conn_4MiB,17,99.1538,cache_evicted_bytes,0
writer,writer/single_conn_4MiB,17,99.1538,checksum_ms,0
writer,writer/single_conn_4MiB,17,99.1538,cpu_ms,12.233999999999995
writer,writer/single_conn_4MiB,17,99.1538,cpu_percent,12.338403374296142
writer,writer/single_conn_4MiB,17,99.1538,distinct_ranges,1
writer,writer/single_conn_4MiB,17,99.1538,driver_connections,1
writer,writer/single_conn_4MiB,17,99.1538,driver_loops,35
writer,writer/single_conn_4MiB,17,99.1538,driver_pauses,4
writer,writer/single_conn_4MiB,17,99.1538,duplicate_bytes,0
writer,writer/single_conn_4MiB,17,99.1538,failed,0
writer,writer/single_conn_4MiB,17,99.1538,file_bytes,4194304
writer,writer/single_conn_4MiB,17,99.1538,finalize,5.999582999999987
writer,writer/single_conn_4MiB,17,99.1538,fsync_calls,2
writer,writer/single_conn_4MiB,17,99.1538,fsync_ms,5.831
writer,writer/single_conn_4MiB,17,99.1538,prealloc_ms,0.067
writer,writer/single_conn_4MiB,17,99.1538,process_peak_rss_bytes,69861376
writer,writer/single_conn_4MiB,17,99.1538,report_span,91.16341700000001
writer,writer/single_conn_4MiB,17,99.1538,requests,1
writer,writer/single_conn_4MiB,17,99.1538,response_head_ms,0.28
writer,writer/single_conn_4MiB,17,99.1538,response_heads,1
writer,writer/single_conn_4MiB,17,99.1538,running_reports,16
writer,writer/single_conn_4MiB,17,99.1538,served_bytes,4194304
writer,writer/single_conn_4MiB,17,99.1538,to_first_report,0.714125
writer,writer/single_conn_4MiB,17,99.1538,total,97.87712499999999
writer,writer/single_conn_4MiB,17,99.1538,unique_bytes,4194304
writer,writer/single_conn_4MiB,17,99.1538,verified,1
writer,writer/single_conn_4MiB,17,99.1538,writer_blocks,258
writer,writer/single_conn_4MiB,17,99.1538,writer_bytes,4194304
writer,writer/single_conn_4MiB,17,99.1538,writer_seeks,258
writer,writer/split_4conns_16KiB_chunks,18,59.4637,avg_block_bytes,1048576
writer,writer/split_4conns_16KiB_chunks,18,59.4637,body_reads,787
writer,writer/split_4conns_16KiB_chunks,18,59.4637,body_wait_ms,96.008
writer,writer/split_4conns_16KiB_chunks,18,59.4637,cache_copied_bytes,12582912
writer,writer/split_4conns_16KiB_chunks,18,59.4637,cache_evicted_bytes,12582912
writer,writer/split_4conns_16KiB_chunks,18,59.4637,checksum_ms,0
writer,writer/split_4conns_16KiB_chunks,18,59.4637,cpu_ms,17.127
writer,writer/split_4conns_16KiB_chunks,18,59.4637,cpu_percent,28.802441502597826
writer,writer/split_4conns_16KiB_chunks,18,59.4637,distinct_ranges,4
writer,writer/split_4conns_16KiB_chunks,18,59.4637,driver_connections,4
writer,writer/split_4conns_16KiB_chunks,18,59.4637,driver_loops,84
writer,writer/split_4conns_16KiB_chunks,18,59.4637,driver_pauses,5
writer,writer/split_4conns_16KiB_chunks,18,59.4637,duplicate_bytes,0
writer,writer/split_4conns_16KiB_chunks,18,59.4637,failed,0
writer,writer/split_4conns_16KiB_chunks,18,59.4637,file_bytes,12582912
writer,writer/split_4conns_16KiB_chunks,18,59.4637,finalize,0.0010839999999987526
writer,writer/split_4conns_16KiB_chunks,18,59.4637,fsync_calls,1
writer,writer/split_4conns_16KiB_chunks,18,59.4637,fsync_ms,6.78
writer,writer/split_4conns_16KiB_chunks,18,59.4637,prealloc_ms,0.087
writer,writer/split_4conns_16KiB_chunks,18,59.4637,process_peak_rss_bytes,49627136
writer,writer/split_4conns_16KiB_chunks,18,59.4637,report_span,0
writer,writer/split_4conns_16KiB_chunks,18,59.4637,requests,4
writer,writer/split_4conns_16KiB_chunks,18,59.4637,response_head_ms,1.581
writer,writer/split_4conns_16KiB_chunks,18,59.4637,response_heads,4
writer,writer/split_4conns_16KiB_chunks,18,59.4637,running_reports,1
writer,writer/split_4conns_16KiB_chunks,18,59.4637,served_bytes,12582912
writer,writer/split_4conns_16KiB_chunks,18,59.4637,to_first_report,56.730583
writer,writer/split_4conns_16KiB_chunks,18,59.4637,total,56.731667
writer,writer/split_4conns_16KiB_chunks,18,59.4637,unique_bytes,12582912
writer,writer/split_4conns_16KiB_chunks,18,59.4637,verified,1
writer,writer/split_4conns_16KiB_chunks,18,59.4637,writer_blocks,12
writer,writer/split_4conns_16KiB_chunks,18,59.4637,writer_bytes,12582912
writer,writer/split_4conns_16KiB_chunks,18,59.4637,writer_seeks,12
writer,writer/split_4conns_1MiB_chunks,18,131.1204,avg_block_bytes,1048576
writer,writer/split_4conns_1MiB_chunks,18,131.1204,body_reads,777
writer,writer/split_4conns_1MiB_chunks,18,131.1204,body_wait_ms,216.623
writer,writer/split_4conns_1MiB_chunks,18,131.1204,cache_copied_bytes,12582912
writer,writer/split_4conns_1MiB_chunks,18,131.1204,cache_evicted_bytes,12582912
writer,writer/split_4conns_1MiB_chunks,18,131.1204,checksum_ms,0
writer,writer/split_4conns_1MiB_chunks,18,131.1204,cpu_ms,15.884000000000002
writer,writer/split_4conns_1MiB_chunks,18,131.1204,cpu_percent,12.11405552587631
writer,writer/split_4conns_1MiB_chunks,18,131.1204,distinct_ranges,4
writer,writer/split_4conns_1MiB_chunks,18,131.1204,driver_connections,4
writer,writer/split_4conns_1MiB_chunks,18,131.1204,driver_loops,54
writer,writer/split_4conns_1MiB_chunks,18,131.1204,driver_pauses,10
writer,writer/split_4conns_1MiB_chunks,18,131.1204,duplicate_bytes,0
writer,writer/split_4conns_1MiB_chunks,18,131.1204,failed,0
writer,writer/split_4conns_1MiB_chunks,18,131.1204,file_bytes,12582912
writer,writer/split_4conns_1MiB_chunks,18,131.1204,finalize,0.0007499999999822649
writer,writer/split_4conns_1MiB_chunks,18,131.1204,fsync_calls,1
writer,writer/split_4conns_1MiB_chunks,18,131.1204,fsync_ms,6.895
writer,writer/split_4conns_1MiB_chunks,18,131.1204,prealloc_ms,0.19
writer,writer/split_4conns_1MiB_chunks,18,131.1204,process_peak_rss_bytes,60276736
writer,writer/split_4conns_1MiB_chunks,18,131.1204,report_span,0
writer,writer/split_4conns_1MiB_chunks,18,131.1204,requests,4
writer,writer/split_4conns_1MiB_chunks,18,131.1204,response_head_ms,71.892
writer,writer/split_4conns_1MiB_chunks,18,131.1204,response_heads,4
writer,writer/split_4conns_1MiB_chunks,18,131.1204,running_reports,1
writer,writer/split_4conns_1MiB_chunks,18,131.1204,served_bytes,12582912
writer,writer/split_4conns_1MiB_chunks,18,131.1204,to_first_report,129.009917
writer,writer/split_4conns_1MiB_chunks,18,131.1204,total,129.01066699999998
writer,writer/split_4conns_1MiB_chunks,18,131.1204,unique_bytes,12582912
writer,writer/split_4conns_1MiB_chunks,18,131.1204,verified,1
writer,writer/split_4conns_1MiB_chunks,18,131.1204,writer_blocks,12
writer,writer/split_4conns_1MiB_chunks,18,131.1204,writer_bytes,12582912
writer,writer/split_4conns_1MiB_chunks,18,131.1204,writer_seeks,12
writer,writer/split_tiny_budget_1MiB,18,175.9729,avg_block_bytes,206277.24590163934
writer,writer/split_tiny_budget_1MiB,18,175.9729,body_reads,777
writer,writer/split_tiny_budget_1MiB,18,175.9729,body_wait_ms,341.883
writer,writer/split_tiny_budget_1MiB,18,175.9729,cache_copied_bytes,12582912
writer,writer/split_tiny_budget_1MiB,18,175.9729,cache_evicted_bytes,12582912
writer,writer/split_tiny_budget_1MiB,18,175.9729,checksum_ms,0
writer,writer/split_tiny_budget_1MiB,18,175.9729,cpu_ms,24.303000000000004
writer,writer/split_tiny_budget_1MiB,18,175.9729,cpu_percent,13.8106512154217
writer,writer/split_tiny_budget_1MiB,18,175.9729,distinct_ranges,4
writer,writer/split_tiny_budget_1MiB,18,175.9729,driver_connections,4
writer,writer/split_tiny_budget_1MiB,18,175.9729,driver_loops,50
writer,writer/split_tiny_budget_1MiB,18,175.9729,driver_pauses,17
writer,writer/split_tiny_budget_1MiB,18,175.9729,duplicate_bytes,0
writer,writer/split_tiny_budget_1MiB,18,175.9729,failed,0
writer,writer/split_tiny_budget_1MiB,18,175.9729,file_bytes,12582912
writer,writer/split_tiny_budget_1MiB,18,175.9729,finalize,0.004874999999998408
writer,writer/split_tiny_budget_1MiB,18,175.9729,fsync_calls,1
writer,writer/split_tiny_budget_1MiB,18,175.9729,fsync_ms,8.105
writer,writer/split_tiny_budget_1MiB,18,175.9729,prealloc_ms,0.092
writer,writer/split_tiny_budget_1MiB,18,175.9729,process_peak_rss_bytes,60702720
writer,writer/split_tiny_budget_1MiB,18,175.9729,report_span,0
writer,writer/split_tiny_budget_1MiB,18,175.9729,requests,4
writer,writer/split_tiny_budget_1MiB,18,175.9729,response_head_ms,73.827
writer,writer/split_tiny_budget_1MiB,18,175.9729,response_heads,4
writer,writer/split_tiny_budget_1MiB,18,175.9729,running_reports,1
writer,writer/split_tiny_budget_1MiB,18,175.9729,served_bytes,12582912
writer,writer/split_tiny_budget_1MiB,18,175.9729,to_first_report,171.320459
writer,writer/split_tiny_budget_1MiB,18,175.9729,total,171.325334
writer,writer/split_tiny_budget_1MiB,18,175.9729,unique_bytes,12582912
writer,writer/split_tiny_budget_1MiB,18,175.9729,verified,1
writer,writer/split_tiny_budget_1MiB,18,175.9729,writer_blocks,61
writer,writer/split_tiny_budget_1MiB,18,175.9729,writer_bytes,12582912
writer,writer/split_tiny_budget_1MiB,18,175.9729,writer_seeks,61
writer,writer/split_prealloc_on,18,253.5996,avg_block_bytes,1048576
writer,writer/split_prealloc_on,18,253.5996,body_reads,780
writer,writer/split_prealloc_on,18,253.5996,body_wait_ms,288.86
writer,writer/split_prealloc_on,18,253.5996,cache_copied_bytes,12582912
writer,writer/split_prealloc_on,18,253.5996,cache_evicted_bytes,12582912
writer,writer/split_prealloc_on,18,253.5996,checksum_ms,0
writer,writer/split_prealloc_on,18,253.5996,cpu_ms,29.225
writer,writer/split_prealloc_on,18,253.5996,cpu_percent,11.52407257704363
writer,writer/split_prealloc_on,18,253.5996,distinct_ranges,5
writer,writer/split_prealloc_on,18,253.5996,driver_connections,4
writer,writer/split_prealloc_on,18,253.5996,driver_loops,71
writer,writer/split_prealloc_on,18,253.5996,driver_pauses,15
writer,writer/split_prealloc_on,18,253.5996,duplicate_bytes,0
writer,writer/split_prealloc_on,18,253.5996,failed,0
writer,writer/split_prealloc_on,18,253.5996,file_bytes,12582912
writer,writer/split_prealloc_on,18,253.5996,finalize,0.000916999999986956
writer,writer/split_prealloc_on,18,253.5996,fsync_calls,1
writer,writer/split_prealloc_on,18,253.5996,fsync_ms,4.124
writer,writer/split_prealloc_on,18,253.5996,prealloc_ms,4.247
writer,writer/split_prealloc_on,18,253.5996,process_peak_rss_bytes,60932096
writer,writer/split_prealloc_on,18,253.5996,report_span,40.898166
writer,writer/split_prealloc_on,18,253.5996,requests,5
writer,writer/split_prealloc_on,18,253.5996,response_head_ms,91.564
writer,writer/split_prealloc_on,18,253.5996,response_heads,5
writer,writer/split_prealloc_on,18,253.5996,running_reports,2
writer,writer/split_prealloc_on,18,253.5996,served_bytes,12582912
writer,writer/split_prealloc_on,18,253.5996,to_first_report,208.022459
writer,writer/split_prealloc_on,18,253.5996,total,248.921542
writer,writer/split_prealloc_on,18,253.5996,unique_bytes,12582912
writer,writer/split_prealloc_on,18,253.5996,verified,1
writer,writer/split_prealloc_on,18,253.5996,writer_blocks,12
writer,writer/split_prealloc_on,18,253.5996,writer_bytes,12582912
writer,writer/split_prealloc_on,18,253.5996,writer_seeks,12
writer,writer/single_conn_4MiB,18,88.0630,avg_block_bytes,16256.992248062015
writer,writer/single_conn_4MiB,18,88.0630,body_reads,259
writer,writer/single_conn_4MiB,18,88.0630,body_wait_ms,70.709
writer,writer/single_conn_4MiB,18,88.0630,cache_copied_bytes,0
writer,writer/single_conn_4MiB,18,88.0630,cache_evicted_bytes,0
writer,writer/single_conn_4MiB,18,88.0630,checksum_ms,0
writer,writer/single_conn_4MiB,18,88.0630,cpu_ms,29.057
writer,writer/single_conn_4MiB,18,88.0630,cpu_percent,32.99569626290269
writer,writer/single_conn_4MiB,18,88.0630,distinct_ranges,1
writer,writer/single_conn_4MiB,18,88.0630,driver_connections,1
writer,writer/single_conn_4MiB,18,88.0630,driver_loops,33
writer,writer/single_conn_4MiB,18,88.0630,driver_pauses,3
writer,writer/single_conn_4MiB,18,88.0630,duplicate_bytes,0
writer,writer/single_conn_4MiB,18,88.0630,failed,0
writer,writer/single_conn_4MiB,18,88.0630,file_bytes,4194304
writer,writer/single_conn_4MiB,18,88.0630,finalize,8.429709000000017
writer,writer/single_conn_4MiB,18,88.0630,fsync_calls,2
writer,writer/single_conn_4MiB,18,88.0630,fsync_ms,6.022
writer,writer/single_conn_4MiB,18,88.0630,prealloc_ms,0.156
writer,writer/single_conn_4MiB,18,88.0630,process_peak_rss_bytes,69402624
writer,writer/single_conn_4MiB,18,88.0630,report_span,74.765875
writer,writer/single_conn_4MiB,18,88.0630,requests,1
writer,writer/single_conn_4MiB,18,88.0630,response_head_ms,0.438
writer,writer/single_conn_4MiB,18,88.0630,response_heads,1
writer,writer/single_conn_4MiB,18,88.0630,running_reports,17
writer,writer/single_conn_4MiB,18,88.0630,served_bytes,4194304
writer,writer/single_conn_4MiB,18,88.0630,to_first_report,2.125708
writer,writer/single_conn_4MiB,18,88.0630,total,85.32129200000001
writer,writer/single_conn_4MiB,18,88.0630,unique_bytes,4194304
writer,writer/single_conn_4MiB,18,88.0630,verified,1
writer,writer/single_conn_4MiB,18,88.0630,writer_blocks,258
writer,writer/single_conn_4MiB,18,88.0630,writer_bytes,4194304
writer,writer/single_conn_4MiB,18,88.0630,writer_seeks,258
writer,writer/split_4conns_16KiB_chunks,19,108.8686,avg_block_bytes,1048576
writer,writer/split_4conns_16KiB_chunks,19,108.8686,body_reads,787
writer,writer/split_4conns_16KiB_chunks,19,108.8686,body_wait_ms,192.533
writer,writer/split_4conns_16KiB_chunks,19,108.8686,cache_copied_bytes,12582912
writer,writer/split_4conns_16KiB_chunks,19,108.8686,cache_evicted_bytes,12582912
writer,writer/split_4conns_16KiB_chunks,19,108.8686,checksum_ms,0
writer,writer/split_4conns_16KiB_chunks,19,108.8686,cpu_ms,18.737999999999996
writer,writer/split_4conns_16KiB_chunks,19,108.8686,cpu_percent,17.211577007482493
writer,writer/split_4conns_16KiB_chunks,19,108.8686,distinct_ranges,4
writer,writer/split_4conns_16KiB_chunks,19,108.8686,driver_connections,4
writer,writer/split_4conns_16KiB_chunks,19,108.8686,driver_loops,80
writer,writer/split_4conns_16KiB_chunks,19,108.8686,driver_pauses,8
writer,writer/split_4conns_16KiB_chunks,19,108.8686,duplicate_bytes,0
writer,writer/split_4conns_16KiB_chunks,19,108.8686,failed,0
writer,writer/split_4conns_16KiB_chunks,19,108.8686,file_bytes,12582912
writer,writer/split_4conns_16KiB_chunks,19,108.8686,fsync_calls,1
writer,writer/split_4conns_16KiB_chunks,19,108.8686,fsync_ms,6.629
writer,writer/split_4conns_16KiB_chunks,19,108.8686,prealloc_ms,0.064
writer,writer/split_4conns_16KiB_chunks,19,108.8686,process_peak_rss_bytes,51757056
writer,writer/split_4conns_16KiB_chunks,19,108.8686,requests,4
writer,writer/split_4conns_16KiB_chunks,19,108.8686,response_head_ms,1.715
writer,writer/split_4conns_16KiB_chunks,19,108.8686,response_heads,4
writer,writer/split_4conns_16KiB_chunks,19,108.8686,running_reports,0
writer,writer/split_4conns_16KiB_chunks,19,108.8686,served_bytes,12582912
writer,writer/split_4conns_16KiB_chunks,19,108.8686,total,104.702666
writer,writer/split_4conns_16KiB_chunks,19,108.8686,unique_bytes,12582912
writer,writer/split_4conns_16KiB_chunks,19,108.8686,verified,1
writer,writer/split_4conns_16KiB_chunks,19,108.8686,writer_blocks,12
writer,writer/split_4conns_16KiB_chunks,19,108.8686,writer_bytes,12582912
writer,writer/split_4conns_16KiB_chunks,19,108.8686,writer_seeks,12
writer,writer/split_4conns_1MiB_chunks,19,56.8676,avg_block_bytes,1048576
writer,writer/split_4conns_1MiB_chunks,19,56.8676,body_reads,783
writer,writer/split_4conns_1MiB_chunks,19,56.8676,body_wait_ms,69.5
writer,writer/split_4conns_1MiB_chunks,19,56.8676,cache_copied_bytes,12582912
writer,writer/split_4conns_1MiB_chunks,19,56.8676,cache_evicted_bytes,12582912
writer,writer/split_4conns_1MiB_chunks,19,56.8676,checksum_ms,0
writer,writer/split_4conns_1MiB_chunks,19,56.8676,cpu_ms,16.404000000000003
writer,writer/split_4conns_1MiB_chunks,19,56.8676,cpu_percent,28.84593826452222
writer,writer/split_4conns_1MiB_chunks,19,56.8676,distinct_ranges,4
writer,writer/split_4conns_1MiB_chunks,19,56.8676,driver_connections,4
writer,writer/split_4conns_1MiB_chunks,19,56.8676,driver_loops,68
writer,writer/split_4conns_1MiB_chunks,19,56.8676,driver_pauses,6
writer,writer/split_4conns_1MiB_chunks,19,56.8676,duplicate_bytes,0
writer,writer/split_4conns_1MiB_chunks,19,56.8676,failed,0
writer,writer/split_4conns_1MiB_chunks,19,56.8676,file_bytes,12582912
writer,writer/split_4conns_1MiB_chunks,19,56.8676,finalize,0.01287500000000108
writer,writer/split_4conns_1MiB_chunks,19,56.8676,fsync_calls,1
writer,writer/split_4conns_1MiB_chunks,19,56.8676,fsync_ms,7.004
writer,writer/split_4conns_1MiB_chunks,19,56.8676,prealloc_ms,0.101
writer,writer/split_4conns_1MiB_chunks,19,56.8676,process_peak_rss_bytes,57032704
writer,writer/split_4conns_1MiB_chunks,19,56.8676,report_span,0
writer,writer/split_4conns_1MiB_chunks,19,56.8676,requests,4
writer,writer/split_4conns_1MiB_chunks,19,56.8676,response_head_ms,1.71
writer,writer/split_4conns_1MiB_chunks,19,56.8676,response_heads,4
writer,writer/split_4conns_1MiB_chunks,19,56.8676,running_reports,1
writer,writer/split_4conns_1MiB_chunks,19,56.8676,served_bytes,12582912
writer,writer/split_4conns_1MiB_chunks,19,56.8676,to_first_report,54.363917
writer,writer/split_4conns_1MiB_chunks,19,56.8676,total,54.376792
writer,writer/split_4conns_1MiB_chunks,19,56.8676,unique_bytes,12582912
writer,writer/split_4conns_1MiB_chunks,19,56.8676,verified,1
writer,writer/split_4conns_1MiB_chunks,19,56.8676,writer_blocks,12
writer,writer/split_4conns_1MiB_chunks,19,56.8676,writer_bytes,12582912
writer,writer/split_4conns_1MiB_chunks,19,56.8676,writer_seeks,12
writer,writer/split_tiny_budget_1MiB,19,189.3527,avg_block_bytes,241979.07692307694
writer,writer/split_tiny_budget_1MiB,19,189.3527,body_reads,778
writer,writer/split_tiny_budget_1MiB,19,189.3527,body_wait_ms,343.647
writer,writer/split_tiny_budget_1MiB,19,189.3527,cache_copied_bytes,12582912
writer,writer/split_tiny_budget_1MiB,19,189.3527,cache_evicted_bytes,12582912
writer,writer/split_tiny_budget_1MiB,19,189.3527,checksum_ms,0
writer,writer/split_tiny_budget_1MiB,19,189.3527,cpu_ms,35.07399999999999
writer,writer/split_tiny_budget_1MiB,19,189.3527,cpu_percent,18.523100403875834
writer,writer/split_tiny_budget_1MiB,19,189.3527,distinct_ranges,4
writer,writer/split_tiny_budget_1MiB,19,189.3527,driver_connections,4
writer,writer/split_tiny_budget_1MiB,19,189.3527,driver_loops,59
writer,writer/split_tiny_budget_1MiB,19,189.3527,driver_pauses,15
writer,writer/split_tiny_budget_1MiB,19,189.3527,duplicate_bytes,0
writer,writer/split_tiny_budget_1MiB,19,189.3527,failed,0
writer,writer/split_tiny_budget_1MiB,19,189.3527,file_bytes,12582912
writer,writer/split_tiny_budget_1MiB,19,189.3527,finalize,0.019333000000017364
writer,writer/split_tiny_budget_1MiB,19,189.3527,fsync_calls,1
writer,writer/split_tiny_budget_1MiB,19,189.3527,fsync_ms,7.744
writer,writer/split_tiny_budget_1MiB,19,189.3527,prealloc_ms,0.127
writer,writer/split_tiny_budget_1MiB,19,189.3527,process_peak_rss_bytes,57524224
writer,writer/split_tiny_budget_1MiB,19,189.3527,report_span,0
writer,writer/split_tiny_budget_1MiB,19,189.3527,requests,4
writer,writer/split_tiny_budget_1MiB,19,189.3527,response_head_ms,77.36
writer,writer/split_tiny_budget_1MiB,19,189.3527,response_heads,4
writer,writer/split_tiny_budget_1MiB,19,189.3527,running_reports,1
writer,writer/split_tiny_budget_1MiB,19,189.3527,served_bytes,12582912
writer,writer/split_tiny_budget_1MiB,19,189.3527,to_first_report,183.471625
writer,writer/split_tiny_budget_1MiB,19,189.3527,total,183.490958
writer,writer/split_tiny_budget_1MiB,19,189.3527,unique_bytes,12582912
writer,writer/split_tiny_budget_1MiB,19,189.3527,verified,1
writer,writer/split_tiny_budget_1MiB,19,189.3527,writer_blocks,52
writer,writer/split_tiny_budget_1MiB,19,189.3527,writer_bytes,12582912
writer,writer/split_tiny_budget_1MiB,19,189.3527,writer_seeks,52
writer,writer/split_prealloc_on,19,172.2442,avg_block_bytes,1048576
writer,writer/split_prealloc_on,19,172.2442,body_reads,776
writer,writer/split_prealloc_on,19,172.2442,body_wait_ms,332.741
writer,writer/split_prealloc_on,19,172.2442,cache_copied_bytes,12582912
writer,writer/split_prealloc_on,19,172.2442,cache_evicted_bytes,12582912
writer,writer/split_prealloc_on,19,172.2442,checksum_ms,0
writer,writer/split_prealloc_on,19,172.2442,cpu_ms,38.77099999999999
writer,writer/split_prealloc_on,19,172.2442,cpu_percent,22.509325381102737
writer,writer/split_prealloc_on,19,172.2442,distinct_ranges,5
writer,writer/split_prealloc_on,19,172.2442,driver_connections,4
writer,writer/split_prealloc_on,19,172.2442,driver_loops,57
writer,writer/split_prealloc_on,19,172.2442,driver_pauses,21
writer,writer/split_prealloc_on,19,172.2442,duplicate_bytes,0
writer,writer/split_prealloc_on,19,172.2442,failed,0
writer,writer/split_prealloc_on,19,172.2442,file_bytes,12582912
writer,writer/split_prealloc_on,19,172.2442,finalize,0.011499999999983856
writer,writer/split_prealloc_on,19,172.2442,fsync_calls,1
writer,writer/split_prealloc_on,19,172.2442,fsync_ms,9.336
writer,writer/split_prealloc_on,19,172.2442,prealloc_ms,4.377
writer,writer/split_prealloc_on,19,172.2442,process_peak_rss_bytes,62439424
writer,writer/split_prealloc_on,19,172.2442,report_span,0
writer,writer/split_prealloc_on,19,172.2442,requests,5
writer,writer/split_prealloc_on,19,172.2442,response_head_ms,80.773
writer,writer/split_prealloc_on,19,172.2442,response_heads,5
writer,writer/split_prealloc_on,19,172.2442,running_reports,1
writer,writer/split_prealloc_on,19,172.2442,served_bytes,12582912
writer,writer/split_prealloc_on,19,172.2442,to_first_report,166.62929100000002
writer,writer/split_prealloc_on,19,172.2442,total,166.640791
writer,writer/split_prealloc_on,19,172.2442,unique_bytes,12582912
writer,writer/split_prealloc_on,19,172.2442,verified,1
writer,writer/split_prealloc_on,19,172.2442,writer_blocks,12
writer,writer/split_prealloc_on,19,172.2442,writer_bytes,12582912
writer,writer/split_prealloc_on,19,172.2442,writer_seeks,12
writer,writer/single_conn_4MiB,19,181.1167,avg_block_bytes,16256.992248062015
writer,writer/single_conn_4MiB,19,181.1167,body_reads,259
writer,writer/single_conn_4MiB,19,181.1167,body_wait_ms,152.186
writer,writer/single_conn_4MiB,19,181.1167,cache_copied_bytes,0
writer,writer/single_conn_4MiB,19,181.1167,cache_evicted_bytes,0
writer,writer/single_conn_4MiB,19,181.1167,checksum_ms,0
writer,writer/single_conn_4MiB,19,181.1167,cpu_ms,26.417999999999996
writer,writer/single_conn_4MiB,19,181.1167,cpu_percent,14.58617162686499
writer,writer/single_conn_4MiB,19,181.1167,distinct_ranges,1
writer,writer/single_conn_4MiB,19,181.1167,driver_connections,1
writer,writer/single_conn_4MiB,19,181.1167,driver_loops,37
writer,writer/single_conn_4MiB,19,181.1167,driver_pauses,7
writer,writer/single_conn_4MiB,19,181.1167,duplicate_bytes,0
writer,writer/single_conn_4MiB,19,181.1167,failed,0
writer,writer/single_conn_4MiB,19,181.1167,file_bytes,4194304
writer,writer/single_conn_4MiB,19,181.1167,finalize,12.218540999999988
writer,writer/single_conn_4MiB,19,181.1167,fsync_calls,2
writer,writer/single_conn_4MiB,19,181.1167,fsync_ms,11.813
writer,writer/single_conn_4MiB,19,181.1167,prealloc_ms,0.221
writer,writer/single_conn_4MiB,19,181.1167,process_peak_rss_bytes,70926336
writer,writer/single_conn_4MiB,19,181.1167,report_span,164.820042
writer,writer/single_conn_4MiB,19,181.1167,requests,1
writer,writer/single_conn_4MiB,19,181.1167,response_head_ms,0.709
writer,writer/single_conn_4MiB,19,181.1167,response_heads,1
writer,writer/single_conn_4MiB,19,181.1167,running_reports,17
writer,writer/single_conn_4MiB,19,181.1167,served_bytes,4194304
writer,writer/single_conn_4MiB,19,181.1167,to_first_report,1.278167
writer,writer/single_conn_4MiB,19,181.1167,total,178.31674999999998
writer,writer/single_conn_4MiB,19,181.1167,unique_bytes,4194304
writer,writer/single_conn_4MiB,19,181.1167,verified,1
writer,writer/single_conn_4MiB,19,181.1167,writer_blocks,258
writer,writer/single_conn_4MiB,19,181.1167,writer_bytes,4194304
writer,writer/single_conn_4MiB,19,181.1167,writer_seeks,258
