group,scenario,round,round_millis,metric,value
e2e,e2e/small_256KiB_single_connection,0,19.9677,avg_block_bytes,14563.555555555555
e2e,e2e/small_256KiB_single_connection,0,19.9677,body_reads,19
e2e,e2e/small_256KiB_single_connection,0,19.9677,body_wait_ms,0.002
e2e,e2e/small_256KiB_single_connection,0,19.9677,cache_copied_bytes,0
e2e,e2e/small_256KiB_single_connection,0,19.9677,cache_evicted_bytes,0
e2e,e2e/small_256KiB_single_connection,0,19.9677,checksum_ms,1.984
e2e,e2e/small_256KiB_single_connection,0,19.9677,distinct_ranges,1
e2e,e2e/small_256KiB_single_connection,0,19.9677,duplicate_bytes,0
e2e,e2e/small_256KiB_single_connection,0,19.9677,failed,0
e2e,e2e/small_256KiB_single_connection,0,19.9677,file_bytes,262144
e2e,e2e/small_256KiB_single_connection,0,19.9677,finalize,10.609874999999999
e2e,e2e/small_256KiB_single_connection,0,19.9677,fsync_calls,2
e2e,e2e/small_256KiB_single_connection,0,19.9677,fsync_ms,7.999
e2e,e2e/small_256KiB_single_connection,0,19.9677,prealloc_ms,4.755
e2e,e2e/small_256KiB_single_connection,0,19.9677,report_span,0
e2e,e2e/small_256KiB_single_connection,0,19.9677,requests,1
e2e,e2e/small_256KiB_single_connection,0,19.9677,response_head_ms,0.482
e2e,e2e/small_256KiB_single_connection,0,19.9677,response_heads,1
e2e,e2e/small_256KiB_single_connection,0,19.9677,running_reports,1
e2e,e2e/small_256KiB_single_connection,0,19.9677,served_bytes,262144
e2e,e2e/small_256KiB_single_connection,0,19.9677,to_first_report,6.772374999999999
e2e,e2e/small_256KiB_single_connection,0,19.9677,total,17.38225
e2e,e2e/small_256KiB_single_connection,0,19.9677,unique_bytes,262144
e2e,e2e/small_256KiB_single_connection,0,19.9677,verified,1
e2e,e2e/small_256KiB_single_connection,0,19.9677,writer_blocks,18
e2e,e2e/small_256KiB_single_connection,0,19.9677,writer_bytes,262144
e2e,e2e/small_256KiB_single_connection,1,14.9372,avg_block_bytes,14563.555555555555
e2e,e2e/small_256KiB_single_connection,1,14.9372,body_reads,19
e2e,e2e/small_256KiB_single_connection,1,14.9372,body_wait_ms,0
e2e,e2e/small_256KiB_single_connection,1,14.9372,cache_copied_bytes,0
e2e,e2e/small_256KiB_single_connection,1,14.9372,cache_evicted_bytes,0
e2e,e2e/small_256KiB_single_connection,1,14.9372,checksum_ms,2.033
e2e,e2e/small_256KiB_single_connection,1,14.9372,distinct_ranges,1
e2e,e2e/small_256KiB_single_connection,1,14.9372,duplicate_bytes,0
e2e,e2e/small_256KiB_single_connection,1,14.9372,failed,0
e2e,e2e/small_256KiB_single_connection,1,14.9372,file_bytes,262144
e2e,e2e/small_256KiB_single_connection,1,14.9372,finalize,6.778042
e2e,e2e/small_256KiB_single_connection,1,14.9372,fsync_calls,2
e2e,e2e/small_256KiB_single_connection,1,14.9372,fsync_ms,4.061
e2e,e2e/small_256KiB_single_connection,1,14.9372,prealloc_ms,4.097
e2e,e2e/small_256KiB_single_connection,1,14.9372,report_span,0
e2e,e2e/small_256KiB_single_connection,1,14.9372,requests,1
e2e,e2e/small_256KiB_single_connection,1,14.9372,response_head_ms,0.306
e2e,e2e/small_256KiB_single_connection,1,14.9372,response_heads,1
e2e,e2e/small_256KiB_single_connection,1,14.9372,running_reports,1
e2e,e2e/small_256KiB_single_connection,1,14.9372,served_bytes,262144
e2e,e2e/small_256KiB_single_connection,1,14.9372,to_first_report,5.846958
e2e,e2e/small_256KiB_single_connection,1,14.9372,total,12.625
e2e,e2e/small_256KiB_single_connection,1,14.9372,unique_bytes,262144
e2e,e2e/small_256KiB_single_connection,1,14.9372,verified,1
e2e,e2e/small_256KiB_single_connection,1,14.9372,writer_blocks,18
e2e,e2e/small_256KiB_single_connection,1,14.9372,writer_bytes,262144
e2e,e2e/small_256KiB_single_connection,2,14.8943,avg_block_bytes,13797.052631578947
e2e,e2e/small_256KiB_single_connection,2,14.8943,body_reads,20
e2e,e2e/small_256KiB_single_connection,2,14.8943,body_wait_ms,0.003
e2e,e2e/small_256KiB_single_connection,2,14.8943,cache_copied_bytes,0
e2e,e2e/small_256KiB_single_connection,2,14.8943,cache_evicted_bytes,0
e2e,e2e/small_256KiB_single_connection,2,14.8943,checksum_ms,2.118
e2e,e2e/small_256KiB_single_connection,2,14.8943,distinct_ranges,1
e2e,e2e/small_256KiB_single_connection,2,14.8943,duplicate_bytes,0
e2e,e2e/small_256KiB_single_connection,2,14.8943,failed,0
e2e,e2e/small_256KiB_single_connection,2,14.8943,file_bytes,262144
e2e,e2e/small_256KiB_single_connection,2,14.8943,finalize,6.589541
e2e,e2e/small_256KiB_single_connection,2,14.8943,fsync_calls,2
e2e,e2e/small_256KiB_single_connection,2,14.8943,fsync_ms,3.757
e2e,e2e/small_256KiB_single_connection,2,14.8943,prealloc_ms,4.079
e2e,e2e/small_256KiB_single_connection,2,14.8943,report_span,0
e2e,e2e/small_256KiB_single_connection,2,14.8943,requests,1
e2e,e2e/small_256KiB_single_connection,2,14.8943,response_head_ms,0.33
e2e,e2e/small_256KiB_single_connection,2,14.8943,response_heads,1
e2e,e2e/small_256KiB_single_connection,2,14.8943,running_reports,1
e2e,e2e/small_256KiB_single_connection,2,14.8943,served_bytes,262144
e2e,e2e/small_256KiB_single_connection,2,14.8943,to_first_report,5.897666999999999
e2e,e2e/small_256KiB_single_connection,2,14.8943,total,12.487207999999999
e2e,e2e/small_256KiB_single_connection,2,14.8943,unique_bytes,262144
e2e,e2e/small_256KiB_single_connection,2,14.8943,verified,1
e2e,e2e/small_256KiB_single_connection,2,14.8943,writer_blocks,19
e2e,e2e/small_256KiB_single_connection,2,14.8943,writer_bytes,262144
e2e,e2e/small_256KiB_single_connection,3,15.1996,avg_block_bytes,13797.052631578947
e2e,e2e/small_256KiB_single_connection,3,15.1996,body_reads,20
e2e,e2e/small_256KiB_single_connection,3,15.1996,body_wait_ms,0.003
e2e,e2e/small_256KiB_single_connection,3,15.1996,cache_copied_bytes,0
e2e,e2e/small_256KiB_single_connection,3,15.1996,cache_evicted_bytes,0
e2e,e2e/small_256KiB_single_connection,3,15.1996,checksum_ms,2.116
e2e,e2e/small_256KiB_single_connection,3,15.1996,distinct_ranges,1
e2e,e2e/small_256KiB_single_connection,3,15.1996,duplicate_bytes,0
e2e,e2e/small_256KiB_single_connection,3,15.1996,failed,0
e2e,e2e/small_256KiB_single_connection,3,15.1996,file_bytes,262144
e2e,e2e/small_256KiB_single_connection,3,15.1996,finalize,6.971291
e2e,e2e/small_256KiB_single_connection,3,15.1996,fsync_calls,2
e2e,e2e/small_256KiB_single_connection,3,15.1996,fsync_ms,4.162
e2e,e2e/small_256KiB_single_connection,3,15.1996,prealloc_ms,3.958
e2e,e2e/small_256KiB_single_connection,3,15.1996,report_span,0
e2e,e2e/small_256KiB_single_connection,3,15.1996,requests,1
e2e,e2e/small_256KiB_single_connection,3,15.1996,response_head_ms,0.302
e2e,e2e/small_256KiB_single_connection,3,15.1996,response_heads,1
e2e,e2e/small_256KiB_single_connection,3,15.1996,running_reports,1
e2e,e2e/small_256KiB_single_connection,3,15.1996,served_bytes,262144
e2e,e2e/small_256KiB_single_connection,3,15.1996,to_first_report,5.751209
e2e,e2e/small_256KiB_single_connection,3,15.1996,total,12.7225
e2e,e2e/small_256KiB_single_connection,3,15.1996,unique_bytes,262144
e2e,e2e/small_256KiB_single_connection,3,15.1996,verified,1
e2e,e2e/small_256KiB_single_connection,3,15.1996,writer_blocks,19
e2e,e2e/small_256KiB_single_connection,3,15.1996,writer_bytes,262144
e2e,e2e/small_256KiB_single_connection,4,15.1278,avg_block_bytes,13797.052631578947
e2e,e2e/small_256KiB_single_connection,4,15.1278,body_reads,20
e2e,e2e/small_256KiB_single_connection,4,15.1278,body_wait_ms,0.003
e2e,e2e/small_256KiB_single_connection,4,15.1278,cache_copied_bytes,0
e2e,e2e/small_256KiB_single_connection,4,15.1278,cache_evicted_bytes,0
e2e,e2e/small_256KiB_single_connection,4,15.1278,checksum_ms,2.244
e2e,e2e/small_256KiB_single_connection,4,15.1278,distinct_ranges,1
e2e,e2e/small_256KiB_single_connection,4,15.1278,duplicate_bytes,0
e2e,e2e/small_256KiB_single_connection,4,15.1278,failed,0
e2e,e2e/small_256KiB_single_connection,4,15.1278,file_bytes,262144
e2e,e2e/small_256KiB_single_connection,4,15.1278,finalize,6.904458
e2e,e2e/small_256KiB_single_connection,4,15.1278,fsync_calls,2
e2e,e2e/small_256KiB_single_connection,4,15.1278,fsync_ms,3.962
e2e,e2e/small_256KiB_single_connection,4,15.1278,prealloc_ms,3.895
e2e,e2e/small_256KiB_single_connection,4,15.1278,report_span,0
e2e,e2e/small_256KiB_single_connection,4,15.1278,requests,1
e2e,e2e/small_256KiB_single_connection,4,15.1278,response_head_ms,0.314
e2e,e2e/small_256KiB_single_connection,4,15.1278,response_heads,1
e2e,e2e/small_256KiB_single_connection,4,15.1278,running_reports,1
e2e,e2e/small_256KiB_single_connection,4,15.1278,served_bytes,262144
e2e,e2e/small_256KiB_single_connection,4,15.1278,to_first_report,5.703125
e2e,e2e/small_256KiB_single_connection,4,15.1278,total,12.607583
e2e,e2e/small_256KiB_single_connection,4,15.1278,unique_bytes,262144
e2e,e2e/small_256KiB_single_connection,4,15.1278,verified,1
e2e,e2e/small_256KiB_single_connection,4,15.1278,writer_blocks,19
e2e,e2e/small_256KiB_single_connection,4,15.1278,writer_bytes,262144
e2e,e2e/small_256KiB_single_connection,5,14.9948,avg_block_bytes,13797.052631578947
e2e,e2e/small_256KiB_single_connection,5,14.9948,body_reads,20
e2e,e2e/small_256KiB_single_connection,5,14.9948,body_wait_ms,0.003
e2e,e2e/small_256KiB_single_connection,5,14.9948,cache_copied_bytes,0
e2e,e2e/small_256KiB_single_connection,5,14.9948,cache_evicted_bytes,0
e2e,e2e/small_256KiB_single_connection,5,14.9948,checksum_ms,2.228
e2e,e2e/small_256KiB_single_connection,5,14.9948,distinct_ranges,1
e2e,e2e/small_256KiB_single_connection,5,14.9948,duplicate_bytes,0
e2e,e2e/small_256KiB_single_connection,5,14.9948,failed,0
e2e,e2e/small_256KiB_single_connection,5,14.9948,file_bytes,262144
e2e,e2e/small_256KiB_single_connection,5,14.9948,finalize,6.998124999999999
e2e,e2e/small_256KiB_single_connection,5,14.9948,fsync_calls,2
e2e,e2e/small_256KiB_single_connection,5,14.9948,fsync_ms,4.037
e2e,e2e/small_256KiB_single_connection,5,14.9948,prealloc_ms,3.627
e2e,e2e/small_256KiB_single_connection,5,14.9948,report_span,0
e2e,e2e/small_256KiB_single_connection,5,14.9948,requests,1
e2e,e2e/small_256KiB_single_connection,5,14.9948,response_head_ms,0.325
e2e,e2e/small_256KiB_single_connection,5,14.9948,response_heads,1
e2e,e2e/small_256KiB_single_connection,5,14.9948,running_reports,1
e2e,e2e/small_256KiB_single_connection,5,14.9948,served_bytes,262144
e2e,e2e/small_256KiB_single_connection,5,14.9948,to_first_report,5.448417
e2e,e2e/small_256KiB_single_connection,5,14.9948,total,12.446541999999999
e2e,e2e/small_256KiB_single_connection,5,14.9948,unique_bytes,262144
e2e,e2e/small_256KiB_single_connection,5,14.9948,verified,1
e2e,e2e/small_256KiB_single_connection,5,14.9948,writer_blocks,19
e2e,e2e/small_256KiB_single_connection,5,14.9948,writer_bytes,262144
e2e,e2e/small_256KiB_single_connection,6,14.9506,avg_block_bytes,13797.052631578947
e2e,e2e/small_256KiB_single_connection,6,14.9506,body_reads,20
e2e,e2e/small_256KiB_single_connection,6,14.9506,body_wait_ms,0.002
e2e,e2e/small_256KiB_single_connection,6,14.9506,cache_copied_bytes,0
e2e,e2e/small_256KiB_single_connection,6,14.9506,cache_evicted_bytes,0
e2e,e2e/small_256KiB_single_connection,6,14.9506,checksum_ms,2.226
e2e,e2e/small_256KiB_single_connection,6,14.9506,distinct_ranges,1
e2e,e2e/small_256KiB_single_connection,6,14.9506,duplicate_bytes,0
e2e,e2e/small_256KiB_single_connection,6,14.9506,failed,0
e2e,e2e/small_256KiB_single_connection,6,14.9506,file_bytes,262144
e2e,e2e/small_256KiB_single_connection,6,14.9506,finalize,6.9048750000000005
e2e,e2e/small_256KiB_single_connection,6,14.9506,fsync_calls,2
e2e,e2e/small_256KiB_single_connection,6,14.9506,fsync_ms,3.93
e2e,e2e/small_256KiB_single_connection,6,14.9506,prealloc_ms,3.676
e2e,e2e/small_256KiB_single_connection,6,14.9506,report_span,0
e2e,e2e/small_256KiB_single_connection,6,14.9506,requests,1
e2e,e2e/small_256KiB_single_connection,6,14.9506,response_head_ms,0.344
e2e,e2e/small_256KiB_single_connection,6,14.9506,response_heads,1
e2e,e2e/small_256KiB_single_connection,6,14.9506,running_reports,1
e2e,e2e/small_256KiB_single_connection,6,14.9506,served_bytes,262144
e2e,e2e/small_256KiB_single_connection,6,14.9506,to_first_report,5.511666999999999
e2e,e2e/small_256KiB_single_connection,6,14.9506,total,12.416542
e2e,e2e/small_256KiB_single_connection,6,14.9506,unique_bytes,262144
e2e,e2e/small_256KiB_single_connection,6,14.9506,verified,1
e2e,e2e/small_256KiB_single_connection,6,14.9506,writer_blocks,19
e2e,e2e/small_256KiB_single_connection,6,14.9506,writer_bytes,262144
e2e,e2e/small_256KiB_single_connection,7,15.0632,avg_block_bytes,13797.052631578947
e2e,e2e/small_256KiB_single_connection,7,15.0632,body_reads,20
e2e,e2e/small_256KiB_single_connection,7,15.0632,body_wait_ms,0.001
e2e,e2e/small_256KiB_single_connection,7,15.0632,cache_copied_bytes,0
e2e,e2e/small_256KiB_single_connection,7,15.0632,cache_evicted_bytes,0
e2e,e2e/small_256KiB_single_connection,7,15.0632,checksum_ms,2.218
e2e,e2e/small_256KiB_single_connection,7,15.0632,distinct_ranges,1
e2e,e2e/small_256KiB_single_connection,7,15.0632,duplicate_bytes,0
e2e,e2e/small_256KiB_single_connection,7,15.0632,failed,0
e2e,e2e/small_256KiB_single_connection,7,15.0632,file_bytes,262144
e2e,e2e/small_256KiB_single_connection,7,15.0632,finalize,7.071709000000001
e2e,e2e/small_256KiB_single_connection,7,15.0632,fsync_calls,2
e2e,e2e/small_256KiB_single_connection,7,15.0632,fsync_ms,4.091
e2e,e2e/small_256KiB_single_connection,7,15.0632,prealloc_ms,3.512
e2e,e2e/small_256KiB_single_connection,7,15.0632,report_span,0
e2e,e2e/small_256KiB_single_connection,7,15.0632,requests,1
e2e,e2e/small_256KiB_single_connection,7,15.0632,response_head_ms,0.335
e2e,e2e/small_256KiB_single_connection,7,15.0632,response_heads,1
e2e,e2e/small_256KiB_single_connection,7,15.0632,running_reports,1
e2e,e2e/small_256KiB_single_connection,7,15.0632,served_bytes,262144
e2e,e2e/small_256KiB_single_connection,7,15.0632,to_first_report,5.356708
e2e,e2e/small_256KiB_single_connection,7,15.0632,total,12.428417000000001
e2e,e2e/small_256KiB_single_connection,7,15.0632,unique_bytes,262144
e2e,e2e/small_256KiB_single_connection,7,15.0632,verified,1
e2e,e2e/small_256KiB_single_connection,7,15.0632,writer_blocks,19
e2e,e2e/small_256KiB_single_connection,7,15.0632,writer_bytes,262144
e2e,e2e/small_256KiB_single_connection,8,15.0235,avg_block_bytes,13797.052631578947
e2e,e2e/small_256KiB_single_connection,8,15.0235,body_reads,20
e2e,e2e/small_256KiB_single_connection,8,15.0235,body_wait_ms,0.003
e2e,e2e/small_256KiB_single_connection,8,15.0235,cache_copied_bytes,0
e2e,e2e/small_256KiB_single_connection,8,15.0235,cache_evicted_bytes,0
e2e,e2e/small_256KiB_single_connection,8,15.0235,checksum_ms,2.234
e2e,e2e/small_256KiB_single_connection,8,15.0235,distinct_ranges,1
e2e,e2e/small_256KiB_single_connection,8,15.0235,duplicate_bytes,0
e2e,e2e/small_256KiB_single_connection,8,15.0235,failed,0
e2e,e2e/small_256KiB_single_connection,8,15.0235,file_bytes,262144
e2e,e2e/small_256KiB_single_connection,8,15.0235,finalize,6.896667
e2e,e2e/small_256KiB_single_connection,8,15.0235,fsync_calls,2
e2e,e2e/small_256KiB_single_connection,8,15.0235,fsync_ms,3.876
e2e,e2e/small_256KiB_single_connection,8,15.0235,prealloc_ms,3.588
e2e,e2e/small_256KiB_single_connection,8,15.0235,report_span,0
e2e,e2e/small_256KiB_single_connection,8,15.0235,requests,1
e2e,e2e/small_256KiB_single_connection,8,15.0235,response_head_ms,0.361
e2e,e2e/small_256KiB_single_connection,8,15.0235,response_heads,1
e2e,e2e/small_256KiB_single_connection,8,15.0235,running_reports,1
e2e,e2e/small_256KiB_single_connection,8,15.0235,served_bytes,262144
e2e,e2e/small_256KiB_single_connection,8,15.0235,to_first_report,5.456957999999999
e2e,e2e/small_256KiB_single_connection,8,15.0235,total,12.353625
e2e,e2e/small_256KiB_single_connection,8,15.0235,unique_bytes,262144
e2e,e2e/small_256KiB_single_connection,8,15.0235,verified,1
e2e,e2e/small_256KiB_single_connection,8,15.0235,writer_blocks,19
e2e,e2e/small_256KiB_single_connection,8,15.0235,writer_bytes,262144
e2e,e2e/small_256KiB_single_connection,9,15.1863,avg_block_bytes,13797.052631578947
e2e,e2e/small_256KiB_single_connection,9,15.1863,body_reads,20
e2e,e2e/small_256KiB_single_connection,9,15.1863,body_wait_ms,0
e2e,e2e/small_256KiB_single_connection,9,15.1863,cache_copied_bytes,0
e2e,e2e/small_256KiB_single_connection,9,15.1863,cache_evicted_bytes,0
e2e,e2e/small_256KiB_single_connection,9,15.1863,checksum_ms,2.365
e2e,e2e/small_256KiB_single_connection,9,15.1863,distinct_ranges,1
e2e,e2e/small_256KiB_single_connection,9,15.1863,duplicate_bytes,0
e2e,e2e/small_256KiB_single_connection,9,15.1863,failed,0
e2e,e2e/small_256KiB_single_connection,9,15.1863,file_bytes,262144
e2e,e2e/small_256KiB_single_connection,9,15.1863,finalize,7.072125
e2e,e2e/small_256KiB_single_connection,9,15.1863,fsync_calls,2
e2e,e2e/small_256KiB_single_connection,9,15.1863,fsync_ms,3.837
e2e,e2e/small_256KiB_single_connection,9,15.1863,prealloc_ms,3.531
e2e,e2e/small_256KiB_single_connection,9,15.1863,report_span,0
e2e,e2e/small_256KiB_single_connection,9,15.1863,requests,1
e2e,e2e/small_256KiB_single_connection,9,15.1863,response_head_ms,0.357
e2e,e2e/small_256KiB_single_connection,9,15.1863,response_heads,1
e2e,e2e/small_256KiB_single_connection,9,15.1863,running_reports,1
e2e,e2e/small_256KiB_single_connection,9,15.1863,served_bytes,262144
e2e,e2e/small_256KiB_single_connection,9,15.1863,to_first_report,5.366584
e2e,e2e/small_256KiB_single_connection,9,15.1863,total,12.438709
e2e,e2e/small_256KiB_single_connection,9,15.1863,unique_bytes,262144
e2e,e2e/small_256KiB_single_connection,9,15.1863,verified,1
e2e,e2e/small_256KiB_single_connection,9,15.1863,writer_blocks,19
e2e,e2e/small_256KiB_single_connection,9,15.1863,writer_bytes,262144
e2e,e2e/split_12MiB_4conns,0,457.8837,avg_block_bytes,1048576
e2e,e2e/split_12MiB_4conns,0,457.8837,body_reads,781
e2e,e2e/split_12MiB_4conns,0,457.8837,body_wait_ms,247.822
e2e,e2e/split_12MiB_4conns,0,457.8837,cache_copied_bytes,12582912
e2e,e2e/split_12MiB_4conns,0,457.8837,cache_evicted_bytes,12582912
e2e,e2e/split_12MiB_4conns,0,457.8837,checksum_ms,111.157
e2e,e2e/split_12MiB_4conns,0,457.8837,distinct_ranges,5
e2e,e2e/split_12MiB_4conns,0,457.8837,duplicate_bytes,0
e2e,e2e/split_12MiB_4conns,0,457.8837,failed,0
e2e,e2e/split_12MiB_4conns,0,457.8837,file_bytes,12582912
e2e,e2e/split_12MiB_4conns,0,457.8837,finalize,111.19712500000003
e2e,e2e/split_12MiB_4conns,0,457.8837,fsync_calls,1
e2e,e2e/split_12MiB_4conns,0,457.8837,fsync_ms,5.26
e2e,e2e/split_12MiB_4conns,0,457.8837,prealloc_ms,3.735
e2e,e2e/split_12MiB_4conns,0,457.8837,report_span,56.425374999999974
e2e,e2e/split_12MiB_4conns,0,457.8837,requests,5
e2e,e2e/split_12MiB_4conns,0,457.8837,response_head_ms,81.988
e2e,e2e/split_12MiB_4conns,0,457.8837,response_heads,5
e2e,e2e/split_12MiB_4conns,0,457.8837,running_reports,2
e2e,e2e/split_12MiB_4conns,0,457.8837,served_bytes,12582912
e2e,e2e/split_12MiB_4conns,0,457.8837,to_first_report,206.118292
e2e,e2e/split_12MiB_4conns,0,457.8837,total,373.740792
e2e,e2e/split_12MiB_4conns,0,457.8837,unique_bytes,12582912
e2e,e2e/split_12MiB_4conns,0,457.8837,verified,1
e2e,e2e/split_12MiB_4conns,0,457.8837,writer_blocks,12
e2e,e2e/split_12MiB_4conns,0,457.8837,writer_bytes,12582912
e2e,e2e/split_12MiB_4conns,1,440.3215,avg_block_bytes,1048576
e2e,e2e/split_12MiB_4conns,1,440.3215,body_reads,782
e2e,e2e/split_12MiB_4conns,1,440.3215,body_wait_ms,223.017
e2e,e2e/split_12MiB_4conns,1,440.3215,cache_copied_bytes,12582912
e2e,e2e/split_12MiB_4conns,1,440.3215,cache_evicted_bytes,12582912
e2e,e2e/split_12MiB_4conns,1,440.3215,checksum_ms,119.184
e2e,e2e/split_12MiB_4conns,1,440.3215,distinct_ranges,5
e2e,e2e/split_12MiB_4conns,1,440.3215,duplicate_bytes,0
e2e,e2e/split_12MiB_4conns,1,440.3215,failed,0
e2e,e2e/split_12MiB_4conns,1,440.3215,file_bytes,12582912
e2e,e2e/split_12MiB_4conns,1,440.3215,finalize,119.22229200000001
e2e,e2e/split_12MiB_4conns,1,440.3215,fsync_calls,1
e2e,e2e/split_12MiB_4conns,1,440.3215,fsync_ms,5.005
e2e,e2e/split_12MiB_4conns,1,440.3215,prealloc_ms,4.156
e2e,e2e/split_12MiB_4conns,1,440.3215,report_span,29.879999999999967
e2e,e2e/split_12MiB_4conns,1,440.3215,requests,5
e2e,e2e/split_12MiB_4conns,1,440.3215,response_head_ms,79.737
e2e,e2e/split_12MiB_4conns,1,440.3215,response_heads,5
e2e,e2e/split_12MiB_4conns,1,440.3215,running_reports,2
e2e,e2e/split_12MiB_4conns,1,440.3215,served_bytes,12582912
e2e,e2e/split_12MiB_4conns,1,440.3215,to_first_report,207.74679200000003
e2e,e2e/split_12MiB_4conns,1,440.3215,total,356.849084
e2e,e2e/split_12MiB_4conns,1,440.3215,unique_bytes,12582912
e2e,e2e/split_12MiB_4conns,1,440.3215,verified,1
e2e,e2e/split_12MiB_4conns,1,440.3215,writer_blocks,12
e2e,e2e/split_12MiB_4conns,1,440.3215,writer_bytes,12582912
e2e,e2e/split_12MiB_4conns,2,447.9158,avg_block_bytes,1048576
e2e,e2e/split_12MiB_4conns,2,447.9158,body_reads,783
e2e,e2e/split_12MiB_4conns,2,447.9158,body_wait_ms,232.726
e2e,e2e/split_12MiB_4conns,2,447.9158,cache_copied_bytes,12582912
e2e,e2e/split_12MiB_4conns,2,447.9158,cache_evicted_bytes,12582912
e2e,e2e/split_12MiB_4conns,2,447.9158,checksum_ms,118.416
e2e,e2e/split_12MiB_4conns,2,447.9158,distinct_ranges,5
e2e,e2e/split_12MiB_4conns,2,447.9158,duplicate_bytes,0
e2e,e2e/split_12MiB_4conns,2,447.9158,failed,0
e2e,e2e/split_12MiB_4conns,2,447.9158,file_bytes,12582912
e2e,e2e/split_12MiB_4conns,2,447.9158,finalize,118.459667
e2e,e2e/split_12MiB_4conns,2,447.9158,fsync_calls,1
e2e,e2e/split_12MiB_4conns,2,447.9158,fsync_ms,4.196
e2e,e2e/split_12MiB_4conns,2,447.9158,prealloc_ms,4.161
e2e,e2e/split_12MiB_4conns,2,447.9158,report_span,39.28691599999996
e2e,e2e/split_12MiB_4conns,2,447.9158,requests,5
e2e,e2e/split_12MiB_4conns,2,447.9158,response_head_ms,80.557
e2e,e2e/split_12MiB_4conns,2,447.9158,response_heads,5
e2e,e2e/split_12MiB_4conns,2,447.9158,running_reports,2
e2e,e2e/split_12MiB_4conns,2,447.9158,served_bytes,12582912
e2e,e2e/split_12MiB_4conns,2,447.9158,to_first_report,207.32025000000002
e2e,e2e/split_12MiB_4conns,2,447.9158,total,365.066833
e2e,e2e/split_12MiB_4conns,2,447.9158,unique_bytes,12582912
e2e,e2e/split_12MiB_4conns,2,447.9158,verified,1
e2e,e2e/split_12MiB_4conns,2,447.9158,writer_blocks,12
e2e,e2e/split_12MiB_4conns,2,447.9158,writer_bytes,12582912
e2e,e2e/split_12MiB_4conns,3,447.6560,avg_block_bytes,1048576
e2e,e2e/split_12MiB_4conns,3,447.6560,body_reads,780
e2e,e2e/split_12MiB_4conns,3,447.6560,body_wait_ms,232.262
e2e,e2e/split_12MiB_4conns,3,447.6560,cache_copied_bytes,12582912
e2e,e2e/split_12MiB_4conns,3,447.6560,cache_evicted_bytes,12582912
e2e,e2e/split_12MiB_4conns,3,447.6560,checksum_ms,119.239
e2e,e2e/split_12MiB_4conns,3,447.6560,distinct_ranges,5
e2e,e2e/split_12MiB_4conns,3,447.6560,duplicate_bytes,0
e2e,e2e/split_12MiB_4conns,3,447.6560,failed,0
e2e,e2e/split_12MiB_4conns,3,447.6560,file_bytes,12582912
e2e,e2e/split_12MiB_4conns,3,447.6560,finalize,119.278458
e2e,e2e/split_12MiB_4conns,3,447.6560,fsync_calls,1
e2e,e2e/split_12MiB_4conns,3,447.6560,fsync_ms,4.868
e2e,e2e/split_12MiB_4conns,3,447.6560,prealloc_ms,3.272
e2e,e2e/split_12MiB_4conns,3,447.6560,report_span,37.38808300000002
e2e,e2e/split_12MiB_4conns,3,447.6560,requests,5
e2e,e2e/split_12MiB_4conns,3,447.6560,response_head_ms,83.388
e2e,e2e/split_12MiB_4conns,3,447.6560,response_heads,5
e2e,e2e/split_12MiB_4conns,3,447.6560,running_reports,2
e2e,e2e/split_12MiB_4conns,3,447.6560,served_bytes,12582912
e2e,e2e/split_12MiB_4conns,3,447.6560,to_first_report,207.897959
e2e,e2e/split_12MiB_4conns,3,447.6560,total,364.5645
e2e,e2e/split_12MiB_4conns,3,447.6560,unique_bytes,12582912
e2e,e2e/split_12MiB_4conns,3,447.6560,verified,1
e2e,e2e/split_12MiB_4conns,3,447.6560,writer_blocks,12
e2e,e2e/split_12MiB_4conns,3,447.6560,writer_bytes,12582912
e2e,e2e/split_12MiB_4conns,4,429.8245,avg_block_bytes,1048576
e2e,e2e/split_12MiB_4conns,4,429.8245,body_reads,785
e2e,e2e/split_12MiB_4conns,4,429.8245,body_wait_ms,213.882
e2e,e2e/split_12MiB_4conns,4,429.8245,cache_copied_bytes,12582912
e2e,e2e/split_12MiB_4conns,4,429.8245,cache_evicted_bytes,12582912
e2e,e2e/split_12MiB_4conns,4,429.8245,checksum_ms,118.905
e2e,e2e/split_12MiB_4conns,4,429.8245,distinct_ranges,5
e2e,e2e/split_12MiB_4conns,4,429.8245,duplicate_bytes,0
e2e,e2e/split_12MiB_4conns,4,429.8245,failed,0
e2e,e2e/split_12MiB_4conns,4,429.8245,file_bytes,12582912
e2e,e2e/split_12MiB_4conns,4,429.8245,finalize,118.94716699999998
e2e,e2e/split_12MiB_4conns,4,429.8245,fsync_calls,1
e2e,e2e/split_12MiB_4conns,4,429.8245,fsync_ms,6.3
e2e,e2e/split_12MiB_4conns,4,429.8245,prealloc_ms,3.364
e2e,e2e/split_12MiB_4conns,4,429.8245,report_span,20.599874999999997
e2e,e2e/split_12MiB_4conns,4,429.8245,requests,5
e2e,e2e/split_12MiB_4conns,4,429.8245,response_head_ms,76.501
e2e,e2e/split_12MiB_4conns,4,429.8245,response_heads,5
e2e,e2e/split_12MiB_4conns,4,429.8245,running_reports,2
e2e,e2e/split_12MiB_4conns,4,429.8245,served_bytes,12582912
e2e,e2e/split_12MiB_4conns,4,429.8245,to_first_report,207.25650000000002
e2e,e2e/split_12MiB_4conns,4,429.8245,total,346.803542
e2e,e2e/split_12MiB_4conns,4,429.8245,unique_bytes,12582912
e2e,e2e/split_12MiB_4conns,4,429.8245,verified,1
e2e,e2e/split_12MiB_4conns,4,429.8245,writer_blocks,12
e2e,e2e/split_12MiB_4conns,4,429.8245,writer_bytes,12582912
e2e,e2e/split_12MiB_4conns,5,457.1889,avg_block_bytes,1048576
e2e,e2e/split_12MiB_4conns,5,457.1889,body_reads,781
e2e,e2e/split_12MiB_4conns,5,457.1889,body_wait_ms,242.652
e2e,e2e/split_12MiB_4conns,5,457.1889,cache_copied_bytes,12582912
e2e,e2e/split_12MiB_4conns,5,457.1889,cache_evicted_bytes,12582912
e2e,e2e/split_12MiB_4conns,5,457.1889,checksum_ms,116.427
e2e,e2e/split_12MiB_4conns,5,457.1889,distinct_ranges,5
e2e,e2e/split_12MiB_4conns,5,457.1889,duplicate_bytes,0
e2e,e2e/split_12MiB_4conns,5,457.1889,failed,0
e2e,e2e/split_12MiB_4conns,5,457.1889,file_bytes,12582912
e2e,e2e/split_12MiB_4conns,5,457.1889,finalize,116.46241699999996
e2e,e2e/split_12MiB_4conns,5,457.1889,fsync_calls,1
e2e,e2e/split_12MiB_4conns,5,457.1889,fsync_ms,6.688
e2e,e2e/split_12MiB_4conns,5,457.1889,prealloc_ms,4.303
e2e,e2e/split_12MiB_4conns,5,457.1889,report_span,50.51670800000002
e2e,e2e/split_12MiB_4conns,5,457.1889,requests,5
e2e,e2e/split_12MiB_4conns,5,457.1889,response_head_ms,80.539
e2e,e2e/split_12MiB_4conns,5,457.1889,response_heads,5
e2e,e2e/split_12MiB_4conns,5,457.1889,running_reports,2
e2e,e2e/split_12MiB_4conns,5,457.1889,served_bytes,12582912
e2e,e2e/split_12MiB_4conns,5,457.1889,to_first_report,207.335834
e2e,e2e/split_12MiB_4conns,5,457.1889,total,374.314959
e2e,e2e/split_12MiB_4conns,5,457.1889,unique_bytes,12582912
e2e,e2e/split_12MiB_4conns,5,457.1889,verified,1
e2e,e2e/split_12MiB_4conns,5,457.1889,writer_blocks,12
e2e,e2e/split_12MiB_4conns,5,457.1889,writer_bytes,12582912
e2e,e2e/split_12MiB_4conns,6,415.9818,avg_block_bytes,1048576
e2e,e2e/split_12MiB_4conns,6,415.9818,body_reads,784
e2e,e2e/split_12MiB_4conns,6,415.9818,body_wait_ms,200.087
e2e,e2e/split_12MiB_4conns,6,415.9818,cache_copied_bytes,12582912
e2e,e2e/split_12MiB_4conns,6,415.9818,cache_evicted_bytes,12582912
e2e,e2e/split_12MiB_4conns,6,415.9818,checksum_ms,118.911
e2e,e2e/split_12MiB_4conns,6,415.9818,distinct_ranges,5
e2e,e2e/split_12MiB_4conns,6,415.9818,duplicate_bytes,0
e2e,e2e/split_12MiB_4conns,6,415.9818,failed,0
e2e,e2e/split_12MiB_4conns,6,415.9818,file_bytes,12582912
e2e,e2e/split_12MiB_4conns,6,415.9818,finalize,118.946583
e2e,e2e/split_12MiB_4conns,6,415.9818,fsync_calls,1
e2e,e2e/split_12MiB_4conns,6,415.9818,fsync_ms,6.818
e2e,e2e/split_12MiB_4conns,6,415.9818,prealloc_ms,4.48
e2e,e2e/split_12MiB_4conns,6,415.9818,report_span,0
e2e,e2e/split_12MiB_4conns,6,415.9818,requests,5
e2e,e2e/split_12MiB_4conns,6,415.9818,response_head_ms,61.289
e2e,e2e/split_12MiB_4conns,6,415.9818,response_heads,5
e2e,e2e/split_12MiB_4conns,6,415.9818,running_reports,1
e2e,e2e/split_12MiB_4conns,6,415.9818,served_bytes,12582912
e2e,e2e/split_12MiB_4conns,6,415.9818,to_first_report,214.120167
e2e,e2e/split_12MiB_4conns,6,415.9818,total,333.06675
e2e,e2e/split_12MiB_4conns,6,415.9818,unique_bytes,12582912
e2e,e2e/split_12MiB_4conns,6,415.9818,verified,1
e2e,e2e/split_12MiB_4conns,6,415.9818,writer_blocks,12
e2e,e2e/split_12MiB_4conns,6,415.9818,writer_bytes,12582912
e2e,e2e/split_12MiB_4conns,7,444.7919,avg_block_bytes,1048576
e2e,e2e/split_12MiB_4conns,7,444.7919,body_reads,782
e2e,e2e/split_12MiB_4conns,7,444.7919,body_wait_ms,228.374
e2e,e2e/split_12MiB_4conns,7,444.7919,cache_copied_bytes,12582912
e2e,e2e/split_12MiB_4conns,7,444.7919,cache_evicted_bytes,12582912
e2e,e2e/split_12MiB_4conns,7,444.7919,checksum_ms,118.091
e2e,e2e/split_12MiB_4conns,7,444.7919,distinct_ranges,5
e2e,e2e/split_12MiB_4conns,7,444.7919,duplicate_bytes,0
e2e,e2e/split_12MiB_4conns,7,444.7919,failed,0
e2e,e2e/split_12MiB_4conns,7,444.7919,file_bytes,12582912
e2e,e2e/split_12MiB_4conns,7,444.7919,finalize,118.131584
e2e,e2e/split_12MiB_4conns,7,444.7919,fsync_calls,1
e2e,e2e/split_12MiB_4conns,7,444.7919,fsync_ms,5.832
e2e,e2e/split_12MiB_4conns,7,444.7919,prealloc_ms,4.308
e2e,e2e/split_12MiB_4conns,7,444.7919,report_span,35.003540999999984
e2e,e2e/split_12MiB_4conns,7,444.7919,requests,5
e2e,e2e/split_12MiB_4conns,7,444.7919,response_head_ms,78.755
e2e,e2e/split_12MiB_4conns,7,444.7919,response_heads,5
e2e,e2e/split_12MiB_4conns,7,444.7919,running_reports,2
e2e,e2e/split_12MiB_4conns,7,444.7919,served_bytes,12582912
e2e,e2e/split_12MiB_4conns,7,444.7919,to_first_report,208.931
e2e,e2e/split_12MiB_4conns,7,444.7919,total,362.066125
e2e,e2e/split_12MiB_4conns,7,444.7919,unique_bytes,12582912
e2e,e2e/split_12MiB_4conns,7,444.7919,verified,1
e2e,e2e/split_12MiB_4conns,7,444.7919,writer_blocks,12
e2e,e2e/split_12MiB_4conns,7,444.7919,writer_bytes,12582912
e2e,e2e/split_12MiB_4conns,8,437.8215,avg_block_bytes,1048576
e2e,e2e/split_12MiB_4conns,8,437.8215,body_reads,783
e2e,e2e/split_12MiB_4conns,8,437.8215,body_wait_ms,224.031
e2e,e2e/split_12MiB_4conns,8,437.8215,cache_copied_bytes,12582912
e2e,e2e/split_12MiB_4conns,8,437.8215,cache_evicted_bytes,12582912
e2e,e2e/split_12MiB_4conns,8,437.8215,checksum_ms,117.814
e2e,e2e/split_12MiB_4conns,8,437.8215,distinct_ranges,5
e2e,e2e/split_12MiB_4conns,8,437.8215,duplicate_bytes,0
e2e,e2e/split_12MiB_4conns,8,437.8215,failed,0
e2e,e2e/split_12MiB_4conns,8,437.8215,file_bytes,12582912
e2e,e2e/split_12MiB_4conns,8,437.8215,finalize,117.84383399999996
e2e,e2e/split_12MiB_4conns,8,437.8215,fsync_calls,1
e2e,e2e/split_12MiB_4conns,8,437.8215,fsync_ms,5.388
e2e,e2e/split_12MiB_4conns,8,437.8215,prealloc_ms,3.292
e2e,e2e/split_12MiB_4conns,8,437.8215,report_span,30.449749999999995
e2e,e2e/split_12MiB_4conns,8,437.8215,requests,5
e2e,e2e/split_12MiB_4conns,8,437.8215,response_head_ms,82.782
e2e,e2e/split_12MiB_4conns,8,437.8215,response_heads,5
e2e,e2e/split_12MiB_4conns,8,437.8215,running_reports,2
e2e,e2e/split_12MiB_4conns,8,437.8215,served_bytes,12582912
e2e,e2e/split_12MiB_4conns,8,437.8215,to_first_report,206.881166
e2e,e2e/split_12MiB_4conns,8,437.8215,total,355.17474999999996
e2e,e2e/split_12MiB_4conns,8,437.8215,unique_bytes,12582912
e2e,e2e/split_12MiB_4conns,8,437.8215,verified,1
e2e,e2e/split_12MiB_4conns,8,437.8215,writer_blocks,12
e2e,e2e/split_12MiB_4conns,8,437.8215,writer_bytes,12582912
e2e,e2e/split_12MiB_4conns,9,428.0331,avg_block_bytes,1048576
e2e,e2e/split_12MiB_4conns,9,428.0331,body_reads,783
e2e,e2e/split_12MiB_4conns,9,428.0331,body_wait_ms,213.472
e2e,e2e/split_12MiB_4conns,9,428.0331,cache_copied_bytes,12582912
e2e,e2e/split_12MiB_4conns,9,428.0331,cache_evicted_bytes,12582912
e2e,e2e/split_12MiB_4conns,9,428.0331,checksum_ms,117.741
e2e,e2e/split_12MiB_4conns,9,428.0331,distinct_ranges,5
e2e,e2e/split_12MiB_4conns,9,428.0331,duplicate_bytes,0
e2e,e2e/split_12MiB_4conns,9,428.0331,failed,0
e2e,e2e/split_12MiB_4conns,9,428.0331,file_bytes,12582912
e2e,e2e/split_12MiB_4conns,9,428.0331,finalize,117.78374999999994
e2e,e2e/split_12MiB_4conns,9,428.0331,fsync_calls,1
e2e,e2e/split_12MiB_4conns,9,428.0331,fsync_ms,5.248
e2e,e2e/split_12MiB_4conns,9,428.0331,prealloc_ms,3.856
e2e,e2e/split_12MiB_4conns,9,428.0331,report_span,18.43183300000001
e2e,e2e/split_12MiB_4conns,9,428.0331,requests,5
e2e,e2e/split_12MiB_4conns,9,428.0331,response_head_ms,67.101
e2e,e2e/split_12MiB_4conns,9,428.0331,response_heads,5
e2e,e2e/split_12MiB_4conns,9,428.0331,running_reports,2
e2e,e2e/split_12MiB_4conns,9,428.0331,served_bytes,12582912
e2e,e2e/split_12MiB_4conns,9,428.0331,to_first_report,208.596958
e2e,e2e/split_12MiB_4conns,9,428.0331,total,344.81254099999995
e2e,e2e/split_12MiB_4conns,9,428.0331,unique_bytes,12582912
e2e,e2e/split_12MiB_4conns,9,428.0331,verified,1
e2e,e2e/split_12MiB_4conns,9,428.0331,writer_blocks,12
e2e,e2e/split_12MiB_4conns,9,428.0331,writer_bytes,12582912
e2e,e2e/large_64MiB_4conns,0,1814.2924,avg_block_bytes,1048576
e2e,e2e/large_64MiB_4conns,0,1814.2924,body_reads,4109
e2e,e2e/large_64MiB_4conns,0,1814.2924,body_wait_ms,1690.488
e2e,e2e/large_64MiB_4conns,0,1814.2924,cache_copied_bytes,67108864
e2e,e2e/large_64MiB_4conns,0,1814.2924,cache_evicted_bytes,67108864
e2e,e2e/large_64MiB_4conns,0,1814.2924,checksum_ms,0
e2e,e2e/large_64MiB_4conns,0,1814.2924,distinct_ranges,5
e2e,e2e/large_64MiB_4conns,0,1814.2924,duplicate_bytes,0
e2e,e2e/large_64MiB_4conns,0,1814.2924,failed,0
e2e,e2e/large_64MiB_4conns,0,1814.2924,file_bytes,67108864
e2e,e2e/large_64MiB_4conns,0,1814.2924,finalize,0.04574999999999818
e2e,e2e/large_64MiB_4conns,0,1814.2924,fsync_calls,1
e2e,e2e/large_64MiB_4conns,0,1814.2924,fsync_ms,9.148
e2e,e2e/large_64MiB_4conns,0,1814.2924,prealloc_ms,3.472
e2e,e2e/large_64MiB_4conns,0,1814.2924,report_span,1574.0418750000001
e2e,e2e/large_64MiB_4conns,0,1814.2924,requests,5
e2e,e2e/large_64MiB_4conns,0,1814.2924,response_head_ms,82.854
e2e,e2e/large_64MiB_4conns,0,1814.2924,response_heads,5
e2e,e2e/large_64MiB_4conns,0,1814.2924,running_reports,9
e2e,e2e/large_64MiB_4conns,0,1814.2924,served_bytes,67108864
e2e,e2e/large_64MiB_4conns,0,1814.2924,to_first_report,206.291125
e2e,e2e/large_64MiB_4conns,0,1814.2924,total,1780.37875
e2e,e2e/large_64MiB_4conns,0,1814.2924,unique_bytes,67108864
e2e,e2e/large_64MiB_4conns,0,1814.2924,verified,1
e2e,e2e/large_64MiB_4conns,0,1814.2924,writer_blocks,64
e2e,e2e/large_64MiB_4conns,0,1814.2924,writer_bytes,67108864
e2e,e2e/large_64MiB_4conns,1,1835.7406,avg_block_bytes,1048576
e2e,e2e/large_64MiB_4conns,1,1835.7406,body_reads,4106
e2e,e2e/large_64MiB_4conns,1,1835.7406,body_wait_ms,1718.096
e2e,e2e/large_64MiB_4conns,1,1835.7406,cache_copied_bytes,67108864
e2e,e2e/large_64MiB_4conns,1,1835.7406,cache_evicted_bytes,67108864
e2e,e2e/large_64MiB_4conns,1,1835.7406,checksum_ms,0
e2e,e2e/large_64MiB_4conns,1,1835.7406,distinct_ranges,5
e2e,e2e/large_64MiB_4conns,1,1835.7406,duplicate_bytes,0
e2e,e2e/large_64MiB_4conns,1,1835.7406,failed,0
e2e,e2e/large_64MiB_4conns,1,1835.7406,file_bytes,67108864
e2e,e2e/large_64MiB_4conns,1,1835.7406,finalize,0.037000000000261934
e2e,e2e/large_64MiB_4conns,1,1835.7406,fsync_calls,1
e2e,e2e/large_64MiB_4conns,1,1835.7406,fsync_ms,7.278
e2e,e2e/large_64MiB_4conns,1,1835.7406,prealloc_ms,3.74
e2e,e2e/large_64MiB_4conns,1,1835.7406,report_span,1606.0337909999998
e2e,e2e/large_64MiB_4conns,1,1835.7406,requests,5
e2e,e2e/large_64MiB_4conns,1,1835.7406,response_head_ms,78.393
e2e,e2e/large_64MiB_4conns,1,1835.7406,response_heads,5
e2e,e2e/large_64MiB_4conns,1,1835.7406,running_reports,9
e2e,e2e/large_64MiB_4conns,1,1835.7406,served_bytes,67108864
e2e,e2e/large_64MiB_4conns,1,1835.7406,to_first_report,206.655709
e2e,e2e/large_64MiB_4conns,1,1835.7406,total,1812.7265000000002
e2e,e2e/large_64MiB_4conns,1,1835.7406,unique_bytes,67108864
e2e,e2e/large_64MiB_4conns,1,1835.7406,verified,1
e2e,e2e/large_64MiB_4conns,1,1835.7406,writer_blocks,64
e2e,e2e/large_64MiB_4conns,1,1835.7406,writer_bytes,67108864
e2e,e2e/large_64MiB_4conns,2,1742.6211,avg_block_bytes,1048576
e2e,e2e/large_64MiB_4conns,2,1742.6211,body_reads,4106
e2e,e2e/large_64MiB_4conns,2,1742.6211,body_wait_ms,1620.413
e2e,e2e/large_64MiB_4conns,2,1742.6211,cache_copied_bytes,67108864
e2e,e2e/large_64MiB_4conns,2,1742.6211,cache_evicted_bytes,67108864
e2e,e2e/large_64MiB_4conns,2,1742.6211,checksum_ms,0
e2e,e2e/large_64MiB_4conns,2,1742.6211,distinct_ranges,5
e2e,e2e/large_64MiB_4conns,2,1742.6211,duplicate_bytes,0
e2e,e2e/large_64MiB_4conns,2,1742.6211,failed,0
e2e,e2e/large_64MiB_4conns,2,1742.6211,file_bytes,67108864
e2e,e2e/large_64MiB_4conns,2,1742.6211,finalize,0.040708000000222455
e2e,e2e/large_64MiB_4conns,2,1742.6211,fsync_calls,1
e2e,e2e/large_64MiB_4conns,2,1742.6211,fsync_ms,10.158
e2e,e2e/large_64MiB_4conns,2,1742.6211,prealloc_ms,3.685
e2e,e2e/large_64MiB_4conns,2,1742.6211,report_span,1514.345667
e2e,e2e/large_64MiB_4conns,2,1742.6211,requests,5
e2e,e2e/large_64MiB_4conns,2,1742.6211,response_head_ms,83.348
e2e,e2e/large_64MiB_4conns,2,1742.6211,response_heads,5
e2e,e2e/large_64MiB_4conns,2,1742.6211,running_reports,9
e2e,e2e/large_64MiB_4conns,2,1742.6211,served_bytes,67108864
e2e,e2e/large_64MiB_4conns,2,1742.6211,to_first_report,206.926333
e2e,e2e/large_64MiB_4conns,2,1742.6211,total,1721.3127080000002
e2e,e2e/large_64MiB_4conns,2,1742.6211,unique_bytes,67108864
e2e,e2e/large_64MiB_4conns,2,1742.6211,verified,1
e2e,e2e/large_64MiB_4conns,2,1742.6211,writer_blocks,64
e2e,e2e/large_64MiB_4conns,2,1742.6211,writer_bytes,67108864
e2e,e2e/large_64MiB_4conns,3,1786.2490,avg_block_bytes,1048576
e2e,e2e/large_64MiB_4conns,3,1786.2490,body_reads,4106
e2e,e2e/large_64MiB_4conns,3,1786.2490,body_wait_ms,1715.175
e2e,e2e/large_64MiB_4conns,3,1786.2490,cache_copied_bytes,67108864
e2e,e2e/large_64MiB_4conns,3,1786.2490,cache_evicted_bytes,67108864
e2e,e2e/large_64MiB_4conns,3,1786.2490,checksum_ms,0
e2e,e2e/large_64MiB_4conns,3,1786.2490,distinct_ranges,5
e2e,e2e/large_64MiB_4conns,3,1786.2490,duplicate_bytes,0
e2e,e2e/large_64MiB_4conns,3,1786.2490,failed,0
e2e,e2e/large_64MiB_4conns,3,1786.2490,file_bytes,67108864
e2e,e2e/large_64MiB_4conns,3,1786.2490,finalize,0.04333399999973153
e2e,e2e/large_64MiB_4conns,3,1786.2490,fsync_calls,1
e2e,e2e/large_64MiB_4conns,3,1786.2490,fsync_ms,8.273
e2e,e2e/large_64MiB_4conns,3,1786.2490,prealloc_ms,4.859
e2e,e2e/large_64MiB_4conns,3,1786.2490,report_span,1556.792625
e2e,e2e/large_64MiB_4conns,3,1786.2490,requests,5
e2e,e2e/large_64MiB_4conns,3,1786.2490,response_head_ms,107.966
e2e,e2e/large_64MiB_4conns,3,1786.2490,response_heads,5
e2e,e2e/large_64MiB_4conns,3,1786.2490,running_reports,9
e2e,e2e/large_64MiB_4conns,3,1786.2490,served_bytes,67108864
e2e,e2e/large_64MiB_4conns,3,1786.2490,to_first_report,208.635708
e2e,e2e/large_64MiB_4conns,3,1786.2490,total,1765.4716669999998
e2e,e2e/large_64MiB_4conns,3,1786.2490,unique_bytes,67108864
e2e,e2e/large_64MiB_4conns,3,1786.2490,verified,1
e2e,e2e/large_64MiB_4conns,3,1786.2490,writer_blocks,64
e2e,e2e/large_64MiB_4conns,3,1786.2490,writer_bytes,67108864
e2e,e2e/large_64MiB_4conns,4,952.3603,avg_block_bytes,1048576
e2e,e2e/large_64MiB_4conns,4,952.3603,body_reads,4107
e2e,e2e/large_64MiB_4conns,4,952.3603,body_wait_ms,1651.005
e2e,e2e/large_64MiB_4conns,4,952.3603,cache_copied_bytes,67108864
e2e,e2e/large_64MiB_4conns,4,952.3603,cache_evicted_bytes,67108864
e2e,e2e/large_64MiB_4conns,4,952.3603,checksum_ms,0
e2e,e2e/large_64MiB_4conns,4,952.3603,distinct_ranges,5
e2e,e2e/large_64MiB_4conns,4,952.3603,duplicate_bytes,0
e2e,e2e/large_64MiB_4conns,4,952.3603,failed,0
e2e,e2e/large_64MiB_4conns,4,952.3603,file_bytes,67108864
e2e,e2e/large_64MiB_4conns,4,952.3603,finalize,0.02929200000005494
e2e,e2e/large_64MiB_4conns,4,952.3603,fsync_calls,1
e2e,e2e/large_64MiB_4conns,4,952.3603,fsync_ms,26.801
e2e,e2e/large_64MiB_4conns,4,952.3603,prealloc_ms,4.744
e2e,e2e/large_64MiB_4conns,4,952.3603,report_span,725.6889160000001
e2e,e2e/large_64MiB_4conns,4,952.3603,requests,5
e2e,e2e/large_64MiB_4conns,4,952.3603,response_head_ms,79.979
e2e,e2e/large_64MiB_4conns,4,952.3603,response_heads,5
e2e,e2e/large_64MiB_4conns,4,952.3603,running_reports,5
e2e,e2e/large_64MiB_4conns,4,952.3603,served_bytes,67108864
e2e,e2e/large_64MiB_4conns,4,952.3603,to_first_report,208.97674999999998
e2e,e2e/large_64MiB_4conns,4,952.3603,total,934.694958
e2e,e2e/large_64MiB_4conns,4,952.3603,unique_bytes,67108864
e2e,e2e/large_64MiB_4conns,4,952.3603,verified,1
e2e,e2e/large_64MiB_4conns,4,952.3603,writer_blocks,64
e2e,e2e/large_64MiB_4conns,4,952.3603,writer_bytes,67108864
e2e,e2e/large_64MiB_4conns,5,1941.4834,avg_block_bytes,1048576
e2e,e2e/large_64MiB_4conns,5,1941.4834,body_reads,4112
e2e,e2e/large_64MiB_4conns,5,1941.4834,body_wait_ms,1894.468
e2e,e2e/large_64MiB_4conns,5,1941.4834,cache_copied_bytes,67108864
e2e,e2e/large_64MiB_4conns,5,1941.4834,cache_evicted_bytes,67108864
e2e,e2e/large_64MiB_4conns,5,1941.4834,checksum_ms,0
e2e,e2e/large_64MiB_4conns,5,1941.4834,distinct_ranges,5
e2e,e2e/large_64MiB_4conns,5,1941.4834,duplicate_bytes,0
e2e,e2e/large_64MiB_4conns,5,1941.4834,failed,0
e2e,e2e/large_64MiB_4conns,5,1941.4834,file_bytes,67108864
e2e,e2e/large_64MiB_4conns,5,1941.4834,finalize,0.004041999999799373
e2e,e2e/large_64MiB_4conns,5,1941.4834,fsync_calls,1
e2e,e2e/large_64MiB_4conns,5,1941.4834,fsync_ms,10.901
e2e,e2e/large_64MiB_4conns,5,1941.4834,prealloc_ms,4.952
e2e,e2e/large_64MiB_4conns,5,1941.4834,report_span,1723.352542
e2e,e2e/large_64MiB_4conns,5,1941.4834,requests,5
e2e,e2e/large_64MiB_4conns,5,1941.4834,response_head_ms,79.742
e2e,e2e/large_64MiB_4conns,5,1941.4834,response_heads,5
e2e,e2e/large_64MiB_4conns,5,1941.4834,running_reports,10
e2e,e2e/large_64MiB_4conns,5,1941.4834,served_bytes,67108864
e2e,e2e/large_64MiB_4conns,5,1941.4834,to_first_report,209.4185
e2e,e2e/large_64MiB_4conns,5,1941.4834,total,1932.7750839999999
e2e,e2e/large_64MiB_4conns,5,1941.4834,unique_bytes,67108864
e2e,e2e/large_64MiB_4conns,5,1941.4834,verified,1
e2e,e2e/large_64MiB_4conns,5,1941.4834,writer_blocks,64
e2e,e2e/large_64MiB_4conns,5,1941.4834,writer_bytes,67108864
e2e,e2e/large_64MiB_4conns,6,1702.7268,avg_block_bytes,1048576
e2e,e2e/large_64MiB_4conns,6,1702.7268,body_reads,4108
e2e,e2e/large_64MiB_4conns,6,1702.7268,body_wait_ms,1640.069
e2e,e2e/large_64MiB_4conns,6,1702.7268,cache_copied_bytes,67108864
e2e,e2e/large_64MiB_4conns,6,1702.7268,cache_evicted_bytes,67108864
e2e,e2e/large_64MiB_4conns,6,1702.7268,checksum_ms,0
e2e,e2e/large_64MiB_4conns,6,1702.7268,distinct_ranges,5
e2e,e2e/large_64MiB_4conns,6,1702.7268,duplicate_bytes,0
e2e,e2e/large_64MiB_4conns,6,1702.7268,failed,0
e2e,e2e/large_64MiB_4conns,6,1702.7268,file_bytes,67108864
e2e,e2e/large_64MiB_4conns,6,1702.7268,finalize,0.004750000000058208
e2e,e2e/large_64MiB_4conns,6,1702.7268,fsync_calls,1
e2e,e2e/large_64MiB_4conns,6,1702.7268,fsync_ms,5.163
e2e,e2e/large_64MiB_4conns,6,1702.7268,prealloc_ms,2.92
e2e,e2e/large_64MiB_4conns,6,1702.7268,report_span,1487.9391249999999
e2e,e2e/large_64MiB_4conns,6,1702.7268,requests,5
e2e,e2e/large_64MiB_4conns,6,1702.7268,response_head_ms,80.1
e2e,e2e/large_64MiB_4conns,6,1702.7268,response_heads,5
e2e,e2e/large_64MiB_4conns,6,1702.7268,running_reports,9
e2e,e2e/large_64MiB_4conns,6,1702.7268,served_bytes,67108864
e2e,e2e/large_64MiB_4conns,6,1702.7268,to_first_report,206.49575000000002
e2e,e2e/large_64MiB_4conns,6,1702.7268,total,1694.439625
e2e,e2e/large_64MiB_4conns,6,1702.7268,unique_bytes,67108864
e2e,e2e/large_64MiB_4conns,6,1702.7268,verified,1
e2e,e2e/large_64MiB_4conns,6,1702.7268,writer_blocks,64
e2e,e2e/large_64MiB_4conns,6,1702.7268,writer_bytes,67108864
e2e,e2e/large_64MiB_4conns,7,1733.6423,avg_block_bytes,1048576
e2e,e2e/large_64MiB_4conns,7,1733.6423,body_reads,4109
e2e,e2e/large_64MiB_4conns,7,1733.6423,body_wait_ms,1630.206
e2e,e2e/large_64MiB_4conns,7,1733.6423,cache_copied_bytes,67108864
e2e,e2e/large_64MiB_4conns,7,1733.6423,cache_evicted_bytes,67108864
e2e,e2e/large_64MiB_4conns,7,1733.6423,checksum_ms,0
e2e,e2e/large_64MiB_4conns,7,1733.6423,distinct_ranges,5
e2e,e2e/large_64MiB_4conns,7,1733.6423,duplicate_bytes,0
e2e,e2e/large_64MiB_4conns,7,1733.6423,failed,0
e2e,e2e/large_64MiB_4conns,7,1733.6423,file_bytes,67108864
e2e,e2e/large_64MiB_4conns,7,1733.6423,finalize,0.06766699999980119
e2e,e2e/large_64MiB_4conns,7,1733.6423,fsync_calls,1
e2e,e2e/large_64MiB_4conns,7,1733.6423,fsync_ms,5.907
e2e,e2e/large_64MiB_4conns,7,1733.6423,prealloc_ms,4.056
e2e,e2e/large_64MiB_4conns,7,1733.6423,report_span,1504.7022080000002
e2e,e2e/large_64MiB_4conns,7,1733.6423,requests,5
e2e,e2e/large_64MiB_4conns,7,1733.6423,response_head_ms,60.832
e2e,e2e/large_64MiB_4conns,7,1733.6423,response_heads,5
e2e,e2e/large_64MiB_4conns,7,1733.6423,running_reports,9
e2e,e2e/large_64MiB_4conns,7,1733.6423,served_bytes,67108864
e2e,e2e/large_64MiB_4conns,7,1733.6423,to_first_report,207.56533299999998
e2e,e2e/large_64MiB_4conns,7,1733.6423,total,1712.335208
e2e,e2e/large_64MiB_4conns,7,1733.6423,unique_bytes,67108864
e2e,e2e/large_64MiB_4conns,7,1733.6423,verified,1
e2e,e2e/large_64MiB_4conns,7,1733.6423,writer_blocks,64
e2e,e2e/large_64MiB_4conns,7,1733.6423,writer_bytes,67108864
e2e,e2e/large_64MiB_4conns,8,1893.8031,avg_block_bytes,1048576
e2e,e2e/large_64MiB_4conns,8,1893.8031,body_reads,4105
e2e,e2e/large_64MiB_4conns,8,1893.8031,body_wait_ms,1779.274
e2e,e2e/large_64MiB_4conns,8,1893.8031,cache_copied_bytes,67108864
e2e,e2e/large_64MiB_4conns,8,1893.8031,cache_evicted_bytes,67108864
e2e,e2e/large_64MiB_4conns,8,1893.8031,checksum_ms,0
e2e,e2e/large_64MiB_4conns,8,1893.8031,distinct_ranges,4
e2e,e2e/large_64MiB_4conns,8,1893.8031,duplicate_bytes,0
e2e,e2e/large_64MiB_4conns,8,1893.8031,failed,0
e2e,e2e/large_64MiB_4conns,8,1893.8031,file_bytes,67108864
e2e,e2e/large_64MiB_4conns,8,1893.8031,finalize,0.04608400000006441
e2e,e2e/large_64MiB_4conns,8,1893.8031,fsync_calls,1
e2e,e2e/large_64MiB_4conns,8,1893.8031,fsync_ms,6.347
e2e,e2e/large_64MiB_4conns,8,1893.8031,prealloc_ms,4.298
e2e,e2e/large_64MiB_4conns,8,1893.8031,report_span,1663.865541
e2e,e2e/large_64MiB_4conns,8,1893.8031,requests,4
e2e,e2e/large_64MiB_4conns,8,1893.8031,response_head_ms,81.41
e2e,e2e/large_64MiB_4conns,8,1893.8031,response_heads,4
e2e,e2e/large_64MiB_4conns,8,1893.8031,running_reports,10
e2e,e2e/large_64MiB_4conns,8,1893.8031,served_bytes,67108864
e2e,e2e/large_64MiB_4conns,8,1893.8031,to_first_report,209.561459
e2e,e2e/large_64MiB_4conns,8,1893.8031,total,1873.473084
e2e,e2e/large_64MiB_4conns,8,1893.8031,unique_bytes,67108864
e2e,e2e/large_64MiB_4conns,8,1893.8031,verified,1
e2e,e2e/large_64MiB_4conns,8,1893.8031,writer_blocks,64
e2e,e2e/large_64MiB_4conns,8,1893.8031,writer_bytes,67108864
e2e,e2e/large_64MiB_4conns,9,1718.1427,avg_block_bytes,1048576
e2e,e2e/large_64MiB_4conns,9,1718.1427,body_reads,4107
e2e,e2e/large_64MiB_4conns,9,1718.1427,body_wait_ms,1603.668
e2e,e2e/large_64MiB_4conns,9,1718.1427,cache_copied_bytes,67108864
e2e,e2e/large_64MiB_4conns,9,1718.1427,cache_evicted_bytes,67108864
e2e,e2e/large_64MiB_4conns,9,1718.1427,checksum_ms,0
e2e,e2e/large_64MiB_4conns,9,1718.1427,distinct_ranges,5
e2e,e2e/large_64MiB_4conns,9,1718.1427,duplicate_bytes,0
e2e,e2e/large_64MiB_4conns,9,1718.1427,failed,0
e2e,e2e/large_64MiB_4conns,9,1718.1427,file_bytes,67108864
e2e,e2e/large_64MiB_4conns,9,1718.1427,finalize,0.04912500000023101
e2e,e2e/large_64MiB_4conns,9,1718.1427,fsync_calls,1
e2e,e2e/large_64MiB_4conns,9,1718.1427,fsync_ms,6.321
e2e,e2e/large_64MiB_4conns,9,1718.1427,prealloc_ms,3.88
e2e,e2e/large_64MiB_4conns,9,1718.1427,report_span,1487.4005829999999
e2e,e2e/large_64MiB_4conns,9,1718.1427,requests,5
e2e,e2e/large_64MiB_4conns,9,1718.1427,response_head_ms,80.37
e2e,e2e/large_64MiB_4conns,9,1718.1427,response_heads,5
e2e,e2e/large_64MiB_4conns,9,1718.1427,running_reports,9
e2e,e2e/large_64MiB_4conns,9,1718.1427,served_bytes,67108864
e2e,e2e/large_64MiB_4conns,9,1718.1427,to_first_report,208.109125
e2e,e2e/large_64MiB_4conns,9,1718.1427,total,1695.558833
e2e,e2e/large_64MiB_4conns,9,1718.1427,unique_bytes,67108864
e2e,e2e/large_64MiB_4conns,9,1718.1427,verified,1
e2e,e2e/large_64MiB_4conns,9,1718.1427,writer_blocks,64
e2e,e2e/large_64MiB_4conns,9,1718.1427,writer_bytes,67108864
e2e,e2e/unknown_length_12MiB,0,611.0693,avg_block_bytes,13107.2
e2e,e2e/unknown_length_12MiB,0,611.0693,body_reads,961
e2e,e2e/unknown_length_12MiB,0,611.0693,body_wait_ms,385.955
e2e,e2e/unknown_length_12MiB,0,611.0693,cache_copied_bytes,0
e2e,e2e/unknown_length_12MiB,0,611.0693,cache_evicted_bytes,0
e2e,e2e/unknown_length_12MiB,0,611.0693,checksum_ms,118.961
e2e,e2e/unknown_length_12MiB,0,611.0693,distinct_ranges,1
e2e,e2e/unknown_length_12MiB,0,611.0693,duplicate_bytes,0
e2e,e2e/unknown_length_12MiB,0,611.0693,failed,0
e2e,e2e/unknown_length_12MiB,0,611.0693,file_bytes,12582912
e2e,e2e/unknown_length_12MiB,0,611.0693,finalize,127.67012500000004
e2e,e2e/unknown_length_12MiB,0,611.0693,fsync_calls,2
e2e,e2e/unknown_length_12MiB,0,611.0693,fsync_ms,6.805
e2e,e2e/unknown_length_12MiB,0,611.0693,prealloc_ms,0.161
e2e,e2e/unknown_length_12MiB,0,611.0693,report_span,398.473083
e2e,e2e/unknown_length_12MiB,0,611.0693,requests,1
e2e,e2e/unknown_length_12MiB,0,611.0693,response_head_ms,0.748
e2e,e2e/unknown_length_12MiB,0,611.0693,response_heads,1
e2e,e2e/unknown_length_12MiB,0,611.0693,running_reports,49
e2e,e2e/unknown_length_12MiB,0,611.0693,served_bytes,12582912
e2e,e2e/unknown_length_12MiB,0,611.0693,to_first_report,2.235167
e2e,e2e/unknown_length_12MiB,0,611.0693,total,528.378375
e2e,e2e/unknown_length_12MiB,0,611.0693,unique_bytes,12582912
e2e,e2e/unknown_length_12MiB,0,611.0693,verified,1
e2e,e2e/unknown_length_12MiB,0,611.0693,writer_blocks,960
e2e,e2e/unknown_length_12MiB,0,611.0693,writer_bytes,12582912
e2e,e2e/unknown_length_12MiB,1,552.8787,avg_block_bytes,13148.288401253918
e2e,e2e/unknown_length_12MiB,1,552.8787,body_reads,958
e2e,e2e/unknown_length_12MiB,1,552.8787,body_wait_ms,329.736
e2e,e2e/unknown_length_12MiB,1,552.8787,cache_copied_bytes,0
e2e,e2e/unknown_length_12MiB,1,552.8787,cache_evicted_bytes,0
e2e,e2e/unknown_length_12MiB,1,552.8787,checksum_ms,117.232
e2e,e2e/unknown_length_12MiB,1,552.8787,distinct_ranges,1
e2e,e2e/unknown_length_12MiB,1,552.8787,duplicate_bytes,0
e2e,e2e/unknown_length_12MiB,1,552.8787,failed,0
e2e,e2e/unknown_length_12MiB,1,552.8787,file_bytes,12582912
e2e,e2e/unknown_length_12MiB,1,552.8787,finalize,125.54258299999998
e2e,e2e/unknown_length_12MiB,1,552.8787,fsync_calls,2
e2e,e2e/unknown_length_12MiB,1,552.8787,fsync_ms,5.229
e2e,e2e/unknown_length_12MiB,1,552.8787,prealloc_ms,0.153
e2e,e2e/unknown_length_12MiB,1,552.8787,report_span,341.80629200000004
e2e,e2e/unknown_length_12MiB,1,552.8787,requests,1
e2e,e2e/unknown_length_12MiB,1,552.8787,response_head_ms,0.524
e2e,e2e/unknown_length_12MiB,1,552.8787,response_heads,1
e2e,e2e/unknown_length_12MiB,1,552.8787,running_reports,49
e2e,e2e/unknown_length_12MiB,1,552.8787,served_bytes,12582912
e2e,e2e/unknown_length_12MiB,1,552.8787,to_first_report,2.3020419999999997
e2e,e2e/unknown_length_12MiB,1,552.8787,total,469.650917
e2e,e2e/unknown_length_12MiB,1,552.8787,unique_bytes,12582912
e2e,e2e/unknown_length_12MiB,1,552.8787,verified,1
e2e,e2e/unknown_length_12MiB,1,552.8787,writer_blocks,957
e2e,e2e/unknown_length_12MiB,1,552.8787,writer_bytes,12582912
e2e,e2e/unknown_length_12MiB,2,566.2462,avg_block_bytes,13107.2
e2e,e2e/unknown_length_12MiB,2,566.2462,body_reads,961
e2e,e2e/unknown_length_12MiB,2,566.2462,body_wait_ms,340.61
e2e,e2e/unknown_length_12MiB,2,566.2462,cache_copied_bytes,0
e2e,e2e/unknown_length_12MiB,2,566.2462,cache_evicted_bytes,0
e2e,e2e/unknown_length_12MiB,2,566.2462,checksum_ms,118.597
e2e,e2e/unknown_length_12MiB,2,566.2462,distinct_ranges,1
e2e,e2e/unknown_length_12MiB,2,566.2462,duplicate_bytes,0
e2e,e2e/unknown_length_12MiB,2,566.2462,failed,0
e2e,e2e/unknown_length_12MiB,2,566.2462,file_bytes,12582912
e2e,e2e/unknown_length_12MiB,2,566.2462,finalize,126.59191699999997
e2e,e2e/unknown_length_12MiB,2,566.2462,fsync_calls,2
e2e,e2e/unknown_length_12MiB,2,566.2462,fsync_ms,5.938
e2e,e2e/unknown_length_12MiB,2,566.2462,prealloc_ms,0.083
e2e,e2e/unknown_length_12MiB,2,566.2462,report_span,354.753667
e2e,e2e/unknown_length_12MiB,2,566.2462,requests,1
e2e,e2e/unknown_length_12MiB,2,566.2462,response_head_ms,0.428
e2e,e2e/unknown_length_12MiB,2,566.2462,response_heads,1
e2e,e2e/unknown_length_12MiB,2,566.2462,running_reports,49
e2e,e2e/unknown_length_12MiB,2,566.2462,served_bytes,12582912
e2e,e2e/unknown_length_12MiB,2,566.2462,to_first_report,1.7365410000000001
e2e,e2e/unknown_length_12MiB,2,566.2462,total,483.08212499999996
e2e,e2e/unknown_length_12MiB,2,566.2462,unique_bytes,12582912
e2e,e2e/unknown_length_12MiB,2,566.2462,verified,1
e2e,e2e/unknown_length_12MiB,2,566.2462,writer_blocks,960
e2e,e2e/unknown_length_12MiB,2,566.2462,writer_bytes,12582912
e2e,e2e/unknown_length_12MiB,3,529.8568,avg_block_bytes,13148.288401253918
e2e,e2e/unknown_length_12MiB,3,529.8568,body_reads,958
e2e,e2e/unknown_length_12MiB,3,529.8568,body_wait_ms,307.412
e2e,e2e/unknown_length_12MiB,3,529.8568,cache_copied_bytes,0
e2e,e2e/unknown_length_12MiB,3,529.8568,cache_evicted_bytes,0
e2e,e2e/unknown_length_12MiB,3,529.8568,checksum_ms,119.261
e2e,e2e/unknown_length_12MiB,3,529.8568,distinct_ranges,1
e2e,e2e/unknown_length_12MiB,3,529.8568,duplicate_bytes,0
e2e,e2e/unknown_length_12MiB,3,529.8568,failed,0
e2e,e2e/unknown_length_12MiB,3,529.8568,file_bytes,12582912
e2e,e2e/unknown_length_12MiB,3,529.8568,finalize,125.93762499999997
e2e,e2e/unknown_length_12MiB,3,529.8568,fsync_calls,2
e2e,e2e/unknown_length_12MiB,3,529.8568,fsync_ms,6.324
e2e,e2e/unknown_length_12MiB,3,529.8568,prealloc_ms,0.087
e2e,e2e/unknown_length_12MiB,3,529.8568,report_span,318.91570800000005
e2e,e2e/unknown_length_12MiB,3,529.8568,requests,1
e2e,e2e/unknown_length_12MiB,3,529.8568,response_head_ms,0.375
e2e,e2e/unknown_length_12MiB,3,529.8568,response_heads,1
e2e,e2e/unknown_length_12MiB,3,529.8568,running_reports,49
e2e,e2e/unknown_length_12MiB,3,529.8568,served_bytes,12582912
e2e,e2e/unknown_length_12MiB,3,529.8568,to_first_report,2.214292
e2e,e2e/unknown_length_12MiB,3,529.8568,total,447.067625
e2e,e2e/unknown_length_12MiB,3,529.8568,unique_bytes,12582912
e2e,e2e/unknown_length_12MiB,3,529.8568,verified,1
e2e,e2e/unknown_length_12MiB,3,529.8568,writer_blocks,957
e2e,e2e/unknown_length_12MiB,3,529.8568,writer_bytes,12582912
e2e,e2e/unknown_length_12MiB,4,567.3922,avg_block_bytes,13120.867570385819
e2e,e2e/unknown_length_12MiB,4,567.3922,body_reads,960
e2e,e2e/unknown_length_12MiB,4,567.3922,body_wait_ms,345.308
e2e,e2e/unknown_length_12MiB,4,567.3922,cache_copied_bytes,0
e2e,e2e/unknown_length_12MiB,4,567.3922,cache_evicted_bytes,0
e2e,e2e/unknown_length_12MiB,4,567.3922,checksum_ms,114.337
e2e,e2e/unknown_length_12MiB,4,567.3922,distinct_ranges,1
e2e,e2e/unknown_length_12MiB,4,567.3922,duplicate_bytes,0
e2e,e2e/unknown_length_12MiB,4,567.3922,failed,0
e2e,e2e/unknown_length_12MiB,4,567.3922,file_bytes,12582912
e2e,e2e/unknown_length_12MiB,4,567.3922,finalize,124.56458300000003
e2e,e2e/unknown_length_12MiB,4,567.3922,fsync_calls,2
e2e,e2e/unknown_length_12MiB,4,567.3922,fsync_ms,5.258
e2e,e2e/unknown_length_12MiB,4,567.3922,prealloc_ms,0.09
e2e,e2e/unknown_length_12MiB,4,567.3922,report_span,359.06425
e2e,e2e/unknown_length_12MiB,4,567.3922,requests,1
e2e,e2e/unknown_length_12MiB,4,567.3922,response_head_ms,0.468
e2e,e2e/unknown_length_12MiB,4,567.3922,response_heads,1
e2e,e2e/unknown_length_12MiB,4,567.3922,running_reports,49
e2e,e2e/unknown_length_12MiB,4,567.3922,served_bytes,12582912
e2e,e2e/unknown_length_12MiB,4,567.3922,to_first_report,1.174292
e2e,e2e/unknown_length_12MiB,4,567.3922,total,484.803125
e2e,e2e/unknown_length_12MiB,4,567.3922,unique_bytes,12582912
e2e,e2e/unknown_length_12MiB,4,567.3922,verified,1
e2e,e2e/unknown_length_12MiB,4,567.3922,writer_blocks,959
e2e,e2e/unknown_length_12MiB,4,567.3922,writer_bytes,12582912
e2e,e2e/unknown_length_12MiB,5,559.7815,avg_block_bytes,13120.867570385819
e2e,e2e/unknown_length_12MiB,5,559.7815,body_reads,960
e2e,e2e/unknown_length_12MiB,5,559.7815,body_wait_ms,336.128
e2e,e2e/unknown_length_12MiB,5,559.7815,cache_copied_bytes,0
e2e,e2e/unknown_length_12MiB,5,559.7815,cache_evicted_bytes,0
e2e,e2e/unknown_length_12MiB,5,559.7815,checksum_ms,118.962
e2e,e2e/unknown_length_12MiB,5,559.7815,distinct_ranges,1
e2e,e2e/unknown_length_12MiB,5,559.7815,duplicate_bytes,0
e2e,e2e/unknown_length_12MiB,5,559.7815,failed,0
e2e,e2e/unknown_length_12MiB,5,559.7815,file_bytes,12582912
e2e,e2e/unknown_length_12MiB,5,559.7815,finalize,125.98600000000005
e2e,e2e/unknown_length_12MiB,5,559.7815,fsync_calls,2
e2e,e2e/unknown_length_12MiB,5,559.7815,fsync_ms,6.317
e2e,e2e/unknown_length_12MiB,5,559.7815,prealloc_ms,0.1
e2e,e2e/unknown_length_12MiB,5,559.7815,report_span,348.359875
e2e,e2e/unknown_length_12MiB,5,559.7815,requests,1
e2e,e2e/unknown_length_12MiB,5,559.7815,response_head_ms,0.477
e2e,e2e/unknown_length_12MiB,5,559.7815,response_heads,1
e2e,e2e/unknown_length_12MiB,5,559.7815,running_reports,49
e2e,e2e/unknown_length_12MiB,5,559.7815,served_bytes,12582912
e2e,e2e/unknown_length_12MiB,5,559.7815,to_first_report,1.5598750000000001
e2e,e2e/unknown_length_12MiB,5,559.7815,total,475.90575
e2e,e2e/unknown_length_12MiB,5,559.7815,unique_bytes,12582912
e2e,e2e/unknown_length_12MiB,5,559.7815,verified,1
e2e,e2e/unknown_length_12MiB,5,559.7815,writer_blocks,959
e2e,e2e/unknown_length_12MiB,5,559.7815,writer_bytes,12582912
e2e,e2e/unknown_length_12MiB,6,572.4406,avg_block_bytes,13120.867570385819
e2e,e2e/unknown_length_12MiB,6,572.4406,body_reads,960
e2e,e2e/unknown_length_12MiB,6,572.4406,body_wait_ms,349.608
e2e,e2e/unknown_length_12MiB,6,572.4406,cache_copied_bytes,0
e2e,e2e/unknown_length_12MiB,6,572.4406,cache_evicted_bytes,0
e2e,e2e/unknown_length_12MiB,6,572.4406,checksum_ms,119.631
e2e,e2e/unknown_length_12MiB,6,572.4406,distinct_ranges,1
e2e,e2e/unknown_length_12MiB,6,572.4406,duplicate_bytes,0
e2e,e2e/unknown_length_12MiB,6,572.4406,failed,0
e2e,e2e/unknown_length_12MiB,6,572.4406,file_bytes,12582912
e2e,e2e/unknown_length_12MiB,6,572.4406,finalize,125.53745900000001
e2e,e2e/unknown_length_12MiB,6,572.4406,fsync_calls,2
e2e,e2e/unknown_length_12MiB,6,572.4406,fsync_ms,5.335
e2e,e2e/unknown_length_12MiB,6,572.4406,prealloc_ms,0.074
e2e,e2e/unknown_length_12MiB,6,572.4406,report_span,363.214958
e2e,e2e/unknown_length_12MiB,6,572.4406,requests,1
e2e,e2e/unknown_length_12MiB,6,572.4406,response_head_ms,0.457
e2e,e2e/unknown_length_12MiB,6,572.4406,response_heads,1
e2e,e2e/unknown_length_12MiB,6,572.4406,running_reports,48
e2e,e2e/unknown_length_12MiB,6,572.4406,served_bytes,12582912
e2e,e2e/unknown_length_12MiB,6,572.4406,to_first_report,0.954125
e2e,e2e/unknown_length_12MiB,6,572.4406,total,489.706542
e2e,e2e/unknown_length_12MiB,6,572.4406,unique_bytes,12582912
e2e,e2e/unknown_length_12MiB,6,572.4406,verified,1
e2e,e2e/unknown_length_12MiB,6,572.4406,writer_blocks,959
e2e,e2e/unknown_length_12MiB,6,572.4406,writer_bytes,12582912
e2e,e2e/unknown_length_12MiB,7,622.3529,avg_block_bytes,13148.288401253918
e2e,e2e/unknown_length_12MiB,7,622.3529,body_reads,958
e2e,e2e/unknown_length_12MiB,7,622.3529,body_wait_ms,396.24
e2e,e2e/unknown_length_12MiB,7,622.3529,cache_copied_bytes,0
e2e,e2e/unknown_length_12MiB,7,622.3529,cache_evicted_bytes,0
e2e,e2e/unknown_length_12MiB,7,622.3529,checksum_ms,120.5
e2e,e2e/unknown_length_12MiB,7,622.3529,distinct_ranges,1
e2e,e2e/unknown_length_12MiB,7,622.3529,duplicate_bytes,0
e2e,e2e/unknown_length_12MiB,7,622.3529,failed,0
e2e,e2e/unknown_length_12MiB,7,622.3529,file_bytes,12582912
e2e,e2e/unknown_length_12MiB,7,622.3529,finalize,129.25799999999992
e2e,e2e/unknown_length_12MiB,7,622.3529,fsync_calls,2
e2e,e2e/unknown_length_12MiB,7,622.3529,fsync_ms,6.289
e2e,e2e/unknown_length_12MiB,7,622.3529,prealloc_ms,0.083
e2e,e2e/unknown_length_12MiB,7,622.3529,report_span,407.944458
e2e,e2e/unknown_length_12MiB,7,622.3529,requests,1
e2e,e2e/unknown_length_12MiB,7,622.3529,response_head_ms,0.447
e2e,e2e/unknown_length_12MiB,7,622.3529,response_heads,1
e2e,e2e/unknown_length_12MiB,7,622.3529,running_reports,48
e2e,e2e/unknown_length_12MiB,7,622.3529,served_bytes,12582912
e2e,e2e/unknown_length_12MiB,7,622.3529,to_first_report,2.4764169999999996
e2e,e2e/unknown_length_12MiB,7,622.3529,total,539.678875
e2e,e2e/unknown_length_12MiB,7,622.3529,unique_bytes,12582912
e2e,e2e/unknown_length_12MiB,7,622.3529,verified,1
e2e,e2e/unknown_length_12MiB,7,622.3529,writer_blocks,957
e2e,e2e/unknown_length_12MiB,7,622.3529,writer_bytes,12582912
e2e,e2e/unknown_length_12MiB,8,565.4286,avg_block_bytes,13148.288401253918
e2e,e2e/unknown_length_12MiB,8,565.4286,body_reads,958
e2e,e2e/unknown_length_12MiB,8,565.4286,body_wait_ms,343.018
e2e,e2e/unknown_length_12MiB,8,565.4286,cache_copied_bytes,0
e2e,e2e/unknown_length_12MiB,8,565.4286,cache_evicted_bytes,0
e2e,e2e/unknown_length_12MiB,8,565.4286,checksum_ms,117.231
e2e,e2e/unknown_length_12MiB,8,565.4286,distinct_ranges,1
e2e,e2e/unknown_length_12MiB,8,565.4286,duplicate_bytes,0
e2e,e2e/unknown_length_12MiB,8,565.4286,failed,0
e2e,e2e/unknown_length_12MiB,8,565.4286,file_bytes,12582912
e2e,e2e/unknown_length_12MiB,8,565.4286,finalize,127.44441700000004
e2e,e2e/unknown_length_12MiB,8,565.4286,fsync_calls,2
e2e,e2e/unknown_length_12MiB,8,565.4286,fsync_ms,6.158
e2e,e2e/unknown_length_12MiB,8,565.4286,prealloc_ms,0.1
e2e,e2e/unknown_length_12MiB,8,565.4286,report_span,352.97829099999996
e2e,e2e/unknown_length_12MiB,8,565.4286,requests,1
e2e,e2e/unknown_length_12MiB,8,565.4286,response_head_ms,0.434
e2e,e2e/unknown_length_12MiB,8,565.4286,response_heads,1
e2e,e2e/unknown_length_12MiB,8,565.4286,running_reports,49
e2e,e2e/unknown_length_12MiB,8,565.4286,served_bytes,12582912
e2e,e2e/unknown_length_12MiB,8,565.4286,to_first_report,2.14125
e2e,e2e/unknown_length_12MiB,8,565.4286,total,482.563958
e2e,e2e/unknown_length_12MiB,8,565.4286,unique_bytes,12582912
e2e,e2e/unknown_length_12MiB,8,565.4286,verified,1
e2e,e2e/unknown_length_12MiB,8,565.4286,writer_blocks,957
e2e,e2e/unknown_length_12MiB,8,565.4286,writer_bytes,12582912
e2e,e2e/unknown_length_12MiB,9,555.5975,avg_block_bytes,13093.56087408949
e2e,e2e/unknown_length_12MiB,9,555.5975,body_reads,962
e2e,e2e/unknown_length_12MiB,9,555.5975,body_wait_ms,328.975
e2e,e2e/unknown_length_12MiB,9,555.5975,cache_copied_bytes,0
e2e,e2e/unknown_length_12MiB,9,555.5975,cache_evicted_bytes,0
e2e,e2e/unknown_length_12MiB,9,555.5975,checksum_ms,117.26
e2e,e2e/unknown_length_12MiB,9,555.5975,distinct_ranges,1
e2e,e2e/unknown_length_12MiB,9,555.5975,duplicate_bytes,0
e2e,e2e/unknown_length_12MiB,9,555.5975,failed,0
e2e,e2e/unknown_length_12MiB,9,555.5975,file_bytes,12582912
e2e,e2e/unknown_length_12MiB,9,555.5975,finalize,127.209
e2e,e2e/unknown_length_12MiB,9,555.5975,fsync_calls,2
e2e,e2e/unknown_length_12MiB,9,555.5975,fsync_ms,5.672
e2e,e2e/unknown_length_12MiB,9,555.5975,prealloc_ms,0.106
e2e,e2e/unknown_length_12MiB,9,555.5975,report_span,342.85583299999996
e2e,e2e/unknown_length_12MiB,9,555.5975,requests,1
e2e,e2e/unknown_length_12MiB,9,555.5975,response_head_ms,0.473
e2e,e2e/unknown_length_12MiB,9,555.5975,response_heads,1
e2e,e2e/unknown_length_12MiB,9,555.5975,running_reports,49
e2e,e2e/unknown_length_12MiB,9,555.5975,served_bytes,12582912
e2e,e2e/unknown_length_12MiB,9,555.5975,to_first_report,2.574584
e2e,e2e/unknown_length_12MiB,9,555.5975,total,472.639417
e2e,e2e/unknown_length_12MiB,9,555.5975,unique_bytes,12582912
e2e,e2e/unknown_length_12MiB,9,555.5975,verified,1
e2e,e2e/unknown_length_12MiB,9,555.5975,writer_blocks,961
e2e,e2e/unknown_length_12MiB,9,555.5975,writer_bytes,12582912
e2e,e2e/delayed_response_300ms,0,1046.9587,avg_block_bytes,1048576
e2e,e2e/delayed_response_300ms,0,1046.9587,body_reads,775
e2e,e2e/delayed_response_300ms,0,1046.9587,body_wait_ms,192.131
e2e,e2e/delayed_response_300ms,0,1046.9587,cache_copied_bytes,12582912
e2e,e2e/delayed_response_300ms,0,1046.9587,cache_evicted_bytes,12582912
e2e,e2e/delayed_response_300ms,0,1046.9587,checksum_ms,118.261
e2e,e2e/delayed_response_300ms,0,1046.9587,distinct_ranges,5
e2e,e2e/delayed_response_300ms,0,1046.9587,duplicate_bytes,0
e2e,e2e/delayed_response_300ms,0,1046.9587,failed,0
e2e,e2e/delayed_response_300ms,0,1046.9587,file_bytes,12582912
e2e,e2e/delayed_response_300ms,0,1046.9587,finalize,118.29766700000005
e2e,e2e/delayed_response_300ms,0,1046.9587,fsync_calls,1
e2e,e2e/delayed_response_300ms,0,1046.9587,fsync_ms,5.783
e2e,e2e/delayed_response_300ms,0,1046.9587,prealloc_ms,4.921
e2e,e2e/delayed_response_300ms,0,1046.9587,report_span,333.793125
e2e,e2e/delayed_response_300ms,0,1046.9587,requests,5
e2e,e2e/delayed_response_300ms,0,1046.9587,response_head_ms,1608.285
e2e,e2e/delayed_response_300ms,0,1046.9587,response_heads,5
e2e,e2e/delayed_response_300ms,0,1046.9587,running_reports,3
e2e,e2e/delayed_response_300ms,0,1046.9587,served_bytes,12582912
e2e,e2e/delayed_response_300ms,0,1046.9587,to_first_report,511.66858299999996
e2e,e2e/delayed_response_300ms,0,1046.9587,total,963.759375
e2e,e2e/delayed_response_300ms,0,1046.9587,unique_bytes,12582912
e2e,e2e/delayed_response_300ms,0,1046.9587,verified,1
e2e,e2e/delayed_response_300ms,0,1046.9587,writer_blocks,12
e2e,e2e/delayed_response_300ms,0,1046.9587,writer_bytes,12582912
e2e,e2e/delayed_response_300ms,1,1075.0242,avg_block_bytes,1048576
e2e,e2e/delayed_response_300ms,1,1075.0242,body_reads,777
e2e,e2e/delayed_response_300ms,1,1075.0242,body_wait_ms,241.406
e2e,e2e/delayed_response_300ms,1,1075.0242,cache_copied_bytes,12582912
e2e,e2e/delayed_response_300ms,1,1075.0242,cache_evicted_bytes,12582912
e2e,e2e/delayed_response_300ms,1,1075.0242,checksum_ms,118.052
e2e,e2e/delayed_response_300ms,1,1075.0242,distinct_ranges,5
e2e,e2e/delayed_response_300ms,1,1075.0242,duplicate_bytes,0
e2e,e2e/delayed_response_300ms,1,1075.0242,failed,0
e2e,e2e/delayed_response_300ms,1,1075.0242,file_bytes,12582912
e2e,e2e/delayed_response_300ms,1,1075.0242,finalize,118.08958299999995
e2e,e2e/delayed_response_300ms,1,1075.0242,fsync_calls,1
e2e,e2e/delayed_response_300ms,1,1075.0242,fsync_ms,4.976
e2e,e2e/delayed_response_300ms,1,1075.0242,prealloc_ms,5.989
e2e,e2e/delayed_response_300ms,1,1075.0242,report_span,358.214833
e2e,e2e/delayed_response_300ms,1,1075.0242,requests,5
e2e,e2e/delayed_response_300ms,1,1075.0242,response_head_ms,1597.658
e2e,e2e/delayed_response_300ms,1,1075.0242,response_heads,5
e2e,e2e/delayed_response_300ms,1,1075.0242,running_reports,3
e2e,e2e/delayed_response_300ms,1,1075.0242,served_bytes,12582912
e2e,e2e/delayed_response_300ms,1,1075.0242,to_first_report,514.175334
e2e,e2e/delayed_response_300ms,1,1075.0242,total,990.47975
e2e,e2e/delayed_response_300ms,1,1075.0242,unique_bytes,12582912
e2e,e2e/delayed_response_300ms,1,1075.0242,verified,1
e2e,e2e/delayed_response_300ms,1,1075.0242,writer_blocks,12
e2e,e2e/delayed_response_300ms,1,1075.0242,writer_bytes,12582912
e2e,e2e/delayed_response_300ms,2,1056.9395,avg_block_bytes,1048576
e2e,e2e/delayed_response_300ms,2,1056.9395,body_reads,777
e2e,e2e/delayed_response_300ms,2,1056.9395,body_wait_ms,196.911
e2e,e2e/delayed_response_300ms,2,1056.9395,cache_copied_bytes,12582912
e2e,e2e/delayed_response_300ms,2,1056.9395,cache_evicted_bytes,12582912
e2e,e2e/delayed_response_300ms,2,1056.9395,checksum_ms,118.911
e2e,e2e/delayed_response_300ms,2,1056.9395,distinct_ranges,5
e2e,e2e/delayed_response_300ms,2,1056.9395,duplicate_bytes,0
e2e,e2e/delayed_response_300ms,2,1056.9395,failed,0
e2e,e2e/delayed_response_300ms,2,1056.9395,file_bytes,12582912
e2e,e2e/delayed_response_300ms,2,1056.9395,finalize,118.95604100000003
e2e,e2e/delayed_response_300ms,2,1056.9395,fsync_calls,1
e2e,e2e/delayed_response_300ms,2,1056.9395,fsync_ms,5.232
e2e,e2e/delayed_response_300ms,2,1056.9395,prealloc_ms,5.964
e2e,e2e/delayed_response_300ms,2,1056.9395,report_span,341.78445899999997
e2e,e2e/delayed_response_300ms,2,1056.9395,requests,5
e2e,e2e/delayed_response_300ms,2,1056.9395,response_head_ms,1612.129
e2e,e2e/delayed_response_300ms,2,1056.9395,response_heads,5
e2e,e2e/delayed_response_300ms,2,1056.9395,running_reports,3
e2e,e2e/delayed_response_300ms,2,1056.9395,served_bytes,12582912
e2e,e2e/delayed_response_300ms,2,1056.9395,to_first_report,513.6414580000001
e2e,e2e/delayed_response_300ms,2,1056.9395,total,974.381958
e2e,e2e/delayed_response_300ms,2,1056.9395,unique_bytes,12582912
e2e,e2e/delayed_response_300ms,2,1056.9395,verified,1
e2e,e2e/delayed_response_300ms,2,1056.9395,writer_blocks,12
e2e,e2e/delayed_response_300ms,2,1056.9395,writer_bytes,12582912
e2e,e2e/delayed_response_300ms,3,1062.2160,avg_block_bytes,1048576
e2e,e2e/delayed_response_300ms,3,1062.2160,body_reads,773
e2e,e2e/delayed_response_300ms,3,1062.2160,body_wait_ms,204.821
e2e,e2e/delayed_response_300ms,3,1062.2160,cache_copied_bytes,12582912
e2e,e2e/delayed_response_300ms,3,1062.2160,cache_evicted_bytes,12582912
e2e,e2e/delayed_response_300ms,3,1062.2160,checksum_ms,118.04
e2e,e2e/delayed_response_300ms,3,1062.2160,distinct_ranges,5
e2e,e2e/delayed_response_300ms,3,1062.2160,duplicate_bytes,0
e2e,e2e/delayed_response_300ms,3,1062.2160,failed,0
e2e,e2e/delayed_response_300ms,3,1062.2160,file_bytes,12582912
e2e,e2e/delayed_response_300ms,3,1062.2160,finalize,118.08924999999999
e2e,e2e/delayed_response_300ms,3,1062.2160,fsync_calls,1
e2e,e2e/delayed_response_300ms,3,1062.2160,fsync_ms,6.255
e2e,e2e/delayed_response_300ms,3,1062.2160,prealloc_ms,6.019
e2e,e2e/delayed_response_300ms,3,1062.2160,report_span,347.6747499999999
e2e,e2e/delayed_response_300ms,3,1062.2160,requests,5
e2e,e2e/delayed_response_300ms,3,1062.2160,response_head_ms,1598.942
e2e,e2e/delayed_response_300ms,3,1062.2160,response_heads,5
e2e,e2e/delayed_response_300ms,3,1062.2160,running_reports,3
e2e,e2e/delayed_response_300ms,3,1062.2160,served_bytes,12582912
e2e,e2e/delayed_response_300ms,3,1062.2160,to_first_report,513.7326250000001
e2e,e2e/delayed_response_300ms,3,1062.2160,total,979.496625
e2e,e2e/delayed_response_300ms,3,1062.2160,unique_bytes,12582912
e2e,e2e/delayed_response_300ms,3,1062.2160,verified,1
e2e,e2e/delayed_response_300ms,3,1062.2160,writer_blocks,12
e2e,e2e/delayed_response_300ms,3,1062.2160,writer_bytes,12582912
e2e,e2e/delayed_response_300ms,4,1061.4187,avg_block_bytes,1048576
e2e,e2e/delayed_response_300ms,4,1061.4187,body_reads,774
e2e,e2e/delayed_response_300ms,4,1061.4187,body_wait_ms,212.987
e2e,e2e/delayed_response_300ms,4,1061.4187,cache_copied_bytes,12582912
e2e,e2e/delayed_response_300ms,4,1061.4187,cache_evicted_bytes,12582912
e2e,e2e/delayed_response_300ms,4,1061.4187,checksum_ms,108.617
e2e,e2e/delayed_response_300ms,4,1061.4187,distinct_ranges,5
e2e,e2e/delayed_response_300ms,4,1061.4187,duplicate_bytes,0
e2e,e2e/delayed_response_300ms,4,1061.4187,failed,0
e2e,e2e/delayed_response_300ms,4,1061.4187,file_bytes,12582912
e2e,e2e/delayed_response_300ms,4,1061.4187,finalize,108.65216700000008
e2e,e2e/delayed_response_300ms,4,1061.4187,fsync_calls,1
e2e,e2e/delayed_response_300ms,4,1061.4187,fsync_ms,6.198
e2e,e2e/delayed_response_300ms,4,1061.4187,prealloc_ms,5.916
e2e,e2e/delayed_response_300ms,4,1061.4187,report_span,357.39483299999995
e2e,e2e/delayed_response_300ms,4,1061.4187,requests,5
e2e,e2e/delayed_response_300ms,4,1061.4187,response_head_ms,1596.342
e2e,e2e/delayed_response_300ms,4,1061.4187,response_heads,5
e2e,e2e/delayed_response_300ms,4,1061.4187,running_reports,3
e2e,e2e/delayed_response_300ms,4,1061.4187,served_bytes,12582912
e2e,e2e/delayed_response_300ms,4,1061.4187,to_first_report,512.618334
e2e,e2e/delayed_response_300ms,4,1061.4187,total,978.665334
e2e,e2e/delayed_response_300ms,4,1061.4187,unique_bytes,12582912
e2e,e2e/delayed_response_300ms,4,1061.4187,verified,1
e2e,e2e/delayed_response_300ms,4,1061.4187,writer_blocks,12
e2e,e2e/delayed_response_300ms,4,1061.4187,writer_bytes,12582912
e2e,e2e/delayed_response_300ms,5,1046.4354,avg_block_bytes,1048576
e2e,e2e/delayed_response_300ms,5,1046.4354,body_reads,775
e2e,e2e/delayed_response_300ms,5,1046.4354,body_wait_ms,214.014
e2e,e2e/delayed_response_300ms,5,1046.4354,cache_copied_bytes,12582912
e2e,e2e/delayed_response_300ms,5,1046.4354,cache_evicted_bytes,12582912
e2e,e2e/delayed_response_300ms,5,1046.4354,checksum_ms,118.724
e2e,e2e/delayed_response_300ms,5,1046.4354,distinct_ranges,5
e2e,e2e/delayed_response_300ms,5,1046.4354,duplicate_bytes,0
e2e,e2e/delayed_response_300ms,5,1046.4354,failed,0
e2e,e2e/delayed_response_300ms,5,1046.4354,file_bytes,12582912
e2e,e2e/delayed_response_300ms,5,1046.4354,finalize,118.7578749999999
e2e,e2e/delayed_response_300ms,5,1046.4354,fsync_calls,1
e2e,e2e/delayed_response_300ms,5,1046.4354,fsync_ms,6.239
e2e,e2e/delayed_response_300ms,5,1046.4354,prealloc_ms,6.027
e2e,e2e/delayed_response_300ms,5,1046.4354,report_span,330.00754200000006
e2e,e2e/delayed_response_300ms,5,1046.4354,requests,5
e2e,e2e/delayed_response_300ms,5,1046.4354,response_head_ms,1588.56
e2e,e2e/delayed_response_300ms,5,1046.4354,response_heads,5
e2e,e2e/delayed_response_300ms,5,1046.4354,running_reports,3
e2e,e2e/delayed_response_300ms,5,1046.4354,served_bytes,12582912
e2e,e2e/delayed_response_300ms,5,1046.4354,to_first_report,514.727292
e2e,e2e/delayed_response_300ms,5,1046.4354,total,963.492709
e2e,e2e/delayed_response_300ms,5,1046.4354,unique_bytes,12582912
e2e,e2e/delayed_response_300ms,5,1046.4354,verified,1
e2e,e2e/delayed_response_300ms,5,1046.4354,writer_blocks,12
e2e,e2e/delayed_response_300ms,5,1046.4354,writer_bytes,12582912
e2e,e2e/delayed_response_300ms,6,1100.4855,avg_block_bytes,1048576
e2e,e2e/delayed_response_300ms,6,1100.4855,body_reads,774
e2e,e2e/delayed_response_300ms,6,1100.4855,body_wait_ms,245.557
e2e,e2e/delayed_response_300ms,6,1100.4855,cache_copied_bytes,12582912
e2e,e2e/delayed_response_300ms,6,1100.4855,cache_evicted_bytes,12582912
e2e,e2e/delayed_response_300ms,6,1100.4855,checksum_ms,117.584
e2e,e2e/delayed_response_300ms,6,1100.4855,distinct_ranges,5
e2e,e2e/delayed_response_300ms,6,1100.4855,duplicate_bytes,0
e2e,e2e/delayed_response_300ms,6,1100.4855,failed,0
e2e,e2e/delayed_response_300ms,6,1100.4855,file_bytes,12582912
e2e,e2e/delayed_response_300ms,6,1100.4855,finalize,117.63095800000008
e2e,e2e/delayed_response_300ms,6,1100.4855,fsync_calls,1
e2e,e2e/delayed_response_300ms,6,1100.4855,fsync_ms,5.625
e2e,e2e/delayed_response_300ms,6,1100.4855,prealloc_ms,4.966
e2e,e2e/delayed_response_300ms,6,1100.4855,report_span,387.01770799999997
e2e,e2e/delayed_response_300ms,6,1100.4855,requests,5
e2e,e2e/delayed_response_300ms,6,1100.4855,response_head_ms,1616.967
e2e,e2e/delayed_response_300ms,6,1100.4855,response_heads,5
e2e,e2e/delayed_response_300ms,6,1100.4855,running_reports,3
e2e,e2e/delayed_response_300ms,6,1100.4855,served_bytes,12582912
e2e,e2e/delayed_response_300ms,6,1100.4855,to_first_report,512.409125
e2e,e2e/delayed_response_300ms,6,1100.4855,total,1017.0577910000001
e2e,e2e/delayed_response_300ms,6,1100.4855,unique_bytes,12582912
e2e,e2e/delayed_response_300ms,6,1100.4855,verified,1
e2e,e2e/delayed_response_300ms,6,1100.4855,writer_blocks,12
e2e,e2e/delayed_response_300ms,6,1100.4855,writer_bytes,12582912
e2e,e2e/delayed_response_300ms,7,903.7880,avg_block_bytes,1048576
e2e,e2e/delayed_response_300ms,7,903.7880,body_reads,774
e2e,e2e/delayed_response_300ms,7,903.7880,body_wait_ms,56.691
e2e,e2e/delayed_response_300ms,7,903.7880,cache_copied_bytes,12582912
e2e,e2e/delayed_response_300ms,7,903.7880,cache_evicted_bytes,12582912
e2e,e2e/delayed_response_300ms,7,903.7880,checksum_ms,117.611
e2e,e2e/delayed_response_300ms,7,903.7880,distinct_ranges,5
e2e,e2e/delayed_response_300ms,7,903.7880,duplicate_bytes,0
e2e,e2e/delayed_response_300ms,7,903.7880,failed,0
e2e,e2e/delayed_response_300ms,7,903.7880,file_bytes,12582912
e2e,e2e/delayed_response_300ms,7,903.7880,finalize,117.65116699999999
e2e,e2e/delayed_response_300ms,7,903.7880,fsync_calls,1
e2e,e2e/delayed_response_300ms,7,903.7880,fsync_ms,5.559
e2e,e2e/delayed_response_300ms,7,903.7880,prealloc_ms,5.903
e2e,e2e/delayed_response_300ms,7,903.7880,report_span,190.61616700000013
e2e,e2e/delayed_response_300ms,7,903.7880,requests,5
e2e,e2e/delayed_response_300ms,7,903.7880,response_head_ms,1605.852
e2e,e2e/delayed_response_300ms,7,903.7880,response_heads,5
e2e,e2e/delayed_response_300ms,7,903.7880,running_reports,2
e2e,e2e/delayed_response_300ms,7,903.7880,served_bytes,12582912
e2e,e2e/delayed_response_300ms,7,903.7880,to_first_report,513.1306249999999
e2e,e2e/delayed_response_300ms,7,903.7880,total,821.397959
e2e,e2e/delayed_response_300ms,7,903.7880,unique_bytes,12582912
e2e,e2e/delayed_response_300ms,7,903.7880,verified,1
e2e,e2e/delayed_response_300ms,7,903.7880,writer_blocks,12
e2e,e2e/delayed_response_300ms,7,903.7880,writer_bytes,12582912
e2e,e2e/delayed_response_300ms,8,1081.0046,avg_block_bytes,1048576
e2e,e2e/delayed_response_300ms,8,1081.0046,body_reads,774
e2e,e2e/delayed_response_300ms,8,1081.0046,body_wait_ms,234.356
e2e,e2e/delayed_response_300ms,8,1081.0046,cache_copied_bytes,12582912
e2e,e2e/delayed_response_300ms,8,1081.0046,cache_evicted_bytes,12582912
e2e,e2e/delayed_response_300ms,8,1081.0046,checksum_ms,110.152
e2e,e2e/delayed_response_300ms,8,1081.0046,distinct_ranges,5
e2e,e2e/delayed_response_300ms,8,1081.0046,duplicate_bytes,0
e2e,e2e/delayed_response_300ms,8,1081.0046,failed,0
e2e,e2e/delayed_response_300ms,8,1081.0046,file_bytes,12582912
e2e,e2e/delayed_response_300ms,8,1081.0046,finalize,110.19187499999987
e2e,e2e/delayed_response_300ms,8,1081.0046,fsync_calls,1
e2e,e2e/delayed_response_300ms,8,1081.0046,fsync_ms,4.437
e2e,e2e/delayed_response_300ms,8,1081.0046,prealloc_ms,5.113
e2e,e2e/delayed_response_300ms,8,1081.0046,report_span,376.79512500000004
e2e,e2e/delayed_response_300ms,8,1081.0046,requests,5
e2e,e2e/delayed_response_300ms,8,1081.0046,response_head_ms,1620.028
e2e,e2e/delayed_response_300ms,8,1081.0046,response_heads,5
e2e,e2e/delayed_response_300ms,8,1081.0046,running_reports,3
e2e,e2e/delayed_response_300ms,8,1081.0046,served_bytes,12582912
e2e,e2e/delayed_response_300ms,8,1081.0046,to_first_report,511.63508300000007
e2e,e2e/delayed_response_300ms,8,1081.0046,total,998.622083
e2e,e2e/delayed_response_300ms,8,1081.0046,unique_bytes,12582912
e2e,e2e/delayed_response_300ms,8,1081.0046,verified,1
e2e,e2e/delayed_response_300ms,8,1081.0046,writer_blocks,12
e2e,e2e/delayed_response_300ms,8,1081.0046,writer_bytes,12582912
e2e,e2e/delayed_response_300ms,9,1115.3483,avg_block_bytes,1048576
e2e,e2e/delayed_response_300ms,9,1115.3483,body_reads,774
e2e,e2e/delayed_response_300ms,9,1115.3483,body_wait_ms,258.725
e2e,e2e/delayed_response_300ms,9,1115.3483,cache_copied_bytes,12582912
e2e,e2e/delayed_response_300ms,9,1115.3483,cache_evicted_bytes,12582912
e2e,e2e/delayed_response_300ms,9,1115.3483,checksum_ms,118.487
e2e,e2e/delayed_response_300ms,9,1115.3483,distinct_ranges,5
e2e,e2e/delayed_response_300ms,9,1115.3483,duplicate_bytes,0
e2e,e2e/delayed_response_300ms,9,1115.3483,failed,0
e2e,e2e/delayed_response_300ms,9,1115.3483,file_bytes,12582912
e2e,e2e/delayed_response_300ms,9,1115.3483,finalize,118.52412500000003
e2e,e2e/delayed_response_300ms,9,1115.3483,fsync_calls,1
e2e,e2e/delayed_response_300ms,9,1115.3483,fsync_ms,4.472
e2e,e2e/delayed_response_300ms,9,1115.3483,prealloc_ms,4.842
e2e,e2e/delayed_response_300ms,9,1115.3483,report_span,402.40925000000004
e2e,e2e/delayed_response_300ms,9,1115.3483,requests,5
e2e,e2e/delayed_response_300ms,9,1115.3483,response_head_ms,1597.076
e2e,e2e/delayed_response_300ms,9,1115.3483,response_heads,5
e2e,e2e/delayed_response_300ms,9,1115.3483,running_reports,3
e2e,e2e/delayed_response_300ms,9,1115.3483,served_bytes,12582912
e2e,e2e/delayed_response_300ms,9,1115.3483,to_first_report,512.0247919999999
e2e,e2e/delayed_response_300ms,9,1115.3483,total,1032.958167
e2e,e2e/delayed_response_300ms,9,1115.3483,unique_bytes,12582912
e2e,e2e/delayed_response_300ms,9,1115.3483,verified,1
e2e,e2e/delayed_response_300ms,9,1115.3483,writer_blocks,12
e2e,e2e/delayed_response_300ms,9,1115.3483,writer_bytes,12582912
e2e,e2e/cut_stream_12MiB,0,1343.4944,avg_block_bytes,0
e2e,e2e/cut_stream_12MiB,0,1343.4944,body_reads,5
e2e,e2e/cut_stream_12MiB,0,1343.4944,body_wait_ms,5.175
e2e,e2e/cut_stream_12MiB,0,1343.4944,cache_copied_bytes,0
e2e,e2e/cut_stream_12MiB,0,1343.4944,cache_evicted_bytes,0
e2e,e2e/cut_stream_12MiB,0,1343.4944,checksum_ms,0
e2e,e2e/cut_stream_12MiB,0,1343.4944,distinct_ranges,4
e2e,e2e/cut_stream_12MiB,0,1343.4944,duplicate_bytes,65536
e2e,e2e/cut_stream_12MiB,0,1343.4944,failed,1
e2e,e2e/cut_stream_12MiB,0,1343.4944,file_bytes,12582912
e2e,e2e/cut_stream_12MiB,0,1343.4944,fsync_calls,1
e2e,e2e/cut_stream_12MiB,0,1343.4944,fsync_ms,3.495
e2e,e2e/cut_stream_12MiB,0,1343.4944,prealloc_ms,4.719
e2e,e2e/cut_stream_12MiB,0,1343.4944,requests,5
e2e,e2e/cut_stream_12MiB,0,1343.4944,response_head_ms,3.54
e2e,e2e/cut_stream_12MiB,0,1343.4944,response_heads,5
e2e,e2e/cut_stream_12MiB,0,1343.4944,running_reports,0
e2e,e2e/cut_stream_12MiB,0,1343.4944,served_bytes,327680
e2e,e2e/cut_stream_12MiB,0,1343.4944,total,1342.756208
e2e,e2e/cut_stream_12MiB,0,1343.4944,unique_bytes,262144
e2e,e2e/cut_stream_12MiB,0,1343.4944,verified,0
e2e,e2e/cut_stream_12MiB,0,1343.4944,writer_blocks,0
e2e,e2e/cut_stream_12MiB,0,1343.4944,writer_bytes,0
e2e,e2e/cut_stream_12MiB,1,1587.6240,avg_block_bytes,0
e2e,e2e/cut_stream_12MiB,1,1587.6240,body_reads,5
e2e,e2e/cut_stream_12MiB,1,1587.6240,body_wait_ms,0.125
e2e,e2e/cut_stream_12MiB,1,1587.6240,cache_copied_bytes,0
e2e,e2e/cut_stream_12MiB,1,1587.6240,cache_evicted_bytes,0
e2e,e2e/cut_stream_12MiB,1,1587.6240,checksum_ms,0
e2e,e2e/cut_stream_12MiB,1,1587.6240,distinct_ranges,4
e2e,e2e/cut_stream_12MiB,1,1587.6240,duplicate_bytes,65536
e2e,e2e/cut_stream_12MiB,1,1587.6240,failed,1
e2e,e2e/cut_stream_12MiB,1,1587.6240,file_bytes,12582912
e2e,e2e/cut_stream_12MiB,1,1587.6240,fsync_calls,1
e2e,e2e/cut_stream_12MiB,1,1587.6240,fsync_ms,4.126
e2e,e2e/cut_stream_12MiB,1,1587.6240,prealloc_ms,4.401
e2e,e2e/cut_stream_12MiB,1,1587.6240,requests,5
e2e,e2e/cut_stream_12MiB,1,1587.6240,response_head_ms,3.496
e2e,e2e/cut_stream_12MiB,1,1587.6240,response_heads,5
e2e,e2e/cut_stream_12MiB,1,1587.6240,running_reports,0
e2e,e2e/cut_stream_12MiB,1,1587.6240,served_bytes,327680
e2e,e2e/cut_stream_12MiB,1,1587.6240,total,1586.761708
e2e,e2e/cut_stream_12MiB,1,1587.6240,unique_bytes,262144
e2e,e2e/cut_stream_12MiB,1,1587.6240,verified,0
e2e,e2e/cut_stream_12MiB,1,1587.6240,writer_blocks,0
e2e,e2e/cut_stream_12MiB,1,1587.6240,writer_bytes,0
e2e,e2e/cut_stream_12MiB,2,1042.0910,avg_block_bytes,0
e2e,e2e/cut_stream_12MiB,2,1042.0910,body_reads,5
e2e,e2e/cut_stream_12MiB,2,1042.0910,body_wait_ms,0.057
e2e,e2e/cut_stream_12MiB,2,1042.0910,cache_copied_bytes,0
e2e,e2e/cut_stream_12MiB,2,1042.0910,cache_evicted_bytes,0
e2e,e2e/cut_stream_12MiB,2,1042.0910,checksum_ms,0
e2e,e2e/cut_stream_12MiB,2,1042.0910,distinct_ranges,4
e2e,e2e/cut_stream_12MiB,2,1042.0910,duplicate_bytes,65536
e2e,e2e/cut_stream_12MiB,2,1042.0910,failed,1
e2e,e2e/cut_stream_12MiB,2,1042.0910,file_bytes,12582912
e2e,e2e/cut_stream_12MiB,2,1042.0910,fsync_calls,1
e2e,e2e/cut_stream_12MiB,2,1042.0910,fsync_ms,4.298
e2e,e2e/cut_stream_12MiB,2,1042.0910,prealloc_ms,3.576
e2e,e2e/cut_stream_12MiB,2,1042.0910,requests,5
e2e,e2e/cut_stream_12MiB,2,1042.0910,response_head_ms,3.208
e2e,e2e/cut_stream_12MiB,2,1042.0910,response_heads,5
e2e,e2e/cut_stream_12MiB,2,1042.0910,running_reports,0
e2e,e2e/cut_stream_12MiB,2,1042.0910,served_bytes,327680
e2e,e2e/cut_stream_12MiB,2,1042.0910,total,1041.223
e2e,e2e/cut_stream_12MiB,2,1042.0910,unique_bytes,262144
e2e,e2e/cut_stream_12MiB,2,1042.0910,verified,0
e2e,e2e/cut_stream_12MiB,2,1042.0910,writer_blocks,0
e2e,e2e/cut_stream_12MiB,2,1042.0910,writer_bytes,0
e2e,e2e/cut_stream_12MiB,3,1294.5282,avg_block_bytes,0
e2e,e2e/cut_stream_12MiB,3,1294.5282,body_reads,5
e2e,e2e/cut_stream_12MiB,3,1294.5282,body_wait_ms,0.207
e2e,e2e/cut_stream_12MiB,3,1294.5282,cache_copied_bytes,0
e2e,e2e/cut_stream_12MiB,3,1294.5282,cache_evicted_bytes,0
e2e,e2e/cut_stream_12MiB,3,1294.5282,checksum_ms,0
e2e,e2e/cut_stream_12MiB,3,1294.5282,distinct_ranges,4
e2e,e2e/cut_stream_12MiB,3,1294.5282,duplicate_bytes,65536
e2e,e2e/cut_stream_12MiB,3,1294.5282,failed,1
e2e,e2e/cut_stream_12MiB,3,1294.5282,file_bytes,12582912
e2e,e2e/cut_stream_12MiB,3,1294.5282,fsync_calls,1
e2e,e2e/cut_stream_12MiB,3,1294.5282,fsync_ms,4.427
e2e,e2e/cut_stream_12MiB,3,1294.5282,prealloc_ms,4.338
e2e,e2e/cut_stream_12MiB,3,1294.5282,requests,5
e2e,e2e/cut_stream_12MiB,3,1294.5282,response_head_ms,4.589
e2e,e2e/cut_stream_12MiB,3,1294.5282,response_heads,5
e2e,e2e/cut_stream_12MiB,3,1294.5282,running_reports,0
e2e,e2e/cut_stream_12MiB,3,1294.5282,served_bytes,327680
e2e,e2e/cut_stream_12MiB,3,1294.5282,total,1293.1169169999998
e2e,e2e/cut_stream_12MiB,3,1294.5282,unique_bytes,262144
e2e,e2e/cut_stream_12MiB,3,1294.5282,verified,0
e2e,e2e/cut_stream_12MiB,3,1294.5282,writer_blocks,0
e2e,e2e/cut_stream_12MiB,3,1294.5282,writer_bytes,0
e2e,e2e/cut_stream_12MiB,4,1356.0057,avg_block_bytes,0
e2e,e2e/cut_stream_12MiB,4,1356.0057,body_reads,5
e2e,e2e/cut_stream_12MiB,4,1356.0057,body_wait_ms,0.144
e2e,e2e/cut_stream_12MiB,4,1356.0057,cache_copied_bytes,0
e2e,e2e/cut_stream_12MiB,4,1356.0057,cache_evicted_bytes,0
e2e,e2e/cut_stream_12MiB,4,1356.0057,checksum_ms,0
e2e,e2e/cut_stream_12MiB,4,1356.0057,distinct_ranges,4
e2e,e2e/cut_stream_12MiB,4,1356.0057,duplicate_bytes,65536
e2e,e2e/cut_stream_12MiB,4,1356.0057,failed,1
e2e,e2e/cut_stream_12MiB,4,1356.0057,file_bytes,12582912
e2e,e2e/cut_stream_12MiB,4,1356.0057,fsync_calls,1
e2e,e2e/cut_stream_12MiB,4,1356.0057,fsync_ms,5.178
e2e,e2e/cut_stream_12MiB,4,1356.0057,prealloc_ms,2.192
e2e,e2e/cut_stream_12MiB,4,1356.0057,requests,5
e2e,e2e/cut_stream_12MiB,4,1356.0057,response_head_ms,2.87
e2e,e2e/cut_stream_12MiB,4,1356.0057,response_heads,5
e2e,e2e/cut_stream_12MiB,4,1356.0057,running_reports,0
e2e,e2e/cut_stream_12MiB,4,1356.0057,served_bytes,327680
e2e,e2e/cut_stream_12MiB,4,1356.0057,total,1355.040917
e2e,e2e/cut_stream_12MiB,4,1356.0057,unique_bytes,262144
e2e,e2e/cut_stream_12MiB,4,1356.0057,verified,0
e2e,e2e/cut_stream_12MiB,4,1356.0057,writer_blocks,0
e2e,e2e/cut_stream_12MiB,4,1356.0057,writer_bytes,0
e2e,e2e/cut_stream_12MiB,5,1177.4064,avg_block_bytes,0
e2e,e2e/cut_stream_12MiB,5,1177.4064,body_reads,5
e2e,e2e/cut_stream_12MiB,5,1177.4064,body_wait_ms,0.22
e2e,e2e/cut_stream_12MiB,5,1177.4064,cache_copied_bytes,0
e2e,e2e/cut_stream_12MiB,5,1177.4064,cache_evicted_bytes,0
e2e,e2e/cut_stream_12MiB,5,1177.4064,checksum_ms,0
e2e,e2e/cut_stream_12MiB,5,1177.4064,distinct_ranges,4
e2e,e2e/cut_stream_12MiB,5,1177.4064,duplicate_bytes,65536
e2e,e2e/cut_stream_12MiB,5,1177.4064,failed,1
e2e,e2e/cut_stream_12MiB,5,1177.4064,file_bytes,12582912
e2e,e2e/cut_stream_12MiB,5,1177.4064,fsync_calls,1
e2e,e2e/cut_stream_12MiB,5,1177.4064,fsync_ms,3.834
e2e,e2e/cut_stream_12MiB,5,1177.4064,prealloc_ms,4.317
e2e,e2e/cut_stream_12MiB,5,1177.4064,requests,5
e2e,e2e/cut_stream_12MiB,5,1177.4064,response_head_ms,5.111
e2e,e2e/cut_stream_12MiB,5,1177.4064,response_heads,5
e2e,e2e/cut_stream_12MiB,5,1177.4064,running_reports,0
e2e,e2e/cut_stream_12MiB,5,1177.4064,served_bytes,327680
e2e,e2e/cut_stream_12MiB,5,1177.4064,total,1175.693125
e2e,e2e/cut_stream_12MiB,5,1177.4064,unique_bytes,262144
e2e,e2e/cut_stream_12MiB,5,1177.4064,verified,0
e2e,e2e/cut_stream_12MiB,5,1177.4064,writer_blocks,0
e2e,e2e/cut_stream_12MiB,5,1177.4064,writer_bytes,0
e2e,e2e/cut_stream_12MiB,6,1294.4745,avg_block_bytes,0
e2e,e2e/cut_stream_12MiB,6,1294.4745,body_reads,5
e2e,e2e/cut_stream_12MiB,6,1294.4745,body_wait_ms,0.228
e2e,e2e/cut_stream_12MiB,6,1294.4745,cache_copied_bytes,0
e2e,e2e/cut_stream_12MiB,6,1294.4745,cache_evicted_bytes,0
e2e,e2e/cut_stream_12MiB,6,1294.4745,checksum_ms,0
e2e,e2e/cut_stream_12MiB,6,1294.4745,distinct_ranges,4
e2e,e2e/cut_stream_12MiB,6,1294.4745,duplicate_bytes,65536
e2e,e2e/cut_stream_12MiB,6,1294.4745,failed,1
e2e,e2e/cut_stream_12MiB,6,1294.4745,file_bytes,12582912
e2e,e2e/cut_stream_12MiB,6,1294.4745,fsync_calls,1
e2e,e2e/cut_stream_12MiB,6,1294.4745,fsync_ms,8.346
e2e,e2e/cut_stream_12MiB,6,1294.4745,prealloc_ms,3.296
e2e,e2e/cut_stream_12MiB,6,1294.4745,requests,5
e2e,e2e/cut_stream_12MiB,6,1294.4745,response_head_ms,5.878
e2e,e2e/cut_stream_12MiB,6,1294.4745,response_heads,5
e2e,e2e/cut_stream_12MiB,6,1294.4745,running_reports,0
e2e,e2e/cut_stream_12MiB,6,1294.4745,served_bytes,327680
e2e,e2e/cut_stream_12MiB,6,1294.4745,total,1292.7069580000002
e2e,e2e/cut_stream_12MiB,6,1294.4745,unique_bytes,262144
e2e,e2e/cut_stream_12MiB,6,1294.4745,verified,0
e2e,e2e/cut_stream_12MiB,6,1294.4745,writer_blocks,0
e2e,e2e/cut_stream_12MiB,6,1294.4745,writer_bytes,0
e2e,e2e/cut_stream_12MiB,7,1127.0988,avg_block_bytes,0
e2e,e2e/cut_stream_12MiB,7,1127.0988,body_reads,5
e2e,e2e/cut_stream_12MiB,7,1127.0988,body_wait_ms,0.4
e2e,e2e/cut_stream_12MiB,7,1127.0988,cache_copied_bytes,0
e2e,e2e/cut_stream_12MiB,7,1127.0988,cache_evicted_bytes,0
e2e,e2e/cut_stream_12MiB,7,1127.0988,checksum_ms,0
e2e,e2e/cut_stream_12MiB,7,1127.0988,distinct_ranges,4
e2e,e2e/cut_stream_12MiB,7,1127.0988,duplicate_bytes,65536
e2e,e2e/cut_stream_12MiB,7,1127.0988,failed,1
e2e,e2e/cut_stream_12MiB,7,1127.0988,file_bytes,12582912
e2e,e2e/cut_stream_12MiB,7,1127.0988,fsync_calls,1
e2e,e2e/cut_stream_12MiB,7,1127.0988,fsync_ms,4.573
e2e,e2e/cut_stream_12MiB,7,1127.0988,prealloc_ms,2.621
e2e,e2e/cut_stream_12MiB,7,1127.0988,requests,5
e2e,e2e/cut_stream_12MiB,7,1127.0988,response_head_ms,5.441
e2e,e2e/cut_stream_12MiB,7,1127.0988,response_heads,5
e2e,e2e/cut_stream_12MiB,7,1127.0988,running_reports,0
e2e,e2e/cut_stream_12MiB,7,1127.0988,served_bytes,327680
e2e,e2e/cut_stream_12MiB,7,1127.0988,total,1125.361833
e2e,e2e/cut_stream_12MiB,7,1127.0988,unique_bytes,262144
e2e,e2e/cut_stream_12MiB,7,1127.0988,verified,0
e2e,e2e/cut_stream_12MiB,7,1127.0988,writer_blocks,0
e2e,e2e/cut_stream_12MiB,7,1127.0988,writer_bytes,0
e2e,e2e/cut_stream_12MiB,8,1504.8917,avg_block_bytes,0
e2e,e2e/cut_stream_12MiB,8,1504.8917,body_reads,5
e2e,e2e/cut_stream_12MiB,8,1504.8917,body_wait_ms,0.126
e2e,e2e/cut_stream_12MiB,8,1504.8917,cache_copied_bytes,0
e2e,e2e/cut_stream_12MiB,8,1504.8917,cache_evicted_bytes,0
e2e,e2e/cut_stream_12MiB,8,1504.8917,checksum_ms,0
e2e,e2e/cut_stream_12MiB,8,1504.8917,distinct_ranges,4
e2e,e2e/cut_stream_12MiB,8,1504.8917,duplicate_bytes,65536
e2e,e2e/cut_stream_12MiB,8,1504.8917,failed,1
e2e,e2e/cut_stream_12MiB,8,1504.8917,file_bytes,12582912
e2e,e2e/cut_stream_12MiB,8,1504.8917,fsync_calls,1
e2e,e2e/cut_stream_12MiB,8,1504.8917,fsync_ms,5.005
e2e,e2e/cut_stream_12MiB,8,1504.8917,prealloc_ms,3.246
e2e,e2e/cut_stream_12MiB,8,1504.8917,requests,5
e2e,e2e/cut_stream_12MiB,8,1504.8917,response_head_ms,5.884
e2e,e2e/cut_stream_12MiB,8,1504.8917,response_heads,5
e2e,e2e/cut_stream_12MiB,8,1504.8917,running_reports,0
e2e,e2e/cut_stream_12MiB,8,1504.8917,served_bytes,327680
e2e,e2e/cut_stream_12MiB,8,1504.8917,total,1503.215917
e2e,e2e/cut_stream_12MiB,8,1504.8917,unique_bytes,262144
e2e,e2e/cut_stream_12MiB,8,1504.8917,verified,0
e2e,e2e/cut_stream_12MiB,8,1504.8917,writer_blocks,0
e2e,e2e/cut_stream_12MiB,8,1504.8917,writer_bytes,0
e2e,e2e/cut_stream_12MiB,9,1034.4535,avg_block_bytes,0
e2e,e2e/cut_stream_12MiB,9,1034.4535,body_reads,5
e2e,e2e/cut_stream_12MiB,9,1034.4535,body_wait_ms,0.446
e2e,e2e/cut_stream_12MiB,9,1034.4535,cache_copied_bytes,0
e2e,e2e/cut_stream_12MiB,9,1034.4535,cache_evicted_bytes,0
e2e,e2e/cut_stream_12MiB,9,1034.4535,checksum_ms,0
e2e,e2e/cut_stream_12MiB,9,1034.4535,distinct_ranges,4
e2e,e2e/cut_stream_12MiB,9,1034.4535,duplicate_bytes,65536
e2e,e2e/cut_stream_12MiB,9,1034.4535,failed,1
e2e,e2e/cut_stream_12MiB,9,1034.4535,file_bytes,12582912
e2e,e2e/cut_stream_12MiB,9,1034.4535,fsync_calls,1
e2e,e2e/cut_stream_12MiB,9,1034.4535,fsync_ms,5.279
e2e,e2e/cut_stream_12MiB,9,1034.4535,prealloc_ms,4.243
e2e,e2e/cut_stream_12MiB,9,1034.4535,requests,5
e2e,e2e/cut_stream_12MiB,9,1034.4535,response_head_ms,7.374
e2e,e2e/cut_stream_12MiB,9,1034.4535,response_heads,5
e2e,e2e/cut_stream_12MiB,9,1034.4535,running_reports,0
e2e,e2e/cut_stream_12MiB,9,1034.4535,served_bytes,327680
e2e,e2e/cut_stream_12MiB,9,1034.4535,total,1033.123209
e2e,e2e/cut_stream_12MiB,9,1034.4535,unique_bytes,262144
e2e,e2e/cut_stream_12MiB,9,1034.4535,verified,0
e2e,e2e/cut_stream_12MiB,9,1034.4535,writer_blocks,0
e2e,e2e/cut_stream_12MiB,9,1034.4535,writer_bytes,0
e2e,e2e/slow_tail_12MiB,0,507.2029,avg_block_bytes,1048576
e2e,e2e/slow_tail_12MiB,0,507.2029,body_reads,784
e2e,e2e/slow_tail_12MiB,0,507.2029,body_wait_ms,289.86
e2e,e2e/slow_tail_12MiB,0,507.2029,cache_copied_bytes,12582912
e2e,e2e/slow_tail_12MiB,0,507.2029,cache_evicted_bytes,12582912
e2e,e2e/slow_tail_12MiB,0,507.2029,checksum_ms,118.932
e2e,e2e/slow_tail_12MiB,0,507.2029,distinct_ranges,5
e2e,e2e/slow_tail_12MiB,0,507.2029,duplicate_bytes,0
e2e,e2e/slow_tail_12MiB,0,507.2029,failed,0
e2e,e2e/slow_tail_12MiB,0,507.2029,file_bytes,12582912
e2e,e2e/slow_tail_12MiB,0,507.2029,finalize,118.97508400000004
e2e,e2e/slow_tail_12MiB,0,507.2029,fsync_calls,1
e2e,e2e/slow_tail_12MiB,0,507.2029,fsync_ms,7.23
e2e,e2e/slow_tail_12MiB,0,507.2029,prealloc_ms,3.885
e2e,e2e/slow_tail_12MiB,0,507.2029,report_span,95.42245799999998
e2e,e2e/slow_tail_12MiB,0,507.2029,requests,5
e2e,e2e/slow_tail_12MiB,0,507.2029,response_head_ms,82.054
e2e,e2e/slow_tail_12MiB,0,507.2029,response_heads,5
e2e,e2e/slow_tail_12MiB,0,507.2029,running_reports,2
e2e,e2e/slow_tail_12MiB,0,507.2029,served_bytes,12582912
e2e,e2e/slow_tail_12MiB,0,507.2029,to_first_report,209.667042
e2e,e2e/slow_tail_12MiB,0,507.2029,total,424.064584
e2e,e2e/slow_tail_12MiB,0,507.2029,unique_bytes,12582912
e2e,e2e/slow_tail_12MiB,0,507.2029,verified,1
e2e,e2e/slow_tail_12MiB,0,507.2029,writer_blocks,12
e2e,e2e/slow_tail_12MiB,0,507.2029,writer_bytes,12582912
e2e,e2e/slow_tail_12MiB,1,487.5404,avg_block_bytes,1048576
e2e,e2e/slow_tail_12MiB,1,487.5404,body_reads,780
e2e,e2e/slow_tail_12MiB,1,487.5404,body_wait_ms,273.02
e2e,e2e/slow_tail_12MiB,1,487.5404,cache_copied_bytes,12582912
e2e,e2e/slow_tail_12MiB,1,487.5404,cache_evicted_bytes,12582912
e2e,e2e/slow_tail_12MiB,1,487.5404,checksum_ms,118.59
e2e,e2e/slow_tail_12MiB,1,487.5404,distinct_ranges,5
e2e,e2e/slow_tail_12MiB,1,487.5404,duplicate_bytes,0
e2e,e2e/slow_tail_12MiB,1,487.5404,failed,0
e2e,e2e/slow_tail_12MiB,1,487.5404,file_bytes,12582912
e2e,e2e/slow_tail_12MiB,1,487.5404,finalize,118.63354200000003
e2e,e2e/slow_tail_12MiB,1,487.5404,fsync_calls,1
e2e,e2e/slow_tail_12MiB,1,487.5404,fsync_ms,5.77
e2e,e2e/slow_tail_12MiB,1,487.5404,prealloc_ms,3.986
e2e,e2e/slow_tail_12MiB,1,487.5404,report_span,77.99087499999999
e2e,e2e/slow_tail_12MiB,1,487.5404,requests,5
e2e,e2e/slow_tail_12MiB,1,487.5404,response_head_ms,81.31
e2e,e2e/slow_tail_12MiB,1,487.5404,response_heads,5
e2e,e2e/slow_tail_12MiB,1,487.5404,running_reports,2
e2e,e2e/slow_tail_12MiB,1,487.5404,served_bytes,12582912
e2e,e2e/slow_tail_12MiB,1,487.5404,to_first_report,208.49308299999998
e2e,e2e/slow_tail_12MiB,1,487.5404,total,405.1175
e2e,e2e/slow_tail_12MiB,1,487.5404,unique_bytes,12582912
e2e,e2e/slow_tail_12MiB,1,487.5404,verified,1
e2e,e2e/slow_tail_12MiB,1,487.5404,writer_blocks,12
e2e,e2e/slow_tail_12MiB,1,487.5404,writer_bytes,12582912
e2e,e2e/slow_tail_12MiB,2,489.6712,avg_block_bytes,1048576
e2e,e2e/slow_tail_12MiB,2,489.6712,body_reads,782
e2e,e2e/slow_tail_12MiB,2,489.6712,body_wait_ms,269.741
e2e,e2e/slow_tail_12MiB,2,489.6712,cache_copied_bytes,12582912
e2e,e2e/slow_tail_12MiB,2,489.6712,cache_evicted_bytes,12582912
e2e,e2e/slow_tail_12MiB,2,489.6712,checksum_ms,121.251
e2e,e2e/slow_tail_12MiB,2,489.6712,distinct_ranges,5
e2e,e2e/slow_tail_12MiB,2,489.6712,duplicate_bytes,0
e2e,e2e/slow_tail_12MiB,2,489.6712,failed,0
e2e,e2e/slow_tail_12MiB,2,489.6712,file_bytes,12582912
e2e,e2e/slow_tail_12MiB,2,489.6712,finalize,121.295208
e2e,e2e/slow_tail_12MiB,2,489.6712,fsync_calls,1
e2e,e2e/slow_tail_12MiB,2,489.6712,fsync_ms,7.201
e2e,e2e/slow_tail_12MiB,2,489.6712,prealloc_ms,3.547
e2e,e2e/slow_tail_12MiB,2,489.6712,report_span,77.67175
e2e,e2e/slow_tail_12MiB,2,489.6712,requests,5
e2e,e2e/slow_tail_12MiB,2,489.6712,response_head_ms,83.186
e2e,e2e/slow_tail_12MiB,2,489.6712,response_heads,5
e2e,e2e/slow_tail_12MiB,2,489.6712,running_reports,2
e2e,e2e/slow_tail_12MiB,2,489.6712,served_bytes,12582912
e2e,e2e/slow_tail_12MiB,2,489.6712,to_first_report,207.771625
e2e,e2e/slow_tail_12MiB,2,489.6712,total,406.738583
e2e,e2e/slow_tail_12MiB,2,489.6712,unique_bytes,12582912
e2e,e2e/slow_tail_12MiB,2,489.6712,verified,1
e2e,e2e/slow_tail_12MiB,2,489.6712,writer_blocks,12
e2e,e2e/slow_tail_12MiB,2,489.6712,writer_bytes,12582912
e2e,e2e/slow_tail_12MiB,3,550.0238,avg_block_bytes,1048576
e2e,e2e/slow_tail_12MiB,3,550.0238,body_reads,781
e2e,e2e/slow_tail_12MiB,3,550.0238,body_wait_ms,333.26
e2e,e2e/slow_tail_12MiB,3,550.0238,cache_copied_bytes,12582912
e2e,e2e/slow_tail_12MiB,3,550.0238,cache_evicted_bytes,12582912
e2e,e2e/slow_tail_12MiB,3,550.0238,checksum_ms,118.957
e2e,e2e/slow_tail_12MiB,3,550.0238,distinct_ranges,5
e2e,e2e/slow_tail_12MiB,3,550.0238,duplicate_bytes,0
e2e,e2e/slow_tail_12MiB,3,550.0238,failed,0
e2e,e2e/slow_tail_12MiB,3,550.0238,file_bytes,12582912
e2e,e2e/slow_tail_12MiB,3,550.0238,finalize,118.99725000000001
e2e,e2e/slow_tail_12MiB,3,550.0238,fsync_calls,1
e2e,e2e/slow_tail_12MiB,3,550.0238,fsync_ms,6.206
e2e,e2e/slow_tail_12MiB,3,550.0238,prealloc_ms,4.238
e2e,e2e/slow_tail_12MiB,3,550.0238,report_span,141.02708299999995
e2e,e2e/slow_tail_12MiB,3,550.0238,requests,5
e2e,e2e/slow_tail_12MiB,3,550.0238,response_head_ms,80.524
e2e,e2e/slow_tail_12MiB,3,550.0238,response_heads,5
e2e,e2e/slow_tail_12MiB,3,550.0238,running_reports,2
e2e,e2e/slow_tail_12MiB,3,550.0238,served_bytes,12582912
e2e,e2e/slow_tail_12MiB,3,550.0238,to_first_report,207.474917
e2e,e2e/slow_tail_12MiB,3,550.0238,total,467.49924999999996
e2e,e2e/slow_tail_12MiB,3,550.0238,unique_bytes,12582912
e2e,e2e/slow_tail_12MiB,3,550.0238,verified,1
e2e,e2e/slow_tail_12MiB,3,550.0238,writer_blocks,12
e2e,e2e/slow_tail_12MiB,3,550.0238,writer_bytes,12582912
e2e,e2e/slow_tail_12MiB,4,522.2555,avg_block_bytes,1048576
e2e,e2e/slow_tail_12MiB,4,522.2555,body_reads,782
e2e,e2e/slow_tail_12MiB,4,522.2555,body_wait_ms,314.727
e2e,e2e/slow_tail_12MiB,4,522.2555,cache_copied_bytes,12582912
e2e,e2e/slow_tail_12MiB,4,522.2555,cache_evicted_bytes,12582912
e2e,e2e/slow_tail_12MiB,4,522.2555,checksum_ms,110.218
e2e,e2e/slow_tail_12MiB,4,522.2555,distinct_ranges,5
e2e,e2e/slow_tail_12MiB,4,522.2555,duplicate_bytes,0
e2e,e2e/slow_tail_12MiB,4,522.2555,failed,0
e2e,e2e/slow_tail_12MiB,4,522.2555,file_bytes,12582912
e2e,e2e/slow_tail_12MiB,4,522.2555,finalize,110.26320799999996
e2e,e2e/slow_tail_12MiB,4,522.2555,fsync_calls,1
e2e,e2e/slow_tail_12MiB,4,522.2555,fsync_ms,6.352
e2e,e2e/slow_tail_12MiB,4,522.2555,prealloc_ms,3.371
e2e,e2e/slow_tail_12MiB,4,522.2555,report_span,119.85875000000001
e2e,e2e/slow_tail_12MiB,4,522.2555,requests,5
e2e,e2e/slow_tail_12MiB,4,522.2555,response_head_ms,82.587
e2e,e2e/slow_tail_12MiB,4,522.2555,response_heads,5
e2e,e2e/slow_tail_12MiB,4,522.2555,running_reports,2
e2e,e2e/slow_tail_12MiB,4,522.2555,served_bytes,12582912
e2e,e2e/slow_tail_12MiB,4,522.2555,to_first_report,209.192042
e2e,e2e/slow_tail_12MiB,4,522.2555,total,439.31399999999996
e2e,e2e/slow_tail_12MiB,4,522.2555,unique_bytes,12582912
e2e,e2e/slow_tail_12MiB,4,522.2555,verified,1
e2e,e2e/slow_tail_12MiB,4,522.2555,writer_blocks,12
e2e,e2e/slow_tail_12MiB,4,522.2555,writer_bytes,12582912
e2e,e2e/slow_tail_12MiB,5,549.1517,avg_block_bytes,1048576
e2e,e2e/slow_tail_12MiB,5,549.1517,body_reads,783
e2e,e2e/slow_tail_12MiB,5,549.1517,body_wait_ms,327.696
e2e,e2e/slow_tail_12MiB,5,549.1517,cache_copied_bytes,12582912
e2e,e2e/slow_tail_12MiB,5,549.1517,cache_evicted_bytes,12582912
e2e,e2e/slow_tail_12MiB,5,549.1517,checksum_ms,119.266
e2e,e2e/slow_tail_12MiB,5,549.1517,distinct_ranges,5
e2e,e2e/slow_tail_12MiB,5,549.1517,duplicate_bytes,0
e2e,e2e/slow_tail_12MiB,5,549.1517,failed,0
e2e,e2e/slow_tail_12MiB,5,549.1517,file_bytes,12582912
e2e,e2e/slow_tail_12MiB,5,549.1517,finalize,119.30220800000001
e2e,e2e/slow_tail_12MiB,5,549.1517,fsync_calls,1
e2e,e2e/slow_tail_12MiB,5,549.1517,fsync_ms,9.355
e2e,e2e/slow_tail_12MiB,5,549.1517,prealloc_ms,4.455
e2e,e2e/slow_tail_12MiB,5,549.1517,report_span,139.29354199999997
e2e,e2e/slow_tail_12MiB,5,549.1517,requests,5
e2e,e2e/slow_tail_12MiB,5,549.1517,response_head_ms,80.559
e2e,e2e/slow_tail_12MiB,5,549.1517,response_heads,5
e2e,e2e/slow_tail_12MiB,5,549.1517,running_reports,2
e2e,e2e/slow_tail_12MiB,5,549.1517,served_bytes,12582912
e2e,e2e/slow_tail_12MiB,5,549.1517,to_first_report,207.51583300000001
e2e,e2e/slow_tail_12MiB,5,549.1517,total,466.111583
e2e,e2e/slow_tail_12MiB,5,549.1517,unique_bytes,12582912
e2e,e2e/slow_tail_12MiB,5,549.1517,verified,1
e2e,e2e/slow_tail_12MiB,5,549.1517,writer_blocks,12
e2e,e2e/slow_tail_12MiB,5,549.1517,writer_bytes,12582912
e2e,e2e/slow_tail_12MiB,6,552.0951,avg_block_bytes,1048576
e2e,e2e/slow_tail_12MiB,6,552.0951,body_reads,781
e2e,e2e/slow_tail_12MiB,6,552.0951,body_wait_ms,335.657
e2e,e2e/slow_tail_12MiB,6,552.0951,cache_copied_bytes,12582912
e2e,e2e/slow_tail_12MiB,6,552.0951,cache_evicted_bytes,12582912
e2e,e2e/slow_tail_12MiB,6,552.0951,checksum_ms,116.443
e2e,e2e/slow_tail_12MiB,6,552.0951,distinct_ranges,5
e2e,e2e/slow_tail_12MiB,6,552.0951,duplicate_bytes,0
e2e,e2e/slow_tail_12MiB,6,552.0951,failed,0
e2e,e2e/slow_tail_12MiB,6,552.0951,file_bytes,12582912
e2e,e2e/slow_tail_12MiB,6,552.0951,finalize,116.48624999999998
e2e,e2e/slow_tail_12MiB,6,552.0951,fsync_calls,1
e2e,e2e/slow_tail_12MiB,6,552.0951,fsync_ms,6.994
e2e,e2e/slow_tail_12MiB,6,552.0951,prealloc_ms,4.321
e2e,e2e/slow_tail_12MiB,6,552.0951,report_span,145.3025
e2e,e2e/slow_tail_12MiB,6,552.0951,requests,5
e2e,e2e/slow_tail_12MiB,6,552.0951,response_head_ms,80.135
e2e,e2e/slow_tail_12MiB,6,552.0951,response_heads,5
e2e,e2e/slow_tail_12MiB,6,552.0951,running_reports,2
e2e,e2e/slow_tail_12MiB,6,552.0951,served_bytes,12582912
e2e,e2e/slow_tail_12MiB,6,552.0951,to_first_report,207.337667
e2e,e2e/slow_tail_12MiB,6,552.0951,total,469.126417
e2e,e2e/slow_tail_12MiB,6,552.0951,unique_bytes,12582912
e2e,e2e/slow_tail_12MiB,6,552.0951,verified,1
e2e,e2e/slow_tail_12MiB,6,552.0951,writer_blocks,12
e2e,e2e/slow_tail_12MiB,6,552.0951,writer_bytes,12582912
e2e,e2e/slow_tail_12MiB,7,476.8272,avg_block_bytes,1048576
e2e,e2e/slow_tail_12MiB,7,476.8272,body_reads,781
e2e,e2e/slow_tail_12MiB,7,476.8272,body_wait_ms,263.166
e2e,e2e/slow_tail_12MiB,7,476.8272,cache_copied_bytes,12582912
e2e,e2e/slow_tail_12MiB,7,476.8272,cache_evicted_bytes,12582912
e2e,e2e/slow_tail_12MiB,7,476.8272,checksum_ms,118.251
e2e,e2e/slow_tail_12MiB,7,476.8272,distinct_ranges,5
e2e,e2e/slow_tail_12MiB,7,476.8272,duplicate_bytes,0
e2e,e2e/slow_tail_12MiB,7,476.8272,failed,0
e2e,e2e/slow_tail_12MiB,7,476.8272,file_bytes,12582912
e2e,e2e/slow_tail_12MiB,7,476.8272,finalize,118.27304100000003
e2e,e2e/slow_tail_12MiB,7,476.8272,fsync_calls,1
e2e,e2e/slow_tail_12MiB,7,476.8272,fsync_ms,6.217
e2e,e2e/slow_tail_12MiB,7,476.8272,prealloc_ms,3.342
e2e,e2e/slow_tail_12MiB,7,476.8272,report_span,69.28883399999995
e2e,e2e/slow_tail_12MiB,7,476.8272,requests,5
e2e,e2e/slow_tail_12MiB,7,476.8272,response_head_ms,55.706
e2e,e2e/slow_tail_12MiB,7,476.8272,response_heads,5
e2e,e2e/slow_tail_12MiB,7,476.8272,running_reports,2
e2e,e2e/slow_tail_12MiB,7,476.8272,served_bytes,12582912
e2e,e2e/slow_tail_12MiB,7,476.8272,to_first_report,207.02300000000002
e2e,e2e/slow_tail_12MiB,7,476.8272,total,394.584875
e2e,e2e/slow_tail_12MiB,7,476.8272,unique_bytes,12582912
e2e,e2e/slow_tail_12MiB,7,476.8272,verified,1
e2e,e2e/slow_tail_12MiB,7,476.8272,writer_blocks,12
e2e,e2e/slow_tail_12MiB,7,476.8272,writer_bytes,12582912
e2e,e2e/slow_tail_12MiB,8,548.4971,avg_block_bytes,1048576
e2e,e2e/slow_tail_12MiB,8,548.4971,body_reads,780
e2e,e2e/slow_tail_12MiB,8,548.4971,body_wait_ms,331.782
e2e,e2e/slow_tail_12MiB,8,548.4971,cache_copied_bytes,12582912
e2e,e2e/slow_tail_12MiB,8,548.4971,cache_evicted_bytes,12582912
e2e,e2e/slow_tail_12MiB,8,548.4971,checksum_ms,118.729
e2e,e2e/slow_tail_12MiB,8,548.4971,distinct_ranges,5
e2e,e2e/slow_tail_12MiB,8,548.4971,duplicate_bytes,0
e2e,e2e/slow_tail_12MiB,8,548.4971,failed,0
e2e,e2e/slow_tail_12MiB,8,548.4971,file_bytes,12582912
e2e,e2e/slow_tail_12MiB,8,548.4971,finalize,118.77625
e2e,e2e/slow_tail_12MiB,8,548.4971,fsync_calls,1
e2e,e2e/slow_tail_12MiB,8,548.4971,fsync_ms,6.119
e2e,e2e/slow_tail_12MiB,8,548.4971,prealloc_ms,3.389
e2e,e2e/slow_tail_12MiB,8,548.4971,report_span,140.79625
e2e,e2e/slow_tail_12MiB,8,548.4971,requests,5
e2e,e2e/slow_tail_12MiB,8,548.4971,response_head_ms,81.601
e2e,e2e/slow_tail_12MiB,8,548.4971,response_heads,5
e2e,e2e/slow_tail_12MiB,8,548.4971,running_reports,2
e2e,e2e/slow_tail_12MiB,8,548.4971,served_bytes,12582912
e2e,e2e/slow_tail_12MiB,8,548.4971,to_first_report,206.368
e2e,e2e/slow_tail_12MiB,8,548.4971,total,465.9405
e2e,e2e/slow_tail_12MiB,8,548.4971,unique_bytes,12582912
e2e,e2e/slow_tail_12MiB,8,548.4971,verified,1
e2e,e2e/slow_tail_12MiB,8,548.4971,writer_blocks,12
e2e,e2e/slow_tail_12MiB,8,548.4971,writer_bytes,12582912
e2e,e2e/slow_tail_12MiB,9,518.2237,avg_block_bytes,1048576
e2e,e2e/slow_tail_12MiB,9,518.2237,body_reads,785
e2e,e2e/slow_tail_12MiB,9,518.2237,body_wait_ms,301.987
e2e,e2e/slow_tail_12MiB,9,518.2237,cache_copied_bytes,12582912
e2e,e2e/slow_tail_12MiB,9,518.2237,cache_evicted_bytes,12582912
e2e,e2e/slow_tail_12MiB,9,518.2237,checksum_ms,118.724
e2e,e2e/slow_tail_12MiB,9,518.2237,distinct_ranges,5
e2e,e2e/slow_tail_12MiB,9,518.2237,duplicate_bytes,0
e2e,e2e/slow_tail_12MiB,9,518.2237,failed,0
e2e,e2e/slow_tail_12MiB,9,518.2237,file_bytes,12582912
e2e,e2e/slow_tail_12MiB,9,518.2237,finalize,118.76625000000001
e2e,e2e/slow_tail_12MiB,9,518.2237,fsync_calls,1
e2e,e2e/slow_tail_12MiB,9,518.2237,fsync_ms,6.09
e2e,e2e/slow_tail_12MiB,9,518.2237,prealloc_ms,4.35
e2e,e2e/slow_tail_12MiB,9,518.2237,report_span,108.58291700000001
e2e,e2e/slow_tail_12MiB,9,518.2237,requests,5
e2e,e2e/slow_tail_12MiB,9,518.2237,response_head_ms,80.516
e2e,e2e/slow_tail_12MiB,9,518.2237,response_heads,5
e2e,e2e/slow_tail_12MiB,9,518.2237,running_reports,2
e2e,e2e/slow_tail_12MiB,9,518.2237,served_bytes,12582912
e2e,e2e/slow_tail_12MiB,9,518.2237,to_first_report,208.246875
e2e,e2e/slow_tail_12MiB,9,518.2237,total,435.596042
e2e,e2e/slow_tail_12MiB,9,518.2237,unique_bytes,12582912
e2e,e2e/slow_tail_12MiB,9,518.2237,verified,1
e2e,e2e/slow_tail_12MiB,9,518.2237,writer_blocks,12
e2e,e2e/slow_tail_12MiB,9,518.2237,writer_bytes,12582912
