group,scenario,round,round_millis,metric,value
e2e,e2e/small_256KiB_single_connection,0,19.0058,avg_block_bytes,16384
e2e,e2e/small_256KiB_single_connection,0,19.0058,body_reads,17
e2e,e2e/small_256KiB_single_connection,0,19.0058,body_wait_ms,0.002
e2e,e2e/small_256KiB_single_connection,0,19.0058,cache_copied_bytes,0
e2e,e2e/small_256KiB_single_connection,0,19.0058,cache_evicted_bytes,0
e2e,e2e/small_256KiB_single_connection,0,19.0058,checksum_ms,3.705
e2e,e2e/small_256KiB_single_connection,0,19.0058,distinct_ranges,1
e2e,e2e/small_256KiB_single_connection,0,19.0058,duplicate_bytes,0
e2e,e2e/small_256KiB_single_connection,0,19.0058,failed,0
e2e,e2e/small_256KiB_single_connection,0,19.0058,file_bytes,262144
e2e,e2e/small_256KiB_single_connection,0,19.0058,finalize,8.418541
e2e,e2e/small_256KiB_single_connection,0,19.0058,fsync_calls,2
e2e,e2e/small_256KiB_single_connection,0,19.0058,fsync_ms,3.637
e2e,e2e/small_256KiB_single_connection,0,19.0058,prealloc_ms,2.758
e2e,e2e/small_256KiB_single_connection,0,19.0058,report_span,0.003375000000000128
e2e,e2e/small_256KiB_single_connection,0,19.0058,requests,1
e2e,e2e/small_256KiB_single_connection,0,19.0058,response_head_ms,0.854
e2e,e2e/small_256KiB_single_connection,0,19.0058,response_heads,1
e2e,e2e/small_256KiB_single_connection,0,19.0058,running_reports,2
e2e,e2e/small_256KiB_single_connection,0,19.0058,served_bytes,262144
e2e,e2e/small_256KiB_single_connection,0,19.0058,to_first_report,5.41925
e2e,e2e/small_256KiB_single_connection,0,19.0058,total,13.841166
e2e,e2e/small_256KiB_single_connection,0,19.0058,unique_bytes,262144
e2e,e2e/small_256KiB_single_connection,0,19.0058,verified,1
e2e,e2e/small_256KiB_single_connection,0,19.0058,writer_blocks,16
e2e,e2e/small_256KiB_single_connection,0,19.0058,writer_bytes,262144
e2e,e2e/small_256KiB_single_connection,1,20.3507,avg_block_bytes,14563.555555555555
e2e,e2e/small_256KiB_single_connection,1,20.3507,body_reads,19
e2e,e2e/small_256KiB_single_connection,1,20.3507,body_wait_ms,0.005
e2e,e2e/small_256KiB_single_connection,1,20.3507,cache_copied_bytes,0
e2e,e2e/small_256KiB_single_connection,1,20.3507,cache_evicted_bytes,0
e2e,e2e/small_256KiB_single_connection,1,20.3507,checksum_ms,3.574
e2e,e2e/small_256KiB_single_connection,1,20.3507,distinct_ranges,1
e2e,e2e/small_256KiB_single_connection,1,20.3507,duplicate_bytes,0
e2e,e2e/small_256KiB_single_connection,1,20.3507,failed,0
e2e,e2e/small_256KiB_single_connection,1,20.3507,file_bytes,262144
e2e,e2e/small_256KiB_single_connection,1,20.3507,finalize,9.257833
e2e,e2e/small_256KiB_single_connection,1,20.3507,fsync_calls,2
e2e,e2e/small_256KiB_single_connection,1,20.3507,fsync_ms,4.393
e2e,e2e/small_256KiB_single_connection,1,20.3507,prealloc_ms,3.584
e2e,e2e/small_256KiB_single_connection,1,20.3507,report_span,0.009083000000000396
e2e,e2e/small_256KiB_single_connection,1,20.3507,requests,1
e2e,e2e/small_256KiB_single_connection,1,20.3507,response_head_ms,1.044
e2e,e2e/small_256KiB_single_connection,1,20.3507,response_heads,1
e2e,e2e/small_256KiB_single_connection,1,20.3507,running_reports,2
e2e,e2e/small_256KiB_single_connection,1,20.3507,served_bytes,262144
e2e,e2e/small_256KiB_single_connection,1,20.3507,to_first_report,6.5671669999999995
e2e,e2e/small_256KiB_single_connection,1,20.3507,total,15.834083
e2e,e2e/small_256KiB_single_connection,1,20.3507,unique_bytes,262144
e2e,e2e/small_256KiB_single_connection,1,20.3507,verified,1
e2e,e2e/small_256KiB_single_connection,1,20.3507,writer_blocks,18
e2e,e2e/small_256KiB_single_connection,1,20.3507,writer_bytes,262144
e2e,e2e/small_256KiB_single_connection,2,18.3550,avg_block_bytes,16384
e2e,e2e/small_256KiB_single_connection,2,18.3550,body_reads,17
e2e,e2e/small_256KiB_single_connection,2,18.3550,body_wait_ms,0.001
e2e,e2e/small_256KiB_single_connection,2,18.3550,cache_copied_bytes,0
e2e,e2e/small_256KiB_single_connection,2,18.3550,cache_evicted_bytes,0
e2e,e2e/small_256KiB_single_connection,2,18.3550,checksum_ms,3.65
e2e,e2e/small_256KiB_single_connection,2,18.3550,distinct_ranges,1
e2e,e2e/small_256KiB_single_connection,2,18.3550,duplicate_bytes,0
e2e,e2e/small_256KiB_single_connection,2,18.3550,failed,0
e2e,e2e/small_256KiB_single_connection,2,18.3550,file_bytes,262144
e2e,e2e/small_256KiB_single_connection,2,18.3550,finalize,8.435292
e2e,e2e/small_256KiB_single_connection,2,18.3550,fsync_calls,2
e2e,e2e/small_256KiB_single_connection,2,18.3550,fsync_ms,3.699
e2e,e2e/small_256KiB_single_connection,2,18.3550,prealloc_ms,2.502
e2e,e2e/small_256KiB_single_connection,2,18.3550,report_span,0.0024160000000001958
e2e,e2e/small_256KiB_single_connection,2,18.3550,requests,1
e2e,e2e/small_256KiB_single_connection,2,18.3550,response_head_ms,0.73
e2e,e2e/small_256KiB_single_connection,2,18.3550,response_heads,1
e2e,e2e/small_256KiB_single_connection,2,18.3550,running_reports,2
e2e,e2e/small_256KiB_single_connection,2,18.3550,served_bytes,262144
e2e,e2e/small_256KiB_single_connection,2,18.3550,to_first_report,5.063209
e2e,e2e/small_256KiB_single_connection,2,18.3550,total,13.500917
e2e,e2e/small_256KiB_single_connection,2,18.3550,unique_bytes,262144
e2e,e2e/small_256KiB_single_connection,2,18.3550,verified,1
e2e,e2e/small_256KiB_single_connection,2,18.3550,writer_blocks,16
e2e,e2e/small_256KiB_single_connection,2,18.3550,writer_bytes,262144
e2e,e2e/small_256KiB_single_connection,3,20.6152,avg_block_bytes,14563.555555555555
e2e,e2e/small_256KiB_single_connection,3,20.6152,body_reads,19
e2e,e2e/small_256KiB_single_connection,3,20.6152,body_wait_ms,0.004
e2e,e2e/small_256KiB_single_connection,3,20.6152,cache_copied_bytes,0
e2e,e2e/small_256KiB_single_connection,3,20.6152,cache_evicted_bytes,0
e2e,e2e/small_256KiB_single_connection,3,20.6152,checksum_ms,4.173
e2e,e2e/small_256KiB_single_connection,3,20.6152,distinct_ranges,1
e2e,e2e/small_256KiB_single_connection,3,20.6152,duplicate_bytes,0
e2e,e2e/small_256KiB_single_connection,3,20.6152,failed,0
e2e,e2e/small_256KiB_single_connection,3,20.6152,file_bytes,262144
e2e,e2e/small_256KiB_single_connection,3,20.6152,finalize,10.140667
e2e,e2e/small_256KiB_single_connection,3,20.6152,fsync_calls,2
e2e,e2e/small_256KiB_single_connection,3,20.6152,fsync_ms,4.365
e2e,e2e/small_256KiB_single_connection,3,20.6152,prealloc_ms,3.074
e2e,e2e/small_256KiB_single_connection,3,20.6152,report_span,0.012333000000000816
e2e,e2e/small_256KiB_single_connection,3,20.6152,requests,1
e2e,e2e/small_256KiB_single_connection,3,20.6152,response_head_ms,0.706
e2e,e2e/small_256KiB_single_connection,3,20.6152,response_heads,1
e2e,e2e/small_256KiB_single_connection,3,20.6152,running_reports,2
e2e,e2e/small_256KiB_single_connection,3,20.6152,served_bytes,262144
e2e,e2e/small_256KiB_single_connection,3,20.6152,to_first_report,5.604125
e2e,e2e/small_256KiB_single_connection,3,20.6152,total,15.757125
e2e,e2e/small_256KiB_single_connection,3,20.6152,unique_bytes,262144
e2e,e2e/small_256KiB_single_connection,3,20.6152,verified,1
e2e,e2e/small_256KiB_single_connection,3,20.6152,writer_blocks,18
e2e,e2e/small_256KiB_single_connection,3,20.6152,writer_bytes,262144
e2e,e2e/small_256KiB_single_connection,4,20.4378,avg_block_bytes,16384
e2e,e2e/small_256KiB_single_connection,4,20.4378,body_reads,17
e2e,e2e/small_256KiB_single_connection,4,20.4378,body_wait_ms,0.004
e2e,e2e/small_256KiB_single_connection,4,20.4378,cache_copied_bytes,0
e2e,e2e/small_256KiB_single_connection,4,20.4378,cache_evicted_bytes,0
e2e,e2e/small_256KiB_single_connection,4,20.4378,checksum_ms,3.747
e2e,e2e/small_256KiB_single_connection,4,20.4378,distinct_ranges,1
e2e,e2e/small_256KiB_single_connection,4,20.4378,duplicate_bytes,0
e2e,e2e/small_256KiB_single_connection,4,20.4378,failed,0
e2e,e2e/small_256KiB_single_connection,4,20.4378,file_bytes,262144
e2e,e2e/small_256KiB_single_connection,4,20.4378,finalize,9.371125
e2e,e2e/small_256KiB_single_connection,4,20.4378,fsync_calls,2
e2e,e2e/small_256KiB_single_connection,4,20.4378,fsync_ms,3.814
e2e,e2e/small_256KiB_single_connection,4,20.4378,prealloc_ms,4.138
e2e,e2e/small_256KiB_single_connection,4,20.4378,report_span,0.03966600000000042
e2e,e2e/small_256KiB_single_connection,4,20.4378,requests,1
e2e,e2e/small_256KiB_single_connection,4,20.4378,response_head_ms,0.699
e2e,e2e/small_256KiB_single_connection,4,20.4378,response_heads,1
e2e,e2e/small_256KiB_single_connection,4,20.4378,running_reports,2
e2e,e2e/small_256KiB_single_connection,4,20.4378,served_bytes,262144
e2e,e2e/small_256KiB_single_connection,4,20.4378,to_first_report,6.612334
e2e,e2e/small_256KiB_single_connection,4,20.4378,total,16.023125
e2e,e2e/small_256KiB_single_connection,4,20.4378,unique_bytes,262144
e2e,e2e/small_256KiB_single_connection,4,20.4378,verified,1
e2e,e2e/small_256KiB_single_connection,4,20.4378,writer_blocks,16
e2e,e2e/small_256KiB_single_connection,4,20.4378,writer_bytes,262144
e2e,e2e/small_256KiB_single_connection,5,19.0060,avg_block_bytes,16384
e2e,e2e/small_256KiB_single_connection,5,19.0060,body_reads,17
e2e,e2e/small_256KiB_single_connection,5,19.0060,body_wait_ms,0.002
e2e,e2e/small_256KiB_single_connection,5,19.0060,cache_copied_bytes,0
e2e,e2e/small_256KiB_single_connection,5,19.0060,cache_evicted_bytes,0
e2e,e2e/small_256KiB_single_connection,5,19.0060,checksum_ms,3.702
e2e,e2e/small_256KiB_single_connection,5,19.0060,distinct_ranges,1
e2e,e2e/small_256KiB_single_connection,5,19.0060,duplicate_bytes,0
e2e,e2e/small_256KiB_single_connection,5,19.0060,failed,0
e2e,e2e/small_256KiB_single_connection,5,19.0060,file_bytes,262144
e2e,e2e/small_256KiB_single_connection,5,19.0060,finalize,9.951041
e2e,e2e/small_256KiB_single_connection,5,19.0060,fsync_calls,2
e2e,e2e/small_256KiB_single_connection,5,19.0060,fsync_ms,4.301
e2e,e2e/small_256KiB_single_connection,5,19.0060,prealloc_ms,3.442
e2e,e2e/small_256KiB_single_connection,5,19.0060,report_span,0.0040839999999997545
e2e,e2e/small_256KiB_single_connection,5,19.0060,requests,1
e2e,e2e/small_256KiB_single_connection,5,19.0060,response_head_ms,0.863
e2e,e2e/small_256KiB_single_connection,5,19.0060,response_heads,1
e2e,e2e/small_256KiB_single_connection,5,19.0060,running_reports,2
e2e,e2e/small_256KiB_single_connection,5,19.0060,served_bytes,262144
e2e,e2e/small_256KiB_single_connection,5,19.0060,to_first_report,4.8982909999999995
e2e,e2e/small_256KiB_single_connection,5,19.0060,total,14.853416
e2e,e2e/small_256KiB_single_connection,5,19.0060,unique_bytes,262144
e2e,e2e/small_256KiB_single_connection,5,19.0060,verified,1
e2e,e2e/small_256KiB_single_connection,5,19.0060,writer_blocks,16
e2e,e2e/small_256KiB_single_connection,5,19.0060,writer_bytes,262144
e2e,e2e/small_256KiB_single_connection,6,19.9283,avg_block_bytes,15420.235294117647
e2e,e2e/small_256KiB_single_connection,6,19.9283,body_reads,18
e2e,e2e/small_256KiB_single_connection,6,19.9283,body_wait_ms,0.004
e2e,e2e/small_256KiB_single_connection,6,19.9283,cache_copied_bytes,0
e2e,e2e/small_256KiB_single_connection,6,19.9283,cache_evicted_bytes,0
e2e,e2e/small_256KiB_single_connection,6,19.9283,checksum_ms,3.623
e2e,e2e/small_256KiB_single_connection,6,19.9283,distinct_ranges,1
e2e,e2e/small_256KiB_single_connection,6,19.9283,duplicate_bytes,0
e2e,e2e/small_256KiB_single_connection,6,19.9283,failed,0
e2e,e2e/small_256KiB_single_connection,6,19.9283,file_bytes,262144
e2e,e2e/small_256KiB_single_connection,6,19.9283,finalize,8.785416999999999
e2e,e2e/small_256KiB_single_connection,6,19.9283,fsync_calls,2
e2e,e2e/small_256KiB_single_connection,6,19.9283,fsync_ms,4.126
e2e,e2e/small_256KiB_single_connection,6,19.9283,prealloc_ms,4.089
e2e,e2e/small_256KiB_single_connection,6,19.9283,report_span,0.005832999999999977
e2e,e2e/small_256KiB_single_connection,6,19.9283,requests,1
e2e,e2e/small_256KiB_single_connection,6,19.9283,response_head_ms,0.649
e2e,e2e/small_256KiB_single_connection,6,19.9283,response_heads,1
e2e,e2e/small_256KiB_single_connection,6,19.9283,running_reports,2
e2e,e2e/small_256KiB_single_connection,6,19.9283,served_bytes,262144
e2e,e2e/small_256KiB_single_connection,6,19.9283,to_first_report,6.5655
e2e,e2e/small_256KiB_single_connection,6,19.9283,total,15.35675
e2e,e2e/small_256KiB_single_connection,6,19.9283,unique_bytes,262144
e2e,e2e/small_256KiB_single_connection,6,19.9283,verified,1
e2e,e2e/small_256KiB_single_connection,6,19.9283,writer_blocks,17
e2e,e2e/small_256KiB_single_connection,6,19.9283,writer_bytes,262144
e2e,e2e/small_256KiB_single_connection,7,19.5222,avg_block_bytes,16384
e2e,e2e/small_256KiB_single_connection,7,19.5222,body_reads,17
e2e,e2e/small_256KiB_single_connection,7,19.5222,body_wait_ms,0.004
e2e,e2e/small_256KiB_single_connection,7,19.5222,cache_copied_bytes,0
e2e,e2e/small_256KiB_single_connection,7,19.5222,cache_evicted_bytes,0
e2e,e2e/small_256KiB_single_connection,7,19.5222,checksum_ms,3.253
e2e,e2e/small_256KiB_single_connection,7,19.5222,distinct_ranges,1
e2e,e2e/small_256KiB_single_connection,7,19.5222,duplicate_bytes,0
e2e,e2e/small_256KiB_single_connection,7,19.5222,failed,0
e2e,e2e/small_256KiB_single_connection,7,19.5222,file_bytes,262144
e2e,e2e/small_256KiB_single_connection,7,19.5222,finalize,6.782458
e2e,e2e/small_256KiB_single_connection,7,19.5222,fsync_calls,2
e2e,e2e/small_256KiB_single_connection,7,19.5222,fsync_ms,2.418
e2e,e2e/small_256KiB_single_connection,7,19.5222,prealloc_ms,4.169
e2e,e2e/small_256KiB_single_connection,7,19.5222,report_span,0.015042000000000222
e2e,e2e/small_256KiB_single_connection,7,19.5222,requests,1
e2e,e2e/small_256KiB_single_connection,7,19.5222,response_head_ms,1.18
e2e,e2e/small_256KiB_single_connection,7,19.5222,response_heads,1
e2e,e2e/small_256KiB_single_connection,7,19.5222,running_reports,2
e2e,e2e/small_256KiB_single_connection,7,19.5222,served_bytes,262144
e2e,e2e/small_256KiB_single_connection,7,19.5222,to_first_report,7.816042
e2e,e2e/small_256KiB_single_connection,7,19.5222,total,14.613542
e2e,e2e/small_256KiB_single_connection,7,19.5222,unique_bytes,262144
e2e,e2e/small_256KiB_single_connection,7,19.5222,verified,1
e2e,e2e/small_256KiB_single_connection,7,19.5222,writer_blocks,16
e2e,e2e/small_256KiB_single_connection,7,19.5222,writer_bytes,262144
e2e,e2e/small_256KiB_single_connection,8,21.8570,avg_block_bytes,14563.555555555555
e2e,e2e/small_256KiB_single_connection,8,21.8570,body_reads,19
e2e,e2e/small_256KiB_single_connection,8,21.8570,body_wait_ms,0.002
e2e,e2e/small_256KiB_single_connection,8,21.8570,cache_copied_bytes,0
e2e,e2e/small_256KiB_single_connection,8,21.8570,cache_evicted_bytes,0
e2e,e2e/small_256KiB_single_connection,8,21.8570,checksum_ms,4.42
e2e,e2e/small_256KiB_single_connection,8,21.8570,distinct_ranges,1
e2e,e2e/small_256KiB_single_connection,8,21.8570,duplicate_bytes,0
e2e,e2e/small_256KiB_single_connection,8,21.8570,failed,0
e2e,e2e/small_256KiB_single_connection,8,21.8570,file_bytes,262144
e2e,e2e/small_256KiB_single_connection,8,21.8570,finalize,10.784792
e2e,e2e/small_256KiB_single_connection,8,21.8570,fsync_calls,2
e2e,e2e/small_256KiB_single_connection,8,21.8570,fsync_ms,4.922
e2e,e2e/small_256KiB_single_connection,8,21.8570,prealloc_ms,4.106
e2e,e2e/small_256KiB_single_connection,8,21.8570,report_span,0.003375000000000128
e2e,e2e/small_256KiB_single_connection,8,21.8570,requests,1
e2e,e2e/small_256KiB_single_connection,8,21.8570,response_head_ms,0.583
e2e,e2e/small_256KiB_single_connection,8,21.8570,response_heads,1
e2e,e2e/small_256KiB_single_connection,8,21.8570,running_reports,2
e2e,e2e/small_256KiB_single_connection,8,21.8570,served_bytes,262144
e2e,e2e/small_256KiB_single_connection,8,21.8570,to_first_report,6.445458
e2e,e2e/small_256KiB_single_connection,8,21.8570,total,17.233625
e2e,e2e/small_256KiB_single_connection,8,21.8570,unique_bytes,262144
e2e,e2e/small_256KiB_single_connection,8,21.8570,verified,1
e2e,e2e/small_256KiB_single_connection,8,21.8570,writer_blocks,18
e2e,e2e/small_256KiB_single_connection,8,21.8570,writer_bytes,262144
e2e,e2e/small_256KiB_single_connection,9,22.9050,avg_block_bytes,16384
e2e,e2e/small_256KiB_single_connection,9,22.9050,body_reads,17
e2e,e2e/small_256KiB_single_connection,9,22.9050,body_wait_ms,0.006
e2e,e2e/small_256KiB_single_connection,9,22.9050,cache_copied_bytes,0
e2e,e2e/small_256KiB_single_connection,9,22.9050,cache_evicted_bytes,0
e2e,e2e/small_256KiB_single_connection,9,22.9050,checksum_ms,4.221
e2e,e2e/small_256KiB_single_connection,9,22.9050,distinct_ranges,1
e2e,e2e/small_256KiB_single_connection,9,22.9050,duplicate_bytes,0
e2e,e2e/small_256KiB_single_connection,9,22.9050,failed,0
e2e,e2e/small_256KiB_single_connection,9,22.9050,file_bytes,262144
e2e,e2e/small_256KiB_single_connection,9,22.9050,finalize,10.251666999999998
e2e,e2e/small_256KiB_single_connection,9,22.9050,fsync_calls,2
e2e,e2e/small_256KiB_single_connection,9,22.9050,fsync_ms,3.768
e2e,e2e/small_256KiB_single_connection,9,22.9050,prealloc_ms,3.885
e2e,e2e/small_256KiB_single_connection,9,22.9050,report_span,0.025125000000000064
e2e,e2e/small_256KiB_single_connection,9,22.9050,requests,1
e2e,e2e/small_256KiB_single_connection,9,22.9050,response_head_ms,1.38
e2e,e2e/small_256KiB_single_connection,9,22.9050,response_heads,1
e2e,e2e/small_256KiB_single_connection,9,22.9050,running_reports,2
e2e,e2e/small_256KiB_single_connection,9,22.9050,served_bytes,262144
e2e,e2e/small_256KiB_single_connection,9,22.9050,to_first_report,7.283208
e2e,e2e/small_256KiB_single_connection,9,22.9050,total,17.56
e2e,e2e/small_256KiB_single_connection,9,22.9050,unique_bytes,262144
e2e,e2e/small_256KiB_single_connection,9,22.9050,verified,1
e2e,e2e/small_256KiB_single_connection,9,22.9050,writer_blocks,16
e2e,e2e/small_256KiB_single_connection,9,22.9050,writer_bytes,262144
e2e,e2e/split_12MiB_4conns,0,611.9607,avg_block_bytes,1048576
e2e,e2e/split_12MiB_4conns,0,611.9607,body_reads,777
e2e,e2e/split_12MiB_4conns,0,611.9607,body_wait_ms,197.725
e2e,e2e/split_12MiB_4conns,0,611.9607,cache_copied_bytes,12582912
e2e,e2e/split_12MiB_4conns,0,611.9607,cache_evicted_bytes,12582912
e2e,e2e/split_12MiB_4conns,0,611.9607,checksum_ms,206.382
e2e,e2e/split_12MiB_4conns,0,611.9607,distinct_ranges,5
e2e,e2e/split_12MiB_4conns,0,611.9607,duplicate_bytes,0
e2e,e2e/split_12MiB_4conns,0,611.9607,failed,0
e2e,e2e/split_12MiB_4conns,0,611.9607,file_bytes,12582912
e2e,e2e/split_12MiB_4conns,0,611.9607,finalize,206.42745800000003
e2e,e2e/split_12MiB_4conns,0,611.9607,fsync_calls,1
e2e,e2e/split_12MiB_4conns,0,611.9607,fsync_ms,3.966
e2e,e2e/split_12MiB_4conns,0,611.9607,prealloc_ms,4.423
e2e,e2e/split_12MiB_4conns,0,611.9607,report_span,4.208499999999958
e2e,e2e/split_12MiB_4conns,0,611.9607,requests,5
e2e,e2e/split_12MiB_4conns,0,611.9607,response_head_ms,54.126
e2e,e2e/split_12MiB_4conns,0,611.9607,response_heads,5
e2e,e2e/split_12MiB_4conns,0,611.9607,running_reports,2
e2e,e2e/split_12MiB_4conns,0,611.9607,served_bytes,12582912
e2e,e2e/split_12MiB_4conns,0,611.9607,to_first_report,208.46758400000002
e2e,e2e/split_12MiB_4conns,0,611.9607,total,419.103542
e2e,e2e/split_12MiB_4conns,0,611.9607,unique_bytes,12582912
e2e,e2e/split_12MiB_4conns,0,611.9607,verified,1
e2e,e2e/split_12MiB_4conns,0,611.9607,writer_blocks,12
e2e,e2e/split_12MiB_4conns,0,611.9607,writer_bytes,12582912
e2e,e2e/split_12MiB_4conns,1,629.3894,avg_block_bytes,1048576
e2e,e2e/split_12MiB_4conns,1,629.3894,body_reads,781
e2e,e2e/split_12MiB_4conns,1,629.3894,body_wait_ms,227.027
e2e,e2e/split_12MiB_4conns,1,629.3894,cache_copied_bytes,12582912
e2e,e2e/split_12MiB_4conns,1,629.3894,cache_evicted_bytes,12582912
e2e,e2e/split_12MiB_4conns,1,629.3894,checksum_ms,210.82
e2e,e2e/split_12MiB_4conns,1,629.3894,distinct_ranges,5
e2e,e2e/split_12MiB_4conns,1,629.3894,duplicate_bytes,0
e2e,e2e/split_12MiB_4conns,1,629.3894,failed,0
e2e,e2e/split_12MiB_4conns,1,629.3894,file_bytes,12582912
e2e,e2e/split_12MiB_4conns,1,629.3894,finalize,210.87875000000003
e2e,e2e/split_12MiB_4conns,1,629.3894,fsync_calls,1
e2e,e2e/split_12MiB_4conns,1,629.3894,fsync_ms,5.132
e2e,e2e/split_12MiB_4conns,1,629.3894,prealloc_ms,4.518
e2e,e2e/split_12MiB_4conns,1,629.3894,report_span,31.067167000000012
e2e,e2e/split_12MiB_4conns,1,629.3894,requests,5
e2e,e2e/split_12MiB_4conns,1,629.3894,response_head_ms,73.693
e2e,e2e/split_12MiB_4conns,1,629.3894,response_heads,5
e2e,e2e/split_12MiB_4conns,1,629.3894,running_reports,2
e2e,e2e/split_12MiB_4conns,1,629.3894,served_bytes,12582912
e2e,e2e/split_12MiB_4conns,1,629.3894,to_first_report,210.673917
e2e,e2e/split_12MiB_4conns,1,629.3894,total,452.619834
e2e,e2e/split_12MiB_4conns,1,629.3894,unique_bytes,12582912
e2e,e2e/split_12MiB_4conns,1,629.3894,verified,1
e2e,e2e/split_12MiB_4conns,1,629.3894,writer_blocks,12
e2e,e2e/split_12MiB_4conns,1,629.3894,writer_bytes,12582912
e2e,e2e/split_12MiB_4conns,2,625.6923,avg_block_bytes,1048576
e2e,e2e/split_12MiB_4conns,2,625.6923,body_reads,776
e2e,e2e/split_12MiB_4conns,2,625.6923,body_wait_ms,227.519
e2e,e2e/split_12MiB_4conns,2,625.6923,cache_copied_bytes,12582912
e2e,e2e/split_12MiB_4conns,2,625.6923,cache_evicted_bytes,12582912
e2e,e2e/split_12MiB_4conns,2,625.6923,checksum_ms,191.609
e2e,e2e/split_12MiB_4conns,2,625.6923,distinct_ranges,5
e2e,e2e/split_12MiB_4conns,2,625.6923,duplicate_bytes,0
e2e,e2e/split_12MiB_4conns,2,625.6923,failed,0
e2e,e2e/split_12MiB_4conns,2,625.6923,file_bytes,12582912
e2e,e2e/split_12MiB_4conns,2,625.6923,finalize,191.66895900000003
e2e,e2e/split_12MiB_4conns,2,625.6923,fsync_calls,1
e2e,e2e/split_12MiB_4conns,2,625.6923,fsync_ms,4.06
e2e,e2e/split_12MiB_4conns,2,625.6923,prealloc_ms,4.113
e2e,e2e/split_12MiB_4conns,2,625.6923,report_span,33.702708
e2e,e2e/split_12MiB_4conns,2,625.6923,requests,5
e2e,e2e/split_12MiB_4conns,2,625.6923,response_head_ms,80.38
e2e,e2e/split_12MiB_4conns,2,625.6923,response_heads,5
e2e,e2e/split_12MiB_4conns,2,625.6923,running_reports,2
e2e,e2e/split_12MiB_4conns,2,625.6923,served_bytes,12582912
e2e,e2e/split_12MiB_4conns,2,625.6923,to_first_report,208.656375
e2e,e2e/split_12MiB_4conns,2,625.6923,total,434.028042
e2e,e2e/split_12MiB_4conns,2,625.6923,unique_bytes,12582912
e2e,e2e/split_12MiB_4conns,2,625.6923,verified,1
e2e,e2e/split_12MiB_4conns,2,625.6923,writer_blocks,12
e2e,e2e/split_12MiB_4conns,2,625.6923,writer_bytes,12582912
e2e,e2e/split_12MiB_4conns,3,543.6367,avg_block_bytes,1048576
e2e,e2e/split_12MiB_4conns,3,543.6367,body_reads,777
e2e,e2e/split_12MiB_4conns,3,543.6367,body_wait_ms,239.742
e2e,e2e/split_12MiB_4conns,3,543.6367,cache_copied_bytes,12582912
e2e,e2e/split_12MiB_4conns,3,543.6367,cache_evicted_bytes,12582912
e2e,e2e/split_12MiB_4conns,3,543.6367,checksum_ms,210.675
e2e,e2e/split_12MiB_4conns,3,543.6367,distinct_ranges,4
e2e,e2e/split_12MiB_4conns,3,543.6367,duplicate_bytes,0
e2e,e2e/split_12MiB_4conns,3,543.6367,failed,0
e2e,e2e/split_12MiB_4conns,3,543.6367,file_bytes,12582912
e2e,e2e/split_12MiB_4conns,3,543.6367,finalize,210.72245900000001
e2e,e2e/split_12MiB_4conns,3,543.6367,fsync_calls,1
e2e,e2e/split_12MiB_4conns,3,543.6367,fsync_ms,6.874
e2e,e2e/split_12MiB_4conns,3,543.6367,prealloc_ms,4.215
e2e,e2e/split_12MiB_4conns,3,543.6367,report_span,0
e2e,e2e/split_12MiB_4conns,3,543.6367,requests,4
e2e,e2e/split_12MiB_4conns,3,543.6367,response_head_ms,63.977
e2e,e2e/split_12MiB_4conns,3,543.6367,response_heads,4
e2e,e2e/split_12MiB_4conns,3,543.6367,running_reports,1
e2e,e2e/split_12MiB_4conns,3,543.6367,served_bytes,12582912
e2e,e2e/split_12MiB_4conns,3,543.6367,to_first_report,147.2455
e2e,e2e/split_12MiB_4conns,3,543.6367,total,357.967959
e2e,e2e/split_12MiB_4conns,3,543.6367,unique_bytes,12582912
e2e,e2e/split_12MiB_4conns,3,543.6367,verified,1
e2e,e2e/split_12MiB_4conns,3,543.6367,writer_blocks,12
e2e,e2e/split_12MiB_4conns,3,543.6367,writer_bytes,12582912
e2e,e2e/split_12MiB_4conns,4,538.1822,avg_block_bytes,1048576
e2e,e2e/split_12MiB_4conns,4,538.1822,body_reads,779
e2e,e2e/split_12MiB_4conns,4,538.1822,body_wait_ms,249.932
e2e,e2e/split_12MiB_4conns,4,538.1822,cache_copied_bytes,12582912
e2e,e2e/split_12MiB_4conns,4,538.1822,cache_evicted_bytes,12582912
e2e,e2e/split_12MiB_4conns,4,538.1822,checksum_ms,178.57
e2e,e2e/split_12MiB_4conns,4,538.1822,distinct_ranges,4
e2e,e2e/split_12MiB_4conns,4,538.1822,duplicate_bytes,0
e2e,e2e/split_12MiB_4conns,4,538.1822,failed,0
e2e,e2e/split_12MiB_4conns,4,538.1822,file_bytes,12582912
e2e,e2e/split_12MiB_4conns,4,538.1822,finalize,178.61274999999998
e2e,e2e/split_12MiB_4conns,4,538.1822,fsync_calls,1
e2e,e2e/split_12MiB_4conns,4,538.1822,fsync_ms,8.039
e2e,e2e/split_12MiB_4conns,4,538.1822,prealloc_ms,4.041
e2e,e2e/split_12MiB_4conns,4,538.1822,report_span,0
e2e,e2e/split_12MiB_4conns,4,538.1822,requests,4
e2e,e2e/split_12MiB_4conns,4,538.1822,response_head_ms,57.294
e2e,e2e/split_12MiB_4conns,4,538.1822,response_heads,4
e2e,e2e/split_12MiB_4conns,4,538.1822,running_reports,1
e2e,e2e/split_12MiB_4conns,4,538.1822,served_bytes,12582912
e2e,e2e/split_12MiB_4conns,4,538.1822,to_first_report,176.96462499999998
e2e,e2e/split_12MiB_4conns,4,538.1822,total,355.57737499999996
e2e,e2e/split_12MiB_4conns,4,538.1822,unique_bytes,12582912
e2e,e2e/split_12MiB_4conns,4,538.1822,verified,1
e2e,e2e/split_12MiB_4conns,4,538.1822,writer_blocks,12
e2e,e2e/split_12MiB_4conns,4,538.1822,writer_bytes,12582912
e2e,e2e/split_12MiB_4conns,5,667.4746,avg_block_bytes,1048576
e2e,e2e/split_12MiB_4conns,5,667.4746,body_reads,779
e2e,e2e/split_12MiB_4conns,5,667.4746,body_wait_ms,265.452
e2e,e2e/split_12MiB_4conns,5,667.4746,cache_copied_bytes,12582912
e2e,e2e/split_12MiB_4conns,5,667.4746,cache_evicted_bytes,12582912
e2e,e2e/split_12MiB_4conns,5,667.4746,checksum_ms,217.884
e2e,e2e/split_12MiB_4conns,5,667.4746,distinct_ranges,5
e2e,e2e/split_12MiB_4conns,5,667.4746,duplicate_bytes,0
e2e,e2e/split_12MiB_4conns,5,667.4746,failed,0
e2e,e2e/split_12MiB_4conns,5,667.4746,file_bytes,12582912
e2e,e2e/split_12MiB_4conns,5,667.4746,finalize,217.97287500000004
e2e,e2e/split_12MiB_4conns,5,667.4746,fsync_calls,1
e2e,e2e/split_12MiB_4conns,5,667.4746,fsync_ms,4.374
e2e,e2e/split_12MiB_4conns,5,667.4746,prealloc_ms,4.059
e2e,e2e/split_12MiB_4conns,5,667.4746,report_span,70.94424999999995
e2e,e2e/split_12MiB_4conns,5,667.4746,requests,5
e2e,e2e/split_12MiB_4conns,5,667.4746,response_head_ms,84.315
e2e,e2e/split_12MiB_4conns,5,667.4746,response_heads,5
e2e,e2e/split_12MiB_4conns,5,667.4746,running_reports,2
e2e,e2e/split_12MiB_4conns,5,667.4746,served_bytes,12582912
e2e,e2e/split_12MiB_4conns,5,667.4746,to_first_report,208.68525
e2e,e2e/split_12MiB_4conns,5,667.4746,total,497.602375
e2e,e2e/split_12MiB_4conns,5,667.4746,unique_bytes,12582912
e2e,e2e/split_12MiB_4conns,5,667.4746,verified,1
e2e,e2e/split_12MiB_4conns,5,667.4746,writer_blocks,12
e2e,e2e/split_12MiB_4conns,5,667.4746,writer_bytes,12582912
e2e,e2e/split_12MiB_4conns,6,516.7925,avg_block_bytes,1048576
e2e,e2e/split_12MiB_4conns,6,516.7925,body_reads,777
e2e,e2e/split_12MiB_4conns,6,516.7925,body_wait_ms,111.278
e2e,e2e/split_12MiB_4conns,6,516.7925,cache_copied_bytes,12582912
e2e,e2e/split_12MiB_4conns,6,516.7925,cache_evicted_bytes,12582912
e2e,e2e/split_12MiB_4conns,6,516.7925,checksum_ms,205.915
e2e,e2e/split_12MiB_4conns,6,516.7925,distinct_ranges,5
e2e,e2e/split_12MiB_4conns,6,516.7925,duplicate_bytes,0
e2e,e2e/split_12MiB_4conns,6,516.7925,failed,0
e2e,e2e/split_12MiB_4conns,6,516.7925,file_bytes,12582912
e2e,e2e/split_12MiB_4conns,6,516.7925,finalize,205.95891700000004
e2e,e2e/split_12MiB_4conns,6,516.7925,fsync_calls,1
e2e,e2e/split_12MiB_4conns,6,516.7925,fsync_ms,4.208
e2e,e2e/split_12MiB_4conns,6,516.7925,prealloc_ms,3.733
e2e,e2e/split_12MiB_4conns,6,516.7925,report_span,0
e2e,e2e/split_12MiB_4conns,6,516.7925,requests,5
e2e,e2e/split_12MiB_4conns,6,516.7925,response_head_ms,80.374
e2e,e2e/split_12MiB_4conns,6,516.7925,response_heads,5
e2e,e2e/split_12MiB_4conns,6,516.7925,running_reports,1
e2e,e2e/split_12MiB_4conns,6,516.7925,served_bytes,12582912
e2e,e2e/split_12MiB_4conns,6,516.7925,to_first_report,122.69025
e2e,e2e/split_12MiB_4conns,6,516.7925,total,328.64916700000003
e2e,e2e/split_12MiB_4conns,6,516.7925,unique_bytes,12582912
e2e,e2e/split_12MiB_4conns,6,516.7925,verified,1
e2e,e2e/split_12MiB_4conns,6,516.7925,writer_blocks,12
e2e,e2e/split_12MiB_4conns,6,516.7925,writer_bytes,12582912
e2e,e2e/split_12MiB_4conns,7,553.2763,avg_block_bytes,1048576
e2e,e2e/split_12MiB_4conns,7,553.2763,body_reads,776
e2e,e2e/split_12MiB_4conns,7,553.2763,body_wait_ms,156.577
e2e,e2e/split_12MiB_4conns,7,553.2763,cache_copied_bytes,12582912
e2e,e2e/split_12MiB_4conns,7,553.2763,cache_evicted_bytes,12582912
e2e,e2e/split_12MiB_4conns,7,553.2763,checksum_ms,191.031
e2e,e2e/split_12MiB_4conns,7,553.2763,distinct_ranges,5
e2e,e2e/split_12MiB_4conns,7,553.2763,duplicate_bytes,0
e2e,e2e/split_12MiB_4conns,7,553.2763,failed,0
e2e,e2e/split_12MiB_4conns,7,553.2763,file_bytes,12582912
e2e,e2e/split_12MiB_4conns,7,553.2763,finalize,191.082458
e2e,e2e/split_12MiB_4conns,7,553.2763,fsync_calls,1
e2e,e2e/split_12MiB_4conns,7,553.2763,fsync_ms,3.927
e2e,e2e/split_12MiB_4conns,7,553.2763,prealloc_ms,4.392
e2e,e2e/split_12MiB_4conns,7,553.2763,report_span,0
e2e,e2e/split_12MiB_4conns,7,553.2763,requests,5
e2e,e2e/split_12MiB_4conns,7,553.2763,response_head_ms,56.585
e2e,e2e/split_12MiB_4conns,7,553.2763,response_heads,5
e2e,e2e/split_12MiB_4conns,7,553.2763,running_reports,1
e2e,e2e/split_12MiB_4conns,7,553.2763,served_bytes,12582912
e2e,e2e/split_12MiB_4conns,7,553.2763,to_first_report,169.9675
e2e,e2e/split_12MiB_4conns,7,553.2763,total,361.049958
e2e,e2e/split_12MiB_4conns,7,553.2763,unique_bytes,12582912
e2e,e2e/split_12MiB_4conns,7,553.2763,verified,1
e2e,e2e/split_12MiB_4conns,7,553.2763,writer_blocks,12
e2e,e2e/split_12MiB_4conns,7,553.2763,writer_bytes,12582912
e2e,e2e/split_12MiB_4conns,8,773.6752,avg_block_bytes,1048576
e2e,e2e/split_12MiB_4conns,8,773.6752,body_reads,781
e2e,e2e/split_12MiB_4conns,8,773.6752,body_wait_ms,164.659
e2e,e2e/split_12MiB_4conns,8,773.6752,cache_copied_bytes,12582912
e2e,e2e/split_12MiB_4conns,8,773.6752,cache_evicted_bytes,12582912
e2e,e2e/split_12MiB_4conns,8,773.6752,checksum_ms,412.675
e2e,e2e/split_12MiB_4conns,8,773.6752,distinct_ranges,5
e2e,e2e/split_12MiB_4conns,8,773.6752,duplicate_bytes,0
e2e,e2e/split_12MiB_4conns,8,773.6752,failed,0
e2e,e2e/split_12MiB_4conns,8,773.6752,file_bytes,12582912
e2e,e2e/split_12MiB_4conns,8,773.6752,finalize,412.78416699999997
e2e,e2e/split_12MiB_4conns,8,773.6752,fsync_calls,1
e2e,e2e/split_12MiB_4conns,8,773.6752,fsync_ms,6.598
e2e,e2e/split_12MiB_4conns,8,773.6752,prealloc_ms,3.358
e2e,e2e/split_12MiB_4conns,8,773.6752,report_span,0
e2e,e2e/split_12MiB_4conns,8,773.6752,requests,5
e2e,e2e/split_12MiB_4conns,8,773.6752,response_head_ms,53.891
e2e,e2e/split_12MiB_4conns,8,773.6752,response_heads,5
e2e,e2e/split_12MiB_4conns,8,773.6752,running_reports,1
e2e,e2e/split_12MiB_4conns,8,773.6752,served_bytes,12582912
e2e,e2e/split_12MiB_4conns,8,773.6752,to_first_report,180.637041
e2e,e2e/split_12MiB_4conns,8,773.6752,total,593.421208
e2e,e2e/split_12MiB_4conns,8,773.6752,unique_bytes,12582912
e2e,e2e/split_12MiB_4conns,8,773.6752,verified,1
e2e,e2e/split_12MiB_4conns,8,773.6752,writer_blocks,12
e2e,e2e/split_12MiB_4conns,8,773.6752,writer_bytes,12582912
e2e,e2e/split_12MiB_4conns,9,732.9886,avg_block_bytes,1048576
e2e,e2e/split_12MiB_4conns,9,732.9886,body_reads,774
e2e,e2e/split_12MiB_4conns,9,732.9886,body_wait_ms,266.746
e2e,e2e/split_12MiB_4conns,9,732.9886,cache_copied_bytes,12582912
e2e,e2e/split_12MiB_4conns,9,732.9886,cache_evicted_bytes,12582912
e2e,e2e/split_12MiB_4conns,9,732.9886,checksum_ms,200.084
e2e,e2e/split_12MiB_4conns,9,732.9886,distinct_ranges,5
e2e,e2e/split_12MiB_4conns,9,732.9886,duplicate_bytes,0
e2e,e2e/split_12MiB_4conns,9,732.9886,failed,0
e2e,e2e/split_12MiB_4conns,9,732.9886,file_bytes,12582912
e2e,e2e/split_12MiB_4conns,9,732.9886,finalize,200.152666
e2e,e2e/split_12MiB_4conns,9,732.9886,fsync_calls,1
e2e,e2e/split_12MiB_4conns,9,732.9886,fsync_ms,4.967
e2e,e2e/split_12MiB_4conns,9,732.9886,prealloc_ms,4.934
e2e,e2e/split_12MiB_4conns,9,732.9886,report_span,70.313209
e2e,e2e/split_12MiB_4conns,9,732.9886,requests,5
e2e,e2e/split_12MiB_4conns,9,732.9886,response_head_ms,62.935
e2e,e2e/split_12MiB_4conns,9,732.9886,response_heads,5
e2e,e2e/split_12MiB_4conns,9,732.9886,running_reports,2
e2e,e2e/split_12MiB_4conns,9,732.9886,served_bytes,12582912
e2e,e2e/split_12MiB_4conns,9,732.9886,to_first_report,212.603875
e2e,e2e/split_12MiB_4conns,9,732.9886,total,483.06975
e2e,e2e/split_12MiB_4conns,9,732.9886,unique_bytes,12582912
e2e,e2e/split_12MiB_4conns,9,732.9886,verified,1
e2e,e2e/split_12MiB_4conns,9,732.9886,writer_blocks,12
e2e,e2e/split_12MiB_4conns,9,732.9886,writer_bytes,12582912
e2e,e2e/large_64MiB_4conns,0,2116.6261,avg_block_bytes,1048576
e2e,e2e/large_64MiB_4conns,0,2116.6261,body_reads,4105
e2e,e2e/large_64MiB_4conns,0,2116.6261,body_wait_ms,1992.274
e2e,e2e/large_64MiB_4conns,0,2116.6261,cache_copied_bytes,67108864
e2e,e2e/large_64MiB_4conns,0,2116.6261,cache_evicted_bytes,67108864
e2e,e2e/large_64MiB_4conns,0,2116.6261,checksum_ms,0
e2e,e2e/large_64MiB_4conns,0,2116.6261,distinct_ranges,5
e2e,e2e/large_64MiB_4conns,0,2116.6261,duplicate_bytes,0
e2e,e2e/large_64MiB_4conns,0,2116.6261,failed,0
e2e,e2e/large_64MiB_4conns,0,2116.6261,file_bytes,67108864
e2e,e2e/large_64MiB_4conns,0,2116.6261,finalize,0.04704100000026301
e2e,e2e/large_64MiB_4conns,0,2116.6261,fsync_calls,1
e2e,e2e/large_64MiB_4conns,0,2116.6261,fsync_ms,8.151
e2e,e2e/large_64MiB_4conns,0,2116.6261,prealloc_ms,4.134
e2e,e2e/large_64MiB_4conns,0,2116.6261,report_span,1853.3653339999996
e2e,e2e/large_64MiB_4conns,0,2116.6261,requests,5
e2e,e2e/large_64MiB_4conns,0,2116.6261,response_head_ms,81.586
e2e,e2e/large_64MiB_4conns,0,2116.6261,response_heads,5
e2e,e2e/large_64MiB_4conns,0,2116.6261,running_reports,11
e2e,e2e/large_64MiB_4conns,0,2116.6261,served_bytes,67108864
e2e,e2e/large_64MiB_4conns,0,2116.6261,to_first_report,207.558916
e2e,e2e/large_64MiB_4conns,0,2116.6261,total,2060.971291
e2e,e2e/large_64MiB_4conns,0,2116.6261,unique_bytes,67108864
e2e,e2e/large_64MiB_4conns,0,2116.6261,verified,1
e2e,e2e/large_64MiB_4conns,0,2116.6261,writer_blocks,64
e2e,e2e/large_64MiB_4conns,0,2116.6261,writer_bytes,67108864
e2e,e2e/large_64MiB_4conns,1,2294.6348,avg_block_bytes,1048576
e2e,e2e/large_64MiB_4conns,1,2294.6348,body_reads,4103
e2e,e2e/large_64MiB_4conns,1,2294.6348,body_wait_ms,2185.98
e2e,e2e/large_64MiB_4conns,1,2294.6348,cache_copied_bytes,67108864
e2e,e2e/large_64MiB_4conns,1,2294.6348,cache_evicted_bytes,67108864
e2e,e2e/large_64MiB_4conns,1,2294.6348,checksum_ms,0
e2e,e2e/large_64MiB_4conns,1,2294.6348,distinct_ranges,4
e2e,e2e/large_64MiB_4conns,1,2294.6348,duplicate_bytes,0
e2e,e2e/large_64MiB_4conns,1,2294.6348,failed,0
e2e,e2e/large_64MiB_4conns,1,2294.6348,file_bytes,67108864
e2e,e2e/large_64MiB_4conns,1,2294.6348,finalize,0.023708000000169704
e2e,e2e/large_64MiB_4conns,1,2294.6348,fsync_calls,1
e2e,e2e/large_64MiB_4conns,1,2294.6348,fsync_ms,3.815
e2e,e2e/large_64MiB_4conns,1,2294.6348,prealloc_ms,3.289
e2e,e2e/large_64MiB_4conns,1,2294.6348,report_span,2045.1392500000002
e2e,e2e/large_64MiB_4conns,1,2294.6348,requests,4
e2e,e2e/large_64MiB_4conns,1,2294.6348,response_head_ms,84.37
e2e,e2e/large_64MiB_4conns,1,2294.6348,response_heads,4
e2e,e2e/large_64MiB_4conns,1,2294.6348,running_reports,12
e2e,e2e/large_64MiB_4conns,1,2294.6348,served_bytes,67108864
e2e,e2e/large_64MiB_4conns,1,2294.6348,to_first_report,209.434667
e2e,e2e/large_64MiB_4conns,1,2294.6348,total,2254.5976250000003
e2e,e2e/large_64MiB_4conns,1,2294.6348,unique_bytes,67108864
e2e,e2e/large_64MiB_4conns,1,2294.6348,verified,1
e2e,e2e/large_64MiB_4conns,1,2294.6348,writer_blocks,64
e2e,e2e/large_64MiB_4conns,1,2294.6348,writer_bytes,67108864
e2e,e2e/large_64MiB_4conns,2,2025.1685,avg_block_bytes,1048576
e2e,e2e/large_64MiB_4conns,2,2025.1685,body_reads,4106
e2e,e2e/large_64MiB_4conns,2,2025.1685,body_wait_ms,1925.319
e2e,e2e/large_64MiB_4conns,2,2025.1685,cache_copied_bytes,67108864
e2e,e2e/large_64MiB_4conns,2,2025.1685,cache_evicted_bytes,67108864
e2e,e2e/large_64MiB_4conns,2,2025.1685,checksum_ms,0
e2e,e2e/large_64MiB_4conns,2,2025.1685,distinct_ranges,5
e2e,e2e/large_64MiB_4conns,2,2025.1685,duplicate_bytes,0
e2e,e2e/large_64MiB_4conns,2,2025.1685,failed,0
e2e,e2e/large_64MiB_4conns,2,2025.1685,file_bytes,67108864
e2e,e2e/large_64MiB_4conns,2,2025.1685,finalize,0.03083399999991343
e2e,e2e/large_64MiB_4conns,2,2025.1685,fsync_calls,1
e2e,e2e/large_64MiB_4conns,2,2025.1685,fsync_ms,9.19
e2e,e2e/large_64MiB_4conns,2,2025.1685,prealloc_ms,4.574
e2e,e2e/large_64MiB_4conns,2,2025.1685,report_span,1782.673791
e2e,e2e/large_64MiB_4conns,2,2025.1685,requests,5
e2e,e2e/large_64MiB_4conns,2,2025.1685,response_head_ms,54.666
e2e,e2e/large_64MiB_4conns,2,2025.1685,response_heads,5
e2e,e2e/large_64MiB_4conns,2,2025.1685,running_reports,10
e2e,e2e/large_64MiB_4conns,2,2025.1685,served_bytes,67108864
e2e,e2e/large_64MiB_4conns,2,2025.1685,to_first_report,210.50470900000002
e2e,e2e/large_64MiB_4conns,2,2025.1685,total,1993.209334
e2e,e2e/large_64MiB_4conns,2,2025.1685,unique_bytes,67108864
e2e,e2e/large_64MiB_4conns,2,2025.1685,verified,1
e2e,e2e/large_64MiB_4conns,2,2025.1685,writer_blocks,64
e2e,e2e/large_64MiB_4conns,2,2025.1685,writer_bytes,67108864
e2e,e2e/large_64MiB_4conns,3,1932.6560,avg_block_bytes,1048576
e2e,e2e/large_64MiB_4conns,3,1932.6560,body_reads,4106
e2e,e2e/large_64MiB_4conns,3,1932.6560,body_wait_ms,1849.897
e2e,e2e/large_64MiB_4conns,3,1932.6560,cache_copied_bytes,67108864
e2e,e2e/large_64MiB_4conns,3,1932.6560,cache_evicted_bytes,67108864
e2e,e2e/large_64MiB_4conns,3,1932.6560,checksum_ms,0
e2e,e2e/large_64MiB_4conns,3,1932.6560,distinct_ranges,5
e2e,e2e/large_64MiB_4conns,3,1932.6560,duplicate_bytes,0
e2e,e2e/large_64MiB_4conns,3,1932.6560,failed,0
e2e,e2e/large_64MiB_4conns,3,1932.6560,file_bytes,67108864
e2e,e2e/large_64MiB_4conns,3,1932.6560,finalize,0.05654199999980847
e2e,e2e/large_64MiB_4conns,3,1932.6560,fsync_calls,1
e2e,e2e/large_64MiB_4conns,3,1932.6560,fsync_ms,6.14
e2e,e2e/large_64MiB_4conns,3,1932.6560,prealloc_ms,3.88
e2e,e2e/large_64MiB_4conns,3,1932.6560,report_span,1703.0170830000002
e2e,e2e/large_64MiB_4conns,3,1932.6560,requests,5
e2e,e2e/large_64MiB_4conns,3,1932.6560,response_head_ms,79.697
e2e,e2e/large_64MiB_4conns,3,1932.6560,response_heads,5
e2e,e2e/large_64MiB_4conns,3,1932.6560,running_reports,10
e2e,e2e/large_64MiB_4conns,3,1932.6560,served_bytes,67108864
e2e,e2e/large_64MiB_4conns,3,1932.6560,to_first_report,207.412083
e2e,e2e/large_64MiB_4conns,3,1932.6560,total,1910.485708
e2e,e2e/large_64MiB_4conns,3,1932.6560,unique_bytes,67108864
e2e,e2e/large_64MiB_4conns,3,1932.6560,verified,1
e2e,e2e/large_64MiB_4conns,3,1932.6560,writer_blocks,64
e2e,e2e/large_64MiB_4conns,3,1932.6560,writer_bytes,67108864
e2e,e2e/large_64MiB_4conns,4,1744.7539,avg_block_bytes,1048576
e2e,e2e/large_64MiB_4conns,4,1744.7539,body_reads,4107
e2e,e2e/large_64MiB_4conns,4,1744.7539,body_wait_ms,1661.224
e2e,e2e/large_64MiB_4conns,4,1744.7539,cache_copied_bytes,67108864
e2e,e2e/large_64MiB_4conns,4,1744.7539,cache_evicted_bytes,67108864
e2e,e2e/large_64MiB_4conns,4,1744.7539,checksum_ms,0
e2e,e2e/large_64MiB_4conns,4,1744.7539,distinct_ranges,5
e2e,e2e/large_64MiB_4conns,4,1744.7539,duplicate_bytes,0
e2e,e2e/large_64MiB_4conns,4,1744.7539,failed,0
e2e,e2e/large_64MiB_4conns,4,1744.7539,file_bytes,67108864
e2e,e2e/large_64MiB_4conns,4,1744.7539,finalize,0.03745800000001509
e2e,e2e/large_64MiB_4conns,4,1744.7539,fsync_calls,1
e2e,e2e/large_64MiB_4conns,4,1744.7539,fsync_ms,4.943
e2e,e2e/large_64MiB_4conns,4,1744.7539,prealloc_ms,4.379
e2e,e2e/large_64MiB_4conns,4,1744.7539,report_span,1510.8119590000001
e2e,e2e/large_64MiB_4conns,4,1744.7539,requests,5
e2e,e2e/large_64MiB_4conns,4,1744.7539,response_head_ms,80.938
e2e,e2e/large_64MiB_4conns,4,1744.7539,response_heads,5
e2e,e2e/large_64MiB_4conns,4,1744.7539,running_reports,9
e2e,e2e/large_64MiB_4conns,4,1744.7539,served_bytes,67108864
e2e,e2e/large_64MiB_4conns,4,1744.7539,to_first_report,209.608833
e2e,e2e/large_64MiB_4conns,4,1744.7539,total,1720.4582500000001
e2e,e2e/large_64MiB_4conns,4,1744.7539,unique_bytes,67108864
e2e,e2e/large_64MiB_4conns,4,1744.7539,verified,1
e2e,e2e/large_64MiB_4conns,4,1744.7539,writer_blocks,64
e2e,e2e/large_64MiB_4conns,4,1744.7539,writer_bytes,67108864
e2e,e2e/large_64MiB_4conns,5,1891.5741,avg_block_bytes,1048576
e2e,e2e/large_64MiB_4conns,5,1891.5741,body_reads,4106
e2e,e2e/large_64MiB_4conns,5,1891.5741,body_wait_ms,1806.628
e2e,e2e/large_64MiB_4conns,5,1891.5741,cache_copied_bytes,67108864
e2e,e2e/large_64MiB_4conns,5,1891.5741,cache_evicted_bytes,67108864
e2e,e2e/large_64MiB_4conns,5,1891.5741,checksum_ms,0
e2e,e2e/large_64MiB_4conns,5,1891.5741,distinct_ranges,5
e2e,e2e/large_64MiB_4conns,5,1891.5741,duplicate_bytes,0
e2e,e2e/large_64MiB_4conns,5,1891.5741,failed,0
e2e,e2e/large_64MiB_4conns,5,1891.5741,file_bytes,67108864
e2e,e2e/large_64MiB_4conns,5,1891.5741,finalize,0.020916000000170243
e2e,e2e/large_64MiB_4conns,5,1891.5741,fsync_calls,1
e2e,e2e/large_64MiB_4conns,5,1891.5741,fsync_ms,5.984
e2e,e2e/large_64MiB_4conns,5,1891.5741,prealloc_ms,4.224
e2e,e2e/large_64MiB_4conns,5,1891.5741,report_span,1641.007167
e2e,e2e/large_64MiB_4conns,5,1891.5741,requests,5
e2e,e2e/large_64MiB_4conns,5,1891.5741,response_head_ms,52.874
e2e,e2e/large_64MiB_4conns,5,1891.5741,response_heads,5
e2e,e2e/large_64MiB_4conns,5,1891.5741,running_reports,10
e2e,e2e/large_64MiB_4conns,5,1891.5741,served_bytes,67108864
e2e,e2e/large_64MiB_4conns,5,1891.5741,to_first_report,209.736375
e2e,e2e/large_64MiB_4conns,5,1891.5741,total,1850.764458
e2e,e2e/large_64MiB_4conns,5,1891.5741,unique_bytes,67108864
e2e,e2e/large_64MiB_4conns,5,1891.5741,verified,1
e2e,e2e/large_64MiB_4conns,5,1891.5741,writer_blocks,64
e2e,e2e/large_64MiB_4conns,5,1891.5741,writer_bytes,67108864
e2e,e2e/large_64MiB_4conns,6,1918.8718,avg_block_bytes,1048576
e2e,e2e/large_64MiB_4conns,6,1918.8718,body_reads,4108
e2e,e2e/large_64MiB_4conns,6,1918.8718,body_wait_ms,1824.18
e2e,e2e/large_64MiB_4conns,6,1918.8718,cache_copied_bytes,67108864
e2e,e2e/large_64MiB_4conns,6,1918.8718,cache_evicted_bytes,67108864
e2e,e2e/large_64MiB_4conns,6,1918.8718,checksum_ms,0
e2e,e2e/large_64MiB_4conns,6,1918.8718,distinct_ranges,5
e2e,e2e/large_64MiB_4conns,6,1918.8718,duplicate_bytes,0
e2e,e2e/large_64MiB_4conns,6,1918.8718,failed,0
e2e,e2e/large_64MiB_4conns,6,1918.8718,file_bytes,67108864
e2e,e2e/large_64MiB_4conns,6,1918.8718,finalize,0.04987500000038381
e2e,e2e/large_64MiB_4conns,6,1918.8718,fsync_calls,1
e2e,e2e/large_64MiB_4conns,6,1918.8718,fsync_ms,7.405
e2e,e2e/large_64MiB_4conns,6,1918.8718,prealloc_ms,3.792
e2e,e2e/large_64MiB_4conns,6,1918.8718,report_span,1662.584334
e2e,e2e/large_64MiB_4conns,6,1918.8718,requests,5
e2e,e2e/large_64MiB_4conns,6,1918.8718,response_head_ms,68.59
e2e,e2e/large_64MiB_4conns,6,1918.8718,response_heads,5
e2e,e2e/large_64MiB_4conns,6,1918.8718,running_reports,10
e2e,e2e/large_64MiB_4conns,6,1918.8718,served_bytes,67108864
e2e,e2e/large_64MiB_4conns,6,1918.8718,to_first_report,209.49920799999998
e2e,e2e/large_64MiB_4conns,6,1918.8718,total,1872.1334170000002
e2e,e2e/large_64MiB_4conns,6,1918.8718,unique_bytes,67108864
e2e,e2e/large_64MiB_4conns,6,1918.8718,verified,1
e2e,e2e/large_64MiB_4conns,6,1918.8718,writer_blocks,64
e2e,e2e/large_64MiB_4conns,6,1918.8718,writer_bytes,67108864
e2e,e2e/large_64MiB_4conns,7,912.9072,avg_block_bytes,1048576
e2e,e2e/large_64MiB_4conns,7,912.9072,body_reads,4105
e2e,e2e/large_64MiB_4conns,7,912.9072,body_wait_ms,1533.225
e2e,e2e/large_64MiB_4conns,7,912.9072,cache_copied_bytes,67108864
e2e,e2e/large_64MiB_4conns,7,912.9072,cache_evicted_bytes,67108864
e2e,e2e/large_64MiB_4conns,7,912.9072,checksum_ms,0
e2e,e2e/large_64MiB_4conns,7,912.9072,distinct_ranges,5
e2e,e2e/large_64MiB_4conns,7,912.9072,duplicate_bytes,0
e2e,e2e/large_64MiB_4conns,7,912.9072,failed,0
e2e,e2e/large_64MiB_4conns,7,912.9072,file_bytes,67108864
e2e,e2e/large_64MiB_4conns,7,912.9072,finalize,0.05058300000007421
e2e,e2e/large_64MiB_4conns,7,912.9072,fsync_calls,1
e2e,e2e/large_64MiB_4conns,7,912.9072,fsync_ms,24.517
e2e,e2e/large_64MiB_4conns,7,912.9072,prealloc_ms,3.155
e2e,e2e/large_64MiB_4conns,7,912.9072,report_span,654.892042
e2e,e2e/large_64MiB_4conns,7,912.9072,requests,5
e2e,e2e/large_64MiB_4conns,7,912.9072,response_head_ms,111.641
e2e,e2e/large_64MiB_4conns,7,912.9072,response_heads,5
e2e,e2e/large_64MiB_4conns,7,912.9072,running_reports,5
e2e,e2e/large_64MiB_4conns,7,912.9072,served_bytes,67108864
e2e,e2e/large_64MiB_4conns,7,912.9072,to_first_report,208.25850000000003
e2e,e2e/large_64MiB_4conns,7,912.9072,total,863.201125
e2e,e2e/large_64MiB_4conns,7,912.9072,unique_bytes,67108864
e2e,e2e/large_64MiB_4conns,7,912.9072,verified,1
e2e,e2e/large_64MiB_4conns,7,912.9072,writer_blocks,64
e2e,e2e/large_64MiB_4conns,7,912.9072,writer_bytes,67108864
e2e,e2e/large_64MiB_4conns,8,1885.4428,avg_block_bytes,1048576
e2e,e2e/large_64MiB_4conns,8,1885.4428,body_reads,4106
e2e,e2e/large_64MiB_4conns,8,1885.4428,body_wait_ms,1792.286
e2e,e2e/large_64MiB_4conns,8,1885.4428,cache_copied_bytes,67108864
e2e,e2e/large_64MiB_4conns,8,1885.4428,cache_evicted_bytes,67108864
e2e,e2e/large_64MiB_4conns,8,1885.4428,checksum_ms,0
e2e,e2e/large_64MiB_4conns,8,1885.4428,distinct_ranges,5
e2e,e2e/large_64MiB_4conns,8,1885.4428,duplicate_bytes,0
e2e,e2e/large_64MiB_4conns,8,1885.4428,failed,0
e2e,e2e/large_64MiB_4conns,8,1885.4428,file_bytes,67108864
e2e,e2e/large_64MiB_4conns,8,1885.4428,finalize,0.025792000000137705
e2e,e2e/large_64MiB_4conns,8,1885.4428,fsync_calls,1
e2e,e2e/large_64MiB_4conns,8,1885.4428,fsync_ms,6.96
e2e,e2e/large_64MiB_4conns,8,1885.4428,prealloc_ms,3.158
e2e,e2e/large_64MiB_4conns,8,1885.4428,report_span,1639.013833
e2e,e2e/large_64MiB_4conns,8,1885.4428,requests,5
e2e,e2e/large_64MiB_4conns,8,1885.4428,response_head_ms,81.998
e2e,e2e/large_64MiB_4conns,8,1885.4428,response_heads,5
e2e,e2e/large_64MiB_4conns,8,1885.4428,running_reports,10
e2e,e2e/large_64MiB_4conns,8,1885.4428,served_bytes,67108864
e2e,e2e/large_64MiB_4conns,8,1885.4428,to_first_report,207.596208
e2e,e2e/large_64MiB_4conns,8,1885.4428,total,1846.635833
e2e,e2e/large_64MiB_4conns,8,1885.4428,unique_bytes,67108864
e2e,e2e/large_64MiB_4conns,8,1885.4428,verified,1
e2e,e2e/large_64MiB_4conns,8,1885.4428,writer_blocks,64
e2e,e2e/large_64MiB_4conns,8,1885.4428,writer_bytes,67108864
e2e,e2e/large_64MiB_4conns,9,2013.2877,avg_block_bytes,1048576
e2e,e2e/large_64MiB_4conns,9,2013.2877,body_reads,4107
e2e,e2e/large_64MiB_4conns,9,2013.2877,body_wait_ms,1911.618
e2e,e2e/large_64MiB_4conns,9,2013.2877,cache_copied_bytes,67108864
e2e,e2e/large_64MiB_4conns,9,2013.2877,cache_evicted_bytes,67108864
e2e,e2e/large_64MiB_4conns,9,2013.2877,checksum_ms,0
e2e,e2e/large_64MiB_4conns,9,2013.2877,distinct_ranges,5
e2e,e2e/large_64MiB_4conns,9,2013.2877,duplicate_bytes,0
e2e,e2e/large_64MiB_4conns,9,2013.2877,failed,0
e2e,e2e/large_64MiB_4conns,9,2013.2877,file_bytes,67108864
e2e,e2e/large_64MiB_4conns,9,2013.2877,finalize,0.08208299999978408
e2e,e2e/large_64MiB_4conns,9,2013.2877,fsync_calls,1
e2e,e2e/large_64MiB_4conns,9,2013.2877,fsync_ms,6.277
e2e,e2e/large_64MiB_4conns,9,2013.2877,prealloc_ms,4.731
e2e,e2e/large_64MiB_4conns,9,2013.2877,report_span,1766.044417
e2e,e2e/large_64MiB_4conns,9,2013.2877,requests,5
e2e,e2e/large_64MiB_4conns,9,2013.2877,response_head_ms,57.742
e2e,e2e/large_64MiB_4conns,9,2013.2877,response_heads,5
e2e,e2e/large_64MiB_4conns,9,2013.2877,running_reports,10
e2e,e2e/large_64MiB_4conns,9,2013.2877,served_bytes,67108864
e2e,e2e/large_64MiB_4conns,9,2013.2877,to_first_report,211.666958
e2e,e2e/large_64MiB_4conns,9,2013.2877,total,1977.7934579999999
e2e,e2e/large_64MiB_4conns,9,2013.2877,unique_bytes,67108864
e2e,e2e/large_64MiB_4conns,9,2013.2877,verified,1
e2e,e2e/large_64MiB_4conns,9,2013.2877,writer_blocks,64
e2e,e2e/large_64MiB_4conns,9,2013.2877,writer_bytes,67108864
e2e,e2e/unknown_length_12MiB,0,878.2972,avg_block_bytes,13120.867570385819
e2e,e2e/unknown_length_12MiB,0,878.2972,body_reads,960
e2e,e2e/unknown_length_12MiB,0,878.2972,body_wait_ms,319.705
e2e,e2e/unknown_length_12MiB,0,878.2972,cache_copied_bytes,0
e2e,e2e/unknown_length_12MiB,0,878.2972,cache_evicted_bytes,0
e2e,e2e/unknown_length_12MiB,0,878.2972,checksum_ms,322.779
e2e,e2e/unknown_length_12MiB,0,878.2972,distinct_ranges,1
e2e,e2e/unknown_length_12MiB,0,878.2972,duplicate_bytes,0
e2e,e2e/unknown_length_12MiB,0,878.2972,failed,0
e2e,e2e/unknown_length_12MiB,0,878.2972,file_bytes,12582912
e2e,e2e/unknown_length_12MiB,0,878.2972,finalize,335.2874159999999
e2e,e2e/unknown_length_12MiB,0,878.2972,fsync_calls,2
e2e,e2e/unknown_length_12MiB,0,878.2972,fsync_ms,8.54
e2e,e2e/unknown_length_12MiB,0,878.2972,prealloc_ms,0.229
e2e,e2e/unknown_length_12MiB,0,878.2972,report_span,342.434
e2e,e2e/unknown_length_12MiB,0,878.2972,requests,1
e2e,e2e/unknown_length_12MiB,0,878.2972,response_head_ms,0.991
e2e,e2e/unknown_length_12MiB,0,878.2972,response_heads,1
e2e,e2e/unknown_length_12MiB,0,878.2972,running_reports,48
e2e,e2e/unknown_length_12MiB,0,878.2972,served_bytes,12582912
e2e,e2e/unknown_length_12MiB,0,878.2972,to_first_report,3.526042
e2e,e2e/unknown_length_12MiB,0,878.2972,total,681.2474579999999
e2e,e2e/unknown_length_12MiB,0,878.2972,unique_bytes,12582912
e2e,e2e/unknown_length_12MiB,0,878.2972,verified,1
e2e,e2e/unknown_length_12MiB,0,878.2972,writer_blocks,959
e2e,e2e/unknown_length_12MiB,0,878.2972,writer_bytes,12582912
e2e,e2e/unknown_length_12MiB,1,908.2411,avg_block_bytes,13120.867570385819
e2e,e2e/unknown_length_12MiB,1,908.2411,body_reads,960
e2e,e2e/unknown_length_12MiB,1,908.2411,body_wait_ms,353.782
e2e,e2e/unknown_length_12MiB,1,908.2411,cache_copied_bytes,0
e2e,e2e/unknown_length_12MiB,1,908.2411,cache_evicted_bytes,0
e2e,e2e/unknown_length_12MiB,1,908.2411,checksum_ms,261.658
e2e,e2e/unknown_length_12MiB,1,908.2411,distinct_ranges,1
e2e,e2e/unknown_length_12MiB,1,908.2411,duplicate_bytes,0
e2e,e2e/unknown_length_12MiB,1,908.2411,failed,0
e2e,e2e/unknown_length_12MiB,1,908.2411,file_bytes,12582912
e2e,e2e/unknown_length_12MiB,1,908.2411,finalize,271.942833
e2e,e2e/unknown_length_12MiB,1,908.2411,fsync_calls,2
e2e,e2e/unknown_length_12MiB,1,908.2411,fsync_ms,6.928
e2e,e2e/unknown_length_12MiB,1,908.2411,prealloc_ms,0.292
e2e,e2e/unknown_length_12MiB,1,908.2411,report_span,377.537708
e2e,e2e/unknown_length_12MiB,1,908.2411,requests,1
e2e,e2e/unknown_length_12MiB,1,908.2411,response_head_ms,0.977
e2e,e2e/unknown_length_12MiB,1,908.2411,response_heads,1
e2e,e2e/unknown_length_12MiB,1,908.2411,running_reports,48
e2e,e2e/unknown_length_12MiB,1,908.2411,served_bytes,12582912
e2e,e2e/unknown_length_12MiB,1,908.2411,to_first_report,3.940792
e2e,e2e/unknown_length_12MiB,1,908.2411,total,653.421333
e2e,e2e/unknown_length_12MiB,1,908.2411,unique_bytes,12582912
e2e,e2e/unknown_length_12MiB,1,908.2411,verified,1
e2e,e2e/unknown_length_12MiB,1,908.2411,writer_blocks,959
e2e,e2e/unknown_length_12MiB,1,908.2411,writer_bytes,12582912
e2e,e2e/unknown_length_12MiB,2,948.2137,avg_block_bytes,13148.288401253918
e2e,e2e/unknown_length_12MiB,2,948.2137,body_reads,958
e2e,e2e/unknown_length_12MiB,2,948.2137,body_wait_ms,391.713
e2e,e2e/unknown_length_12MiB,2,948.2137,cache_copied_bytes,0
e2e,e2e/unknown_length_12MiB,2,948.2137,cache_evicted_bytes,0
e2e,e2e/unknown_length_12MiB,2,948.2137,checksum_ms,251.814
e2e,e2e/unknown_length_12MiB,2,948.2137,distinct_ranges,1
e2e,e2e/unknown_length_12MiB,2,948.2137,duplicate_bytes,0
e2e,e2e/unknown_length_12MiB,2,948.2137,failed,0
e2e,e2e/unknown_length_12MiB,2,948.2137,file_bytes,12582912
e2e,e2e/unknown_length_12MiB,2,948.2137,finalize,260.54537500000004
e2e,e2e/unknown_length_12MiB,2,948.2137,fsync_calls,2
e2e,e2e/unknown_length_12MiB,2,948.2137,fsync_ms,6.415
e2e,e2e/unknown_length_12MiB,2,948.2137,prealloc_ms,0.492
e2e,e2e/unknown_length_12MiB,2,948.2137,report_span,413.11474999999996
e2e,e2e/unknown_length_12MiB,2,948.2137,requests,1
e2e,e2e/unknown_length_12MiB,2,948.2137,response_head_ms,1.486
e2e,e2e/unknown_length_12MiB,2,948.2137,response_heads,1
e2e,e2e/unknown_length_12MiB,2,948.2137,running_reports,48
e2e,e2e/unknown_length_12MiB,2,948.2137,served_bytes,12582912
e2e,e2e/unknown_length_12MiB,2,948.2137,to_first_report,5.063708
e2e,e2e/unknown_length_12MiB,2,948.2137,total,678.723833
e2e,e2e/unknown_length_12MiB,2,948.2137,unique_bytes,12582912
e2e,e2e/unknown_length_12MiB,2,948.2137,verified,1
e2e,e2e/unknown_length_12MiB,2,948.2137,writer_blocks,957
e2e,e2e/unknown_length_12MiB,2,948.2137,writer_bytes,12582912
e2e,e2e/unknown_length_12MiB,3,1063.3188,avg_block_bytes,13162.041841004184
e2e,e2e/unknown_length_12MiB,3,1063.3188,body_reads,957
e2e,e2e/unknown_length_12MiB,3,1063.3188,body_wait_ms,475.23
e2e,e2e/unknown_length_12MiB,3,1063.3188,cache_copied_bytes,0
e2e,e2e/unknown_length_12MiB,3,1063.3188,cache_evicted_bytes,0
e2e,e2e/unknown_length_12MiB,3,1063.3188,checksum_ms,295.936
e2e,e2e/unknown_length_12MiB,3,1063.3188,distinct_ranges,1
e2e,e2e/unknown_length_12MiB,3,1063.3188,duplicate_bytes,0
e2e,e2e/unknown_length_12MiB,3,1063.3188,failed,0
e2e,e2e/unknown_length_12MiB,3,1063.3188,file_bytes,12582912
e2e,e2e/unknown_length_12MiB,3,1063.3188,finalize,307.7872499999999
e2e,e2e/unknown_length_12MiB,3,1063.3188,fsync_calls,2
e2e,e2e/unknown_length_12MiB,3,1063.3188,fsync_ms,5.166
e2e,e2e/unknown_length_12MiB,3,1063.3188,prealloc_ms,0.204
e2e,e2e/unknown_length_12MiB,3,1063.3188,report_span,490.997083
e2e,e2e/unknown_length_12MiB,3,1063.3188,requests,1
e2e,e2e/unknown_length_12MiB,3,1063.3188,response_head_ms,0.918
e2e,e2e/unknown_length_12MiB,3,1063.3188,response_heads,1
e2e,e2e/unknown_length_12MiB,3,1063.3188,running_reports,49
e2e,e2e/unknown_length_12MiB,3,1063.3188,served_bytes,12582912
e2e,e2e/unknown_length_12MiB,3,1063.3188,to_first_report,4.161125
e2e,e2e/unknown_length_12MiB,3,1063.3188,total,802.9454579999999
e2e,e2e/unknown_length_12MiB,3,1063.3188,unique_bytes,12582912
e2e,e2e/unknown_length_12MiB,3,1063.3188,verified,1
e2e,e2e/unknown_length_12MiB,3,1063.3188,writer_blocks,956
e2e,e2e/unknown_length_12MiB,3,1063.3188,writer_bytes,12582912
e2e,e2e/unknown_length_12MiB,4,1250.2100,avg_block_bytes,13134.563674321504
e2e,e2e/unknown_length_12MiB,4,1250.2100,body_reads,959
e2e,e2e/unknown_length_12MiB,4,1250.2100,body_wait_ms,665.707
e2e,e2e/unknown_length_12MiB,4,1250.2100,cache_copied_bytes,0
e2e,e2e/unknown_length_12MiB,4,1250.2100,cache_evicted_bytes,0
e2e,e2e/unknown_length_12MiB,4,1250.2100,checksum_ms,268.301
e2e,e2e/unknown_length_12MiB,4,1250.2100,distinct_ranges,1
e2e,e2e/unknown_length_12MiB,4,1250.2100,duplicate_bytes,0
e2e,e2e/unknown_length_12MiB,4,1250.2100,failed,0
e2e,e2e/unknown_length_12MiB,4,1250.2100,file_bytes,12582912
e2e,e2e/unknown_length_12MiB,4,1250.2100,finalize,283.72454199999993
e2e,e2e/unknown_length_12MiB,4,1250.2100,fsync_calls,2
e2e,e2e/unknown_length_12MiB,4,1250.2100,fsync_ms,12.668
e2e,e2e/unknown_length_12MiB,4,1250.2100,prealloc_ms,0.216
e2e,e2e/unknown_length_12MiB,4,1250.2100,report_span,688.542
e2e,e2e/unknown_length_12MiB,4,1250.2100,requests,1
e2e,e2e/unknown_length_12MiB,4,1250.2100,response_head_ms,1.119
e2e,e2e/unknown_length_12MiB,4,1250.2100,response_heads,1
e2e,e2e/unknown_length_12MiB,4,1250.2100,running_reports,47
e2e,e2e/unknown_length_12MiB,4,1250.2100,served_bytes,12582912
e2e,e2e/unknown_length_12MiB,4,1250.2100,to_first_report,2.801416
e2e,e2e/unknown_length_12MiB,4,1250.2100,total,975.067958
e2e,e2e/unknown_length_12MiB,4,1250.2100,unique_bytes,12582912
e2e,e2e/unknown_length_12MiB,4,1250.2100,verified,1
e2e,e2e/unknown_length_12MiB,4,1250.2100,writer_blocks,958
e2e,e2e/unknown_length_12MiB,4,1250.2100,writer_bytes,12582912
e2e,e2e/unknown_length_12MiB,5,915.6413,avg_block_bytes,13175.824083769634
e2e,e2e/unknown_length_12MiB,5,915.6413,body_reads,956
e2e,e2e/unknown_length_12MiB,5,915.6413,body_wait_ms,363.696
e2e,e2e/unknown_length_12MiB,5,915.6413,cache_copied_bytes,0
e2e,e2e/unknown_length_12MiB,5,915.6413,cache_evicted_bytes,0
e2e,e2e/unknown_length_12MiB,5,915.6413,checksum_ms,238.86
e2e,e2e/unknown_length_12MiB,5,915.6413,distinct_ranges,1
e2e,e2e/unknown_length_12MiB,5,915.6413,duplicate_bytes,0
e2e,e2e/unknown_length_12MiB,5,915.6413,failed,0
e2e,e2e/unknown_length_12MiB,5,915.6413,file_bytes,12582912
e2e,e2e/unknown_length_12MiB,5,915.6413,finalize,247.16620799999998
e2e,e2e/unknown_length_12MiB,5,915.6413,fsync_calls,2
e2e,e2e/unknown_length_12MiB,5,915.6413,fsync_ms,5.149
e2e,e2e/unknown_length_12MiB,5,915.6413,prealloc_ms,0.223
e2e,e2e/unknown_length_12MiB,5,915.6413,report_span,384.4075
e2e,e2e/unknown_length_12MiB,5,915.6413,requests,1
e2e,e2e/unknown_length_12MiB,5,915.6413,response_head_ms,1.111
e2e,e2e/unknown_length_12MiB,5,915.6413,response_heads,1
e2e,e2e/unknown_length_12MiB,5,915.6413,running_reports,48
e2e,e2e/unknown_length_12MiB,5,915.6413,served_bytes,12582912
e2e,e2e/unknown_length_12MiB,5,915.6413,to_first_report,4.084209
e2e,e2e/unknown_length_12MiB,5,915.6413,total,635.657917
e2e,e2e/unknown_length_12MiB,5,915.6413,unique_bytes,12582912
e2e,e2e/unknown_length_12MiB,5,915.6413,verified,1
e2e,e2e/unknown_length_12MiB,5,915.6413,writer_blocks,955
e2e,e2e/unknown_length_12MiB,5,915.6413,writer_bytes,12582912
e2e,e2e/unknown_length_12MiB,6,769.3000,avg_block_bytes,13175.824083769634
e2e,e2e/unknown_length_12MiB,6,769.3000,body_reads,956
e2e,e2e/unknown_length_12MiB,6,769.3000,body_wait_ms,359.744
e2e,e2e/unknown_length_12MiB,6,769.3000,cache_copied_bytes,0
e2e,e2e/unknown_length_12MiB,6,769.3000,cache_evicted_bytes,0
e2e,e2e/unknown_length_12MiB,6,769.3000,checksum_ms,184.492
e2e,e2e/unknown_length_12MiB,6,769.3000,distinct_ranges,1
e2e,e2e/unknown_length_12MiB,6,769.3000,duplicate_bytes,0
e2e,e2e/unknown_length_12MiB,6,769.3000,failed,0
e2e,e2e/unknown_length_12MiB,6,769.3000,file_bytes,12582912
e2e,e2e/unknown_length_12MiB,6,769.3000,finalize,190.90745800000002
e2e,e2e/unknown_length_12MiB,6,769.3000,fsync_calls,2
e2e,e2e/unknown_length_12MiB,6,769.3000,fsync_ms,5.422
e2e,e2e/unknown_length_12MiB,6,769.3000,prealloc_ms,0.19
e2e,e2e/unknown_length_12MiB,6,769.3000,report_span,383.431292
e2e,e2e/unknown_length_12MiB,6,769.3000,requests,1
e2e,e2e/unknown_length_12MiB,6,769.3000,response_head_ms,0.976
e2e,e2e/unknown_length_12MiB,6,769.3000,response_heads,1
e2e,e2e/unknown_length_12MiB,6,769.3000,running_reports,48
e2e,e2e/unknown_length_12MiB,6,769.3000,served_bytes,12582912
e2e,e2e/unknown_length_12MiB,6,769.3000,to_first_report,1.879542
e2e,e2e/unknown_length_12MiB,6,769.3000,total,576.218292
e2e,e2e/unknown_length_12MiB,6,769.3000,unique_bytes,12582912
e2e,e2e/unknown_length_12MiB,6,769.3000,verified,1
e2e,e2e/unknown_length_12MiB,6,769.3000,writer_blocks,955
e2e,e2e/unknown_length_12MiB,6,769.3000,writer_bytes,12582912
e2e,e2e/unknown_length_12MiB,7,736.4276,avg_block_bytes,13120.867570385819
e2e,e2e/unknown_length_12MiB,7,736.4276,body_reads,960
e2e,e2e/unknown_length_12MiB,7,736.4276,body_wait_ms,311.217
e2e,e2e/unknown_length_12MiB,7,736.4276,cache_copied_bytes,0
e2e,e2e/unknown_length_12MiB,7,736.4276,cache_evicted_bytes,0
e2e,e2e/unknown_length_12MiB,7,736.4276,checksum_ms,228.622
e2e,e2e/unknown_length_12MiB,7,736.4276,distinct_ranges,1
e2e,e2e/unknown_length_12MiB,7,736.4276,duplicate_bytes,0
e2e,e2e/unknown_length_12MiB,7,736.4276,failed,0
e2e,e2e/unknown_length_12MiB,7,736.4276,file_bytes,12582912
e2e,e2e/unknown_length_12MiB,7,736.4276,finalize,240.044917
e2e,e2e/unknown_length_12MiB,7,736.4276,fsync_calls,2
e2e,e2e/unknown_length_12MiB,7,736.4276,fsync_ms,7.897
e2e,e2e/unknown_length_12MiB,7,736.4276,prealloc_ms,0.224
e2e,e2e/unknown_length_12MiB,7,736.4276,report_span,332.1675
e2e,e2e/unknown_length_12MiB,7,736.4276,requests,1
e2e,e2e/unknown_length_12MiB,7,736.4276,response_head_ms,0.78
e2e,e2e/unknown_length_12MiB,7,736.4276,response_heads,1
e2e,e2e/unknown_length_12MiB,7,736.4276,running_reports,49
e2e,e2e/unknown_length_12MiB,7,736.4276,served_bytes,12582912
e2e,e2e/unknown_length_12MiB,7,736.4276,to_first_report,2.89425
e2e,e2e/unknown_length_12MiB,7,736.4276,total,575.106667
e2e,e2e/unknown_length_12MiB,7,736.4276,unique_bytes,12582912
e2e,e2e/unknown_length_12MiB,7,736.4276,verified,1
e2e,e2e/unknown_length_12MiB,7,736.4276,writer_blocks,959
e2e,e2e/unknown_length_12MiB,7,736.4276,writer_bytes,12582912
e2e,e2e/unknown_length_12MiB,8,1068.7874,avg_block_bytes,13175.824083769634
e2e,e2e/unknown_length_12MiB,8,1068.7874,body_reads,956
e2e,e2e/unknown_length_12MiB,8,1068.7874,body_wait_ms,476.164
e2e,e2e/unknown_length_12MiB,8,1068.7874,cache_copied_bytes,0
e2e,e2e/unknown_length_12MiB,8,1068.7874,cache_evicted_bytes,0
e2e,e2e/unknown_length_12MiB,8,1068.7874,checksum_ms,247.625
e2e,e2e/unknown_length_12MiB,8,1068.7874,distinct_ranges,1
e2e,e2e/unknown_length_12MiB,8,1068.7874,duplicate_bytes,0
e2e,e2e/unknown_length_12MiB,8,1068.7874,failed,0
e2e,e2e/unknown_length_12MiB,8,1068.7874,file_bytes,12582912
e2e,e2e/unknown_length_12MiB,8,1068.7874,finalize,254.52195900000004
e2e,e2e/unknown_length_12MiB,8,1068.7874,fsync_calls,2
e2e,e2e/unknown_length_12MiB,8,1068.7874,fsync_ms,5.405
e2e,e2e/unknown_length_12MiB,8,1068.7874,prealloc_ms,0.251
e2e,e2e/unknown_length_12MiB,8,1068.7874,report_span,604.427416
e2e,e2e/unknown_length_12MiB,8,1068.7874,requests,1
e2e,e2e/unknown_length_12MiB,8,1068.7874,response_head_ms,1.13
e2e,e2e/unknown_length_12MiB,8,1068.7874,response_heads,1
e2e,e2e/unknown_length_12MiB,8,1068.7874,running_reports,48
e2e,e2e/unknown_length_12MiB,8,1068.7874,served_bytes,12582912
e2e,e2e/unknown_length_12MiB,8,1068.7874,to_first_report,4.071917
e2e,e2e/unknown_length_12MiB,8,1068.7874,total,863.021292
e2e,e2e/unknown_length_12MiB,8,1068.7874,unique_bytes,12582912
e2e,e2e/unknown_length_12MiB,8,1068.7874,verified,1
e2e,e2e/unknown_length_12MiB,8,1068.7874,writer_blocks,955
e2e,e2e/unknown_length_12MiB,8,1068.7874,writer_bytes,12582912
e2e,e2e/unknown_length_12MiB,9,916.7926,avg_block_bytes,13162.041841004184
e2e,e2e/unknown_length_12MiB,9,916.7926,body_reads,957
e2e,e2e/unknown_length_12MiB,9,916.7926,body_wait_ms,372.768
e2e,e2e/unknown_length_12MiB,9,916.7926,cache_copied_bytes,0
e2e,e2e/unknown_length_12MiB,9,916.7926,cache_evicted_bytes,0
e2e,e2e/unknown_length_12MiB,9,916.7926,checksum_ms,257.764
e2e,e2e/unknown_length_12MiB,9,916.7926,distinct_ranges,1
e2e,e2e/unknown_length_12MiB,9,916.7926,duplicate_bytes,0
e2e,e2e/unknown_length_12MiB,9,916.7926,failed,0
e2e,e2e/unknown_length_12MiB,9,916.7926,file_bytes,12582912
e2e,e2e/unknown_length_12MiB,9,916.7926,finalize,269.68641600000007
e2e,e2e/unknown_length_12MiB,9,916.7926,fsync_calls,2
e2e,e2e/unknown_length_12MiB,9,916.7926,fsync_ms,5.939
e2e,e2e/unknown_length_12MiB,9,916.7926,prealloc_ms,0.242
e2e,e2e/unknown_length_12MiB,9,916.7926,report_span,401.193625
e2e,e2e/unknown_length_12MiB,9,916.7926,requests,1
e2e,e2e/unknown_length_12MiB,9,916.7926,response_head_ms,1.13
e2e,e2e/unknown_length_12MiB,9,916.7926,response_heads,1
e2e,e2e/unknown_length_12MiB,9,916.7926,running_reports,48
e2e,e2e/unknown_length_12MiB,9,916.7926,served_bytes,12582912
e2e,e2e/unknown_length_12MiB,9,916.7926,to_first_report,3.9311249999999998
e2e,e2e/unknown_length_12MiB,9,916.7926,total,674.8111660000001
e2e,e2e/unknown_length_12MiB,9,916.7926,unique_bytes,12582912
e2e,e2e/unknown_length_12MiB,9,916.7926,verified,1
e2e,e2e/unknown_length_12MiB,9,916.7926,writer_blocks,956
e2e,e2e/unknown_length_12MiB,9,916.7926,writer_bytes,12582912
e2e,e2e/delayed_response_300ms,0,1180.6529,avg_block_bytes,1048576
e2e,e2e/delayed_response_300ms,0,1180.6529,body_reads,775
e2e,e2e/delayed_response_300ms,0,1180.6529,body_wait_ms,330.661
e2e,e2e/delayed_response_300ms,0,1180.6529,cache_copied_bytes,12582912
e2e,e2e/delayed_response_300ms,0,1180.6529,cache_evicted_bytes,12582912
e2e,e2e/delayed_response_300ms,0,1180.6529,checksum_ms,229.427
e2e,e2e/delayed_response_300ms,0,1180.6529,distinct_ranges,4
e2e,e2e/delayed_response_300ms,0,1180.6529,duplicate_bytes,0
e2e,e2e/delayed_response_300ms,0,1180.6529,failed,0
e2e,e2e/delayed_response_300ms,0,1180.6529,file_bytes,12582912
e2e,e2e/delayed_response_300ms,0,1180.6529,finalize,229.473792
e2e,e2e/delayed_response_300ms,0,1180.6529,fsync_calls,1
e2e,e2e/delayed_response_300ms,0,1180.6529,fsync_ms,7.489
e2e,e2e/delayed_response_300ms,0,1180.6529,prealloc_ms,5.984
e2e,e2e/delayed_response_300ms,0,1180.6529,report_span,246.0374579999999
e2e,e2e/delayed_response_300ms,0,1180.6529,requests,4
e2e,e2e/delayed_response_300ms,0,1180.6529,response_head_ms,1266.309
e2e,e2e/delayed_response_300ms,0,1180.6529,response_heads,4
e2e,e2e/delayed_response_300ms,0,1180.6529,running_reports,3
e2e,e2e/delayed_response_300ms,0,1180.6529,served_bytes,12582912
e2e,e2e/delayed_response_300ms,0,1180.6529,to_first_report,514.2916250000001
e2e,e2e/delayed_response_300ms,0,1180.6529,total,989.802875
e2e,e2e/delayed_response_300ms,0,1180.6529,unique_bytes,12582912
e2e,e2e/delayed_response_300ms,0,1180.6529,verified,1
e2e,e2e/delayed_response_300ms,0,1180.6529,writer_blocks,12
e2e,e2e/delayed_response_300ms,0,1180.6529,writer_bytes,12582912
e2e,e2e/delayed_response_300ms,1,1263.3121,avg_block_bytes,1048576
e2e,e2e/delayed_response_300ms,1,1263.3121,body_reads,775
e2e,e2e/delayed_response_300ms,1,1263.3121,body_wait_ms,223.161
e2e,e2e/delayed_response_300ms,1,1263.3121,cache_copied_bytes,12582912
e2e,e2e/delayed_response_300ms,1,1263.3121,cache_evicted_bytes,12582912
e2e,e2e/delayed_response_300ms,1,1263.3121,checksum_ms,190.433
e2e,e2e/delayed_response_300ms,1,1263.3121,distinct_ranges,5
e2e,e2e/delayed_response_300ms,1,1263.3121,duplicate_bytes,0
e2e,e2e/delayed_response_300ms,1,1263.3121,failed,0
e2e,e2e/delayed_response_300ms,1,1263.3121,file_bytes,12582912
e2e,e2e/delayed_response_300ms,1,1263.3121,finalize,190.51308299999994
e2e,e2e/delayed_response_300ms,1,1263.3121,fsync_calls,1
e2e,e2e/delayed_response_300ms,1,1263.3121,fsync_ms,6.959
e2e,e2e/delayed_response_300ms,1,1263.3121,prealloc_ms,4.483
e2e,e2e/delayed_response_300ms,1,1263.3121,report_span,367.17529199999996
e2e,e2e/delayed_response_300ms,1,1263.3121,requests,5
e2e,e2e/delayed_response_300ms,1,1263.3121,response_head_ms,1621.52
e2e,e2e/delayed_response_300ms,1,1263.3121,response_heads,5
e2e,e2e/delayed_response_300ms,1,1263.3121,running_reports,3
e2e,e2e/delayed_response_300ms,1,1263.3121,served_bytes,12582912
e2e,e2e/delayed_response_300ms,1,1263.3121,to_first_report,511.47641600000003
e2e,e2e/delayed_response_300ms,1,1263.3121,total,1069.164791
e2e,e2e/delayed_response_300ms,1,1263.3121,unique_bytes,12582912
e2e,e2e/delayed_response_300ms,1,1263.3121,verified,1
e2e,e2e/delayed_response_300ms,1,1263.3121,writer_blocks,12
e2e,e2e/delayed_response_300ms,1,1263.3121,writer_bytes,12582912
e2e,e2e/delayed_response_300ms,2,1391.4644,avg_block_bytes,1048576
e2e,e2e/delayed_response_300ms,2,1391.4644,body_reads,774
e2e,e2e/delayed_response_300ms,2,1391.4644,body_wait_ms,330.257
e2e,e2e/delayed_response_300ms,2,1391.4644,cache_copied_bytes,12582912
e2e,e2e/delayed_response_300ms,2,1391.4644,cache_evicted_bytes,12582912
e2e,e2e/delayed_response_300ms,2,1391.4644,checksum_ms,233.319
e2e,e2e/delayed_response_300ms,2,1391.4644,distinct_ranges,5
e2e,e2e/delayed_response_300ms,2,1391.4644,duplicate_bytes,0
e2e,e2e/delayed_response_300ms,2,1391.4644,failed,0
e2e,e2e/delayed_response_300ms,2,1391.4644,file_bytes,12582912
e2e,e2e/delayed_response_300ms,2,1391.4644,finalize,233.42487500000004
e2e,e2e/delayed_response_300ms,2,1391.4644,fsync_calls,1
e2e,e2e/delayed_response_300ms,2,1391.4644,fsync_ms,5.129
e2e,e2e/delayed_response_300ms,2,1391.4644,prealloc_ms,4.7
e2e,e2e/delayed_response_300ms,2,1391.4644,report_span,455.749917
e2e,e2e/delayed_response_300ms,2,1391.4644,requests,5
e2e,e2e/delayed_response_300ms,2,1391.4644,response_head_ms,1604.472
e2e,e2e/delayed_response_300ms,2,1391.4644,response_heads,5
e2e,e2e/delayed_response_300ms,2,1391.4644,running_reports,4
e2e,e2e/delayed_response_300ms,2,1391.4644,served_bytes,12582912
e2e,e2e/delayed_response_300ms,2,1391.4644,to_first_report,511.560708
e2e,e2e/delayed_response_300ms,2,1391.4644,total,1200.7355
e2e,e2e/delayed_response_300ms,2,1391.4644,unique_bytes,12582912
e2e,e2e/delayed_response_300ms,2,1391.4644,verified,1
e2e,e2e/delayed_response_300ms,2,1391.4644,writer_blocks,12
e2e,e2e/delayed_response_300ms,2,1391.4644,writer_bytes,12582912
e2e,e2e/delayed_response_300ms,3,1299.8074,avg_block_bytes,1048576
e2e,e2e/delayed_response_300ms,3,1299.8074,body_reads,777
e2e,e2e/delayed_response_300ms,3,1299.8074,body_wait_ms,255.303
e2e,e2e/delayed_response_300ms,3,1299.8074,cache_copied_bytes,12582912
e2e,e2e/delayed_response_300ms,3,1299.8074,cache_evicted_bytes,12582912
e2e,e2e/delayed_response_300ms,3,1299.8074,checksum_ms,206.299
e2e,e2e/delayed_response_300ms,3,1299.8074,distinct_ranges,5
e2e,e2e/delayed_response_300ms,3,1299.8074,duplicate_bytes,0
e2e,e2e/delayed_response_300ms,3,1299.8074,failed,0
e2e,e2e/delayed_response_300ms,3,1299.8074,file_bytes,12582912
e2e,e2e/delayed_response_300ms,3,1299.8074,finalize,206.36850000000004
e2e,e2e/delayed_response_300ms,3,1299.8074,fsync_calls,1
e2e,e2e/delayed_response_300ms,3,1299.8074,fsync_ms,4.474
e2e,e2e/delayed_response_300ms,3,1299.8074,prealloc_ms,4.258
e2e,e2e/delayed_response_300ms,3,1299.8074,report_span,386.716
e2e,e2e/delayed_response_300ms,3,1299.8074,requests,5
e2e,e2e/delayed_response_300ms,3,1299.8074,response_head_ms,1611.96
e2e,e2e/delayed_response_300ms,3,1299.8074,response_heads,5
e2e,e2e/delayed_response_300ms,3,1299.8074,running_reports,3
e2e,e2e/delayed_response_300ms,3,1299.8074,served_bytes,12582912
e2e,e2e/delayed_response_300ms,3,1299.8074,to_first_report,511.030625
e2e,e2e/delayed_response_300ms,3,1299.8074,total,1104.115125
e2e,e2e/delayed_response_300ms,3,1299.8074,unique_bytes,12582912
e2e,e2e/delayed_response_300ms,3,1299.8074,verified,1
e2e,e2e/delayed_response_300ms,3,1299.8074,writer_blocks,12
e2e,e2e/delayed_response_300ms,3,1299.8074,writer_bytes,12582912
e2e,e2e/delayed_response_300ms,4,1430.0280,avg_block_bytes,1048576
e2e,e2e/delayed_response_300ms,4,1430.0280,body_reads,776
e2e,e2e/delayed_response_300ms,4,1430.0280,body_wait_ms,334.04
e2e,e2e/delayed_response_300ms,4,1430.0280,cache_copied_bytes,12582912
e2e,e2e/delayed_response_300ms,4,1430.0280,cache_evicted_bytes,12582912
e2e,e2e/delayed_response_300ms,4,1430.0280,checksum_ms,257.941
e2e,e2e/delayed_response_300ms,4,1430.0280,distinct_ranges,5
e2e,e2e/delayed_response_300ms,4,1430.0280,duplicate_bytes,0
e2e,e2e/delayed_response_300ms,4,1430.0280,failed,0
e2e,e2e/delayed_response_300ms,4,1430.0280,file_bytes,12582912
e2e,e2e/delayed_response_300ms,4,1430.0280,finalize,258.016791
e2e,e2e/delayed_response_300ms,4,1430.0280,fsync_calls,1
e2e,e2e/delayed_response_300ms,4,1430.0280,fsync_ms,5.25
e2e,e2e/delayed_response_300ms,4,1430.0280,prealloc_ms,4.702
e2e,e2e/delayed_response_300ms,4,1430.0280,report_span,467.52541699999995
e2e,e2e/delayed_response_300ms,4,1430.0280,requests,5
e2e,e2e/delayed_response_300ms,4,1430.0280,response_head_ms,1609.004
e2e,e2e/delayed_response_300ms,4,1430.0280,response_heads,5
e2e,e2e/delayed_response_300ms,4,1430.0280,running_reports,4
e2e,e2e/delayed_response_300ms,4,1430.0280,served_bytes,12582912
e2e,e2e/delayed_response_300ms,4,1430.0280,to_first_report,513.210958
e2e,e2e/delayed_response_300ms,4,1430.0280,total,1238.753166
e2e,e2e/delayed_response_300ms,4,1430.0280,unique_bytes,12582912
e2e,e2e/delayed_response_300ms,4,1430.0280,verified,1
e2e,e2e/delayed_response_300ms,4,1430.0280,writer_blocks,12
e2e,e2e/delayed_response_300ms,4,1430.0280,writer_bytes,12582912
e2e,e2e/delayed_response_300ms,5,1346.6512,avg_block_bytes,1048576
e2e,e2e/delayed_response_300ms,5,1346.6512,body_reads,776
e2e,e2e/delayed_response_300ms,5,1346.6512,body_wait_ms,268.606
e2e,e2e/delayed_response_300ms,5,1346.6512,cache_copied_bytes,12582912
e2e,e2e/delayed_response_300ms,5,1346.6512,cache_evicted_bytes,12582912
e2e,e2e/delayed_response_300ms,5,1346.6512,checksum_ms,232.893
e2e,e2e/delayed_response_300ms,5,1346.6512,distinct_ranges,5
e2e,e2e/delayed_response_300ms,5,1346.6512,duplicate_bytes,0
e2e,e2e/delayed_response_300ms,5,1346.6512,failed,0
e2e,e2e/delayed_response_300ms,5,1346.6512,file_bytes,12582912
e2e,e2e/delayed_response_300ms,5,1346.6512,finalize,232.97845799999993
e2e,e2e/delayed_response_300ms,5,1346.6512,fsync_calls,1
e2e,e2e/delayed_response_300ms,5,1346.6512,fsync_ms,6.082
e2e,e2e/delayed_response_300ms,5,1346.6512,prealloc_ms,4.125
e2e,e2e/delayed_response_300ms,5,1346.6512,report_span,405.82904199999996
e2e,e2e/delayed_response_300ms,5,1346.6512,requests,5
e2e,e2e/delayed_response_300ms,5,1346.6512,response_head_ms,1611.728
e2e,e2e/delayed_response_300ms,5,1346.6512,response_heads,5
e2e,e2e/delayed_response_300ms,5,1346.6512,running_reports,4
e2e,e2e/delayed_response_300ms,5,1346.6512,served_bytes,12582912
e2e,e2e/delayed_response_300ms,5,1346.6512,to_first_report,512.465625
e2e,e2e/delayed_response_300ms,5,1346.6512,total,1151.273125
e2e,e2e/delayed_response_300ms,5,1346.6512,unique_bytes,12582912
e2e,e2e/delayed_response_300ms,5,1346.6512,verified,1
e2e,e2e/delayed_response_300ms,5,1346.6512,writer_blocks,12
e2e,e2e/delayed_response_300ms,5,1346.6512,writer_bytes,12582912
e2e,e2e/delayed_response_300ms,6,1286.1008,avg_block_bytes,1048576
e2e,e2e/delayed_response_300ms,6,1286.1008,body_reads,775
e2e,e2e/delayed_response_300ms,6,1286.1008,body_wait_ms,236.945
e2e,e2e/delayed_response_300ms,6,1286.1008,cache_copied_bytes,12582912
e2e,e2e/delayed_response_300ms,6,1286.1008,cache_evicted_bytes,12582912
e2e,e2e/delayed_response_300ms,6,1286.1008,checksum_ms,209.744
e2e,e2e/delayed_response_300ms,6,1286.1008,distinct_ranges,5
e2e,e2e/delayed_response_300ms,6,1286.1008,duplicate_bytes,0
e2e,e2e/delayed_response_300ms,6,1286.1008,failed,0
e2e,e2e/delayed_response_300ms,6,1286.1008,file_bytes,12582912
e2e,e2e/delayed_response_300ms,6,1286.1008,finalize,209.78575000000023
e2e,e2e/delayed_response_300ms,6,1286.1008,fsync_calls,1
e2e,e2e/delayed_response_300ms,6,1286.1008,fsync_ms,5.733
e2e,e2e/delayed_response_300ms,6,1286.1008,prealloc_ms,3.716
e2e,e2e/delayed_response_300ms,6,1286.1008,report_span,369.197792
e2e,e2e/delayed_response_300ms,6,1286.1008,requests,5
e2e,e2e/delayed_response_300ms,6,1286.1008,response_head_ms,1628.392
e2e,e2e/delayed_response_300ms,6,1286.1008,response_heads,5
e2e,e2e/delayed_response_300ms,6,1286.1008,running_reports,3
e2e,e2e/delayed_response_300ms,6,1286.1008,served_bytes,12582912
e2e,e2e/delayed_response_300ms,6,1286.1008,to_first_report,510.412542
e2e,e2e/delayed_response_300ms,6,1286.1008,total,1089.3960840000002
e2e,e2e/delayed_response_300ms,6,1286.1008,unique_bytes,12582912
e2e,e2e/delayed_response_300ms,6,1286.1008,verified,1
e2e,e2e/delayed_response_300ms,6,1286.1008,writer_blocks,12
e2e,e2e/delayed_response_300ms,6,1286.1008,writer_bytes,12582912
e2e,e2e/delayed_response_300ms,7,1370.9397,avg_block_bytes,1048576
e2e,e2e/delayed_response_300ms,7,1370.9397,body_reads,776
e2e,e2e/delayed_response_300ms,7,1370.9397,body_wait_ms,298.662
e2e,e2e/delayed_response_300ms,7,1370.9397,cache_copied_bytes,12582912
e2e,e2e/delayed_response_300ms,7,1370.9397,cache_evicted_bytes,12582912
e2e,e2e/delayed_response_300ms,7,1370.9397,checksum_ms,243.715
e2e,e2e/delayed_response_300ms,7,1370.9397,distinct_ranges,5
e2e,e2e/delayed_response_300ms,7,1370.9397,duplicate_bytes,0
e2e,e2e/delayed_response_300ms,7,1370.9397,failed,0
e2e,e2e/delayed_response_300ms,7,1370.9397,file_bytes,12582912
e2e,e2e/delayed_response_300ms,7,1370.9397,finalize,243.83737499999995
e2e,e2e/delayed_response_300ms,7,1370.9397,fsync_calls,1
e2e,e2e/delayed_response_300ms,7,1370.9397,fsync_ms,6.252
e2e,e2e/delayed_response_300ms,7,1370.9397,prealloc_ms,5.885
e2e,e2e/delayed_response_300ms,7,1370.9397,report_span,439.279
e2e,e2e/delayed_response_300ms,7,1370.9397,requests,5
e2e,e2e/delayed_response_300ms,7,1370.9397,response_head_ms,1616.88
e2e,e2e/delayed_response_300ms,7,1370.9397,response_heads,5
e2e,e2e/delayed_response_300ms,7,1370.9397,running_reports,4
e2e,e2e/delayed_response_300ms,7,1370.9397,served_bytes,12582912
e2e,e2e/delayed_response_300ms,7,1370.9397,to_first_report,514.497542
e2e,e2e/delayed_response_300ms,7,1370.9397,total,1197.613917
e2e,e2e/delayed_response_300ms,7,1370.9397,unique_bytes,12582912
e2e,e2e/delayed_response_300ms,7,1370.9397,verified,1
e2e,e2e/delayed_response_300ms,7,1370.9397,writer_blocks,12
e2e,e2e/delayed_response_300ms,7,1370.9397,writer_bytes,12582912
e2e,e2e/delayed_response_300ms,8,1354.8861,avg_block_bytes,1048576
e2e,e2e/delayed_response_300ms,8,1354.8861,body_reads,775
e2e,e2e/delayed_response_300ms,8,1354.8861,body_wait_ms,273.584
e2e,e2e/delayed_response_300ms,8,1354.8861,cache_copied_bytes,12582912
e2e,e2e/delayed_response_300ms,8,1354.8861,cache_evicted_bytes,12582912
e2e,e2e/delayed_response_300ms,8,1354.8861,checksum_ms,203.97
e2e,e2e/delayed_response_300ms,8,1354.8861,distinct_ranges,5
e2e,e2e/delayed_response_300ms,8,1354.8861,duplicate_bytes,0
e2e,e2e/delayed_response_300ms,8,1354.8861,failed,0
e2e,e2e/delayed_response_300ms,8,1354.8861,file_bytes,12582912
e2e,e2e/delayed_response_300ms,8,1354.8861,finalize,204.2610410000001
e2e,e2e/delayed_response_300ms,8,1354.8861,fsync_calls,1
e2e,e2e/delayed_response_300ms,8,1354.8861,fsync_ms,5.849
e2e,e2e/delayed_response_300ms,8,1354.8861,prealloc_ms,4.21
e2e,e2e/delayed_response_300ms,8,1354.8861,report_span,408.15820900000006
e2e,e2e/delayed_response_300ms,8,1354.8861,requests,5
e2e,e2e/delayed_response_300ms,8,1354.8861,response_head_ms,1606.352
e2e,e2e/delayed_response_300ms,8,1354.8861,response_heads,5
e2e,e2e/delayed_response_300ms,8,1354.8861,running_reports,4
e2e,e2e/delayed_response_300ms,8,1354.8861,served_bytes,12582912
e2e,e2e/delayed_response_300ms,8,1354.8861,to_first_report,511.605458
e2e,e2e/delayed_response_300ms,8,1354.8861,total,1124.0247080000001
e2e,e2e/delayed_response_300ms,8,1354.8861,unique_bytes,12582912
e2e,e2e/delayed_response_300ms,8,1354.8861,verified,1
e2e,e2e/delayed_response_300ms,8,1354.8861,writer_blocks,12
e2e,e2e/delayed_response_300ms,8,1354.8861,writer_bytes,12582912
e2e,e2e/delayed_response_300ms,9,1345.8433,avg_block_bytes,1048576
e2e,e2e/delayed_response_300ms,9,1345.8433,body_reads,775
e2e,e2e/delayed_response_300ms,9,1345.8433,body_wait_ms,302.048
e2e,e2e/delayed_response_300ms,9,1345.8433,cache_copied_bytes,12582912
e2e,e2e/delayed_response_300ms,9,1345.8433,cache_evicted_bytes,12582912
e2e,e2e/delayed_response_300ms,9,1345.8433,checksum_ms,208.235
e2e,e2e/delayed_response_300ms,9,1345.8433,distinct_ranges,4
e2e,e2e/delayed_response_300ms,9,1345.8433,duplicate_bytes,0
e2e,e2e/delayed_response_300ms,9,1345.8433,failed,0
e2e,e2e/delayed_response_300ms,9,1345.8433,file_bytes,12582912
e2e,e2e/delayed_response_300ms,9,1345.8433,finalize,208.32058299999994
e2e,e2e/delayed_response_300ms,9,1345.8433,fsync_calls,1
e2e,e2e/delayed_response_300ms,9,1345.8433,fsync_ms,5.368
e2e,e2e/delayed_response_300ms,9,1345.8433,prealloc_ms,4.231
e2e,e2e/delayed_response_300ms,9,1345.8433,report_span,412.29254199999997
e2e,e2e/delayed_response_300ms,9,1345.8433,requests,4
e2e,e2e/delayed_response_300ms,9,1345.8433,response_head_ms,1280.038
e2e,e2e/delayed_response_300ms,9,1345.8433,response_heads,4
e2e,e2e/delayed_response_300ms,9,1345.8433,running_reports,4
e2e,e2e/delayed_response_300ms,9,1345.8433,served_bytes,12582912
e2e,e2e/delayed_response_300ms,9,1345.8433,to_first_report,511.66299999999995
e2e,e2e/delayed_response_300ms,9,1345.8433,total,1132.2761249999999
e2e,e2e/delayed_response_300ms,9,1345.8433,unique_bytes,12582912
e2e,e2e/delayed_response_300ms,9,1345.8433,verified,1
e2e,e2e/delayed_response_300ms,9,1345.8433,writer_blocks,12
e2e,e2e/delayed_response_300ms,9,1345.8433,writer_bytes,12582912
e2e,e2e/cut_stream_12MiB,0,1277.2179,avg_block_bytes,0
e2e,e2e/cut_stream_12MiB,0,1277.2179,body_reads,5
e2e,e2e/cut_stream_12MiB,0,1277.2179,body_wait_ms,0.246
e2e,e2e/cut_stream_12MiB,0,1277.2179,cache_copied_bytes,0
e2e,e2e/cut_stream_12MiB,0,1277.2179,cache_evicted_bytes,0
e2e,e2e/cut_stream_12MiB,0,1277.2179,checksum_ms,0
e2e,e2e/cut_stream_12MiB,0,1277.2179,distinct_ranges,4
e2e,e2e/cut_stream_12MiB,0,1277.2179,duplicate_bytes,65536
e2e,e2e/cut_stream_12MiB,0,1277.2179,failed,1
e2e,e2e/cut_stream_12MiB,0,1277.2179,file_bytes,12582912
e2e,e2e/cut_stream_12MiB,0,1277.2179,fsync_calls,1
e2e,e2e/cut_stream_12MiB,0,1277.2179,fsync_ms,7.085
e2e,e2e/cut_stream_12MiB,0,1277.2179,prealloc_ms,4.602
e2e,e2e/cut_stream_12MiB,0,1277.2179,requests,5
e2e,e2e/cut_stream_12MiB,0,1277.2179,response_head_ms,5.334
e2e,e2e/cut_stream_12MiB,0,1277.2179,response_heads,5
e2e,e2e/cut_stream_12MiB,0,1277.2179,running_reports,0
e2e,e2e/cut_stream_12MiB,0,1277.2179,served_bytes,327680
e2e,e2e/cut_stream_12MiB,0,1277.2179,total,1275.763416
e2e,e2e/cut_stream_12MiB,0,1277.2179,unique_bytes,262144
e2e,e2e/cut_stream_12MiB,0,1277.2179,verified,0
e2e,e2e/cut_stream_12MiB,0,1277.2179,writer_blocks,0
e2e,e2e/cut_stream_12MiB,0,1277.2179,writer_bytes,0
e2e,e2e/cut_stream_12MiB,1,1088.8929,avg_block_bytes,0
e2e,e2e/cut_stream_12MiB,1,1088.8929,body_reads,5
e2e,e2e/cut_stream_12MiB,1,1088.8929,body_wait_ms,0.166
e2e,e2e/cut_stream_12MiB,1,1088.8929,cache_copied_bytes,0
e2e,e2e/cut_stream_12MiB,1,1088.8929,cache_evicted_bytes,0
e2e,e2e/cut_stream_12MiB,1,1088.8929,checksum_ms,0
e2e,e2e/cut_stream_12MiB,1,1088.8929,distinct_ranges,4
e2e,e2e/cut_stream_12MiB,1,1088.8929,duplicate_bytes,65536
e2e,e2e/cut_stream_12MiB,1,1088.8929,failed,1
e2e,e2e/cut_stream_12MiB,1,1088.8929,file_bytes,12582912
e2e,e2e/cut_stream_12MiB,1,1088.8929,fsync_calls,1
e2e,e2e/cut_stream_12MiB,1,1088.8929,fsync_ms,4.192
e2e,e2e/cut_stream_12MiB,1,1088.8929,prealloc_ms,2.502
e2e,e2e/cut_stream_12MiB,1,1088.8929,requests,5
e2e,e2e/cut_stream_12MiB,1,1088.8929,response_head_ms,5.599
e2e,e2e/cut_stream_12MiB,1,1088.8929,response_heads,5
e2e,e2e/cut_stream_12MiB,1,1088.8929,running_reports,0
e2e,e2e/cut_stream_12MiB,1,1088.8929,served_bytes,327680
e2e,e2e/cut_stream_12MiB,1,1088.8929,total,1087.398041
e2e,e2e/cut_stream_12MiB,1,1088.8929,unique_bytes,262144
e2e,e2e/cut_stream_12MiB,1,1088.8929,verified,0
e2e,e2e/cut_stream_12MiB,1,1088.8929,writer_blocks,0
e2e,e2e/cut_stream_12MiB,1,1088.8929,writer_bytes,0
e2e,e2e/cut_stream_12MiB,2,1273.5535,avg_block_bytes,0
e2e,e2e/cut_stream_12MiB,2,1273.5535,body_reads,5
e2e,e2e/cut_stream_12MiB,2,1273.5535,body_wait_ms,0.158
e2e,e2e/cut_stream_12MiB,2,1273.5535,cache_copied_bytes,0
e2e,e2e/cut_stream_12MiB,2,1273.5535,cache_evicted_bytes,0
e2e,e2e/cut_stream_12MiB,2,1273.5535,checksum_ms,0
e2e,e2e/cut_stream_12MiB,2,1273.5535,distinct_ranges,4
e2e,e2e/cut_stream_12MiB,2,1273.5535,duplicate_bytes,65536
e2e,e2e/cut_stream_12MiB,2,1273.5535,failed,1
e2e,e2e/cut_stream_12MiB,2,1273.5535,file_bytes,12582912
e2e,e2e/cut_stream_12MiB,2,1273.5535,fsync_calls,1
e2e,e2e/cut_stream_12MiB,2,1273.5535,fsync_ms,4.593
e2e,e2e/cut_stream_12MiB,2,1273.5535,prealloc_ms,4.503
e2e,e2e/cut_stream_12MiB,2,1273.5535,requests,5
e2e,e2e/cut_stream_12MiB,2,1273.5535,response_head_ms,5.212
e2e,e2e/cut_stream_12MiB,2,1273.5535,response_heads,5
e2e,e2e/cut_stream_12MiB,2,1273.5535,running_reports,0
e2e,e2e/cut_stream_12MiB,2,1273.5535,served_bytes,327680
e2e,e2e/cut_stream_12MiB,2,1273.5535,total,1271.404833
e2e,e2e/cut_stream_12MiB,2,1273.5535,unique_bytes,262144
e2e,e2e/cut_stream_12MiB,2,1273.5535,verified,0
e2e,e2e/cut_stream_12MiB,2,1273.5535,writer_blocks,0
e2e,e2e/cut_stream_12MiB,2,1273.5535,writer_bytes,0
e2e,e2e/cut_stream_12MiB,3,1397.2651,avg_block_bytes,0
e2e,e2e/cut_stream_12MiB,3,1397.2651,body_reads,5
e2e,e2e/cut_stream_12MiB,3,1397.2651,body_wait_ms,0.197
e2e,e2e/cut_stream_12MiB,3,1397.2651,cache_copied_bytes,0
e2e,e2e/cut_stream_12MiB,3,1397.2651,cache_evicted_bytes,0
e2e,e2e/cut_stream_12MiB,3,1397.2651,checksum_ms,0
e2e,e2e/cut_stream_12MiB,3,1397.2651,distinct_ranges,4
e2e,e2e/cut_stream_12MiB,3,1397.2651,duplicate_bytes,65536
e2e,e2e/cut_stream_12MiB,3,1397.2651,failed,1
e2e,e2e/cut_stream_12MiB,3,1397.2651,file_bytes,12582912
e2e,e2e/cut_stream_12MiB,3,1397.2651,fsync_calls,1
e2e,e2e/cut_stream_12MiB,3,1397.2651,fsync_ms,4.192
e2e,e2e/cut_stream_12MiB,3,1397.2651,prealloc_ms,4.144
e2e,e2e/cut_stream_12MiB,3,1397.2651,requests,5
e2e,e2e/cut_stream_12MiB,3,1397.2651,response_head_ms,6.134
e2e,e2e/cut_stream_12MiB,3,1397.2651,response_heads,5
e2e,e2e/cut_stream_12MiB,3,1397.2651,running_reports,0
e2e,e2e/cut_stream_12MiB,3,1397.2651,served_bytes,327680
e2e,e2e/cut_stream_12MiB,3,1397.2651,total,1395.891292
e2e,e2e/cut_stream_12MiB,3,1397.2651,unique_bytes,262144
e2e,e2e/cut_stream_12MiB,3,1397.2651,verified,0
e2e,e2e/cut_stream_12MiB,3,1397.2651,writer_blocks,0
e2e,e2e/cut_stream_12MiB,3,1397.2651,writer_bytes,0
e2e,e2e/cut_stream_12MiB,4,1280.0048,avg_block_bytes,0
e2e,e2e/cut_stream_12MiB,4,1280.0048,body_reads,5
e2e,e2e/cut_stream_12MiB,4,1280.0048,body_wait_ms,0.189
e2e,e2e/cut_stream_12MiB,4,1280.0048,cache_copied_bytes,0
e2e,e2e/cut_stream_12MiB,4,1280.0048,cache_evicted_bytes,0
e2e,e2e/cut_stream_12MiB,4,1280.0048,checksum_ms,0
e2e,e2e/cut_stream_12MiB,4,1280.0048,distinct_ranges,4
e2e,e2e/cut_stream_12MiB,4,1280.0048,duplicate_bytes,65536
e2e,e2e/cut_stream_12MiB,4,1280.0048,failed,1
e2e,e2e/cut_stream_12MiB,4,1280.0048,file_bytes,12582912
e2e,e2e/cut_stream_12MiB,4,1280.0048,fsync_calls,1
e2e,e2e/cut_stream_12MiB,4,1280.0048,fsync_ms,3.415
e2e,e2e/cut_stream_12MiB,4,1280.0048,prealloc_ms,3.943
e2e,e2e/cut_stream_12MiB,4,1280.0048,requests,5
e2e,e2e/cut_stream_12MiB,4,1280.0048,response_head_ms,4.248
e2e,e2e/cut_stream_12MiB,4,1280.0048,response_heads,5
e2e,e2e/cut_stream_12MiB,4,1280.0048,running_reports,0
e2e,e2e/cut_stream_12MiB,4,1280.0048,served_bytes,327680
e2e,e2e/cut_stream_12MiB,4,1280.0048,total,1277.3470419999999
e2e,e2e/cut_stream_12MiB,4,1280.0048,unique_bytes,262144
e2e,e2e/cut_stream_12MiB,4,1280.0048,verified,0
e2e,e2e/cut_stream_12MiB,4,1280.0048,writer_blocks,0
e2e,e2e/cut_stream_12MiB,4,1280.0048,writer_bytes,0
e2e,e2e/cut_stream_12MiB,5,1257.0341,avg_block_bytes,0
e2e,e2e/cut_stream_12MiB,5,1257.0341,body_reads,5
e2e,e2e/cut_stream_12MiB,5,1257.0341,body_wait_ms,0.059
e2e,e2e/cut_stream_12MiB,5,1257.0341,cache_copied_bytes,0
e2e,e2e/cut_stream_12MiB,5,1257.0341,cache_evicted_bytes,0
e2e,e2e/cut_stream_12MiB,5,1257.0341,checksum_ms,0
e2e,e2e/cut_stream_12MiB,5,1257.0341,distinct_ranges,4
e2e,e2e/cut_stream_12MiB,5,1257.0341,duplicate_bytes,65536
e2e,e2e/cut_stream_12MiB,5,1257.0341,failed,1
e2e,e2e/cut_stream_12MiB,5,1257.0341,file_bytes,12582912
e2e,e2e/cut_stream_12MiB,5,1257.0341,fsync_calls,1
e2e,e2e/cut_stream_12MiB,5,1257.0341,fsync_ms,3.226
e2e,e2e/cut_stream_12MiB,5,1257.0341,prealloc_ms,4.991
e2e,e2e/cut_stream_12MiB,5,1257.0341,requests,5
e2e,e2e/cut_stream_12MiB,5,1257.0341,response_head_ms,4.881
e2e,e2e/cut_stream_12MiB,5,1257.0341,response_heads,5
e2e,e2e/cut_stream_12MiB,5,1257.0341,running_reports,0
e2e,e2e/cut_stream_12MiB,5,1257.0341,served_bytes,327680
e2e,e2e/cut_stream_12MiB,5,1257.0341,total,1255.7675829999998
e2e,e2e/cut_stream_12MiB,5,1257.0341,unique_bytes,262144
e2e,e2e/cut_stream_12MiB,5,1257.0341,verified,0
e2e,e2e/cut_stream_12MiB,5,1257.0341,writer_blocks,0
e2e,e2e/cut_stream_12MiB,5,1257.0341,writer_bytes,0
e2e,e2e/cut_stream_12MiB,6,1106.1452,avg_block_bytes,0
e2e,e2e/cut_stream_12MiB,6,1106.1452,body_reads,5
e2e,e2e/cut_stream_12MiB,6,1106.1452,body_wait_ms,0.111
e2e,e2e/cut_stream_12MiB,6,1106.1452,cache_copied_bytes,0
e2e,e2e/cut_stream_12MiB,6,1106.1452,cache_evicted_bytes,0
e2e,e2e/cut_stream_12MiB,6,1106.1452,checksum_ms,0
e2e,e2e/cut_stream_12MiB,6,1106.1452,distinct_ranges,4
e2e,e2e/cut_stream_12MiB,6,1106.1452,duplicate_bytes,65536
e2e,e2e/cut_stream_12MiB,6,1106.1452,failed,1
e2e,e2e/cut_stream_12MiB,6,1106.1452,file_bytes,12582912
e2e,e2e/cut_stream_12MiB,6,1106.1452,fsync_calls,1
e2e,e2e/cut_stream_12MiB,6,1106.1452,fsync_ms,4.049
e2e,e2e/cut_stream_12MiB,6,1106.1452,prealloc_ms,3.761
e2e,e2e/cut_stream_12MiB,6,1106.1452,requests,5
e2e,e2e/cut_stream_12MiB,6,1106.1452,response_head_ms,4.363
e2e,e2e/cut_stream_12MiB,6,1106.1452,response_heads,5
e2e,e2e/cut_stream_12MiB,6,1106.1452,running_reports,0
e2e,e2e/cut_stream_12MiB,6,1106.1452,served_bytes,327680
e2e,e2e/cut_stream_12MiB,6,1106.1452,total,1104.682208
e2e,e2e/cut_stream_12MiB,6,1106.1452,unique_bytes,262144
e2e,e2e/cut_stream_12MiB,6,1106.1452,verified,0
e2e,e2e/cut_stream_12MiB,6,1106.1452,writer_blocks,0
e2e,e2e/cut_stream_12MiB,6,1106.1452,writer_bytes,0
e2e,e2e/cut_stream_12MiB,7,1338.9962,avg_block_bytes,0
e2e,e2e/cut_stream_12MiB,7,1338.9962,body_reads,5
e2e,e2e/cut_stream_12MiB,7,1338.9962,body_wait_ms,0.469
e2e,e2e/cut_stream_12MiB,7,1338.9962,cache_copied_bytes,0
e2e,e2e/cut_stream_12MiB,7,1338.9962,cache_evicted_bytes,0
e2e,e2e/cut_stream_12MiB,7,1338.9962,checksum_ms,0
e2e,e2e/cut_stream_12MiB,7,1338.9962,distinct_ranges,4
e2e,e2e/cut_stream_12MiB,7,1338.9962,duplicate_bytes,65536
e2e,e2e/cut_stream_12MiB,7,1338.9962,failed,1
e2e,e2e/cut_stream_12MiB,7,1338.9962,file_bytes,12582912
e2e,e2e/cut_stream_12MiB,7,1338.9962,fsync_calls,1
e2e,e2e/cut_stream_12MiB,7,1338.9962,fsync_ms,4.628
e2e,e2e/cut_stream_12MiB,7,1338.9962,prealloc_ms,2.479
e2e,e2e/cut_stream_12MiB,7,1338.9962,requests,5
e2e,e2e/cut_stream_12MiB,7,1338.9962,response_head_ms,9.791
e2e,e2e/cut_stream_12MiB,7,1338.9962,response_heads,5
e2e,e2e/cut_stream_12MiB,7,1338.9962,running_reports,0
e2e,e2e/cut_stream_12MiB,7,1338.9962,served_bytes,327680
e2e,e2e/cut_stream_12MiB,7,1338.9962,total,1337.4954169999999
e2e,e2e/cut_stream_12MiB,7,1338.9962,unique_bytes,262144
e2e,e2e/cut_stream_12MiB,7,1338.9962,verified,0
e2e,e2e/cut_stream_12MiB,7,1338.9962,writer_blocks,0
e2e,e2e/cut_stream_12MiB,7,1338.9962,writer_bytes,0
e2e,e2e/cut_stream_12MiB,8,1372.6496,avg_block_bytes,0
e2e,e2e/cut_stream_12MiB,8,1372.6496,body_reads,5
e2e,e2e/cut_stream_12MiB,8,1372.6496,body_wait_ms,1.072
e2e,e2e/cut_stream_12MiB,8,1372.6496,cache_copied_bytes,0
e2e,e2e/cut_stream_12MiB,8,1372.6496,cache_evicted_bytes,0
e2e,e2e/cut_stream_12MiB,8,1372.6496,checksum_ms,0
e2e,e2e/cut_stream_12MiB,8,1372.6496,distinct_ranges,4
e2e,e2e/cut_stream_12MiB,8,1372.6496,duplicate_bytes,65536
e2e,e2e/cut_stream_12MiB,8,1372.6496,failed,1
e2e,e2e/cut_stream_12MiB,8,1372.6496,file_bytes,12582912
e2e,e2e/cut_stream_12MiB,8,1372.6496,fsync_calls,1
e2e,e2e/cut_stream_12MiB,8,1372.6496,fsync_ms,4.97
e2e,e2e/cut_stream_12MiB,8,1372.6496,prealloc_ms,3.535
e2e,e2e/cut_stream_12MiB,8,1372.6496,requests,5
e2e,e2e/cut_stream_12MiB,8,1372.6496,response_head_ms,10.728
e2e,e2e/cut_stream_12MiB,8,1372.6496,response_heads,5
e2e,e2e/cut_stream_12MiB,8,1372.6496,running_reports,0
e2e,e2e/cut_stream_12MiB,8,1372.6496,served_bytes,327680
e2e,e2e/cut_stream_12MiB,8,1372.6496,total,1371.330334
e2e,e2e/cut_stream_12MiB,8,1372.6496,unique_bytes,262144
e2e,e2e/cut_stream_12MiB,8,1372.6496,verified,0
e2e,e2e/cut_stream_12MiB,8,1372.6496,writer_blocks,0
e2e,e2e/cut_stream_12MiB,8,1372.6496,writer_bytes,0
e2e,e2e/cut_stream_12MiB,9,1147.6422,avg_block_bytes,0
e2e,e2e/cut_stream_12MiB,9,1147.6422,body_reads,5
e2e,e2e/cut_stream_12MiB,9,1147.6422,body_wait_ms,0.09
e2e,e2e/cut_stream_12MiB,9,1147.6422,cache_copied_bytes,0
e2e,e2e/cut_stream_12MiB,9,1147.6422,cache_evicted_bytes,0
e2e,e2e/cut_stream_12MiB,9,1147.6422,checksum_ms,0
e2e,e2e/cut_stream_12MiB,9,1147.6422,distinct_ranges,4
e2e,e2e/cut_stream_12MiB,9,1147.6422,duplicate_bytes,65536
e2e,e2e/cut_stream_12MiB,9,1147.6422,failed,1
e2e,e2e/cut_stream_12MiB,9,1147.6422,file_bytes,12582912
e2e,e2e/cut_stream_12MiB,9,1147.6422,fsync_calls,1
e2e,e2e/cut_stream_12MiB,9,1147.6422,fsync_ms,4.263
e2e,e2e/cut_stream_12MiB,9,1147.6422,prealloc_ms,3.538
e2e,e2e/cut_stream_12MiB,9,1147.6422,requests,5
e2e,e2e/cut_stream_12MiB,9,1147.6422,response_head_ms,4.986
e2e,e2e/cut_stream_12MiB,9,1147.6422,response_heads,5
e2e,e2e/cut_stream_12MiB,9,1147.6422,running_reports,0
e2e,e2e/cut_stream_12MiB,9,1147.6422,served_bytes,327680
e2e,e2e/cut_stream_12MiB,9,1147.6422,total,1146.563333
e2e,e2e/cut_stream_12MiB,9,1147.6422,unique_bytes,262144
e2e,e2e/cut_stream_12MiB,9,1147.6422,verified,0
e2e,e2e/cut_stream_12MiB,9,1147.6422,writer_blocks,0
e2e,e2e/cut_stream_12MiB,9,1147.6422,writer_bytes,0
e2e,e2e/slow_tail_12MiB,0,804.6346,avg_block_bytes,1048576
e2e,e2e/slow_tail_12MiB,0,804.6346,body_reads,779
e2e,e2e/slow_tail_12MiB,0,804.6346,body_wait_ms,374.423
e2e,e2e/slow_tail_12MiB,0,804.6346,cache_copied_bytes,12582912
e2e,e2e/slow_tail_12MiB,0,804.6346,cache_evicted_bytes,12582912
e2e,e2e/slow_tail_12MiB,0,804.6346,checksum_ms,192.727
e2e,e2e/slow_tail_12MiB,0,804.6346,distinct_ranges,5
e2e,e2e/slow_tail_12MiB,0,804.6346,duplicate_bytes,0
e2e,e2e/slow_tail_12MiB,0,804.6346,failed,0
e2e,e2e/slow_tail_12MiB,0,804.6346,file_bytes,12582912
e2e,e2e/slow_tail_12MiB,0,804.6346,finalize,192.793875
e2e,e2e/slow_tail_12MiB,0,804.6346,fsync_calls,1
e2e,e2e/slow_tail_12MiB,0,804.6346,fsync_ms,2.724
e2e,e2e/slow_tail_12MiB,0,804.6346,prealloc_ms,4.802
e2e,e2e/slow_tail_12MiB,0,804.6346,report_span,180.778375
e2e,e2e/slow_tail_12MiB,0,804.6346,requests,5
e2e,e2e/slow_tail_12MiB,0,804.6346,response_head_ms,81.991
e2e,e2e/slow_tail_12MiB,0,804.6346,response_heads,5
e2e,e2e/slow_tail_12MiB,0,804.6346,running_reports,2
e2e,e2e/slow_tail_12MiB,0,804.6346,served_bytes,12582912
e2e,e2e/slow_tail_12MiB,0,804.6346,to_first_report,210.258792
e2e,e2e/slow_tail_12MiB,0,804.6346,total,583.831042
e2e,e2e/slow_tail_12MiB,0,804.6346,unique_bytes,12582912
e2e,e2e/slow_tail_12MiB,0,804.6346,verified,1
e2e,e2e/slow_tail_12MiB,0,804.6346,writer_blocks,12
e2e,e2e/slow_tail_12MiB,0,804.6346,writer_bytes,12582912
e2e,e2e/slow_tail_12MiB,1,771.2108,avg_block_bytes,1048576
e2e,e2e/slow_tail_12MiB,1,771.2108,body_reads,773
e2e,e2e/slow_tail_12MiB,1,771.2108,body_wait_ms,359.417
e2e,e2e/slow_tail_12MiB,1,771.2108,cache_copied_bytes,12582912
e2e,e2e/slow_tail_12MiB,1,771.2108,cache_evicted_bytes,12582912
e2e,e2e/slow_tail_12MiB,1,771.2108,checksum_ms,220.559
e2e,e2e/slow_tail_12MiB,1,771.2108,distinct_ranges,5
e2e,e2e/slow_tail_12MiB,1,771.2108,duplicate_bytes,0
e2e,e2e/slow_tail_12MiB,1,771.2108,failed,0
e2e,e2e/slow_tail_12MiB,1,771.2108,file_bytes,12582912
e2e,e2e/slow_tail_12MiB,1,771.2108,finalize,220.603833
e2e,e2e/slow_tail_12MiB,1,771.2108,fsync_calls,1
e2e,e2e/slow_tail_12MiB,1,771.2108,fsync_ms,7.923
e2e,e2e/slow_tail_12MiB,1,771.2108,prealloc_ms,4.219
e2e,e2e/slow_tail_12MiB,1,771.2108,report_span,167.514875
e2e,e2e/slow_tail_12MiB,1,771.2108,requests,5
e2e,e2e/slow_tail_12MiB,1,771.2108,response_head_ms,96.943
e2e,e2e/slow_tail_12MiB,1,771.2108,response_heads,5
e2e,e2e/slow_tail_12MiB,1,771.2108,running_reports,2
e2e,e2e/slow_tail_12MiB,1,771.2108,served_bytes,12582912
e2e,e2e/slow_tail_12MiB,1,771.2108,to_first_report,209.861208
e2e,e2e/slow_tail_12MiB,1,771.2108,total,597.979916
e2e,e2e/slow_tail_12MiB,1,771.2108,unique_bytes,12582912
e2e,e2e/slow_tail_12MiB,1,771.2108,verified,1
e2e,e2e/slow_tail_12MiB,1,771.2108,writer_blocks,12
e2e,e2e/slow_tail_12MiB,1,771.2108,writer_bytes,12582912
e2e,e2e/slow_tail_12MiB,2,782.2821,avg_block_bytes,1048576
e2e,e2e/slow_tail_12MiB,2,782.2821,body_reads,778
e2e,e2e/slow_tail_12MiB,2,782.2821,body_wait_ms,340.22
e2e,e2e/slow_tail_12MiB,2,782.2821,cache_copied_bytes,12582912
e2e,e2e/slow_tail_12MiB,2,782.2821,cache_evicted_bytes,12582912
e2e,e2e/slow_tail_12MiB,2,782.2821,checksum_ms,234.214
e2e,e2e/slow_tail_12MiB,2,782.2821,distinct_ranges,5
e2e,e2e/slow_tail_12MiB,2,782.2821,duplicate_bytes,0
e2e,e2e/slow_tail_12MiB,2,782.2821,failed,0
e2e,e2e/slow_tail_12MiB,2,782.2821,file_bytes,12582912
e2e,e2e/slow_tail_12MiB,2,782.2821,finalize,234.29649999999998
e2e,e2e/slow_tail_12MiB,2,782.2821,fsync_calls,1
e2e,e2e/slow_tail_12MiB,2,782.2821,fsync_ms,5.221
e2e,e2e/slow_tail_12MiB,2,782.2821,prealloc_ms,3.598
e2e,e2e/slow_tail_12MiB,2,782.2821,report_span,143.122833
e2e,e2e/slow_tail_12MiB,2,782.2821,requests,5
e2e,e2e/slow_tail_12MiB,2,782.2821,response_head_ms,83.624
e2e,e2e/slow_tail_12MiB,2,782.2821,response_heads,5
e2e,e2e/slow_tail_12MiB,2,782.2821,running_reports,2
e2e,e2e/slow_tail_12MiB,2,782.2821,served_bytes,12582912
e2e,e2e/slow_tail_12MiB,2,782.2821,to_first_report,210.356833
e2e,e2e/slow_tail_12MiB,2,782.2821,total,587.776166
e2e,e2e/slow_tail_12MiB,2,782.2821,unique_bytes,12582912
e2e,e2e/slow_tail_12MiB,2,782.2821,verified,1
e2e,e2e/slow_tail_12MiB,2,782.2821,writer_blocks,12
e2e,e2e/slow_tail_12MiB,2,782.2821,writer_bytes,12582912
e2e,e2e/slow_tail_12MiB,3,735.3610,avg_block_bytes,1048576
e2e,e2e/slow_tail_12MiB,3,735.3610,body_reads,778
e2e,e2e/slow_tail_12MiB,3,735.3610,body_wait_ms,328.477
e2e,e2e/slow_tail_12MiB,3,735.3610,cache_copied_bytes,12582912
e2e,e2e/slow_tail_12MiB,3,735.3610,cache_evicted_bytes,12582912
e2e,e2e/slow_tail_12MiB,3,735.3610,checksum_ms,198.107
e2e,e2e/slow_tail_12MiB,3,735.3610,distinct_ranges,5
e2e,e2e/slow_tail_12MiB,3,735.3610,duplicate_bytes,0
e2e,e2e/slow_tail_12MiB,3,735.3610,failed,0
e2e,e2e/slow_tail_12MiB,3,735.3610,file_bytes,12582912
e2e,e2e/slow_tail_12MiB,3,735.3610,finalize,198.19608300000004
e2e,e2e/slow_tail_12MiB,3,735.3610,fsync_calls,1
e2e,e2e/slow_tail_12MiB,3,735.3610,fsync_ms,4.395
e2e,e2e/slow_tail_12MiB,3,735.3610,prealloc_ms,4.703
e2e,e2e/slow_tail_12MiB,3,735.3610,report_span,134.315042
e2e,e2e/slow_tail_12MiB,3,735.3610,requests,5
e2e,e2e/slow_tail_12MiB,3,735.3610,response_head_ms,80.053
e2e,e2e/slow_tail_12MiB,3,735.3610,response_heads,5
e2e,e2e/slow_tail_12MiB,3,735.3610,running_reports,2
e2e,e2e/slow_tail_12MiB,3,735.3610,served_bytes,12582912
e2e,e2e/slow_tail_12MiB,3,735.3610,to_first_report,211.180542
e2e,e2e/slow_tail_12MiB,3,735.3610,total,543.691667
e2e,e2e/slow_tail_12MiB,3,735.3610,unique_bytes,12582912
e2e,e2e/slow_tail_12MiB,3,735.3610,verified,1
e2e,e2e/slow_tail_12MiB,3,735.3610,writer_blocks,12
e2e,e2e/slow_tail_12MiB,3,735.3610,writer_bytes,12582912
e2e,e2e/slow_tail_12MiB,4,763.1771,avg_block_bytes,1048576
e2e,e2e/slow_tail_12MiB,4,763.1771,body_reads,780
e2e,e2e/slow_tail_12MiB,4,763.1771,body_wait_ms,320.926
e2e,e2e/slow_tail_12MiB,4,763.1771,cache_copied_bytes,12582912
e2e,e2e/slow_tail_12MiB,4,763.1771,cache_evicted_bytes,12582912
e2e,e2e/slow_tail_12MiB,4,763.1771,checksum_ms,236.703
e2e,e2e/slow_tail_12MiB,4,763.1771,distinct_ranges,4
e2e,e2e/slow_tail_12MiB,4,763.1771,duplicate_bytes,0
e2e,e2e/slow_tail_12MiB,4,763.1771,failed,0
e2e,e2e/slow_tail_12MiB,4,763.1771,file_bytes,12582912
e2e,e2e/slow_tail_12MiB,4,763.1771,finalize,236.76945899999998
e2e,e2e/slow_tail_12MiB,4,763.1771,fsync_calls,1
e2e,e2e/slow_tail_12MiB,4,763.1771,fsync_ms,5.347
e2e,e2e/slow_tail_12MiB,4,763.1771,prealloc_ms,4.228
e2e,e2e/slow_tail_12MiB,4,763.1771,report_span,127.33475000000001
e2e,e2e/slow_tail_12MiB,4,763.1771,requests,4
e2e,e2e/slow_tail_12MiB,4,763.1771,response_head_ms,80.804
e2e,e2e/slow_tail_12MiB,4,763.1771,response_heads,4
e2e,e2e/slow_tail_12MiB,4,763.1771,running_reports,2
e2e,e2e/slow_tail_12MiB,4,763.1771,served_bytes,12582912
e2e,e2e/slow_tail_12MiB,4,763.1771,to_first_report,209.553125
e2e,e2e/slow_tail_12MiB,4,763.1771,total,573.657334
e2e,e2e/slow_tail_12MiB,4,763.1771,unique_bytes,12582912
e2e,e2e/slow_tail_12MiB,4,763.1771,verified,1
e2e,e2e/slow_tail_12MiB,4,763.1771,writer_blocks,12
e2e,e2e/slow_tail_12MiB,4,763.1771,writer_bytes,12582912
e2e,e2e/slow_tail_12MiB,5,757.5960,avg_block_bytes,1048576
e2e,e2e/slow_tail_12MiB,5,757.5960,body_reads,775
e2e,e2e/slow_tail_12MiB,5,757.5960,body_wait_ms,349.697
e2e,e2e/slow_tail_12MiB,5,757.5960,cache_copied_bytes,12582912
e2e,e2e/slow_tail_12MiB,5,757.5960,cache_evicted_bytes,12582912
e2e,e2e/slow_tail_12MiB,5,757.5960,checksum_ms,200.153
e2e,e2e/slow_tail_12MiB,5,757.5960,distinct_ranges,4
e2e,e2e/slow_tail_12MiB,5,757.5960,duplicate_bytes,0
e2e,e2e/slow_tail_12MiB,5,757.5960,failed,0
e2e,e2e/slow_tail_12MiB,5,757.5960,file_bytes,12582912
e2e,e2e/slow_tail_12MiB,5,757.5960,finalize,200.24275000000006
e2e,e2e/slow_tail_12MiB,5,757.5960,fsync_calls,1
e2e,e2e/slow_tail_12MiB,5,757.5960,fsync_ms,4.39
e2e,e2e/slow_tail_12MiB,5,757.5960,prealloc_ms,4.235
e2e,e2e/slow_tail_12MiB,5,757.5960,report_span,153.92575
e2e,e2e/slow_tail_12MiB,5,757.5960,requests,4
e2e,e2e/slow_tail_12MiB,5,757.5960,response_head_ms,55.108
e2e,e2e/slow_tail_12MiB,5,757.5960,response_heads,4
e2e,e2e/slow_tail_12MiB,5,757.5960,running_reports,2
e2e,e2e/slow_tail_12MiB,5,757.5960,served_bytes,12582912
e2e,e2e/slow_tail_12MiB,5,757.5960,to_first_report,210.58016700000002
e2e,e2e/slow_tail_12MiB,5,757.5960,total,564.7486670000001
e2e,e2e/slow_tail_12MiB,5,757.5960,unique_bytes,12582912
e2e,e2e/slow_tail_12MiB,5,757.5960,verified,1
e2e,e2e/slow_tail_12MiB,5,757.5960,writer_blocks,12
e2e,e2e/slow_tail_12MiB,5,757.5960,writer_bytes,12582912
e2e,e2e/slow_tail_12MiB,6,700.3402,avg_block_bytes,1048576
e2e,e2e/slow_tail_12MiB,6,700.3402,body_reads,780
e2e,e2e/slow_tail_12MiB,6,700.3402,body_wait_ms,361.204
e2e,e2e/slow_tail_12MiB,6,700.3402,cache_copied_bytes,12582912
e2e,e2e/slow_tail_12MiB,6,700.3402,cache_evicted_bytes,12582912
e2e,e2e/slow_tail_12MiB,6,700.3402,checksum_ms,221.662
e2e,e2e/slow_tail_12MiB,6,700.3402,distinct_ranges,5
e2e,e2e/slow_tail_12MiB,6,700.3402,duplicate_bytes,0
e2e,e2e/slow_tail_12MiB,6,700.3402,failed,0
e2e,e2e/slow_tail_12MiB,6,700.3402,file_bytes,12582912
e2e,e2e/slow_tail_12MiB,6,700.3402,finalize,221.76395900000006
e2e,e2e/slow_tail_12MiB,6,700.3402,fsync_calls,1
e2e,e2e/slow_tail_12MiB,6,700.3402,fsync_ms,8.131
e2e,e2e/slow_tail_12MiB,6,700.3402,prealloc_ms,4.544
e2e,e2e/slow_tail_12MiB,6,700.3402,report_span,79.67429100000001
e2e,e2e/slow_tail_12MiB,6,700.3402,requests,5
e2e,e2e/slow_tail_12MiB,6,700.3402,response_head_ms,80.542
e2e,e2e/slow_tail_12MiB,6,700.3402,response_heads,5
e2e,e2e/slow_tail_12MiB,6,700.3402,running_reports,2
e2e,e2e/slow_tail_12MiB,6,700.3402,served_bytes,12582912
e2e,e2e/slow_tail_12MiB,6,700.3402,to_first_report,211.112917
e2e,e2e/slow_tail_12MiB,6,700.3402,total,512.5511670000001
e2e,e2e/slow_tail_12MiB,6,700.3402,unique_bytes,12582912
e2e,e2e/slow_tail_12MiB,6,700.3402,verified,1
e2e,e2e/slow_tail_12MiB,6,700.3402,writer_blocks,12
e2e,e2e/slow_tail_12MiB,6,700.3402,writer_bytes,12582912
e2e,e2e/slow_tail_12MiB,7,708.3477,avg_block_bytes,1048576
e2e,e2e/slow_tail_12MiB,7,708.3477,body_reads,773
e2e,e2e/slow_tail_12MiB,7,708.3477,body_wait_ms,272.602
e2e,e2e/slow_tail_12MiB,7,708.3477,cache_copied_bytes,12582912
e2e,e2e/slow_tail_12MiB,7,708.3477,cache_evicted_bytes,12582912
e2e,e2e/slow_tail_12MiB,7,708.3477,checksum_ms,211.091
e2e,e2e/slow_tail_12MiB,7,708.3477,distinct_ranges,5
e2e,e2e/slow_tail_12MiB,7,708.3477,duplicate_bytes,0
e2e,e2e/slow_tail_12MiB,7,708.3477,failed,0
e2e,e2e/slow_tail_12MiB,7,708.3477,file_bytes,12582912
e2e,e2e/slow_tail_12MiB,7,708.3477,finalize,211.158542
e2e,e2e/slow_tail_12MiB,7,708.3477,fsync_calls,1
e2e,e2e/slow_tail_12MiB,7,708.3477,fsync_ms,6.335
e2e,e2e/slow_tail_12MiB,7,708.3477,prealloc_ms,4.237
e2e,e2e/slow_tail_12MiB,7,708.3477,report_span,77.17045800000002
e2e,e2e/slow_tail_12MiB,7,708.3477,requests,5
e2e,e2e/slow_tail_12MiB,7,708.3477,response_head_ms,79.18
e2e,e2e/slow_tail_12MiB,7,708.3477,response_heads,5
e2e,e2e/slow_tail_12MiB,7,708.3477,running_reports,2
e2e,e2e/slow_tail_12MiB,7,708.3477,served_bytes,12582912
e2e,e2e/slow_tail_12MiB,7,708.3477,to_first_report,210.714667
e2e,e2e/slow_tail_12MiB,7,708.3477,total,499.043667
e2e,e2e/slow_tail_12MiB,7,708.3477,unique_bytes,12582912
e2e,e2e/slow_tail_12MiB,7,708.3477,verified,1
e2e,e2e/slow_tail_12MiB,7,708.3477,writer_blocks,12
e2e,e2e/slow_tail_12MiB,7,708.3477,writer_bytes,12582912
e2e,e2e/slow_tail_12MiB,8,832.4290,avg_block_bytes,1048576
e2e,e2e/slow_tail_12MiB,8,832.4290,body_reads,779
e2e,e2e/slow_tail_12MiB,8,832.4290,body_wait_ms,386.636
e2e,e2e/slow_tail_12MiB,8,832.4290,cache_copied_bytes,12582912
e2e,e2e/slow_tail_12MiB,8,832.4290,cache_evicted_bytes,12582912
e2e,e2e/slow_tail_12MiB,8,832.4290,checksum_ms,235.71
e2e,e2e/slow_tail_12MiB,8,832.4290,distinct_ranges,5
e2e,e2e/slow_tail_12MiB,8,832.4290,duplicate_bytes,0
e2e,e2e/slow_tail_12MiB,8,832.4290,failed,0
e2e,e2e/slow_tail_12MiB,8,832.4290,file_bytes,12582912
e2e,e2e/slow_tail_12MiB,8,832.4290,finalize,235.8145
e2e,e2e/slow_tail_12MiB,8,832.4290,fsync_calls,1
e2e,e2e/slow_tail_12MiB,8,832.4290,fsync_ms,6.028
e2e,e2e/slow_tail_12MiB,8,832.4290,prealloc_ms,4.229
e2e,e2e/slow_tail_12MiB,8,832.4290,report_span,194.51462500000002
e2e,e2e/slow_tail_12MiB,8,832.4290,requests,5
e2e,e2e/slow_tail_12MiB,8,832.4290,response_head_ms,81.682
e2e,e2e/slow_tail_12MiB,8,832.4290,response_heads,5
e2e,e2e/slow_tail_12MiB,8,832.4290,running_reports,2
e2e,e2e/slow_tail_12MiB,8,832.4290,served_bytes,12582912
e2e,e2e/slow_tail_12MiB,8,832.4290,to_first_report,208.383625
e2e,e2e/slow_tail_12MiB,8,832.4290,total,638.71275
e2e,e2e/slow_tail_12MiB,8,832.4290,unique_bytes,12582912
e2e,e2e/slow_tail_12MiB,8,832.4290,verified,1
e2e,e2e/slow_tail_12MiB,8,832.4290,writer_blocks,12
e2e,e2e/slow_tail_12MiB,8,832.4290,writer_bytes,12582912
e2e,e2e/slow_tail_12MiB,9,710.6908,avg_block_bytes,1048576
e2e,e2e/slow_tail_12MiB,9,710.6908,body_reads,775
e2e,e2e/slow_tail_12MiB,9,710.6908,body_wait_ms,399.199
e2e,e2e/slow_tail_12MiB,9,710.6908,cache_copied_bytes,12582912
e2e,e2e/slow_tail_12MiB,9,710.6908,cache_evicted_bytes,12582912
e2e,e2e/slow_tail_12MiB,9,710.6908,checksum_ms,202.028
e2e,e2e/slow_tail_12MiB,9,710.6908,distinct_ranges,5
e2e,e2e/slow_tail_12MiB,9,710.6908,duplicate_bytes,0
e2e,e2e/slow_tail_12MiB,9,710.6908,failed,0
e2e,e2e/slow_tail_12MiB,9,710.6908,file_bytes,12582912
e2e,e2e/slow_tail_12MiB,9,710.6908,finalize,202.04925000000003
e2e,e2e/slow_tail_12MiB,9,710.6908,fsync_calls,1
e2e,e2e/slow_tail_12MiB,9,710.6908,fsync_ms,7.423
e2e,e2e/slow_tail_12MiB,9,710.6908,prealloc_ms,3.119
e2e,e2e/slow_tail_12MiB,9,710.6908,report_span,88.43629200000004
e2e,e2e/slow_tail_12MiB,9,710.6908,requests,5
e2e,e2e/slow_tail_12MiB,9,710.6908,response_head_ms,80.825
e2e,e2e/slow_tail_12MiB,9,710.6908,response_heads,5
e2e,e2e/slow_tail_12MiB,9,710.6908,running_reports,2
e2e,e2e/slow_tail_12MiB,9,710.6908,served_bytes,12582912
e2e,e2e/slow_tail_12MiB,9,710.6908,to_first_report,209.563
e2e,e2e/slow_tail_12MiB,9,710.6908,total,500.04854200000005
e2e,e2e/slow_tail_12MiB,9,710.6908,unique_bytes,12582912
e2e,e2e/slow_tail_12MiB,9,710.6908,verified,1
e2e,e2e/slow_tail_12MiB,9,710.6908,writer_blocks,12
e2e,e2e/slow_tail_12MiB,9,710.6908,writer_bytes,12582912
