group,scenario,round,round_millis,metric,value
scheduler,scheduler/dynamic/fresh/64,0,0.1061,boundary_scans,4
scheduler,scheduler/dynamic/fresh/64,0,0.1061,candidate_slots,10
scheduler,scheduler/dynamic/fresh/64,0,0.1061,cpu_ms,0
scheduler,scheduler/dynamic/fresh/64,0,0.1061,cpu_percent,0
scheduler,scheduler/dynamic/fresh/64,0,0.1061,leases,64
scheduler,scheduler/dynamic/fresh/64,0,0.1061,max_leases_per_request,16
scheduler,scheduler/dynamic/fresh/64,0,0.1061,max_request_bytes,16777216
scheduler,scheduler/dynamic/fresh/64,0,0.1061,micros_per_request,23.975
scheduler,scheduler/dynamic/fresh/64,0,0.1061,multi_lease_requests,4
scheduler,scheduler/dynamic/fresh/64,0,0.1061,planned_bytes,67108864
scheduler,scheduler/dynamic/fresh/64,0,0.1061,planned_ranges,10
scheduler,scheduler/dynamic/fresh/64,0,0.1061,requests,4
scheduler,scheduler/dynamic/fresh/64,0,0.1061,single_lease_requests,0
scheduler,scheduler/dynamic/fresh/64,0,0.1061,total,0.0959
scheduler,scheduler/dynamic/fresh/64,0,0.1061,truncated_requests,0
scheduler,scheduler/dynamic/fresh/64,1,0.0186,boundary_scans,4
scheduler,scheduler/dynamic/fresh/64,1,0.0186,candidate_slots,10
scheduler,scheduler/dynamic/fresh/64,1,0.0186,cpu_ms,0
scheduler,scheduler/dynamic/fresh/64,1,0.0186,cpu_percent,0
scheduler,scheduler/dynamic/fresh/64,1,0.0186,leases,64
scheduler,scheduler/dynamic/fresh/64,1,0.0186,max_leases_per_request,16
scheduler,scheduler/dynamic/fresh/64,1,0.0186,max_request_bytes,16777216
scheduler,scheduler/dynamic/fresh/64,1,0.0186,micros_per_request,4.35
scheduler,scheduler/dynamic/fresh/64,1,0.0186,multi_lease_requests,4
scheduler,scheduler/dynamic/fresh/64,1,0.0186,planned_bytes,67108864
scheduler,scheduler/dynamic/fresh/64,1,0.0186,planned_ranges,10
scheduler,scheduler/dynamic/fresh/64,1,0.0186,requests,4
scheduler,scheduler/dynamic/fresh/64,1,0.0186,single_lease_requests,0
scheduler,scheduler/dynamic/fresh/64,1,0.0186,total,0.0174
scheduler,scheduler/dynamic/fresh/64,1,0.0186,truncated_requests,0
scheduler,scheduler/dynamic/fresh/64,2,0.0119,boundary_scans,4
scheduler,scheduler/dynamic/fresh/64,2,0.0119,candidate_slots,10
scheduler,scheduler/dynamic/fresh/64,2,0.0119,cpu_ms,0
scheduler,scheduler/dynamic/fresh/64,2,0.0119,cpu_percent,0
scheduler,scheduler/dynamic/fresh/64,2,0.0119,leases,64
scheduler,scheduler/dynamic/fresh/64,2,0.0119,max_leases_per_request,16
scheduler,scheduler/dynamic/fresh/64,2,0.0119,max_request_bytes,16777216
scheduler,scheduler/dynamic/fresh/64,2,0.0119,micros_per_request,2.775
scheduler,scheduler/dynamic/fresh/64,2,0.0119,multi_lease_requests,4
scheduler,scheduler/dynamic/fresh/64,2,0.0119,planned_bytes,67108864
scheduler,scheduler/dynamic/fresh/64,2,0.0119,planned_ranges,10
scheduler,scheduler/dynamic/fresh/64,2,0.0119,requests,4
scheduler,scheduler/dynamic/fresh/64,2,0.0119,single_lease_requests,0
scheduler,scheduler/dynamic/fresh/64,2,0.0119,total,0.0111
scheduler,scheduler/dynamic/fresh/64,2,0.0119,truncated_requests,0
scheduler,scheduler/dynamic/fresh/64,3,0.0120,boundary_scans,4
scheduler,scheduler/dynamic/fresh/64,3,0.0120,candidate_slots,10
scheduler,scheduler/dynamic/fresh/64,3,0.0120,cpu_ms,0
scheduler,scheduler/dynamic/fresh/64,3,0.0120,cpu_percent,0
scheduler,scheduler/dynamic/fresh/64,3,0.0120,leases,64
scheduler,scheduler/dynamic/fresh/64,3,0.0120,max_leases_per_request,16
scheduler,scheduler/dynamic/fresh/64,3,0.0120,max_request_bytes,16777216
scheduler,scheduler/dynamic/fresh/64,3,0.0120,micros_per_request,2.8
scheduler,scheduler/dynamic/fresh/64,3,0.0120,multi_lease_requests,4
scheduler,scheduler/dynamic/fresh/64,3,0.0120,planned_bytes,67108864
scheduler,scheduler/dynamic/fresh/64,3,0.0120,planned_ranges,10
scheduler,scheduler/dynamic/fresh/64,3,0.0120,requests,4
scheduler,scheduler/dynamic/fresh/64,3,0.0120,single_lease_requests,0
scheduler,scheduler/dynamic/fresh/64,3,0.0120,total,0.0112
scheduler,scheduler/dynamic/fresh/64,3,0.0120,truncated_requests,0
scheduler,scheduler/dynamic/fresh/64,4,0.0110,boundary_scans,4
scheduler,scheduler/dynamic/fresh/64,4,0.0110,candidate_slots,10
scheduler,scheduler/dynamic/fresh/64,4,0.0110,cpu_ms,0
scheduler,scheduler/dynamic/fresh/64,4,0.0110,cpu_percent,0
scheduler,scheduler/dynamic/fresh/64,4,0.0110,leases,64
scheduler,scheduler/dynamic/fresh/64,4,0.0110,max_leases_per_request,16
scheduler,scheduler/dynamic/fresh/64,4,0.0110,max_request_bytes,16777216
scheduler,scheduler/dynamic/fresh/64,4,0.0110,micros_per_request,2.575
scheduler,scheduler/dynamic/fresh/64,4,0.0110,multi_lease_requests,4
scheduler,scheduler/dynamic/fresh/64,4,0.0110,planned_bytes,67108864
scheduler,scheduler/dynamic/fresh/64,4,0.0110,planned_ranges,10
scheduler,scheduler/dynamic/fresh/64,4,0.0110,requests,4
scheduler,scheduler/dynamic/fresh/64,4,0.0110,single_lease_requests,0
scheduler,scheduler/dynamic/fresh/64,4,0.0110,total,0.0103
scheduler,scheduler/dynamic/fresh/64,4,0.0110,truncated_requests,0
scheduler,scheduler/dynamic/fresh/64,5,0.0106,boundary_scans,4
scheduler,scheduler/dynamic/fresh/64,5,0.0106,candidate_slots,10
scheduler,scheduler/dynamic/fresh/64,5,0.0106,cpu_ms,0
scheduler,scheduler/dynamic/fresh/64,5,0.0106,cpu_percent,0
scheduler,scheduler/dynamic/fresh/64,5,0.0106,leases,64
scheduler,scheduler/dynamic/fresh/64,5,0.0106,max_leases_per_request,16
scheduler,scheduler/dynamic/fresh/64,5,0.0106,max_request_bytes,16777216
scheduler,scheduler/dynamic/fresh/64,5,0.0106,micros_per_request,2.475
scheduler,scheduler/dynamic/fresh/64,5,0.0106,multi_lease_requests,4
scheduler,scheduler/dynamic/fresh/64,5,0.0106,planned_bytes,67108864
scheduler,scheduler/dynamic/fresh/64,5,0.0106,planned_ranges,10
scheduler,scheduler/dynamic/fresh/64,5,0.0106,requests,4
scheduler,scheduler/dynamic/fresh/64,5,0.0106,single_lease_requests,0
scheduler,scheduler/dynamic/fresh/64,5,0.0106,total,0.0099
scheduler,scheduler/dynamic/fresh/64,5,0.0106,truncated_requests,0
scheduler,scheduler/dynamic/fresh/64,6,0.0115,boundary_scans,4
scheduler,scheduler/dynamic/fresh/64,6,0.0115,candidate_slots,10
scheduler,scheduler/dynamic/fresh/64,6,0.0115,cpu_ms,0
scheduler,scheduler/dynamic/fresh/64,6,0.0115,cpu_percent,0
scheduler,scheduler/dynamic/fresh/64,6,0.0115,leases,64
scheduler,scheduler/dynamic/fresh/64,6,0.0115,max_leases_per_request,16
scheduler,scheduler/dynamic/fresh/64,6,0.0115,max_request_bytes,16777216
scheduler,scheduler/dynamic/fresh/64,6,0.0115,micros_per_request,2.7
scheduler,scheduler/dynamic/fresh/64,6,0.0115,multi_lease_requests,4
scheduler,scheduler/dynamic/fresh/64,6,0.0115,planned_bytes,67108864
scheduler,scheduler/dynamic/fresh/64,6,0.0115,planned_ranges,10
scheduler,scheduler/dynamic/fresh/64,6,0.0115,requests,4
scheduler,scheduler/dynamic/fresh/64,6,0.0115,single_lease_requests,0
scheduler,scheduler/dynamic/fresh/64,6,0.0115,total,0.0108
scheduler,scheduler/dynamic/fresh/64,6,0.0115,truncated_requests,0
scheduler,scheduler/dynamic/fresh/64,7,0.0101,boundary_scans,4
scheduler,scheduler/dynamic/fresh/64,7,0.0101,candidate_slots,10
scheduler,scheduler/dynamic/fresh/64,7,0.0101,cpu_ms,0
scheduler,scheduler/dynamic/fresh/64,7,0.0101,cpu_percent,0
scheduler,scheduler/dynamic/fresh/64,7,0.0101,leases,64
scheduler,scheduler/dynamic/fresh/64,7,0.0101,max_leases_per_request,16
scheduler,scheduler/dynamic/fresh/64,7,0.0101,max_request_bytes,16777216
scheduler,scheduler/dynamic/fresh/64,7,0.0101,micros_per_request,2.375
scheduler,scheduler/dynamic/fresh/64,7,0.0101,multi_lease_requests,4
scheduler,scheduler/dynamic/fresh/64,7,0.0101,planned_bytes,67108864
scheduler,scheduler/dynamic/fresh/64,7,0.0101,planned_ranges,10
scheduler,scheduler/dynamic/fresh/64,7,0.0101,requests,4
scheduler,scheduler/dynamic/fresh/64,7,0.0101,single_lease_requests,0
scheduler,scheduler/dynamic/fresh/64,7,0.0101,total,0.0095
scheduler,scheduler/dynamic/fresh/64,7,0.0101,truncated_requests,0
scheduler,scheduler/dynamic/fresh/64,8,0.0107,boundary_scans,4
scheduler,scheduler/dynamic/fresh/64,8,0.0107,candidate_slots,10
scheduler,scheduler/dynamic/fresh/64,8,0.0107,cpu_ms,0
scheduler,scheduler/dynamic/fresh/64,8,0.0107,cpu_percent,0
scheduler,scheduler/dynamic/fresh/64,8,0.0107,leases,64
scheduler,scheduler/dynamic/fresh/64,8,0.0107,max_leases_per_request,16
scheduler,scheduler/dynamic/fresh/64,8,0.0107,max_request_bytes,16777216
scheduler,scheduler/dynamic/fresh/64,8,0.0107,micros_per_request,2.525
scheduler,scheduler/dynamic/fresh/64,8,0.0107,multi_lease_requests,4
scheduler,scheduler/dynamic/fresh/64,8,0.0107,planned_bytes,67108864
scheduler,scheduler/dynamic/fresh/64,8,0.0107,planned_ranges,10
scheduler,scheduler/dynamic/fresh/64,8,0.0107,requests,4
scheduler,scheduler/dynamic/fresh/64,8,0.0107,single_lease_requests,0
scheduler,scheduler/dynamic/fresh/64,8,0.0107,total,0.0101
scheduler,scheduler/dynamic/fresh/64,8,0.0107,truncated_requests,0
scheduler,scheduler/dynamic/fresh/64,9,0.0113,boundary_scans,4
scheduler,scheduler/dynamic/fresh/64,9,0.0113,candidate_slots,10
scheduler,scheduler/dynamic/fresh/64,9,0.0113,cpu_ms,0
scheduler,scheduler/dynamic/fresh/64,9,0.0113,cpu_percent,0
scheduler,scheduler/dynamic/fresh/64,9,0.0113,leases,64
scheduler,scheduler/dynamic/fresh/64,9,0.0113,max_leases_per_request,16
scheduler,scheduler/dynamic/fresh/64,9,0.0113,max_request_bytes,16777216
scheduler,scheduler/dynamic/fresh/64,9,0.0113,micros_per_request,2.675
scheduler,scheduler/dynamic/fresh/64,9,0.0113,multi_lease_requests,4
scheduler,scheduler/dynamic/fresh/64,9,0.0113,planned_bytes,67108864
scheduler,scheduler/dynamic/fresh/64,9,0.0113,planned_ranges,10
scheduler,scheduler/dynamic/fresh/64,9,0.0113,requests,4
scheduler,scheduler/dynamic/fresh/64,9,0.0113,single_lease_requests,0
scheduler,scheduler/dynamic/fresh/64,9,0.0113,total,0.0107
scheduler,scheduler/dynamic/fresh/64,9,0.0113,truncated_requests,0
scheduler,scheduler/fixed/fresh/64,0,0.0164,boundary_scans,16
scheduler,scheduler/fixed/fresh/64,0,0.0164,candidate_slots,16
scheduler,scheduler/fixed/fresh/64,0,0.0164,cpu_ms,0
scheduler,scheduler/fixed/fresh/64,0,0.0164,cpu_percent,0
scheduler,scheduler/fixed/fresh/64,0,0.0164,leases,64
scheduler,scheduler/fixed/fresh/64,0,0.0164,max_leases_per_request,4
scheduler,scheduler/fixed/fresh/64,0,0.0164,max_request_bytes,4194304
scheduler,scheduler/fixed/fresh/64,0,0.0164,micros_per_request,0.975
scheduler,scheduler/fixed/fresh/64,0,0.0164,multi_lease_requests,16
scheduler,scheduler/fixed/fresh/64,0,0.0164,planned_bytes,67108864
scheduler,scheduler/fixed/fresh/64,0,0.0164,planned_ranges,22
scheduler,scheduler/fixed/fresh/64,0,0.0164,requests,16
scheduler,scheduler/fixed/fresh/64,0,0.0164,single_lease_requests,0
scheduler,scheduler/fixed/fresh/64,0,0.0164,total,0.0156
scheduler,scheduler/fixed/fresh/64,0,0.0164,truncated_requests,16
scheduler,scheduler/fixed/fresh/64,1,0.0174,boundary_scans,16
scheduler,scheduler/fixed/fresh/64,1,0.0174,candidate_slots,16
scheduler,scheduler/fixed/fresh/64,1,0.0174,cpu_ms,0
scheduler,scheduler/fixed/fresh/64,1,0.0174,cpu_percent,0
scheduler,scheduler/fixed/fresh/64,1,0.0174,leases,64
scheduler,scheduler/fixed/fresh/64,1,0.0174,max_leases_per_request,4
scheduler,scheduler/fixed/fresh/64,1,0.0174,max_request_bytes,4194304
scheduler,scheduler/fixed/fresh/64,1,0.0174,micros_per_request,0.99375
scheduler,scheduler/fixed/fresh/64,1,0.0174,multi_lease_requests,16
scheduler,scheduler/fixed/fresh/64,1,0.0174,planned_bytes,67108864
scheduler,scheduler/fixed/fresh/64,1,0.0174,planned_ranges,22
scheduler,scheduler/fixed/fresh/64,1,0.0174,requests,16
scheduler,scheduler/fixed/fresh/64,1,0.0174,single_lease_requests,0
scheduler,scheduler/fixed/fresh/64,1,0.0174,total,0.0159
scheduler,scheduler/fixed/fresh/64,1,0.0174,truncated_requests,16
scheduler,scheduler/fixed/fresh/64,2,0.0932,boundary_scans,16
scheduler,scheduler/fixed/fresh/64,2,0.0932,candidate_slots,16
scheduler,scheduler/fixed/fresh/64,2,0.0932,cpu_ms,0
scheduler,scheduler/fixed/fresh/64,2,0.0932,cpu_percent,0
scheduler,scheduler/fixed/fresh/64,2,0.0932,leases,64
scheduler,scheduler/fixed/fresh/64,2,0.0932,max_leases_per_request,4
scheduler,scheduler/fixed/fresh/64,2,0.0932,max_request_bytes,4194304
scheduler,scheduler/fixed/fresh/64,2,0.0932,micros_per_request,1.03125
scheduler,scheduler/fixed/fresh/64,2,0.0932,multi_lease_requests,16
scheduler,scheduler/fixed/fresh/64,2,0.0932,planned_bytes,67108864
scheduler,scheduler/fixed/fresh/64,2,0.0932,planned_ranges,22
scheduler,scheduler/fixed/fresh/64,2,0.0932,requests,16
scheduler,scheduler/fixed/fresh/64,2,0.0932,single_lease_requests,0
scheduler,scheduler/fixed/fresh/64,2,0.0932,total,0.0165
scheduler,scheduler/fixed/fresh/64,2,0.0932,truncated_requests,16
scheduler,scheduler/fixed/fresh/64,3,0.0751,boundary_scans,16
scheduler,scheduler/fixed/fresh/64,3,0.0751,candidate_slots,16
scheduler,scheduler/fixed/fresh/64,3,0.0751,cpu_ms,0
scheduler,scheduler/fixed/fresh/64,3,0.0751,cpu_percent,0
scheduler,scheduler/fixed/fresh/64,3,0.0751,leases,64
scheduler,scheduler/fixed/fresh/64,3,0.0751,max_leases_per_request,4
scheduler,scheduler/fixed/fresh/64,3,0.0751,max_request_bytes,4194304
scheduler,scheduler/fixed/fresh/64,3,0.0751,micros_per_request,4.2375
scheduler,scheduler/fixed/fresh/64,3,0.0751,multi_lease_requests,16
scheduler,scheduler/fixed/fresh/64,3,0.0751,planned_bytes,67108864
scheduler,scheduler/fixed/fresh/64,3,0.0751,planned_ranges,22
scheduler,scheduler/fixed/fresh/64,3,0.0751,requests,16
scheduler,scheduler/fixed/fresh/64,3,0.0751,single_lease_requests,0
scheduler,scheduler/fixed/fresh/64,3,0.0751,total,0.0678
scheduler,scheduler/fixed/fresh/64,3,0.0751,truncated_requests,16
scheduler,scheduler/fixed/fresh/64,4,0.0420,boundary_scans,16
scheduler,scheduler/fixed/fresh/64,4,0.0420,candidate_slots,16
scheduler,scheduler/fixed/fresh/64,4,0.0420,cpu_ms,0
scheduler,scheduler/fixed/fresh/64,4,0.0420,cpu_percent,0
scheduler,scheduler/fixed/fresh/64,4,0.0420,leases,64
scheduler,scheduler/fixed/fresh/64,4,0.0420,max_leases_per_request,4
scheduler,scheduler/fixed/fresh/64,4,0.0420,max_request_bytes,4194304
scheduler,scheduler/fixed/fresh/64,4,0.0420,micros_per_request,2.44375
scheduler,scheduler/fixed/fresh/64,4,0.0420,multi_lease_requests,16
scheduler,scheduler/fixed/fresh/64,4,0.0420,planned_bytes,67108864
scheduler,scheduler/fixed/fresh/64,4,0.0420,planned_ranges,22
scheduler,scheduler/fixed/fresh/64,4,0.0420,requests,16
scheduler,scheduler/fixed/fresh/64,4,0.0420,single_lease_requests,0
scheduler,scheduler/fixed/fresh/64,4,0.0420,total,0.0391
scheduler,scheduler/fixed/fresh/64,4,0.0420,truncated_requests,16
scheduler,scheduler/fixed/fresh/64,5,0.0363,boundary_scans,16
scheduler,scheduler/fixed/fresh/64,5,0.0363,candidate_slots,16
scheduler,scheduler/fixed/fresh/64,5,0.0363,cpu_ms,0
scheduler,scheduler/fixed/fresh/64,5,0.0363,cpu_percent,0
scheduler,scheduler/fixed/fresh/64,5,0.0363,leases,64
scheduler,scheduler/fixed/fresh/64,5,0.0363,max_leases_per_request,4
scheduler,scheduler/fixed/fresh/64,5,0.0363,max_request_bytes,4194304
scheduler,scheduler/fixed/fresh/64,5,0.0363,micros_per_request,2.1625
scheduler,scheduler/fixed/fresh/64,5,0.0363,multi_lease_requests,16
scheduler,scheduler/fixed/fresh/64,5,0.0363,planned_bytes,67108864
scheduler,scheduler/fixed/fresh/64,5,0.0363,planned_ranges,22
scheduler,scheduler/fixed/fresh/64,5,0.0363,requests,16
scheduler,scheduler/fixed/fresh/64,5,0.0363,single_lease_requests,0
scheduler,scheduler/fixed/fresh/64,5,0.0363,total,0.0346
scheduler,scheduler/fixed/fresh/64,5,0.0363,truncated_requests,16
scheduler,scheduler/fixed/fresh/64,6,0.0367,boundary_scans,16
scheduler,scheduler/fixed/fresh/64,6,0.0367,candidate_slots,16
scheduler,scheduler/fixed/fresh/64,6,0.0367,cpu_ms,0
scheduler,scheduler/fixed/fresh/64,6,0.0367,cpu_percent,0
scheduler,scheduler/fixed/fresh/64,6,0.0367,leases,64
scheduler,scheduler/fixed/fresh/64,6,0.0367,max_leases_per_request,4
scheduler,scheduler/fixed/fresh/64,6,0.0367,max_request_bytes,4194304
scheduler,scheduler/fixed/fresh/64,6,0.0367,micros_per_request,2.175
scheduler,scheduler/fixed/fresh/64,6,0.0367,multi_lease_requests,16
scheduler,scheduler/fixed/fresh/64,6,0.0367,planned_bytes,67108864
scheduler,scheduler/fixed/fresh/64,6,0.0367,planned_ranges,22
scheduler,scheduler/fixed/fresh/64,6,0.0367,requests,16
scheduler,scheduler/fixed/fresh/64,6,0.0367,single_lease_requests,0
scheduler,scheduler/fixed/fresh/64,6,0.0367,total,0.0348
scheduler,scheduler/fixed/fresh/64,6,0.0367,truncated_requests,16
scheduler,scheduler/fixed/fresh/64,7,0.0352,boundary_scans,16
scheduler,scheduler/fixed/fresh/64,7,0.0352,candidate_slots,16
scheduler,scheduler/fixed/fresh/64,7,0.0352,cpu_ms,0
scheduler,scheduler/fixed/fresh/64,7,0.0352,cpu_percent,0
scheduler,scheduler/fixed/fresh/64,7,0.0352,leases,64
scheduler,scheduler/fixed/fresh/64,7,0.0352,max_leases_per_request,4
scheduler,scheduler/fixed/fresh/64,7,0.0352,max_request_bytes,4194304
scheduler,scheduler/fixed/fresh/64,7,0.0352,micros_per_request,2.1125000000000003
scheduler,scheduler/fixed/fresh/64,7,0.0352,multi_lease_requests,16
scheduler,scheduler/fixed/fresh/64,7,0.0352,planned_bytes,67108864
scheduler,scheduler/fixed/fresh/64,7,0.0352,planned_ranges,22
scheduler,scheduler/fixed/fresh/64,7,0.0352,requests,16
scheduler,scheduler/fixed/fresh/64,7,0.0352,single_lease_requests,0
scheduler,scheduler/fixed/fresh/64,7,0.0352,total,0.033800000000000004
scheduler,scheduler/fixed/fresh/64,7,0.0352,truncated_requests,16
scheduler,scheduler/fixed/fresh/64,8,0.0342,boundary_scans,16
scheduler,scheduler/fixed/fresh/64,8,0.0342,candidate_slots,16
scheduler,scheduler/fixed/fresh/64,8,0.0342,cpu_ms,0
scheduler,scheduler/fixed/fresh/64,8,0.0342,cpu_percent,0
scheduler,scheduler/fixed/fresh/64,8,0.0342,leases,64
scheduler,scheduler/fixed/fresh/64,8,0.0342,max_leases_per_request,4
scheduler,scheduler/fixed/fresh/64,8,0.0342,max_request_bytes,4194304
scheduler,scheduler/fixed/fresh/64,8,0.0342,micros_per_request,2.09375
scheduler,scheduler/fixed/fresh/64,8,0.0342,multi_lease_requests,16
scheduler,scheduler/fixed/fresh/64,8,0.0342,planned_bytes,67108864
scheduler,scheduler/fixed/fresh/64,8,0.0342,planned_ranges,22
scheduler,scheduler/fixed/fresh/64,8,0.0342,requests,16
scheduler,scheduler/fixed/fresh/64,8,0.0342,single_lease_requests,0
scheduler,scheduler/fixed/fresh/64,8,0.0342,total,0.0335
scheduler,scheduler/fixed/fresh/64,8,0.0342,truncated_requests,16
scheduler,scheduler/fixed/fresh/64,9,0.0123,boundary_scans,16
scheduler,scheduler/fixed/fresh/64,9,0.0123,candidate_slots,16
scheduler,scheduler/fixed/fresh/64,9,0.0123,cpu_ms,0
scheduler,scheduler/fixed/fresh/64,9,0.0123,cpu_percent,0
scheduler,scheduler/fixed/fresh/64,9,0.0123,leases,64
scheduler,scheduler/fixed/fresh/64,9,0.0123,max_leases_per_request,4
scheduler,scheduler/fixed/fresh/64,9,0.0123,max_request_bytes,4194304
scheduler,scheduler/fixed/fresh/64,9,0.0123,micros_per_request,0.7312500000000001
scheduler,scheduler/fixed/fresh/64,9,0.0123,multi_lease_requests,16
scheduler,scheduler/fixed/fresh/64,9,0.0123,planned_bytes,67108864
scheduler,scheduler/fixed/fresh/64,9,0.0123,planned_ranges,22
scheduler,scheduler/fixed/fresh/64,9,0.0123,requests,16
scheduler,scheduler/fixed/fresh/64,9,0.0123,single_lease_requests,0
scheduler,scheduler/fixed/fresh/64,9,0.0123,total,0.0117
scheduler,scheduler/fixed/fresh/64,9,0.0123,truncated_requests,16
scheduler,scheduler/dynamic/holes/64,0,0.0206,boundary_scans,16
scheduler,scheduler/dynamic/holes/64,0,0.0206,candidate_slots,16
scheduler,scheduler/dynamic/holes/64,0,0.0206,cpu_ms,0
scheduler,scheduler/dynamic/holes/64,0,0.0206,cpu_percent,0
scheduler,scheduler/dynamic/holes/64,0,0.0206,leases,48
scheduler,scheduler/dynamic/holes/64,0,0.0206,max_leases_per_request,33
scheduler,scheduler/dynamic/holes/64,0,0.0206,max_request_bytes,34603008
scheduler,scheduler/dynamic/holes/64,0,0.0206,micros_per_request,1.21875
scheduler,scheduler/dynamic/holes/64,0,0.0206,multi_lease_requests,1
scheduler,scheduler/dynamic/holes/64,0,0.0206,planned_bytes,50331648
scheduler,scheduler/dynamic/holes/64,0,0.0206,planned_ranges,22
scheduler,scheduler/dynamic/holes/64,0,0.0206,requests,16
scheduler,scheduler/dynamic/holes/64,0,0.0206,single_lease_requests,15
scheduler,scheduler/dynamic/holes/64,0,0.0206,total,0.0195
scheduler,scheduler/dynamic/holes/64,0,0.0206,truncated_requests,0
scheduler,scheduler/dynamic/holes/64,1,0.0130,boundary_scans,16
scheduler,scheduler/dynamic/holes/64,1,0.0130,candidate_slots,16
scheduler,scheduler/dynamic/holes/64,1,0.0130,cpu_ms,0
scheduler,scheduler/dynamic/holes/64,1,0.0130,cpu_percent,0
scheduler,scheduler/dynamic/holes/64,1,0.0130,leases,48
scheduler,scheduler/dynamic/holes/64,1,0.0130,max_leases_per_request,33
scheduler,scheduler/dynamic/holes/64,1,0.0130,max_request_bytes,34603008
scheduler,scheduler/dynamic/holes/64,1,0.0130,micros_per_request,0.76875
scheduler,scheduler/dynamic/holes/64,1,0.0130,multi_lease_requests,1
scheduler,scheduler/dynamic/holes/64,1,0.0130,planned_bytes,50331648
scheduler,scheduler/dynamic/holes/64,1,0.0130,planned_ranges,22
scheduler,scheduler/dynamic/holes/64,1,0.0130,requests,16
scheduler,scheduler/dynamic/holes/64,1,0.0130,single_lease_requests,15
scheduler,scheduler/dynamic/holes/64,1,0.0130,total,0.0123
scheduler,scheduler/dynamic/holes/64,1,0.0130,truncated_requests,0
scheduler,scheduler/dynamic/holes/64,2,0.0120,boundary_scans,16
scheduler,scheduler/dynamic/holes/64,2,0.0120,candidate_slots,16
scheduler,scheduler/dynamic/holes/64,2,0.0120,cpu_ms,0
scheduler,scheduler/dynamic/holes/64,2,0.0120,cpu_percent,0
scheduler,scheduler/dynamic/holes/64,2,0.0120,leases,48
scheduler,scheduler/dynamic/holes/64,2,0.0120,max_leases_per_request,33
scheduler,scheduler/dynamic/holes/64,2,0.0120,max_request_bytes,34603008
scheduler,scheduler/dynamic/holes/64,2,0.0120,micros_per_request,0.6875
scheduler,scheduler/dynamic/holes/64,2,0.0120,multi_lease_requests,1
scheduler,scheduler/dynamic/holes/64,2,0.0120,planned_bytes,50331648
scheduler,scheduler/dynamic/holes/64,2,0.0120,planned_ranges,22
scheduler,scheduler/dynamic/holes/64,2,0.0120,requests,16
scheduler,scheduler/dynamic/holes/64,2,0.0120,single_lease_requests,15
scheduler,scheduler/dynamic/holes/64,2,0.0120,total,0.011
scheduler,scheduler/dynamic/holes/64,2,0.0120,truncated_requests,0
scheduler,scheduler/dynamic/holes/64,3,0.0166,boundary_scans,16
scheduler,scheduler/dynamic/holes/64,3,0.0166,candidate_slots,16
scheduler,scheduler/dynamic/holes/64,3,0.0166,cpu_ms,0
scheduler,scheduler/dynamic/holes/64,3,0.0166,cpu_percent,0
scheduler,scheduler/dynamic/holes/64,3,0.0166,leases,48
scheduler,scheduler/dynamic/holes/64,3,0.0166,max_leases_per_request,33
scheduler,scheduler/dynamic/holes/64,3,0.0166,max_request_bytes,34603008
scheduler,scheduler/dynamic/holes/64,3,0.0166,micros_per_request,1
scheduler,scheduler/dynamic/holes/64,3,0.0166,multi_lease_requests,1
scheduler,scheduler/dynamic/holes/64,3,0.0166,planned_bytes,50331648
scheduler,scheduler/dynamic/holes/64,3,0.0166,planned_ranges,22
scheduler,scheduler/dynamic/holes/64,3,0.0166,requests,16
scheduler,scheduler/dynamic/holes/64,3,0.0166,single_lease_requests,15
scheduler,scheduler/dynamic/holes/64,3,0.0166,total,0.016
scheduler,scheduler/dynamic/holes/64,3,0.0166,truncated_requests,0
scheduler,scheduler/dynamic/holes/64,4,0.0165,boundary_scans,16
scheduler,scheduler/dynamic/holes/64,4,0.0165,candidate_slots,16
scheduler,scheduler/dynamic/holes/64,4,0.0165,cpu_ms,0
scheduler,scheduler/dynamic/holes/64,4,0.0165,cpu_percent,0
scheduler,scheduler/dynamic/holes/64,4,0.0165,leases,48
scheduler,scheduler/dynamic/holes/64,4,0.0165,max_leases_per_request,33
scheduler,scheduler/dynamic/holes/64,4,0.0165,max_request_bytes,34603008
scheduler,scheduler/dynamic/holes/64,4,0.0165,micros_per_request,0.99375
scheduler,scheduler/dynamic/holes/64,4,0.0165,multi_lease_requests,1
scheduler,scheduler/dynamic/holes/64,4,0.0165,planned_bytes,50331648
scheduler,scheduler/dynamic/holes/64,4,0.0165,planned_ranges,22
scheduler,scheduler/dynamic/holes/64,4,0.0165,requests,16
scheduler,scheduler/dynamic/holes/64,4,0.0165,single_lease_requests,15
scheduler,scheduler/dynamic/holes/64,4,0.0165,total,0.0159
scheduler,scheduler/dynamic/holes/64,4,0.0165,truncated_requests,0
scheduler,scheduler/dynamic/holes/64,5,0.0152,boundary_scans,16
scheduler,scheduler/dynamic/holes/64,5,0.0152,candidate_slots,16
scheduler,scheduler/dynamic/holes/64,5,0.0152,cpu_ms,0
scheduler,scheduler/dynamic/holes/64,5,0.0152,cpu_percent,0
scheduler,scheduler/dynamic/holes/64,5,0.0152,leases,48
scheduler,scheduler/dynamic/holes/64,5,0.0152,max_leases_per_request,33
scheduler,scheduler/dynamic/holes/64,5,0.0152,max_request_bytes,34603008
scheduler,scheduler/dynamic/holes/64,5,0.0152,micros_per_request,0.90625
scheduler,scheduler/dynamic/holes/64,5,0.0152,multi_lease_requests,1
scheduler,scheduler/dynamic/holes/64,5,0.0152,planned_bytes,50331648
scheduler,scheduler/dynamic/holes/64,5,0.0152,planned_ranges,22
scheduler,scheduler/dynamic/holes/64,5,0.0152,requests,16
scheduler,scheduler/dynamic/holes/64,5,0.0152,single_lease_requests,15
scheduler,scheduler/dynamic/holes/64,5,0.0152,total,0.0145
scheduler,scheduler/dynamic/holes/64,5,0.0152,truncated_requests,0
scheduler,scheduler/dynamic/holes/64,6,0.0118,boundary_scans,16
scheduler,scheduler/dynamic/holes/64,6,0.0118,candidate_slots,16
scheduler,scheduler/dynamic/holes/64,6,0.0118,cpu_ms,0
scheduler,scheduler/dynamic/holes/64,6,0.0118,cpu_percent,0
scheduler,scheduler/dynamic/holes/64,6,0.0118,leases,48
scheduler,scheduler/dynamic/holes/64,6,0.0118,max_leases_per_request,33
scheduler,scheduler/dynamic/holes/64,6,0.0118,max_request_bytes,34603008
scheduler,scheduler/dynamic/holes/64,6,0.0118,micros_per_request,0.69375
scheduler,scheduler/dynamic/holes/64,6,0.0118,multi_lease_requests,1
scheduler,scheduler/dynamic/holes/64,6,0.0118,planned_bytes,50331648
scheduler,scheduler/dynamic/holes/64,6,0.0118,planned_ranges,22
scheduler,scheduler/dynamic/holes/64,6,0.0118,requests,16
scheduler,scheduler/dynamic/holes/64,6,0.0118,single_lease_requests,15
scheduler,scheduler/dynamic/holes/64,6,0.0118,total,0.0111
scheduler,scheduler/dynamic/holes/64,6,0.0118,truncated_requests,0
scheduler,scheduler/dynamic/holes/64,7,0.0113,boundary_scans,16
scheduler,scheduler/dynamic/holes/64,7,0.0113,candidate_slots,16
scheduler,scheduler/dynamic/holes/64,7,0.0113,cpu_ms,0
scheduler,scheduler/dynamic/holes/64,7,0.0113,cpu_percent,0
scheduler,scheduler/dynamic/holes/64,7,0.0113,leases,48
scheduler,scheduler/dynamic/holes/64,7,0.0113,max_leases_per_request,33
scheduler,scheduler/dynamic/holes/64,7,0.0113,max_request_bytes,34603008
scheduler,scheduler/dynamic/holes/64,7,0.0113,micros_per_request,0.6625
scheduler,scheduler/dynamic/holes/64,7,0.0113,multi_lease_requests,1
scheduler,scheduler/dynamic/holes/64,7,0.0113,planned_bytes,50331648
scheduler,scheduler/dynamic/holes/64,7,0.0113,planned_ranges,22
scheduler,scheduler/dynamic/holes/64,7,0.0113,requests,16
scheduler,scheduler/dynamic/holes/64,7,0.0113,single_lease_requests,15
scheduler,scheduler/dynamic/holes/64,7,0.0113,total,0.0106
scheduler,scheduler/dynamic/holes/64,7,0.0113,truncated_requests,0
scheduler,scheduler/dynamic/holes/64,8,0.0110,boundary_scans,16
scheduler,scheduler/dynamic/holes/64,8,0.0110,candidate_slots,16
scheduler,scheduler/dynamic/holes/64,8,0.0110,cpu_ms,0
scheduler,scheduler/dynamic/holes/64,8,0.0110,cpu_percent,0
scheduler,scheduler/dynamic/holes/64,8,0.0110,leases,48
scheduler,scheduler/dynamic/holes/64,8,0.0110,max_leases_per_request,33
scheduler,scheduler/dynamic/holes/64,8,0.0110,max_request_bytes,34603008
scheduler,scheduler/dynamic/holes/64,8,0.0110,micros_per_request,0.64375
scheduler,scheduler/dynamic/holes/64,8,0.0110,multi_lease_requests,1
scheduler,scheduler/dynamic/holes/64,8,0.0110,planned_bytes,50331648
scheduler,scheduler/dynamic/holes/64,8,0.0110,planned_ranges,22
scheduler,scheduler/dynamic/holes/64,8,0.0110,requests,16
scheduler,scheduler/dynamic/holes/64,8,0.0110,single_lease_requests,15
scheduler,scheduler/dynamic/holes/64,8,0.0110,total,0.0103
scheduler,scheduler/dynamic/holes/64,8,0.0110,truncated_requests,0
scheduler,scheduler/dynamic/holes/64,9,0.0109,boundary_scans,16
scheduler,scheduler/dynamic/holes/64,9,0.0109,candidate_slots,16
scheduler,scheduler/dynamic/holes/64,9,0.0109,cpu_ms,0
scheduler,scheduler/dynamic/holes/64,9,0.0109,cpu_percent,0
scheduler,scheduler/dynamic/holes/64,9,0.0109,leases,48
scheduler,scheduler/dynamic/holes/64,9,0.0109,max_leases_per_request,33
scheduler,scheduler/dynamic/holes/64,9,0.0109,max_request_bytes,34603008
scheduler,scheduler/dynamic/holes/64,9,0.0109,micros_per_request,0.64375
scheduler,scheduler/dynamic/holes/64,9,0.0109,multi_lease_requests,1
scheduler,scheduler/dynamic/holes/64,9,0.0109,planned_bytes,50331648
scheduler,scheduler/dynamic/holes/64,9,0.0109,planned_ranges,22
scheduler,scheduler/dynamic/holes/64,9,0.0109,requests,16
scheduler,scheduler/dynamic/holes/64,9,0.0109,single_lease_requests,15
scheduler,scheduler/dynamic/holes/64,9,0.0109,total,0.0103
scheduler,scheduler/dynamic/holes/64,9,0.0109,truncated_requests,0
scheduler,scheduler/fixed/holes/64,0,0.0100,boundary_scans,24
scheduler,scheduler/fixed/holes/64,0,0.0100,candidate_slots,24
scheduler,scheduler/fixed/holes/64,0,0.0100,cpu_ms,0
scheduler,scheduler/fixed/holes/64,0,0.0100,cpu_percent,0
scheduler,scheduler/fixed/holes/64,0,0.0100,leases,48
scheduler,scheduler/fixed/holes/64,0,0.0100,max_leases_per_request,4
scheduler,scheduler/fixed/holes/64,0,0.0100,max_request_bytes,4194304
scheduler,scheduler/fixed/holes/64,0,0.0100,micros_per_request,0.39166666666666666
scheduler,scheduler/fixed/holes/64,0,0.0100,multi_lease_requests,8
scheduler,scheduler/fixed/holes/64,0,0.0100,planned_bytes,50331648
scheduler,scheduler/fixed/holes/64,0,0.0100,planned_ranges,30
scheduler,scheduler/fixed/holes/64,0,0.0100,requests,24
scheduler,scheduler/fixed/holes/64,0,0.0100,single_lease_requests,16
scheduler,scheduler/fixed/holes/64,0,0.0100,total,0.0094
scheduler,scheduler/fixed/holes/64,0,0.0100,truncated_requests,24
scheduler,scheduler/fixed/holes/64,1,0.0088,boundary_scans,24
scheduler,scheduler/fixed/holes/64,1,0.0088,candidate_slots,24
scheduler,scheduler/fixed/holes/64,1,0.0088,cpu_ms,0
scheduler,scheduler/fixed/holes/64,1,0.0088,cpu_percent,0
scheduler,scheduler/fixed/holes/64,1,0.0088,leases,48
scheduler,scheduler/fixed/holes/64,1,0.0088,max_leases_per_request,4
scheduler,scheduler/fixed/holes/64,1,0.0088,max_request_bytes,4194304
scheduler,scheduler/fixed/holes/64,1,0.0088,micros_per_request,0.3416666666666666
scheduler,scheduler/fixed/holes/64,1,0.0088,multi_lease_requests,8
scheduler,scheduler/fixed/holes/64,1,0.0088,planned_bytes,50331648
scheduler,scheduler/fixed/holes/64,1,0.0088,planned_ranges,30
scheduler,scheduler/fixed/holes/64,1,0.0088,requests,24
scheduler,scheduler/fixed/holes/64,1,0.0088,single_lease_requests,16
scheduler,scheduler/fixed/holes/64,1,0.0088,total,0.008199999999999999
scheduler,scheduler/fixed/holes/64,1,0.0088,truncated_requests,24
scheduler,scheduler/fixed/holes/64,2,0.0083,boundary_scans,24
scheduler,scheduler/fixed/holes/64,2,0.0083,candidate_slots,24
scheduler,scheduler/fixed/holes/64,2,0.0083,cpu_ms,0
scheduler,scheduler/fixed/holes/64,2,0.0083,cpu_percent,0
scheduler,scheduler/fixed/holes/64,2,0.0083,leases,48
scheduler,scheduler/fixed/holes/64,2,0.0083,max_leases_per_request,4
scheduler,scheduler/fixed/holes/64,2,0.0083,max_request_bytes,4194304
scheduler,scheduler/fixed/holes/64,2,0.0083,micros_per_request,0.31666666666666665
scheduler,scheduler/fixed/holes/64,2,0.0083,multi_lease_requests,8
scheduler,scheduler/fixed/holes/64,2,0.0083,planned_bytes,50331648
scheduler,scheduler/fixed/holes/64,2,0.0083,planned_ranges,30
scheduler,scheduler/fixed/holes/64,2,0.0083,requests,24
scheduler,scheduler/fixed/holes/64,2,0.0083,single_lease_requests,16
scheduler,scheduler/fixed/holes/64,2,0.0083,total,0.0076
scheduler,scheduler/fixed/holes/64,2,0.0083,truncated_requests,24
scheduler,scheduler/fixed/holes/64,3,0.0083,boundary_scans,24
scheduler,scheduler/fixed/holes/64,3,0.0083,candidate_slots,24
scheduler,scheduler/fixed/holes/64,3,0.0083,cpu_ms,0
scheduler,scheduler/fixed/holes/64,3,0.0083,cpu_percent,0
scheduler,scheduler/fixed/holes/64,3,0.0083,leases,48
scheduler,scheduler/fixed/holes/64,3,0.0083,max_leases_per_request,4
scheduler,scheduler/fixed/holes/64,3,0.0083,max_request_bytes,4194304
scheduler,scheduler/fixed/holes/64,3,0.0083,micros_per_request,0.31666666666666665
scheduler,scheduler/fixed/holes/64,3,0.0083,multi_lease_requests,8
scheduler,scheduler/fixed/holes/64,3,0.0083,planned_bytes,50331648
scheduler,scheduler/fixed/holes/64,3,0.0083,planned_ranges,30
scheduler,scheduler/fixed/holes/64,3,0.0083,requests,24
scheduler,scheduler/fixed/holes/64,3,0.0083,single_lease_requests,16
scheduler,scheduler/fixed/holes/64,3,0.0083,total,0.0076
scheduler,scheduler/fixed/holes/64,3,0.0083,truncated_requests,24
scheduler,scheduler/fixed/holes/64,4,0.0082,boundary_scans,24
scheduler,scheduler/fixed/holes/64,4,0.0082,candidate_slots,24
scheduler,scheduler/fixed/holes/64,4,0.0082,cpu_ms,0
scheduler,scheduler/fixed/holes/64,4,0.0082,cpu_percent,0
scheduler,scheduler/fixed/holes/64,4,0.0082,leases,48
scheduler,scheduler/fixed/holes/64,4,0.0082,max_leases_per_request,4
scheduler,scheduler/fixed/holes/64,4,0.0082,max_request_bytes,4194304
scheduler,scheduler/fixed/holes/64,4,0.0082,micros_per_request,0.31666666666666665
scheduler,scheduler/fixed/holes/64,4,0.0082,multi_lease_requests,8
scheduler,scheduler/fixed/holes/64,4,0.0082,planned_bytes,50331648
scheduler,scheduler/fixed/holes/64,4,0.0082,planned_ranges,30
scheduler,scheduler/fixed/holes/64,4,0.0082,requests,24
scheduler,scheduler/fixed/holes/64,4,0.0082,single_lease_requests,16
scheduler,scheduler/fixed/holes/64,4,0.0082,total,0.0076
scheduler,scheduler/fixed/holes/64,4,0.0082,truncated_requests,24
scheduler,scheduler/fixed/holes/64,5,0.0119,boundary_scans,24
scheduler,scheduler/fixed/holes/64,5,0.0119,candidate_slots,24
scheduler,scheduler/fixed/holes/64,5,0.0119,cpu_ms,0
scheduler,scheduler/fixed/holes/64,5,0.0119,cpu_percent,0
scheduler,scheduler/fixed/holes/64,5,0.0119,leases,48
scheduler,scheduler/fixed/holes/64,5,0.0119,max_leases_per_request,4
scheduler,scheduler/fixed/holes/64,5,0.0119,max_request_bytes,4194304
scheduler,scheduler/fixed/holes/64,5,0.0119,micros_per_request,0.4708333333333334
scheduler,scheduler/fixed/holes/64,5,0.0119,multi_lease_requests,8
scheduler,scheduler/fixed/holes/64,5,0.0119,planned_bytes,50331648
scheduler,scheduler/fixed/holes/64,5,0.0119,planned_ranges,30
scheduler,scheduler/fixed/holes/64,5,0.0119,requests,24
scheduler,scheduler/fixed/holes/64,5,0.0119,single_lease_requests,16
scheduler,scheduler/fixed/holes/64,5,0.0119,total,0.011300000000000001
scheduler,scheduler/fixed/holes/64,5,0.0119,truncated_requests,24
scheduler,scheduler/fixed/holes/64,6,0.0085,boundary_scans,24
scheduler,scheduler/fixed/holes/64,6,0.0085,candidate_slots,24
scheduler,scheduler/fixed/holes/64,6,0.0085,cpu_ms,0
scheduler,scheduler/fixed/holes/64,6,0.0085,cpu_percent,0
scheduler,scheduler/fixed/holes/64,6,0.0085,leases,48
scheduler,scheduler/fixed/holes/64,6,0.0085,max_leases_per_request,4
scheduler,scheduler/fixed/holes/64,6,0.0085,max_request_bytes,4194304
scheduler,scheduler/fixed/holes/64,6,0.0085,micros_per_request,0.32916666666666666
scheduler,scheduler/fixed/holes/64,6,0.0085,multi_lease_requests,8
scheduler,scheduler/fixed/holes/64,6,0.0085,planned_bytes,50331648
scheduler,scheduler/fixed/holes/64,6,0.0085,planned_ranges,30
scheduler,scheduler/fixed/holes/64,6,0.0085,requests,24
scheduler,scheduler/fixed/holes/64,6,0.0085,single_lease_requests,16
scheduler,scheduler/fixed/holes/64,6,0.0085,total,0.0079
scheduler,scheduler/fixed/holes/64,6,0.0085,truncated_requests,24
scheduler,scheduler/fixed/holes/64,7,0.0081,boundary_scans,24
scheduler,scheduler/fixed/holes/64,7,0.0081,candidate_slots,24
scheduler,scheduler/fixed/holes/64,7,0.0081,cpu_ms,0
scheduler,scheduler/fixed/holes/64,7,0.0081,cpu_percent,0
scheduler,scheduler/fixed/holes/64,7,0.0081,leases,48
scheduler,scheduler/fixed/holes/64,7,0.0081,max_leases_per_request,4
scheduler,scheduler/fixed/holes/64,7,0.0081,max_request_bytes,4194304
scheduler,scheduler/fixed/holes/64,7,0.0081,micros_per_request,0.31250000000000006
scheduler,scheduler/fixed/holes/64,7,0.0081,multi_lease_requests,8
scheduler,scheduler/fixed/holes/64,7,0.0081,planned_bytes,50331648
scheduler,scheduler/fixed/holes/64,7,0.0081,planned_ranges,30
scheduler,scheduler/fixed/holes/64,7,0.0081,requests,24
scheduler,scheduler/fixed/holes/64,7,0.0081,single_lease_requests,16
scheduler,scheduler/fixed/holes/64,7,0.0081,total,0.007500000000000001
scheduler,scheduler/fixed/holes/64,7,0.0081,truncated_requests,24
scheduler,scheduler/fixed/holes/64,8,0.0083,boundary_scans,24
scheduler,scheduler/fixed/holes/64,8,0.0083,candidate_slots,24
scheduler,scheduler/fixed/holes/64,8,0.0083,cpu_ms,0
scheduler,scheduler/fixed/holes/64,8,0.0083,cpu_percent,0
scheduler,scheduler/fixed/holes/64,8,0.0083,leases,48
scheduler,scheduler/fixed/holes/64,8,0.0083,max_leases_per_request,4
scheduler,scheduler/fixed/holes/64,8,0.0083,max_request_bytes,4194304
scheduler,scheduler/fixed/holes/64,8,0.0083,micros_per_request,0.32083333333333336
scheduler,scheduler/fixed/holes/64,8,0.0083,multi_lease_requests,8
scheduler,scheduler/fixed/holes/64,8,0.0083,planned_bytes,50331648
scheduler,scheduler/fixed/holes/64,8,0.0083,planned_ranges,30
scheduler,scheduler/fixed/holes/64,8,0.0083,requests,24
scheduler,scheduler/fixed/holes/64,8,0.0083,single_lease_requests,16
scheduler,scheduler/fixed/holes/64,8,0.0083,total,0.007700000000000001
scheduler,scheduler/fixed/holes/64,8,0.0083,truncated_requests,24
scheduler,scheduler/fixed/holes/64,9,0.0084,boundary_scans,24
scheduler,scheduler/fixed/holes/64,9,0.0084,candidate_slots,24
scheduler,scheduler/fixed/holes/64,9,0.0084,cpu_ms,0
scheduler,scheduler/fixed/holes/64,9,0.0084,cpu_percent,0
scheduler,scheduler/fixed/holes/64,9,0.0084,leases,48
scheduler,scheduler/fixed/holes/64,9,0.0084,max_leases_per_request,4
scheduler,scheduler/fixed/holes/64,9,0.0084,max_request_bytes,4194304
scheduler,scheduler/fixed/holes/64,9,0.0084,micros_per_request,0.32083333333333336
scheduler,scheduler/fixed/holes/64,9,0.0084,multi_lease_requests,8
scheduler,scheduler/fixed/holes/64,9,0.0084,planned_bytes,50331648
scheduler,scheduler/fixed/holes/64,9,0.0084,planned_ranges,30
scheduler,scheduler/fixed/holes/64,9,0.0084,requests,24
scheduler,scheduler/fixed/holes/64,9,0.0084,single_lease_requests,16
scheduler,scheduler/fixed/holes/64,9,0.0084,total,0.007700000000000001
scheduler,scheduler/fixed/holes/64,9,0.0084,truncated_requests,24
scheduler,scheduler/dynamic/resumed_suffix/64,0,0.0114,boundary_scans,4
scheduler,scheduler/dynamic/resumed_suffix/64,0,0.0114,candidate_slots,10
scheduler,scheduler/dynamic/resumed_suffix/64,0,0.0114,cpu_ms,0
scheduler,scheduler/dynamic/resumed_suffix/64,0,0.0114,cpu_percent,0
scheduler,scheduler/dynamic/resumed_suffix/64,0,0.0114,leases,47
scheduler,scheduler/dynamic/resumed_suffix/64,0,0.0114,max_leases_per_request,12
scheduler,scheduler/dynamic/resumed_suffix/64,0,0.0114,max_request_bytes,12582912
scheduler,scheduler/dynamic/resumed_suffix/64,0,0.0114,micros_per_request,2.65
scheduler,scheduler/dynamic/resumed_suffix/64,0,0.0114,multi_lease_requests,4
scheduler,scheduler/dynamic/resumed_suffix/64,0,0.0114,planned_bytes,49283072
scheduler,scheduler/dynamic/resumed_suffix/64,0,0.0114,planned_ranges,10
scheduler,scheduler/dynamic/resumed_suffix/64,0,0.0114,requests,4
scheduler,scheduler/dynamic/resumed_suffix/64,0,0.0114,single_lease_requests,0
scheduler,scheduler/dynamic/resumed_suffix/64,0,0.0114,total,0.0106
scheduler,scheduler/dynamic/resumed_suffix/64,0,0.0114,truncated_requests,0
scheduler,scheduler/dynamic/resumed_suffix/64,1,0.0078,boundary_scans,4
scheduler,scheduler/dynamic/resumed_suffix/64,1,0.0078,candidate_slots,10
scheduler,scheduler/dynamic/resumed_suffix/64,1,0.0078,cpu_ms,0
scheduler,scheduler/dynamic/resumed_suffix/64,1,0.0078,cpu_percent,0
scheduler,scheduler/dynamic/resumed_suffix/64,1,0.0078,leases,47
scheduler,scheduler/dynamic/resumed_suffix/64,1,0.0078,max_leases_per_request,12
scheduler,scheduler/dynamic/resumed_suffix/64,1,0.0078,max_request_bytes,12582912
scheduler,scheduler/dynamic/resumed_suffix/64,1,0.0078,micros_per_request,1.775
scheduler,scheduler/dynamic/resumed_suffix/64,1,0.0078,multi_lease_requests,4
scheduler,scheduler/dynamic/resumed_suffix/64,1,0.0078,planned_bytes,49283072
scheduler,scheduler/dynamic/resumed_suffix/64,1,0.0078,planned_ranges,10
scheduler,scheduler/dynamic/resumed_suffix/64,1,0.0078,requests,4
scheduler,scheduler/dynamic/resumed_suffix/64,1,0.0078,single_lease_requests,0
scheduler,scheduler/dynamic/resumed_suffix/64,1,0.0078,total,0.0070999999999999995
scheduler,scheduler/dynamic/resumed_suffix/64,1,0.0078,truncated_requests,0
scheduler,scheduler/dynamic/resumed_suffix/64,2,0.0074,boundary_scans,4
scheduler,scheduler/dynamic/resumed_suffix/64,2,0.0074,candidate_slots,10
scheduler,scheduler/dynamic/resumed_suffix/64,2,0.0074,cpu_ms,0
scheduler,scheduler/dynamic/resumed_suffix/64,2,0.0074,cpu_percent,0
scheduler,scheduler/dynamic/resumed_suffix/64,2,0.0074,leases,47
scheduler,scheduler/dynamic/resumed_suffix/64,2,0.0074,max_leases_per_request,12
scheduler,scheduler/dynamic/resumed_suffix/64,2,0.0074,max_request_bytes,12582912
scheduler,scheduler/dynamic/resumed_suffix/64,2,0.0074,micros_per_request,1.65
scheduler,scheduler/dynamic/resumed_suffix/64,2,0.0074,multi_lease_requests,4
scheduler,scheduler/dynamic/resumed_suffix/64,2,0.0074,planned_bytes,49283072
scheduler,scheduler/dynamic/resumed_suffix/64,2,0.0074,planned_ranges,10
scheduler,scheduler/dynamic/resumed_suffix/64,2,0.0074,requests,4
scheduler,scheduler/dynamic/resumed_suffix/64,2,0.0074,single_lease_requests,0
scheduler,scheduler/dynamic/resumed_suffix/64,2,0.0074,total,0.0066
scheduler,scheduler/dynamic/resumed_suffix/64,2,0.0074,truncated_requests,0
scheduler,scheduler/dynamic/resumed_suffix/64,3,0.0067,boundary_scans,4
scheduler,scheduler/dynamic/resumed_suffix/64,3,0.0067,candidate_slots,10
scheduler,scheduler/dynamic/resumed_suffix/64,3,0.0067,cpu_ms,0
scheduler,scheduler/dynamic/resumed_suffix/64,3,0.0067,cpu_percent,0
scheduler,scheduler/dynamic/resumed_suffix/64,3,0.0067,leases,47
scheduler,scheduler/dynamic/resumed_suffix/64,3,0.0067,max_leases_per_request,12
scheduler,scheduler/dynamic/resumed_suffix/64,3,0.0067,max_request_bytes,12582912
scheduler,scheduler/dynamic/resumed_suffix/64,3,0.0067,micros_per_request,1.4749999999999999
scheduler,scheduler/dynamic/resumed_suffix/64,3,0.0067,multi_lease_requests,4
scheduler,scheduler/dynamic/resumed_suffix/64,3,0.0067,planned_bytes,49283072
scheduler,scheduler/dynamic/resumed_suffix/64,3,0.0067,planned_ranges,10
scheduler,scheduler/dynamic/resumed_suffix/64,3,0.0067,requests,4
scheduler,scheduler/dynamic/resumed_suffix/64,3,0.0067,single_lease_requests,0
scheduler,scheduler/dynamic/resumed_suffix/64,3,0.0067,total,0.0059
scheduler,scheduler/dynamic/resumed_suffix/64,3,0.0067,truncated_requests,0
scheduler,scheduler/dynamic/resumed_suffix/64,4,0.0133,boundary_scans,4
scheduler,scheduler/dynamic/resumed_suffix/64,4,0.0133,candidate_slots,10
scheduler,scheduler/dynamic/resumed_suffix/64,4,0.0133,cpu_ms,0
scheduler,scheduler/dynamic/resumed_suffix/64,4,0.0133,cpu_percent,0
scheduler,scheduler/dynamic/resumed_suffix/64,4,0.0133,leases,47
scheduler,scheduler/dynamic/resumed_suffix/64,4,0.0133,max_leases_per_request,12
scheduler,scheduler/dynamic/resumed_suffix/64,4,0.0133,max_request_bytes,12582912
scheduler,scheduler/dynamic/resumed_suffix/64,4,0.0133,micros_per_request,3.1750000000000003
scheduler,scheduler/dynamic/resumed_suffix/64,4,0.0133,multi_lease_requests,4
scheduler,scheduler/dynamic/resumed_suffix/64,4,0.0133,planned_bytes,49283072
scheduler,scheduler/dynamic/resumed_suffix/64,4,0.0133,planned_ranges,10
scheduler,scheduler/dynamic/resumed_suffix/64,4,0.0133,requests,4
scheduler,scheduler/dynamic/resumed_suffix/64,4,0.0133,single_lease_requests,0
scheduler,scheduler/dynamic/resumed_suffix/64,4,0.0133,total,0.012700000000000001
scheduler,scheduler/dynamic/resumed_suffix/64,4,0.0133,truncated_requests,0
scheduler,scheduler/dynamic/resumed_suffix/64,5,0.0068,boundary_scans,4
scheduler,scheduler/dynamic/resumed_suffix/64,5,0.0068,candidate_slots,10
scheduler,scheduler/dynamic/resumed_suffix/64,5,0.0068,cpu_ms,0
scheduler,scheduler/dynamic/resumed_suffix/64,5,0.0068,cpu_percent,0
scheduler,scheduler/dynamic/resumed_suffix/64,5,0.0068,leases,47
scheduler,scheduler/dynamic/resumed_suffix/64,5,0.0068,max_leases_per_request,12
scheduler,scheduler/dynamic/resumed_suffix/64,5,0.0068,max_request_bytes,12582912
scheduler,scheduler/dynamic/resumed_suffix/64,5,0.0068,micros_per_request,1.55
scheduler,scheduler/dynamic/resumed_suffix/64,5,0.0068,multi_lease_requests,4
scheduler,scheduler/dynamic/resumed_suffix/64,5,0.0068,planned_bytes,49283072
scheduler,scheduler/dynamic/resumed_suffix/64,5,0.0068,planned_ranges,10
scheduler,scheduler/dynamic/resumed_suffix/64,5,0.0068,requests,4
scheduler,scheduler/dynamic/resumed_suffix/64,5,0.0068,single_lease_requests,0
scheduler,scheduler/dynamic/resumed_suffix/64,5,0.0068,total,0.0062
scheduler,scheduler/dynamic/resumed_suffix/64,5,0.0068,truncated_requests,0
scheduler,scheduler/dynamic/resumed_suffix/64,6,0.0062,boundary_scans,4
scheduler,scheduler/dynamic/resumed_suffix/64,6,0.0062,candidate_slots,10
scheduler,scheduler/dynamic/resumed_suffix/64,6,0.0062,cpu_ms,0
scheduler,scheduler/dynamic/resumed_suffix/64,6,0.0062,cpu_percent,0
scheduler,scheduler/dynamic/resumed_suffix/64,6,0.0062,leases,47
scheduler,scheduler/dynamic/resumed_suffix/64,6,0.0062,max_leases_per_request,12
scheduler,scheduler/dynamic/resumed_suffix/64,6,0.0062,max_request_bytes,12582912
scheduler,scheduler/dynamic/resumed_suffix/64,6,0.0062,micros_per_request,1.4
scheduler,scheduler/dynamic/resumed_suffix/64,6,0.0062,multi_lease_requests,4
scheduler,scheduler/dynamic/resumed_suffix/64,6,0.0062,planned_bytes,49283072
scheduler,scheduler/dynamic/resumed_suffix/64,6,0.0062,planned_ranges,10
scheduler,scheduler/dynamic/resumed_suffix/64,6,0.0062,requests,4
scheduler,scheduler/dynamic/resumed_suffix/64,6,0.0062,single_lease_requests,0
scheduler,scheduler/dynamic/resumed_suffix/64,6,0.0062,total,0.0056
scheduler,scheduler/dynamic/resumed_suffix/64,6,0.0062,truncated_requests,0
scheduler,scheduler/dynamic/resumed_suffix/64,7,0.0084,boundary_scans,4
scheduler,scheduler/dynamic/resumed_suffix/64,7,0.0084,candidate_slots,10
scheduler,scheduler/dynamic/resumed_suffix/64,7,0.0084,cpu_ms,0
scheduler,scheduler/dynamic/resumed_suffix/64,7,0.0084,cpu_percent,0
scheduler,scheduler/dynamic/resumed_suffix/64,7,0.0084,leases,47
scheduler,scheduler/dynamic/resumed_suffix/64,7,0.0084,max_leases_per_request,12
scheduler,scheduler/dynamic/resumed_suffix/64,7,0.0084,max_request_bytes,12582912
scheduler,scheduler/dynamic/resumed_suffix/64,7,0.0084,micros_per_request,1.95
scheduler,scheduler/dynamic/resumed_suffix/64,7,0.0084,multi_lease_requests,4
scheduler,scheduler/dynamic/resumed_suffix/64,7,0.0084,planned_bytes,49283072
scheduler,scheduler/dynamic/resumed_suffix/64,7,0.0084,planned_ranges,10
scheduler,scheduler/dynamic/resumed_suffix/64,7,0.0084,requests,4
scheduler,scheduler/dynamic/resumed_suffix/64,7,0.0084,single_lease_requests,0
scheduler,scheduler/dynamic/resumed_suffix/64,7,0.0084,total,0.0078
scheduler,scheduler/dynamic/resumed_suffix/64,7,0.0084,truncated_requests,0
scheduler,scheduler/dynamic/resumed_suffix/64,8,0.0068,boundary_scans,4
scheduler,scheduler/dynamic/resumed_suffix/64,8,0.0068,candidate_slots,10
scheduler,scheduler/dynamic/resumed_suffix/64,8,0.0068,cpu_ms,0
scheduler,scheduler/dynamic/resumed_suffix/64,8,0.0068,cpu_percent,0
scheduler,scheduler/dynamic/resumed_suffix/64,8,0.0068,leases,47
scheduler,scheduler/dynamic/resumed_suffix/64,8,0.0068,max_leases_per_request,12
scheduler,scheduler/dynamic/resumed_suffix/64,8,0.0068,max_request_bytes,12582912
scheduler,scheduler/dynamic/resumed_suffix/64,8,0.0068,micros_per_request,1.55
scheduler,scheduler/dynamic/resumed_suffix/64,8,0.0068,multi_lease_requests,4
scheduler,scheduler/dynamic/resumed_suffix/64,8,0.0068,planned_bytes,49283072
scheduler,scheduler/dynamic/resumed_suffix/64,8,0.0068,planned_ranges,10
scheduler,scheduler/dynamic/resumed_suffix/64,8,0.0068,requests,4
scheduler,scheduler/dynamic/resumed_suffix/64,8,0.0068,single_lease_requests,0
scheduler,scheduler/dynamic/resumed_suffix/64,8,0.0068,total,0.0062
scheduler,scheduler/dynamic/resumed_suffix/64,8,0.0068,truncated_requests,0
scheduler,scheduler/dynamic/resumed_suffix/64,9,0.0072,boundary_scans,4
scheduler,scheduler/dynamic/resumed_suffix/64,9,0.0072,candidate_slots,10
scheduler,scheduler/dynamic/resumed_suffix/64,9,0.0072,cpu_ms,0
scheduler,scheduler/dynamic/resumed_suffix/64,9,0.0072,cpu_percent,0
scheduler,scheduler/dynamic/resumed_suffix/64,9,0.0072,leases,47
scheduler,scheduler/dynamic/resumed_suffix/64,9,0.0072,max_leases_per_request,12
scheduler,scheduler/dynamic/resumed_suffix/64,9,0.0072,max_request_bytes,12582912
scheduler,scheduler/dynamic/resumed_suffix/64,9,0.0072,micros_per_request,1.625
scheduler,scheduler/dynamic/resumed_suffix/64,9,0.0072,multi_lease_requests,4
scheduler,scheduler/dynamic/resumed_suffix/64,9,0.0072,planned_bytes,49283072
scheduler,scheduler/dynamic/resumed_suffix/64,9,0.0072,planned_ranges,10
scheduler,scheduler/dynamic/resumed_suffix/64,9,0.0072,requests,4
scheduler,scheduler/dynamic/resumed_suffix/64,9,0.0072,single_lease_requests,0
scheduler,scheduler/dynamic/resumed_suffix/64,9,0.0072,total,0.0065
scheduler,scheduler/dynamic/resumed_suffix/64,9,0.0072,truncated_requests,0
scheduler,scheduler/fixed/resumed_suffix/64,0,0.0095,boundary_scans,12
scheduler,scheduler/fixed/resumed_suffix/64,0,0.0095,candidate_slots,12
scheduler,scheduler/fixed/resumed_suffix/64,0,0.0095,cpu_ms,0
scheduler,scheduler/fixed/resumed_suffix/64,0,0.0095,cpu_percent,0
scheduler,scheduler/fixed/resumed_suffix/64,0,0.0095,leases,47
scheduler,scheduler/fixed/resumed_suffix/64,0,0.0095,max_leases_per_request,4
scheduler,scheduler/fixed/resumed_suffix/64,0,0.0095,max_request_bytes,4194304
scheduler,scheduler/fixed/resumed_suffix/64,0,0.0095,micros_per_request,0.7416666666666667
scheduler,scheduler/fixed/resumed_suffix/64,0,0.0095,multi_lease_requests,12
scheduler,scheduler/fixed/resumed_suffix/64,0,0.0095,planned_bytes,49283072
scheduler,scheduler/fixed/resumed_suffix/64,0,0.0095,planned_ranges,18
scheduler,scheduler/fixed/resumed_suffix/64,0,0.0095,requests,12
scheduler,scheduler/fixed/resumed_suffix/64,0,0.0095,single_lease_requests,0
scheduler,scheduler/fixed/resumed_suffix/64,0,0.0095,total,0.0089
scheduler,scheduler/fixed/resumed_suffix/64,0,0.0095,truncated_requests,12
scheduler,scheduler/fixed/resumed_suffix/64,1,0.0090,boundary_scans,12
scheduler,scheduler/fixed/resumed_suffix/64,1,0.0090,candidate_slots,12
scheduler,scheduler/fixed/resumed_suffix/64,1,0.0090,cpu_ms,0
scheduler,scheduler/fixed/resumed_suffix/64,1,0.0090,cpu_percent,0
scheduler,scheduler/fixed/resumed_suffix/64,1,0.0090,leases,47
scheduler,scheduler/fixed/resumed_suffix/64,1,0.0090,max_leases_per_request,4
scheduler,scheduler/fixed/resumed_suffix/64,1,0.0090,max_request_bytes,4194304
scheduler,scheduler/fixed/resumed_suffix/64,1,0.0090,micros_per_request,0.7000000000000001
scheduler,scheduler/fixed/resumed_suffix/64,1,0.0090,multi_lease_requests,12
scheduler,scheduler/fixed/resumed_suffix/64,1,0.0090,planned_bytes,49283072
scheduler,scheduler/fixed/resumed_suffix/64,1,0.0090,planned_ranges,18
scheduler,scheduler/fixed/resumed_suffix/64,1,0.0090,requests,12
scheduler,scheduler/fixed/resumed_suffix/64,1,0.0090,single_lease_requests,0
scheduler,scheduler/fixed/resumed_suffix/64,1,0.0090,total,0.0084
scheduler,scheduler/fixed/resumed_suffix/64,1,0.0090,truncated_requests,12
scheduler,scheduler/fixed/resumed_suffix/64,2,0.0088,boundary_scans,12
scheduler,scheduler/fixed/resumed_suffix/64,2,0.0088,candidate_slots,12
scheduler,scheduler/fixed/resumed_suffix/64,2,0.0088,cpu_ms,0
scheduler,scheduler/fixed/resumed_suffix/64,2,0.0088,cpu_percent,0
scheduler,scheduler/fixed/resumed_suffix/64,2,0.0088,leases,47
scheduler,scheduler/fixed/resumed_suffix/64,2,0.0088,max_leases_per_request,4
scheduler,scheduler/fixed/resumed_suffix/64,2,0.0088,max_request_bytes,4194304
scheduler,scheduler/fixed/resumed_suffix/64,2,0.0088,micros_per_request,0.6833333333333332
scheduler,scheduler/fixed/resumed_suffix/64,2,0.0088,multi_lease_requests,12
scheduler,scheduler/fixed/resumed_suffix/64,2,0.0088,planned_bytes,49283072
scheduler,scheduler/fixed/resumed_suffix/64,2,0.0088,planned_ranges,18
scheduler,scheduler/fixed/resumed_suffix/64,2,0.0088,requests,12
scheduler,scheduler/fixed/resumed_suffix/64,2,0.0088,single_lease_requests,0
scheduler,scheduler/fixed/resumed_suffix/64,2,0.0088,total,0.008199999999999999
scheduler,scheduler/fixed/resumed_suffix/64,2,0.0088,truncated_requests,12
scheduler,scheduler/fixed/resumed_suffix/64,3,0.0085,boundary_scans,12
scheduler,scheduler/fixed/resumed_suffix/64,3,0.0085,candidate_slots,12
scheduler,scheduler/fixed/resumed_suffix/64,3,0.0085,cpu_ms,0
scheduler,scheduler/fixed/resumed_suffix/64,3,0.0085,cpu_percent,0
scheduler,scheduler/fixed/resumed_suffix/64,3,0.0085,leases,47
scheduler,scheduler/fixed/resumed_suffix/64,3,0.0085,max_leases_per_request,4
scheduler,scheduler/fixed/resumed_suffix/64,3,0.0085,max_request_bytes,4194304
scheduler,scheduler/fixed/resumed_suffix/64,3,0.0085,micros_per_request,0.6583333333333333
scheduler,scheduler/fixed/resumed_suffix/64,3,0.0085,multi_lease_requests,12
scheduler,scheduler/fixed/resumed_suffix/64,3,0.0085,planned_bytes,49283072
scheduler,scheduler/fixed/resumed_suffix/64,3,0.0085,planned_ranges,18
scheduler,scheduler/fixed/resumed_suffix/64,3,0.0085,requests,12
scheduler,scheduler/fixed/resumed_suffix/64,3,0.0085,single_lease_requests,0
scheduler,scheduler/fixed/resumed_suffix/64,3,0.0085,total,0.0079
scheduler,scheduler/fixed/resumed_suffix/64,3,0.0085,truncated_requests,12
scheduler,scheduler/fixed/resumed_suffix/64,4,0.0086,boundary_scans,12
scheduler,scheduler/fixed/resumed_suffix/64,4,0.0086,candidate_slots,12
scheduler,scheduler/fixed/resumed_suffix/64,4,0.0086,cpu_ms,0
scheduler,scheduler/fixed/resumed_suffix/64,4,0.0086,cpu_percent,0
scheduler,scheduler/fixed/resumed_suffix/64,4,0.0086,leases,47
scheduler,scheduler/fixed/resumed_suffix/64,4,0.0086,max_leases_per_request,4
scheduler,scheduler/fixed/resumed_suffix/64,4,0.0086,max_request_bytes,4194304
scheduler,scheduler/fixed/resumed_suffix/64,4,0.0086,micros_per_request,0.6666666666666666
scheduler,scheduler/fixed/resumed_suffix/64,4,0.0086,multi_lease_requests,12
scheduler,scheduler/fixed/resumed_suffix/64,4,0.0086,planned_bytes,49283072
scheduler,scheduler/fixed/resumed_suffix/64,4,0.0086,planned_ranges,18
scheduler,scheduler/fixed/resumed_suffix/64,4,0.0086,requests,12
scheduler,scheduler/fixed/resumed_suffix/64,4,0.0086,single_lease_requests,0
scheduler,scheduler/fixed/resumed_suffix/64,4,0.0086,total,0.008
scheduler,scheduler/fixed/resumed_suffix/64,4,0.0086,truncated_requests,12
scheduler,scheduler/fixed/resumed_suffix/64,5,0.0087,boundary_scans,12
scheduler,scheduler/fixed/resumed_suffix/64,5,0.0087,candidate_slots,12
scheduler,scheduler/fixed/resumed_suffix/64,5,0.0087,cpu_ms,0
scheduler,scheduler/fixed/resumed_suffix/64,5,0.0087,cpu_percent,0
scheduler,scheduler/fixed/resumed_suffix/64,5,0.0087,leases,47
scheduler,scheduler/fixed/resumed_suffix/64,5,0.0087,max_leases_per_request,4
scheduler,scheduler/fixed/resumed_suffix/64,5,0.0087,max_request_bytes,4194304
scheduler,scheduler/fixed/resumed_suffix/64,5,0.0087,micros_per_request,0.6833333333333332
scheduler,scheduler/fixed/resumed_suffix/64,5,0.0087,multi_lease_requests,12
scheduler,scheduler/fixed/resumed_suffix/64,5,0.0087,planned_bytes,49283072
scheduler,scheduler/fixed/resumed_suffix/64,5,0.0087,planned_ranges,18
scheduler,scheduler/fixed/resumed_suffix/64,5,0.0087,requests,12
scheduler,scheduler/fixed/resumed_suffix/64,5,0.0087,single_lease_requests,0
scheduler,scheduler/fixed/resumed_suffix/64,5,0.0087,total,0.008199999999999999
scheduler,scheduler/fixed/resumed_suffix/64,5,0.0087,truncated_requests,12
scheduler,scheduler/fixed/resumed_suffix/64,6,0.0088,boundary_scans,12
scheduler,scheduler/fixed/resumed_suffix/64,6,0.0088,candidate_slots,12
scheduler,scheduler/fixed/resumed_suffix/64,6,0.0088,cpu_ms,0
scheduler,scheduler/fixed/resumed_suffix/64,6,0.0088,cpu_percent,0
scheduler,scheduler/fixed/resumed_suffix/64,6,0.0088,leases,47
scheduler,scheduler/fixed/resumed_suffix/64,6,0.0088,max_leases_per_request,4
scheduler,scheduler/fixed/resumed_suffix/64,6,0.0088,max_request_bytes,4194304
scheduler,scheduler/fixed/resumed_suffix/64,6,0.0088,micros_per_request,0.6666666666666666
scheduler,scheduler/fixed/resumed_suffix/64,6,0.0088,multi_lease_requests,12
scheduler,scheduler/fixed/resumed_suffix/64,6,0.0088,planned_bytes,49283072
scheduler,scheduler/fixed/resumed_suffix/64,6,0.0088,planned_ranges,18
scheduler,scheduler/fixed/resumed_suffix/64,6,0.0088,requests,12
scheduler,scheduler/fixed/resumed_suffix/64,6,0.0088,single_lease_requests,0
scheduler,scheduler/fixed/resumed_suffix/64,6,0.0088,total,0.008
scheduler,scheduler/fixed/resumed_suffix/64,6,0.0088,truncated_requests,12
scheduler,scheduler/fixed/resumed_suffix/64,7,0.0086,boundary_scans,12
scheduler,scheduler/fixed/resumed_suffix/64,7,0.0086,candidate_slots,12
scheduler,scheduler/fixed/resumed_suffix/64,7,0.0086,cpu_ms,0
scheduler,scheduler/fixed/resumed_suffix/64,7,0.0086,cpu_percent,0
scheduler,scheduler/fixed/resumed_suffix/64,7,0.0086,leases,47
scheduler,scheduler/fixed/resumed_suffix/64,7,0.0086,max_leases_per_request,4
scheduler,scheduler/fixed/resumed_suffix/64,7,0.0086,max_request_bytes,4194304
scheduler,scheduler/fixed/resumed_suffix/64,7,0.0086,micros_per_request,0.6666666666666666
scheduler,scheduler/fixed/resumed_suffix/64,7,0.0086,multi_lease_requests,12
scheduler,scheduler/fixed/resumed_suffix/64,7,0.0086,planned_bytes,49283072
scheduler,scheduler/fixed/resumed_suffix/64,7,0.0086,planned_ranges,18
scheduler,scheduler/fixed/resumed_suffix/64,7,0.0086,requests,12
scheduler,scheduler/fixed/resumed_suffix/64,7,0.0086,single_lease_requests,0
scheduler,scheduler/fixed/resumed_suffix/64,7,0.0086,total,0.008
scheduler,scheduler/fixed/resumed_suffix/64,7,0.0086,truncated_requests,12
scheduler,scheduler/fixed/resumed_suffix/64,8,0.0152,boundary_scans,12
scheduler,scheduler/fixed/resumed_suffix/64,8,0.0152,candidate_slots,12
scheduler,scheduler/fixed/resumed_suffix/64,8,0.0152,cpu_ms,0
scheduler,scheduler/fixed/resumed_suffix/64,8,0.0152,cpu_percent,0
scheduler,scheduler/fixed/resumed_suffix/64,8,0.0152,leases,47
scheduler,scheduler/fixed/resumed_suffix/64,8,0.0152,max_leases_per_request,4
scheduler,scheduler/fixed/resumed_suffix/64,8,0.0152,max_request_bytes,4194304
scheduler,scheduler/fixed/resumed_suffix/64,8,0.0152,micros_per_request,1.2166666666666666
scheduler,scheduler/fixed/resumed_suffix/64,8,0.0152,multi_lease_requests,12
scheduler,scheduler/fixed/resumed_suffix/64,8,0.0152,planned_bytes,49283072
scheduler,scheduler/fixed/resumed_suffix/64,8,0.0152,planned_ranges,18
scheduler,scheduler/fixed/resumed_suffix/64,8,0.0152,requests,12
scheduler,scheduler/fixed/resumed_suffix/64,8,0.0152,single_lease_requests,0
scheduler,scheduler/fixed/resumed_suffix/64,8,0.0152,total,0.0146
scheduler,scheduler/fixed/resumed_suffix/64,8,0.0152,truncated_requests,12
scheduler,scheduler/fixed/resumed_suffix/64,9,0.0085,boundary_scans,12
scheduler,scheduler/fixed/resumed_suffix/64,9,0.0085,candidate_slots,12
scheduler,scheduler/fixed/resumed_suffix/64,9,0.0085,cpu_ms,0
scheduler,scheduler/fixed/resumed_suffix/64,9,0.0085,cpu_percent,0
scheduler,scheduler/fixed/resumed_suffix/64,9,0.0085,leases,47
scheduler,scheduler/fixed/resumed_suffix/64,9,0.0085,max_leases_per_request,4
scheduler,scheduler/fixed/resumed_suffix/64,9,0.0085,max_request_bytes,4194304
scheduler,scheduler/fixed/resumed_suffix/64,9,0.0085,micros_per_request,0.6666666666666666
scheduler,scheduler/fixed/resumed_suffix/64,9,0.0085,multi_lease_requests,12
scheduler,scheduler/fixed/resumed_suffix/64,9,0.0085,planned_bytes,49283072
scheduler,scheduler/fixed/resumed_suffix/64,9,0.0085,planned_ranges,18
scheduler,scheduler/fixed/resumed_suffix/64,9,0.0085,requests,12
scheduler,scheduler/fixed/resumed_suffix/64,9,0.0085,single_lease_requests,0
scheduler,scheduler/fixed/resumed_suffix/64,9,0.0085,total,0.008
scheduler,scheduler/fixed/resumed_suffix/64,9,0.0085,truncated_requests,12
scheduler,scheduler/dynamic/fresh/512,0,0.1796,boundary_scans,8
scheduler,scheduler/dynamic/fresh/512,0,0.1796,candidate_slots,14
scheduler,scheduler/dynamic/fresh/512,0,0.1796,cpu_ms,0
scheduler,scheduler/dynamic/fresh/512,0,0.1796,cpu_percent,0
scheduler,scheduler/dynamic/fresh/512,0,0.1796,leases,512
scheduler,scheduler/dynamic/fresh/512,0,0.1796,max_leases_per_request,64
scheduler,scheduler/dynamic/fresh/512,0,0.1796,max_request_bytes,67108864
scheduler,scheduler/dynamic/fresh/512,0,0.1796,micros_per_request,22.35
scheduler,scheduler/dynamic/fresh/512,0,0.1796,multi_lease_requests,8
scheduler,scheduler/dynamic/fresh/512,0,0.1796,planned_bytes,536870912
scheduler,scheduler/dynamic/fresh/512,0,0.1796,planned_ranges,14
scheduler,scheduler/dynamic/fresh/512,0,0.1796,requests,8
scheduler,scheduler/dynamic/fresh/512,0,0.1796,single_lease_requests,0
scheduler,scheduler/dynamic/fresh/512,0,0.1796,total,0.17880000000000001
scheduler,scheduler/dynamic/fresh/512,0,0.1796,truncated_requests,7
scheduler,scheduler/dynamic/fresh/512,1,0.1333,boundary_scans,8
scheduler,scheduler/dynamic/fresh/512,1,0.1333,candidate_slots,14
scheduler,scheduler/dynamic/fresh/512,1,0.1333,cpu_ms,0
scheduler,scheduler/dynamic/fresh/512,1,0.1333,cpu_percent,0
scheduler,scheduler/dynamic/fresh/512,1,0.1333,leases,512
scheduler,scheduler/dynamic/fresh/512,1,0.1333,max_leases_per_request,64
scheduler,scheduler/dynamic/fresh/512,1,0.1333,max_request_bytes,67108864
scheduler,scheduler/dynamic/fresh/512,1,0.1333,micros_per_request,16.5375
scheduler,scheduler/dynamic/fresh/512,1,0.1333,multi_lease_requests,8
scheduler,scheduler/dynamic/fresh/512,1,0.1333,planned_bytes,536870912
scheduler,scheduler/dynamic/fresh/512,1,0.1333,planned_ranges,14
scheduler,scheduler/dynamic/fresh/512,1,0.1333,requests,8
scheduler,scheduler/dynamic/fresh/512,1,0.1333,single_lease_requests,0
scheduler,scheduler/dynamic/fresh/512,1,0.1333,total,0.1323
scheduler,scheduler/dynamic/fresh/512,1,0.1333,truncated_requests,7
scheduler,scheduler/dynamic/fresh/512,2,0.1380,boundary_scans,8
scheduler,scheduler/dynamic/fresh/512,2,0.1380,candidate_slots,14
scheduler,scheduler/dynamic/fresh/512,2,0.1380,cpu_ms,0
scheduler,scheduler/dynamic/fresh/512,2,0.1380,cpu_percent,0
scheduler,scheduler/dynamic/fresh/512,2,0.1380,leases,512
scheduler,scheduler/dynamic/fresh/512,2,0.1380,max_leases_per_request,64
scheduler,scheduler/dynamic/fresh/512,2,0.1380,max_request_bytes,67108864
scheduler,scheduler/dynamic/fresh/512,2,0.1380,micros_per_request,17.15
scheduler,scheduler/dynamic/fresh/512,2,0.1380,multi_lease_requests,8
scheduler,scheduler/dynamic/fresh/512,2,0.1380,planned_bytes,536870912
scheduler,scheduler/dynamic/fresh/512,2,0.1380,planned_ranges,14
scheduler,scheduler/dynamic/fresh/512,2,0.1380,requests,8
scheduler,scheduler/dynamic/fresh/512,2,0.1380,single_lease_requests,0
scheduler,scheduler/dynamic/fresh/512,2,0.1380,total,0.1372
scheduler,scheduler/dynamic/fresh/512,2,0.1380,truncated_requests,7
scheduler,scheduler/dynamic/fresh/512,3,0.1388,boundary_scans,8
scheduler,scheduler/dynamic/fresh/512,3,0.1388,candidate_slots,14
scheduler,scheduler/dynamic/fresh/512,3,0.1388,cpu_ms,0
scheduler,scheduler/dynamic/fresh/512,3,0.1388,cpu_percent,0
scheduler,scheduler/dynamic/fresh/512,3,0.1388,leases,512
scheduler,scheduler/dynamic/fresh/512,3,0.1388,max_leases_per_request,64
scheduler,scheduler/dynamic/fresh/512,3,0.1388,max_request_bytes,67108864
scheduler,scheduler/dynamic/fresh/512,3,0.1388,micros_per_request,17.249999999999996
scheduler,scheduler/dynamic/fresh/512,3,0.1388,multi_lease_requests,8
scheduler,scheduler/dynamic/fresh/512,3,0.1388,planned_bytes,536870912
scheduler,scheduler/dynamic/fresh/512,3,0.1388,planned_ranges,14
scheduler,scheduler/dynamic/fresh/512,3,0.1388,requests,8
scheduler,scheduler/dynamic/fresh/512,3,0.1388,single_lease_requests,0
scheduler,scheduler/dynamic/fresh/512,3,0.1388,total,0.13799999999999998
scheduler,scheduler/dynamic/fresh/512,3,0.1388,truncated_requests,7
scheduler,scheduler/dynamic/fresh/512,4,0.1418,boundary_scans,8
scheduler,scheduler/dynamic/fresh/512,4,0.1418,candidate_slots,14
scheduler,scheduler/dynamic/fresh/512,4,0.1418,cpu_ms,0
scheduler,scheduler/dynamic/fresh/512,4,0.1418,cpu_percent,0
scheduler,scheduler/dynamic/fresh/512,4,0.1418,leases,512
scheduler,scheduler/dynamic/fresh/512,4,0.1418,max_leases_per_request,64
scheduler,scheduler/dynamic/fresh/512,4,0.1418,max_request_bytes,67108864
scheduler,scheduler/dynamic/fresh/512,4,0.1418,micros_per_request,17.45
scheduler,scheduler/dynamic/fresh/512,4,0.1418,multi_lease_requests,8
scheduler,scheduler/dynamic/fresh/512,4,0.1418,planned_bytes,536870912
scheduler,scheduler/dynamic/fresh/512,4,0.1418,planned_ranges,14
scheduler,scheduler/dynamic/fresh/512,4,0.1418,requests,8
scheduler,scheduler/dynamic/fresh/512,4,0.1418,single_lease_requests,0
scheduler,scheduler/dynamic/fresh/512,4,0.1418,total,0.1396
scheduler,scheduler/dynamic/fresh/512,4,0.1418,truncated_requests,7
scheduler,scheduler/dynamic/fresh/512,5,0.2418,boundary_scans,8
scheduler,scheduler/dynamic/fresh/512,5,0.2418,candidate_slots,14
scheduler,scheduler/dynamic/fresh/512,5,0.2418,cpu_ms,0
scheduler,scheduler/dynamic/fresh/512,5,0.2418,cpu_percent,0
scheduler,scheduler/dynamic/fresh/512,5,0.2418,leases,512
scheduler,scheduler/dynamic/fresh/512,5,0.2418,max_leases_per_request,64
scheduler,scheduler/dynamic/fresh/512,5,0.2418,max_request_bytes,67108864
scheduler,scheduler/dynamic/fresh/512,5,0.2418,micros_per_request,29.2875
scheduler,scheduler/dynamic/fresh/512,5,0.2418,multi_lease_requests,8
scheduler,scheduler/dynamic/fresh/512,5,0.2418,planned_bytes,536870912
scheduler,scheduler/dynamic/fresh/512,5,0.2418,planned_ranges,14
scheduler,scheduler/dynamic/fresh/512,5,0.2418,requests,8
scheduler,scheduler/dynamic/fresh/512,5,0.2418,single_lease_requests,0
scheduler,scheduler/dynamic/fresh/512,5,0.2418,total,0.2343
scheduler,scheduler/dynamic/fresh/512,5,0.2418,truncated_requests,7
scheduler,scheduler/dynamic/fresh/512,6,0.7057,boundary_scans,8
scheduler,scheduler/dynamic/fresh/512,6,0.7057,candidate_slots,14
scheduler,scheduler/dynamic/fresh/512,6,0.7057,cpu_ms,0
scheduler,scheduler/dynamic/fresh/512,6,0.7057,cpu_percent,0
scheduler,scheduler/dynamic/fresh/512,6,0.7057,leases,512
scheduler,scheduler/dynamic/fresh/512,6,0.7057,max_leases_per_request,64
scheduler,scheduler/dynamic/fresh/512,6,0.7057,max_request_bytes,67108864
scheduler,scheduler/dynamic/fresh/512,6,0.7057,micros_per_request,87.8875
scheduler,scheduler/dynamic/fresh/512,6,0.7057,multi_lease_requests,8
scheduler,scheduler/dynamic/fresh/512,6,0.7057,planned_bytes,536870912
scheduler,scheduler/dynamic/fresh/512,6,0.7057,planned_ranges,14
scheduler,scheduler/dynamic/fresh/512,6,0.7057,requests,8
scheduler,scheduler/dynamic/fresh/512,6,0.7057,single_lease_requests,0
scheduler,scheduler/dynamic/fresh/512,6,0.7057,total,0.7031000000000001
scheduler,scheduler/dynamic/fresh/512,6,0.7057,truncated_requests,7
scheduler,scheduler/dynamic/fresh/512,7,0.1396,boundary_scans,8
scheduler,scheduler/dynamic/fresh/512,7,0.1396,candidate_slots,14
scheduler,scheduler/dynamic/fresh/512,7,0.1396,cpu_ms,0
scheduler,scheduler/dynamic/fresh/512,7,0.1396,cpu_percent,0
scheduler,scheduler/dynamic/fresh/512,7,0.1396,leases,512
scheduler,scheduler/dynamic/fresh/512,7,0.1396,max_leases_per_request,64
scheduler,scheduler/dynamic/fresh/512,7,0.1396,max_request_bytes,67108864
scheduler,scheduler/dynamic/fresh/512,7,0.1396,micros_per_request,17.325
scheduler,scheduler/dynamic/fresh/512,7,0.1396,multi_lease_requests,8
scheduler,scheduler/dynamic/fresh/512,7,0.1396,planned_bytes,536870912
scheduler,scheduler/dynamic/fresh/512,7,0.1396,planned_ranges,14
scheduler,scheduler/dynamic/fresh/512,7,0.1396,requests,8
scheduler,scheduler/dynamic/fresh/512,7,0.1396,single_lease_requests,0
scheduler,scheduler/dynamic/fresh/512,7,0.1396,total,0.1386
scheduler,scheduler/dynamic/fresh/512,7,0.1396,truncated_requests,7
scheduler,scheduler/dynamic/fresh/512,8,0.1219,boundary_scans,8
scheduler,scheduler/dynamic/fresh/512,8,0.1219,candidate_slots,14
scheduler,scheduler/dynamic/fresh/512,8,0.1219,cpu_ms,0
scheduler,scheduler/dynamic/fresh/512,8,0.1219,cpu_percent,0
scheduler,scheduler/dynamic/fresh/512,8,0.1219,leases,512
scheduler,scheduler/dynamic/fresh/512,8,0.1219,max_leases_per_request,64
scheduler,scheduler/dynamic/fresh/512,8,0.1219,max_request_bytes,67108864
scheduler,scheduler/dynamic/fresh/512,8,0.1219,micros_per_request,15.1375
scheduler,scheduler/dynamic/fresh/512,8,0.1219,multi_lease_requests,8
scheduler,scheduler/dynamic/fresh/512,8,0.1219,planned_bytes,536870912
scheduler,scheduler/dynamic/fresh/512,8,0.1219,planned_ranges,14
scheduler,scheduler/dynamic/fresh/512,8,0.1219,requests,8
scheduler,scheduler/dynamic/fresh/512,8,0.1219,single_lease_requests,0
scheduler,scheduler/dynamic/fresh/512,8,0.1219,total,0.1211
scheduler,scheduler/dynamic/fresh/512,8,0.1219,truncated_requests,7
scheduler,scheduler/dynamic/fresh/512,9,0.1116,boundary_scans,8
scheduler,scheduler/dynamic/fresh/512,9,0.1116,candidate_slots,14
scheduler,scheduler/dynamic/fresh/512,9,0.1116,cpu_ms,0
scheduler,scheduler/dynamic/fresh/512,9,0.1116,cpu_percent,0
scheduler,scheduler/dynamic/fresh/512,9,0.1116,leases,512
scheduler,scheduler/dynamic/fresh/512,9,0.1116,max_leases_per_request,64
scheduler,scheduler/dynamic/fresh/512,9,0.1116,max_request_bytes,67108864
scheduler,scheduler/dynamic/fresh/512,9,0.1116,micros_per_request,13.85
scheduler,scheduler/dynamic/fresh/512,9,0.1116,multi_lease_requests,8
scheduler,scheduler/dynamic/fresh/512,9,0.1116,planned_bytes,536870912
scheduler,scheduler/dynamic/fresh/512,9,0.1116,planned_ranges,14
scheduler,scheduler/dynamic/fresh/512,9,0.1116,requests,8
scheduler,scheduler/dynamic/fresh/512,9,0.1116,single_lease_requests,0
scheduler,scheduler/dynamic/fresh/512,9,0.1116,total,0.1108
scheduler,scheduler/dynamic/fresh/512,9,0.1116,truncated_requests,7
scheduler,scheduler/fixed/fresh/512,0,0.2219,boundary_scans,128
scheduler,scheduler/fixed/fresh/512,0,0.2219,candidate_slots,128
scheduler,scheduler/fixed/fresh/512,0,0.2219,cpu_ms,0
scheduler,scheduler/fixed/fresh/512,0,0.2219,cpu_percent,0
scheduler,scheduler/fixed/fresh/512,0,0.2219,leases,512
scheduler,scheduler/fixed/fresh/512,0,0.2219,max_leases_per_request,4
scheduler,scheduler/fixed/fresh/512,0,0.2219,max_request_bytes,4194304
scheduler,scheduler/fixed/fresh/512,0,0.2219,micros_per_request,1.7281250000000001
scheduler,scheduler/fixed/fresh/512,0,0.2219,multi_lease_requests,128
scheduler,scheduler/fixed/fresh/512,0,0.2219,planned_bytes,536870912
scheduler,scheduler/fixed/fresh/512,0,0.2219,planned_ranges,134
scheduler,scheduler/fixed/fresh/512,0,0.2219,requests,128
scheduler,scheduler/fixed/fresh/512,0,0.2219,single_lease_requests,0
scheduler,scheduler/fixed/fresh/512,0,0.2219,total,0.2212
scheduler,scheduler/fixed/fresh/512,0,0.2219,truncated_requests,128
scheduler,scheduler/fixed/fresh/512,1,0.3466,boundary_scans,128
scheduler,scheduler/fixed/fresh/512,1,0.3466,candidate_slots,128
scheduler,scheduler/fixed/fresh/512,1,0.3466,cpu_ms,0
scheduler,scheduler/fixed/fresh/512,1,0.3466,cpu_percent,0
scheduler,scheduler/fixed/fresh/512,1,0.3466,leases,512
scheduler,scheduler/fixed/fresh/512,1,0.3466,max_leases_per_request,4
scheduler,scheduler/fixed/fresh/512,1,0.3466,max_request_bytes,4194304
scheduler,scheduler/fixed/fresh/512,1,0.3466,micros_per_request,2.7031250000000004
scheduler,scheduler/fixed/fresh/512,1,0.3466,multi_lease_requests,128
scheduler,scheduler/fixed/fresh/512,1,0.3466,planned_bytes,536870912
scheduler,scheduler/fixed/fresh/512,1,0.3466,planned_ranges,134
scheduler,scheduler/fixed/fresh/512,1,0.3466,requests,128
scheduler,scheduler/fixed/fresh/512,1,0.3466,single_lease_requests,0
scheduler,scheduler/fixed/fresh/512,1,0.3466,total,0.34600000000000003
scheduler,scheduler/fixed/fresh/512,1,0.3466,truncated_requests,128
scheduler,scheduler/fixed/fresh/512,2,0.2153,boundary_scans,128
scheduler,scheduler/fixed/fresh/512,2,0.2153,candidate_slots,128
scheduler,scheduler/fixed/fresh/512,2,0.2153,cpu_ms,0
scheduler,scheduler/fixed/fresh/512,2,0.2153,cpu_percent,0
scheduler,scheduler/fixed/fresh/512,2,0.2153,leases,512
scheduler,scheduler/fixed/fresh/512,2,0.2153,max_leases_per_request,4
scheduler,scheduler/fixed/fresh/512,2,0.2153,max_request_bytes,4194304
scheduler,scheduler/fixed/fresh/512,2,0.2153,micros_per_request,1.6773437499999997
scheduler,scheduler/fixed/fresh/512,2,0.2153,multi_lease_requests,128
scheduler,scheduler/fixed/fresh/512,2,0.2153,planned_bytes,536870912
scheduler,scheduler/fixed/fresh/512,2,0.2153,planned_ranges,134
scheduler,scheduler/fixed/fresh/512,2,0.2153,requests,128
scheduler,scheduler/fixed/fresh/512,2,0.2153,single_lease_requests,0
scheduler,scheduler/fixed/fresh/512,2,0.2153,total,0.21469999999999997
scheduler,scheduler/fixed/fresh/512,2,0.2153,truncated_requests,128
scheduler,scheduler/fixed/fresh/512,3,0.2226,boundary_scans,128
scheduler,scheduler/fixed/fresh/512,3,0.2226,candidate_slots,128
scheduler,scheduler/fixed/fresh/512,3,0.2226,cpu_ms,0
scheduler,scheduler/fixed/fresh/512,3,0.2226,cpu_percent,0
scheduler,scheduler/fixed/fresh/512,3,0.2226,leases,512
scheduler,scheduler/fixed/fresh/512,3,0.2226,max_leases_per_request,4
scheduler,scheduler/fixed/fresh/512,3,0.2226,max_request_bytes,4194304
scheduler,scheduler/fixed/fresh/512,3,0.2226,micros_per_request,1.7335937499999998
scheduler,scheduler/fixed/fresh/512,3,0.2226,multi_lease_requests,128
scheduler,scheduler/fixed/fresh/512,3,0.2226,planned_bytes,536870912
scheduler,scheduler/fixed/fresh/512,3,0.2226,planned_ranges,134
scheduler,scheduler/fixed/fresh/512,3,0.2226,requests,128
scheduler,scheduler/fixed/fresh/512,3,0.2226,single_lease_requests,0
scheduler,scheduler/fixed/fresh/512,3,0.2226,total,0.2219
scheduler,scheduler/fixed/fresh/512,3,0.2226,truncated_requests,128
scheduler,scheduler/fixed/fresh/512,4,0.2272,boundary_scans,128
scheduler,scheduler/fixed/fresh/512,4,0.2272,candidate_slots,128
scheduler,scheduler/fixed/fresh/512,4,0.2272,cpu_ms,0
scheduler,scheduler/fixed/fresh/512,4,0.2272,cpu_percent,0
scheduler,scheduler/fixed/fresh/512,4,0.2272,leases,512
scheduler,scheduler/fixed/fresh/512,4,0.2272,max_leases_per_request,4
scheduler,scheduler/fixed/fresh/512,4,0.2272,max_request_bytes,4194304
scheduler,scheduler/fixed/fresh/512,4,0.2272,micros_per_request,1.7703125
scheduler,scheduler/fixed/fresh/512,4,0.2272,multi_lease_requests,128
scheduler,scheduler/fixed/fresh/512,4,0.2272,planned_bytes,536870912
scheduler,scheduler/fixed/fresh/512,4,0.2272,planned_ranges,134
scheduler,scheduler/fixed/fresh/512,4,0.2272,requests,128
scheduler,scheduler/fixed/fresh/512,4,0.2272,single_lease_requests,0
scheduler,scheduler/fixed/fresh/512,4,0.2272,total,0.2266
scheduler,scheduler/fixed/fresh/512,4,0.2272,truncated_requests,128
scheduler,scheduler/fixed/fresh/512,5,0.2227,boundary_scans,128
scheduler,scheduler/fixed/fresh/512,5,0.2227,candidate_slots,128
scheduler,scheduler/fixed/fresh/512,5,0.2227,cpu_ms,0
scheduler,scheduler/fixed/fresh/512,5,0.2227,cpu_percent,0
scheduler,scheduler/fixed/fresh/512,5,0.2227,leases,512
scheduler,scheduler/fixed/fresh/512,5,0.2227,max_leases_per_request,4
scheduler,scheduler/fixed/fresh/512,5,0.2227,max_request_bytes,4194304
scheduler,scheduler/fixed/fresh/512,5,0.2227,micros_per_request,1.734375
scheduler,scheduler/fixed/fresh/512,5,0.2227,multi_lease_requests,128
scheduler,scheduler/fixed/fresh/512,5,0.2227,planned_bytes,536870912
scheduler,scheduler/fixed/fresh/512,5,0.2227,planned_ranges,134
scheduler,scheduler/fixed/fresh/512,5,0.2227,requests,128
scheduler,scheduler/fixed/fresh/512,5,0.2227,single_lease_requests,0
scheduler,scheduler/fixed/fresh/512,5,0.2227,total,0.222
scheduler,scheduler/fixed/fresh/512,5,0.2227,truncated_requests,128
scheduler,scheduler/fixed/fresh/512,6,0.3373,boundary_scans,128
scheduler,scheduler/fixed/fresh/512,6,0.3373,candidate_slots,128
scheduler,scheduler/fixed/fresh/512,6,0.3373,cpu_ms,15.625
scheduler,scheduler/fixed/fresh/512,6,0.3373,cpu_percent,4632.3747405870145
scheduler,scheduler/fixed/fresh/512,6,0.3373,leases,512
scheduler,scheduler/fixed/fresh/512,6,0.3373,max_leases_per_request,4
scheduler,scheduler/fixed/fresh/512,6,0.3373,max_request_bytes,4194304
scheduler,scheduler/fixed/fresh/512,6,0.3373,micros_per_request,2.6296875
scheduler,scheduler/fixed/fresh/512,6,0.3373,multi_lease_requests,128
scheduler,scheduler/fixed/fresh/512,6,0.3373,planned_bytes,536870912
scheduler,scheduler/fixed/fresh/512,6,0.3373,planned_ranges,134
scheduler,scheduler/fixed/fresh/512,6,0.3373,requests,128
scheduler,scheduler/fixed/fresh/512,6,0.3373,single_lease_requests,0
scheduler,scheduler/fixed/fresh/512,6,0.3373,total,0.3366
scheduler,scheduler/fixed/fresh/512,6,0.3373,truncated_requests,128
scheduler,scheduler/fixed/fresh/512,7,0.2326,boundary_scans,128
scheduler,scheduler/fixed/fresh/512,7,0.2326,candidate_slots,128
scheduler,scheduler/fixed/fresh/512,7,0.2326,cpu_ms,0
scheduler,scheduler/fixed/fresh/512,7,0.2326,cpu_percent,0
scheduler,scheduler/fixed/fresh/512,7,0.2326,leases,512
scheduler,scheduler/fixed/fresh/512,7,0.2326,max_leases_per_request,4
scheduler,scheduler/fixed/fresh/512,7,0.2326,max_request_bytes,4194304
scheduler,scheduler/fixed/fresh/512,7,0.2326,micros_per_request,1.81171875
scheduler,scheduler/fixed/fresh/512,7,0.2326,multi_lease_requests,128
scheduler,scheduler/fixed/fresh/512,7,0.2326,planned_bytes,536870912
scheduler,scheduler/fixed/fresh/512,7,0.2326,planned_ranges,134
scheduler,scheduler/fixed/fresh/512,7,0.2326,requests,128
scheduler,scheduler/fixed/fresh/512,7,0.2326,single_lease_requests,0
scheduler,scheduler/fixed/fresh/512,7,0.2326,total,0.2319
scheduler,scheduler/fixed/fresh/512,7,0.2326,truncated_requests,128
scheduler,scheduler/fixed/fresh/512,8,0.2227,boundary_scans,128
scheduler,scheduler/fixed/fresh/512,8,0.2227,candidate_slots,128
scheduler,scheduler/fixed/fresh/512,8,0.2227,cpu_ms,0
scheduler,scheduler/fixed/fresh/512,8,0.2227,cpu_percent,0
scheduler,scheduler/fixed/fresh/512,8,0.2227,leases,512
scheduler,scheduler/fixed/fresh/512,8,0.2227,max_leases_per_request,4
scheduler,scheduler/fixed/fresh/512,8,0.2227,max_request_bytes,4194304
scheduler,scheduler/fixed/fresh/512,8,0.2227,micros_per_request,1.73515625
scheduler,scheduler/fixed/fresh/512,8,0.2227,multi_lease_requests,128
scheduler,scheduler/fixed/fresh/512,8,0.2227,planned_bytes,536870912
scheduler,scheduler/fixed/fresh/512,8,0.2227,planned_ranges,134
scheduler,scheduler/fixed/fresh/512,8,0.2227,requests,128
scheduler,scheduler/fixed/fresh/512,8,0.2227,single_lease_requests,0
scheduler,scheduler/fixed/fresh/512,8,0.2227,total,0.2221
scheduler,scheduler/fixed/fresh/512,8,0.2227,truncated_requests,128
scheduler,scheduler/fixed/fresh/512,9,0.2367,boundary_scans,128
scheduler,scheduler/fixed/fresh/512,9,0.2367,candidate_slots,128
scheduler,scheduler/fixed/fresh/512,9,0.2367,cpu_ms,0
scheduler,scheduler/fixed/fresh/512,9,0.2367,cpu_percent,0
scheduler,scheduler/fixed/fresh/512,9,0.2367,leases,512
scheduler,scheduler/fixed/fresh/512,9,0.2367,max_leases_per_request,4
scheduler,scheduler/fixed/fresh/512,9,0.2367,max_request_bytes,4194304
scheduler,scheduler/fixed/fresh/512,9,0.2367,micros_per_request,1.84375
scheduler,scheduler/fixed/fresh/512,9,0.2367,multi_lease_requests,128
scheduler,scheduler/fixed/fresh/512,9,0.2367,planned_bytes,536870912
scheduler,scheduler/fixed/fresh/512,9,0.2367,planned_ranges,134
scheduler,scheduler/fixed/fresh/512,9,0.2367,requests,128
scheduler,scheduler/fixed/fresh/512,9,0.2367,single_lease_requests,0
scheduler,scheduler/fixed/fresh/512,9,0.2367,total,0.236
scheduler,scheduler/fixed/fresh/512,9,0.2367,truncated_requests,128
scheduler,scheduler/dynamic/holes/512,0,0.2761,boundary_scans,132
scheduler,scheduler/dynamic/holes/512,0,0.2761,candidate_slots,132
scheduler,scheduler/dynamic/holes/512,0,0.2761,cpu_ms,0
scheduler,scheduler/dynamic/holes/512,0,0.2761,cpu_percent,0
scheduler,scheduler/dynamic/holes/512,0,0.2761,leases,384
scheduler,scheduler/dynamic/holes/512,0,0.2761,max_leases_per_request,64
scheduler,scheduler/dynamic/holes/512,0,0.2761,max_request_bytes,67108864
scheduler,scheduler/dynamic/holes/512,0,0.2761,micros_per_request,2.0840909090909094
scheduler,scheduler/dynamic/holes/512,0,0.2761,multi_lease_requests,4
scheduler,scheduler/dynamic/holes/512,0,0.2761,planned_bytes,402653184
scheduler,scheduler/dynamic/holes/512,0,0.2761,planned_ranges,138
scheduler,scheduler/dynamic/holes/512,0,0.2761,requests,132
scheduler,scheduler/dynamic/holes/512,0,0.2761,single_lease_requests,128
scheduler,scheduler/dynamic/holes/512,0,0.2761,total,0.2751
scheduler,scheduler/dynamic/holes/512,0,0.2761,truncated_requests,4
scheduler,scheduler/dynamic/holes/512,1,0.2594,boundary_scans,132
scheduler,scheduler/dynamic/holes/512,1,0.2594,candidate_slots,132
scheduler,scheduler/dynamic/holes/512,1,0.2594,cpu_ms,0
scheduler,scheduler/dynamic/holes/512,1,0.2594,cpu_percent,0
scheduler,scheduler/dynamic/holes/512,1,0.2594,leases,384
scheduler,scheduler/dynamic/holes/512,1,0.2594,max_leases_per_request,64
scheduler,scheduler/dynamic/holes/512,1,0.2594,max_request_bytes,67108864
scheduler,scheduler/dynamic/holes/512,1,0.2594,micros_per_request,1.9575757575757577
scheduler,scheduler/dynamic/holes/512,1,0.2594,multi_lease_requests,4
scheduler,scheduler/dynamic/holes/512,1,0.2594,planned_bytes,402653184
scheduler,scheduler/dynamic/holes/512,1,0.2594,planned_ranges,138
scheduler,scheduler/dynamic/holes/512,1,0.2594,requests,132
scheduler,scheduler/dynamic/holes/512,1,0.2594,single_lease_requests,128
scheduler,scheduler/dynamic/holes/512,1,0.2594,total,0.2584
scheduler,scheduler/dynamic/holes/512,1,0.2594,truncated_requests,4
scheduler,scheduler/dynamic/holes/512,2,0.2523,boundary_scans,132
scheduler,scheduler/dynamic/holes/512,2,0.2523,candidate_slots,132
scheduler,scheduler/dynamic/holes/512,2,0.2523,cpu_ms,0
scheduler,scheduler/dynamic/holes/512,2,0.2523,cpu_percent,0
scheduler,scheduler/dynamic/holes/512,2,0.2523,leases,384
scheduler,scheduler/dynamic/holes/512,2,0.2523,max_leases_per_request,64
scheduler,scheduler/dynamic/holes/512,2,0.2523,max_request_bytes,67108864
scheduler,scheduler/dynamic/holes/512,2,0.2523,micros_per_request,1.9037878787878784
scheduler,scheduler/dynamic/holes/512,2,0.2523,multi_lease_requests,4
scheduler,scheduler/dynamic/holes/512,2,0.2523,planned_bytes,402653184
scheduler,scheduler/dynamic/holes/512,2,0.2523,planned_ranges,138
scheduler,scheduler/dynamic/holes/512,2,0.2523,requests,132
scheduler,scheduler/dynamic/holes/512,2,0.2523,single_lease_requests,128
scheduler,scheduler/dynamic/holes/512,2,0.2523,total,0.25129999999999997
scheduler,scheduler/dynamic/holes/512,2,0.2523,truncated_requests,4
scheduler,scheduler/dynamic/holes/512,3,0.2720,boundary_scans,132
scheduler,scheduler/dynamic/holes/512,3,0.2720,candidate_slots,132
scheduler,scheduler/dynamic/holes/512,3,0.2720,cpu_ms,0
scheduler,scheduler/dynamic/holes/512,3,0.2720,cpu_percent,0
scheduler,scheduler/dynamic/holes/512,3,0.2720,leases,384
scheduler,scheduler/dynamic/holes/512,3,0.2720,max_leases_per_request,64
scheduler,scheduler/dynamic/holes/512,3,0.2720,max_request_bytes,67108864
scheduler,scheduler/dynamic/holes/512,3,0.2720,micros_per_request,2.0530303030303028
scheduler,scheduler/dynamic/holes/512,3,0.2720,multi_lease_requests,4
scheduler,scheduler/dynamic/holes/512,3,0.2720,planned_bytes,402653184
scheduler,scheduler/dynamic/holes/512,3,0.2720,planned_ranges,138
scheduler,scheduler/dynamic/holes/512,3,0.2720,requests,132
scheduler,scheduler/dynamic/holes/512,3,0.2720,single_lease_requests,128
scheduler,scheduler/dynamic/holes/512,3,0.2720,total,0.27099999999999996
scheduler,scheduler/dynamic/holes/512,3,0.2720,truncated_requests,4
scheduler,scheduler/dynamic/holes/512,4,0.4526,boundary_scans,132
scheduler,scheduler/dynamic/holes/512,4,0.4526,candidate_slots,132
scheduler,scheduler/dynamic/holes/512,4,0.4526,cpu_ms,0
scheduler,scheduler/dynamic/holes/512,4,0.4526,cpu_percent,0
scheduler,scheduler/dynamic/holes/512,4,0.4526,leases,384
scheduler,scheduler/dynamic/holes/512,4,0.4526,max_leases_per_request,64
scheduler,scheduler/dynamic/holes/512,4,0.4526,max_request_bytes,67108864
scheduler,scheduler/dynamic/holes/512,4,0.4526,micros_per_request,3.418181818181818
scheduler,scheduler/dynamic/holes/512,4,0.4526,multi_lease_requests,4
scheduler,scheduler/dynamic/holes/512,4,0.4526,planned_bytes,402653184
scheduler,scheduler/dynamic/holes/512,4,0.4526,planned_ranges,138
scheduler,scheduler/dynamic/holes/512,4,0.4526,requests,132
scheduler,scheduler/dynamic/holes/512,4,0.4526,single_lease_requests,128
scheduler,scheduler/dynamic/holes/512,4,0.4526,total,0.4512
scheduler,scheduler/dynamic/holes/512,4,0.4526,truncated_requests,4
scheduler,scheduler/dynamic/holes/512,5,0.2598,boundary_scans,132
scheduler,scheduler/dynamic/holes/512,5,0.2598,candidate_slots,132
scheduler,scheduler/dynamic/holes/512,5,0.2598,cpu_ms,0
scheduler,scheduler/dynamic/holes/512,5,0.2598,cpu_percent,0
scheduler,scheduler/dynamic/holes/512,5,0.2598,leases,384
scheduler,scheduler/dynamic/holes/512,5,0.2598,max_leases_per_request,64
scheduler,scheduler/dynamic/holes/512,5,0.2598,max_request_bytes,67108864
scheduler,scheduler/dynamic/holes/512,5,0.2598,micros_per_request,1.9446969696969696
scheduler,scheduler/dynamic/holes/512,5,0.2598,multi_lease_requests,4
scheduler,scheduler/dynamic/holes/512,5,0.2598,planned_bytes,402653184
scheduler,scheduler/dynamic/holes/512,5,0.2598,planned_ranges,138
scheduler,scheduler/dynamic/holes/512,5,0.2598,requests,132
scheduler,scheduler/dynamic/holes/512,5,0.2598,single_lease_requests,128
scheduler,scheduler/dynamic/holes/512,5,0.2598,total,0.2567
scheduler,scheduler/dynamic/holes/512,5,0.2598,truncated_requests,4
scheduler,scheduler/dynamic/holes/512,6,0.3054,boundary_scans,132
scheduler,scheduler/dynamic/holes/512,6,0.3054,candidate_slots,132
scheduler,scheduler/dynamic/holes/512,6,0.3054,cpu_ms,0
scheduler,scheduler/dynamic/holes/512,6,0.3054,cpu_percent,0
scheduler,scheduler/dynamic/holes/512,6,0.3054,leases,384
scheduler,scheduler/dynamic/holes/512,6,0.3054,max_leases_per_request,64
scheduler,scheduler/dynamic/holes/512,6,0.3054,max_request_bytes,67108864
scheduler,scheduler/dynamic/holes/512,6,0.3054,micros_per_request,2.3060606060606057
scheduler,scheduler/dynamic/holes/512,6,0.3054,multi_lease_requests,4
scheduler,scheduler/dynamic/holes/512,6,0.3054,planned_bytes,402653184
scheduler,scheduler/dynamic/holes/512,6,0.3054,planned_ranges,138
scheduler,scheduler/dynamic/holes/512,6,0.3054,requests,132
scheduler,scheduler/dynamic/holes/512,6,0.3054,single_lease_requests,128
scheduler,scheduler/dynamic/holes/512,6,0.3054,total,0.3044
scheduler,scheduler/dynamic/holes/512,6,0.3054,truncated_requests,4
scheduler,scheduler/dynamic/holes/512,7,0.4219,boundary_scans,132
scheduler,scheduler/dynamic/holes/512,7,0.4219,candidate_slots,132
scheduler,scheduler/dynamic/holes/512,7,0.4219,cpu_ms,0
scheduler,scheduler/dynamic/holes/512,7,0.4219,cpu_percent,0
scheduler,scheduler/dynamic/holes/512,7,0.4219,leases,384
scheduler,scheduler/dynamic/holes/512,7,0.4219,max_leases_per_request,64
scheduler,scheduler/dynamic/holes/512,7,0.4219,max_request_bytes,67108864
scheduler,scheduler/dynamic/holes/512,7,0.4219,micros_per_request,3.187878787878788
scheduler,scheduler/dynamic/holes/512,7,0.4219,multi_lease_requests,4
scheduler,scheduler/dynamic/holes/512,7,0.4219,planned_bytes,402653184
scheduler,scheduler/dynamic/holes/512,7,0.4219,planned_ranges,138
scheduler,scheduler/dynamic/holes/512,7,0.4219,requests,132
scheduler,scheduler/dynamic/holes/512,7,0.4219,single_lease_requests,128
scheduler,scheduler/dynamic/holes/512,7,0.4219,total,0.4208
scheduler,scheduler/dynamic/holes/512,7,0.4219,truncated_requests,4
scheduler,scheduler/dynamic/holes/512,8,0.2861,boundary_scans,132
scheduler,scheduler/dynamic/holes/512,8,0.2861,candidate_slots,132
scheduler,scheduler/dynamic/holes/512,8,0.2861,cpu_ms,0
scheduler,scheduler/dynamic/holes/512,8,0.2861,cpu_percent,0
scheduler,scheduler/dynamic/holes/512,8,0.2861,leases,384
scheduler,scheduler/dynamic/holes/512,8,0.2861,max_leases_per_request,64
scheduler,scheduler/dynamic/holes/512,8,0.2861,max_request_bytes,67108864
scheduler,scheduler/dynamic/holes/512,8,0.2861,micros_per_request,2.1575757575757577
scheduler,scheduler/dynamic/holes/512,8,0.2861,multi_lease_requests,4
scheduler,scheduler/dynamic/holes/512,8,0.2861,planned_bytes,402653184
scheduler,scheduler/dynamic/holes/512,8,0.2861,planned_ranges,138
scheduler,scheduler/dynamic/holes/512,8,0.2861,requests,132
scheduler,scheduler/dynamic/holes/512,8,0.2861,single_lease_requests,128
scheduler,scheduler/dynamic/holes/512,8,0.2861,total,0.2848
scheduler,scheduler/dynamic/holes/512,8,0.2861,truncated_requests,4
scheduler,scheduler/dynamic/holes/512,9,0.2671,boundary_scans,132
scheduler,scheduler/dynamic/holes/512,9,0.2671,candidate_slots,132
scheduler,scheduler/dynamic/holes/512,9,0.2671,cpu_ms,0
scheduler,scheduler/dynamic/holes/512,9,0.2671,cpu_percent,0
scheduler,scheduler/dynamic/holes/512,9,0.2671,leases,384
scheduler,scheduler/dynamic/holes/512,9,0.2671,max_leases_per_request,64
scheduler,scheduler/dynamic/holes/512,9,0.2671,max_request_bytes,67108864
scheduler,scheduler/dynamic/holes/512,9,0.2671,micros_per_request,2.015909090909091
scheduler,scheduler/dynamic/holes/512,9,0.2671,multi_lease_requests,4
scheduler,scheduler/dynamic/holes/512,9,0.2671,planned_bytes,402653184
scheduler,scheduler/dynamic/holes/512,9,0.2671,planned_ranges,138
scheduler,scheduler/dynamic/holes/512,9,0.2671,requests,132
scheduler,scheduler/dynamic/holes/512,9,0.2671,single_lease_requests,128
scheduler,scheduler/dynamic/holes/512,9,0.2671,total,0.2661
scheduler,scheduler/dynamic/holes/512,9,0.2671,truncated_requests,4
scheduler,scheduler/fixed/holes/512,0,0.0976,boundary_scans,192
scheduler,scheduler/fixed/holes/512,0,0.0976,candidate_slots,192
scheduler,scheduler/fixed/holes/512,0,0.0976,cpu_ms,0
scheduler,scheduler/fixed/holes/512,0,0.0976,cpu_percent,0
scheduler,scheduler/fixed/holes/512,0,0.0976,leases,384
scheduler,scheduler/fixed/holes/512,0,0.0976,max_leases_per_request,4
scheduler,scheduler/fixed/holes/512,0,0.0976,max_request_bytes,4194304
scheduler,scheduler/fixed/holes/512,0,0.0976,micros_per_request,0.5036458333333333
scheduler,scheduler/fixed/holes/512,0,0.0976,multi_lease_requests,64
scheduler,scheduler/fixed/holes/512,0,0.0976,planned_bytes,402653184
scheduler,scheduler/fixed/holes/512,0,0.0976,planned_ranges,198
scheduler,scheduler/fixed/holes/512,0,0.0976,requests,192
scheduler,scheduler/fixed/holes/512,0,0.0976,single_lease_requests,128
scheduler,scheduler/fixed/holes/512,0,0.0976,total,0.09670000000000001
scheduler,scheduler/fixed/holes/512,0,0.0976,truncated_requests,192
scheduler,scheduler/fixed/holes/512,1,0.0999,boundary_scans,192
scheduler,scheduler/fixed/holes/512,1,0.0999,candidate_slots,192
scheduler,scheduler/fixed/holes/512,1,0.0999,cpu_ms,0
scheduler,scheduler/fixed/holes/512,1,0.0999,cpu_percent,0
scheduler,scheduler/fixed/holes/512,1,0.0999,leases,384
scheduler,scheduler/fixed/holes/512,1,0.0999,max_leases_per_request,4
scheduler,scheduler/fixed/holes/512,1,0.0999,max_request_bytes,4194304
scheduler,scheduler/fixed/holes/512,1,0.0999,micros_per_request,0.5145833333333333
scheduler,scheduler/fixed/holes/512,1,0.0999,multi_lease_requests,64
scheduler,scheduler/fixed/holes/512,1,0.0999,planned_bytes,402653184
scheduler,scheduler/fixed/holes/512,1,0.0999,planned_ranges,198
scheduler,scheduler/fixed/holes/512,1,0.0999,requests,192
scheduler,scheduler/fixed/holes/512,1,0.0999,single_lease_requests,128
scheduler,scheduler/fixed/holes/512,1,0.0999,total,0.0988
scheduler,scheduler/fixed/holes/512,1,0.0999,truncated_requests,192
scheduler,scheduler/fixed/holes/512,2,0.0954,boundary_scans,192
scheduler,scheduler/fixed/holes/512,2,0.0954,candidate_slots,192
scheduler,scheduler/fixed/holes/512,2,0.0954,cpu_ms,0
scheduler,scheduler/fixed/holes/512,2,0.0954,cpu_percent,0
scheduler,scheduler/fixed/holes/512,2,0.0954,leases,384
scheduler,scheduler/fixed/holes/512,2,0.0954,max_leases_per_request,4
scheduler,scheduler/fixed/holes/512,2,0.0954,max_request_bytes,4194304
scheduler,scheduler/fixed/holes/512,2,0.0954,micros_per_request,0.49166666666666664
scheduler,scheduler/fixed/holes/512,2,0.0954,multi_lease_requests,64
scheduler,scheduler/fixed/holes/512,2,0.0954,planned_bytes,402653184
scheduler,scheduler/fixed/holes/512,2,0.0954,planned_ranges,198
scheduler,scheduler/fixed/holes/512,2,0.0954,requests,192
scheduler,scheduler/fixed/holes/512,2,0.0954,single_lease_requests,128
scheduler,scheduler/fixed/holes/512,2,0.0954,total,0.0944
scheduler,scheduler/fixed/holes/512,2,0.0954,truncated_requests,192
scheduler,scheduler/fixed/holes/512,3,0.0951,boundary_scans,192
scheduler,scheduler/fixed/holes/512,3,0.0951,candidate_slots,192
scheduler,scheduler/fixed/holes/512,3,0.0951,cpu_ms,0
scheduler,scheduler/fixed/holes/512,3,0.0951,cpu_percent,0
scheduler,scheduler/fixed/holes/512,3,0.0951,leases,384
scheduler,scheduler/fixed/holes/512,3,0.0951,max_leases_per_request,4
scheduler,scheduler/fixed/holes/512,3,0.0951,max_request_bytes,4194304
scheduler,scheduler/fixed/holes/512,3,0.0951,micros_per_request,0.49114583333333334
scheduler,scheduler/fixed/holes/512,3,0.0951,multi_lease_requests,64
scheduler,scheduler/fixed/holes/512,3,0.0951,planned_bytes,402653184
scheduler,scheduler/fixed/holes/512,3,0.0951,planned_ranges,198
scheduler,scheduler/fixed/holes/512,3,0.0951,requests,192
scheduler,scheduler/fixed/holes/512,3,0.0951,single_lease_requests,128
scheduler,scheduler/fixed/holes/512,3,0.0951,total,0.0943
scheduler,scheduler/fixed/holes/512,3,0.0951,truncated_requests,192
scheduler,scheduler/fixed/holes/512,4,0.0966,boundary_scans,192
scheduler,scheduler/fixed/holes/512,4,0.0966,candidate_slots,192
scheduler,scheduler/fixed/holes/512,4,0.0966,cpu_ms,0
scheduler,scheduler/fixed/holes/512,4,0.0966,cpu_percent,0
scheduler,scheduler/fixed/holes/512,4,0.0966,leases,384
scheduler,scheduler/fixed/holes/512,4,0.0966,max_leases_per_request,4
scheduler,scheduler/fixed/holes/512,4,0.0966,max_request_bytes,4194304
scheduler,scheduler/fixed/holes/512,4,0.0966,micros_per_request,0.4984374999999999
scheduler,scheduler/fixed/holes/512,4,0.0966,multi_lease_requests,64
scheduler,scheduler/fixed/holes/512,4,0.0966,planned_bytes,402653184
scheduler,scheduler/fixed/holes/512,4,0.0966,planned_ranges,198
scheduler,scheduler/fixed/holes/512,4,0.0966,requests,192
scheduler,scheduler/fixed/holes/512,4,0.0966,single_lease_requests,128
scheduler,scheduler/fixed/holes/512,4,0.0966,total,0.0957
scheduler,scheduler/fixed/holes/512,4,0.0966,truncated_requests,192
scheduler,scheduler/fixed/holes/512,5,0.0946,boundary_scans,192
scheduler,scheduler/fixed/holes/512,5,0.0946,candidate_slots,192
scheduler,scheduler/fixed/holes/512,5,0.0946,cpu_ms,0
scheduler,scheduler/fixed/holes/512,5,0.0946,cpu_percent,0
scheduler,scheduler/fixed/holes/512,5,0.0946,leases,384
scheduler,scheduler/fixed/holes/512,5,0.0946,max_leases_per_request,4
scheduler,scheduler/fixed/holes/512,5,0.0946,max_request_bytes,4194304
scheduler,scheduler/fixed/holes/512,5,0.0946,micros_per_request,0.48750000000000004
scheduler,scheduler/fixed/holes/512,5,0.0946,multi_lease_requests,64
scheduler,scheduler/fixed/holes/512,5,0.0946,planned_bytes,402653184
scheduler,scheduler/fixed/holes/512,5,0.0946,planned_ranges,198
scheduler,scheduler/fixed/holes/512,5,0.0946,requests,192
scheduler,scheduler/fixed/holes/512,5,0.0946,single_lease_requests,128
scheduler,scheduler/fixed/holes/512,5,0.0946,total,0.0936
scheduler,scheduler/fixed/holes/512,5,0.0946,truncated_requests,192
scheduler,scheduler/fixed/holes/512,6,0.0942,boundary_scans,192
scheduler,scheduler/fixed/holes/512,6,0.0942,candidate_slots,192
scheduler,scheduler/fixed/holes/512,6,0.0942,cpu_ms,0
scheduler,scheduler/fixed/holes/512,6,0.0942,cpu_percent,0
scheduler,scheduler/fixed/holes/512,6,0.0942,leases,384
scheduler,scheduler/fixed/holes/512,6,0.0942,max_leases_per_request,4
scheduler,scheduler/fixed/holes/512,6,0.0942,max_request_bytes,4194304
scheduler,scheduler/fixed/holes/512,6,0.0942,micros_per_request,0.4859375000000001
scheduler,scheduler/fixed/holes/512,6,0.0942,multi_lease_requests,64
scheduler,scheduler/fixed/holes/512,6,0.0942,planned_bytes,402653184
scheduler,scheduler/fixed/holes/512,6,0.0942,planned_ranges,198
scheduler,scheduler/fixed/holes/512,6,0.0942,requests,192
scheduler,scheduler/fixed/holes/512,6,0.0942,single_lease_requests,128
scheduler,scheduler/fixed/holes/512,6,0.0942,total,0.09330000000000001
scheduler,scheduler/fixed/holes/512,6,0.0942,truncated_requests,192
scheduler,scheduler/fixed/holes/512,7,0.7647,boundary_scans,192
scheduler,scheduler/fixed/holes/512,7,0.7647,candidate_slots,192
scheduler,scheduler/fixed/holes/512,7,0.7647,cpu_ms,0
scheduler,scheduler/fixed/holes/512,7,0.7647,cpu_percent,0
scheduler,scheduler/fixed/holes/512,7,0.7647,leases,384
scheduler,scheduler/fixed/holes/512,7,0.7647,max_leases_per_request,4
scheduler,scheduler/fixed/holes/512,7,0.7647,max_request_bytes,4194304
scheduler,scheduler/fixed/holes/512,7,0.7647,micros_per_request,3.977604166666666
scheduler,scheduler/fixed/holes/512,7,0.7647,multi_lease_requests,64
scheduler,scheduler/fixed/holes/512,7,0.7647,planned_bytes,402653184
scheduler,scheduler/fixed/holes/512,7,0.7647,planned_ranges,198
scheduler,scheduler/fixed/holes/512,7,0.7647,requests,192
scheduler,scheduler/fixed/holes/512,7,0.7647,single_lease_requests,128
scheduler,scheduler/fixed/holes/512,7,0.7647,total,0.7636999999999999
scheduler,scheduler/fixed/holes/512,7,0.7647,truncated_requests,192
scheduler,scheduler/fixed/holes/512,8,0.0936,boundary_scans,192
scheduler,scheduler/fixed/holes/512,8,0.0936,candidate_slots,192
scheduler,scheduler/fixed/holes/512,8,0.0936,cpu_ms,0
scheduler,scheduler/fixed/holes/512,8,0.0936,cpu_percent,0
scheduler,scheduler/fixed/holes/512,8,0.0936,leases,384
scheduler,scheduler/fixed/holes/512,8,0.0936,max_leases_per_request,4
scheduler,scheduler/fixed/holes/512,8,0.0936,max_request_bytes,4194304
scheduler,scheduler/fixed/holes/512,8,0.0936,micros_per_request,0.4817708333333333
scheduler,scheduler/fixed/holes/512,8,0.0936,multi_lease_requests,64
scheduler,scheduler/fixed/holes/512,8,0.0936,planned_bytes,402653184
scheduler,scheduler/fixed/holes/512,8,0.0936,planned_ranges,198
scheduler,scheduler/fixed/holes/512,8,0.0936,requests,192
scheduler,scheduler/fixed/holes/512,8,0.0936,single_lease_requests,128
scheduler,scheduler/fixed/holes/512,8,0.0936,total,0.0925
scheduler,scheduler/fixed/holes/512,8,0.0936,truncated_requests,192
scheduler,scheduler/fixed/holes/512,9,0.0934,boundary_scans,192
scheduler,scheduler/fixed/holes/512,9,0.0934,candidate_slots,192
scheduler,scheduler/fixed/holes/512,9,0.0934,cpu_ms,0
scheduler,scheduler/fixed/holes/512,9,0.0934,cpu_percent,0
scheduler,scheduler/fixed/holes/512,9,0.0934,leases,384
scheduler,scheduler/fixed/holes/512,9,0.0934,max_leases_per_request,4
scheduler,scheduler/fixed/holes/512,9,0.0934,max_request_bytes,4194304
scheduler,scheduler/fixed/holes/512,9,0.0934,micros_per_request,0.4817708333333333
scheduler,scheduler/fixed/holes/512,9,0.0934,multi_lease_requests,64
scheduler,scheduler/fixed/holes/512,9,0.0934,planned_bytes,402653184
scheduler,scheduler/fixed/holes/512,9,0.0934,planned_ranges,198
scheduler,scheduler/fixed/holes/512,9,0.0934,requests,192
scheduler,scheduler/fixed/holes/512,9,0.0934,single_lease_requests,128
scheduler,scheduler/fixed/holes/512,9,0.0934,total,0.0925
scheduler,scheduler/fixed/holes/512,9,0.0934,truncated_requests,192
scheduler,scheduler/dynamic/resumed_suffix/512,0,0.0904,boundary_scans,6
scheduler,scheduler/dynamic/resumed_suffix/512,0,0.0904,candidate_slots,12
scheduler,scheduler/dynamic/resumed_suffix/512,0,0.0904,cpu_ms,0
scheduler,scheduler/dynamic/resumed_suffix/512,0,0.0904,cpu_percent,0
scheduler,scheduler/dynamic/resumed_suffix/512,0,0.0904,leases,383
scheduler,scheduler/dynamic/resumed_suffix/512,0,0.0904,max_leases_per_request,64
scheduler,scheduler/dynamic/resumed_suffix/512,0,0.0904,max_request_bytes,67108864
scheduler,scheduler/dynamic/resumed_suffix/512,0,0.0904,micros_per_request,14.916666666666666
scheduler,scheduler/dynamic/resumed_suffix/512,0,0.0904,multi_lease_requests,6
scheduler,scheduler/dynamic/resumed_suffix/512,0,0.0904,planned_bytes,401604608
scheduler,scheduler/dynamic/resumed_suffix/512,0,0.0904,planned_ranges,12
scheduler,scheduler/dynamic/resumed_suffix/512,0,0.0904,requests,6
scheduler,scheduler/dynamic/resumed_suffix/512,0,0.0904,single_lease_requests,0
scheduler,scheduler/dynamic/resumed_suffix/512,0,0.0904,total,0.0895
scheduler,scheduler/dynamic/resumed_suffix/512,0,0.0904,truncated_requests,5
scheduler,scheduler/dynamic/resumed_suffix/512,1,0.0940,boundary_scans,6
scheduler,scheduler/dynamic/resumed_suffix/512,1,0.0940,candidate_slots,12
scheduler,scheduler/dynamic/resumed_suffix/512,1,0.0940,cpu_ms,0
scheduler,scheduler/dynamic/resumed_suffix/512,1,0.0940,cpu_percent,0
scheduler,scheduler/dynamic/resumed_suffix/512,1,0.0940,leases,383
scheduler,scheduler/dynamic/resumed_suffix/512,1,0.0940,max_leases_per_request,64
scheduler,scheduler/dynamic/resumed_suffix/512,1,0.0940,max_request_bytes,67108864
scheduler,scheduler/dynamic/resumed_suffix/512,1,0.0940,micros_per_request,15.5
scheduler,scheduler/dynamic/resumed_suffix/512,1,0.0940,multi_lease_requests,6
scheduler,scheduler/dynamic/resumed_suffix/512,1,0.0940,planned_bytes,401604608
scheduler,scheduler/dynamic/resumed_suffix/512,1,0.0940,planned_ranges,12
scheduler,scheduler/dynamic/resumed_suffix/512,1,0.0940,requests,6
scheduler,scheduler/dynamic/resumed_suffix/512,1,0.0940,single_lease_requests,0
scheduler,scheduler/dynamic/resumed_suffix/512,1,0.0940,total,0.093
scheduler,scheduler/dynamic/resumed_suffix/512,1,0.0940,truncated_requests,5
scheduler,scheduler/dynamic/resumed_suffix/512,2,0.0814,boundary_scans,6
scheduler,scheduler/dynamic/resumed_suffix/512,2,0.0814,candidate_slots,12
scheduler,scheduler/dynamic/resumed_suffix/512,2,0.0814,cpu_ms,0
scheduler,scheduler/dynamic/resumed_suffix/512,2,0.0814,cpu_percent,0
scheduler,scheduler/dynamic/resumed_suffix/512,2,0.0814,leases,383
scheduler,scheduler/dynamic/resumed_suffix/512,2,0.0814,max_leases_per_request,64
scheduler,scheduler/dynamic/resumed_suffix/512,2,0.0814,max_request_bytes,67108864
scheduler,scheduler/dynamic/resumed_suffix/512,2,0.0814,micros_per_request,13.4
scheduler,scheduler/dynamic/resumed_suffix/512,2,0.0814,multi_lease_requests,6
scheduler,scheduler/dynamic/resumed_suffix/512,2,0.0814,planned_bytes,401604608
scheduler,scheduler/dynamic/resumed_suffix/512,2,0.0814,planned_ranges,12
scheduler,scheduler/dynamic/resumed_suffix/512,2,0.0814,requests,6
scheduler,scheduler/dynamic/resumed_suffix/512,2,0.0814,single_lease_requests,0
scheduler,scheduler/dynamic/resumed_suffix/512,2,0.0814,total,0.0804
scheduler,scheduler/dynamic/resumed_suffix/512,2,0.0814,truncated_requests,5
scheduler,scheduler/dynamic/resumed_suffix/512,3,0.0840,boundary_scans,6
scheduler,scheduler/dynamic/resumed_suffix/512,3,0.0840,candidate_slots,12
scheduler,scheduler/dynamic/resumed_suffix/512,3,0.0840,cpu_ms,0
scheduler,scheduler/dynamic/resumed_suffix/512,3,0.0840,cpu_percent,0
scheduler,scheduler/dynamic/resumed_suffix/512,3,0.0840,leases,383
scheduler,scheduler/dynamic/resumed_suffix/512,3,0.0840,max_leases_per_request,64
scheduler,scheduler/dynamic/resumed_suffix/512,3,0.0840,max_request_bytes,67108864
scheduler,scheduler/dynamic/resumed_suffix/512,3,0.0840,micros_per_request,13.833333333333334
scheduler,scheduler/dynamic/resumed_suffix/512,3,0.0840,multi_lease_requests,6
scheduler,scheduler/dynamic/resumed_suffix/512,3,0.0840,planned_bytes,401604608
scheduler,scheduler/dynamic/resumed_suffix/512,3,0.0840,planned_ranges,12
scheduler,scheduler/dynamic/resumed_suffix/512,3,0.0840,requests,6
scheduler,scheduler/dynamic/resumed_suffix/512,3,0.0840,single_lease_requests,0
scheduler,scheduler/dynamic/resumed_suffix/512,3,0.0840,total,0.083
scheduler,scheduler/dynamic/resumed_suffix/512,3,0.0840,truncated_requests,5
scheduler,scheduler/dynamic/resumed_suffix/512,4,0.0869,boundary_scans,6
scheduler,scheduler/dynamic/resumed_suffix/512,4,0.0869,candidate_slots,12
scheduler,scheduler/dynamic/resumed_suffix/512,4,0.0869,cpu_ms,0
scheduler,scheduler/dynamic/resumed_suffix/512,4,0.0869,cpu_percent,0
scheduler,scheduler/dynamic/resumed_suffix/512,4,0.0869,leases,383
scheduler,scheduler/dynamic/resumed_suffix/512,4,0.0869,max_leases_per_request,64
scheduler,scheduler/dynamic/resumed_suffix/512,4,0.0869,max_request_bytes,67108864
scheduler,scheduler/dynamic/resumed_suffix/512,4,0.0869,micros_per_request,14.316666666666668
scheduler,scheduler/dynamic/resumed_suffix/512,4,0.0869,multi_lease_requests,6
scheduler,scheduler/dynamic/resumed_suffix/512,4,0.0869,planned_bytes,401604608
scheduler,scheduler/dynamic/resumed_suffix/512,4,0.0869,planned_ranges,12
scheduler,scheduler/dynamic/resumed_suffix/512,4,0.0869,requests,6
scheduler,scheduler/dynamic/resumed_suffix/512,4,0.0869,single_lease_requests,0
scheduler,scheduler/dynamic/resumed_suffix/512,4,0.0869,total,0.0859
scheduler,scheduler/dynamic/resumed_suffix/512,4,0.0869,truncated_requests,5
scheduler,scheduler/dynamic/resumed_suffix/512,5,0.0846,boundary_scans,6
scheduler,scheduler/dynamic/resumed_suffix/512,5,0.0846,candidate_slots,12
scheduler,scheduler/dynamic/resumed_suffix/512,5,0.0846,cpu_ms,0
scheduler,scheduler/dynamic/resumed_suffix/512,5,0.0846,cpu_percent,0
scheduler,scheduler/dynamic/resumed_suffix/512,5,0.0846,leases,383
scheduler,scheduler/dynamic/resumed_suffix/512,5,0.0846,max_leases_per_request,64
scheduler,scheduler/dynamic/resumed_suffix/512,5,0.0846,max_request_bytes,67108864
scheduler,scheduler/dynamic/resumed_suffix/512,5,0.0846,micros_per_request,13.899999999999999
scheduler,scheduler/dynamic/resumed_suffix/512,5,0.0846,multi_lease_requests,6
scheduler,scheduler/dynamic/resumed_suffix/512,5,0.0846,planned_bytes,401604608
scheduler,scheduler/dynamic/resumed_suffix/512,5,0.0846,planned_ranges,12
scheduler,scheduler/dynamic/resumed_suffix/512,5,0.0846,requests,6
scheduler,scheduler/dynamic/resumed_suffix/512,5,0.0846,single_lease_requests,0
scheduler,scheduler/dynamic/resumed_suffix/512,5,0.0846,total,0.08339999999999999
scheduler,scheduler/dynamic/resumed_suffix/512,5,0.0846,truncated_requests,5
scheduler,scheduler/dynamic/resumed_suffix/512,6,0.0811,boundary_scans,6
scheduler,scheduler/dynamic/resumed_suffix/512,6,0.0811,candidate_slots,12
scheduler,scheduler/dynamic/resumed_suffix/512,6,0.0811,cpu_ms,0
scheduler,scheduler/dynamic/resumed_suffix/512,6,0.0811,cpu_percent,0
scheduler,scheduler/dynamic/resumed_suffix/512,6,0.0811,leases,383
scheduler,scheduler/dynamic/resumed_suffix/512,6,0.0811,max_leases_per_request,64
scheduler,scheduler/dynamic/resumed_suffix/512,6,0.0811,max_request_bytes,67108864
scheduler,scheduler/dynamic/resumed_suffix/512,6,0.0811,micros_per_request,13.35
scheduler,scheduler/dynamic/resumed_suffix/512,6,0.0811,multi_lease_requests,6
scheduler,scheduler/dynamic/resumed_suffix/512,6,0.0811,planned_bytes,401604608
scheduler,scheduler/dynamic/resumed_suffix/512,6,0.0811,planned_ranges,12
scheduler,scheduler/dynamic/resumed_suffix/512,6,0.0811,requests,6
scheduler,scheduler/dynamic/resumed_suffix/512,6,0.0811,single_lease_requests,0
scheduler,scheduler/dynamic/resumed_suffix/512,6,0.0811,total,0.08009999999999999
scheduler,scheduler/dynamic/resumed_suffix/512,6,0.0811,truncated_requests,5
scheduler,scheduler/dynamic/resumed_suffix/512,7,0.0845,boundary_scans,6
scheduler,scheduler/dynamic/resumed_suffix/512,7,0.0845,candidate_slots,12
scheduler,scheduler/dynamic/resumed_suffix/512,7,0.0845,cpu_ms,0
scheduler,scheduler/dynamic/resumed_suffix/512,7,0.0845,cpu_percent,0
scheduler,scheduler/dynamic/resumed_suffix/512,7,0.0845,leases,383
scheduler,scheduler/dynamic/resumed_suffix/512,7,0.0845,max_leases_per_request,64
scheduler,scheduler/dynamic/resumed_suffix/512,7,0.0845,max_request_bytes,67108864
scheduler,scheduler/dynamic/resumed_suffix/512,7,0.0845,micros_per_request,13.933333333333332
scheduler,scheduler/dynamic/resumed_suffix/512,7,0.0845,multi_lease_requests,6
scheduler,scheduler/dynamic/resumed_suffix/512,7,0.0845,planned_bytes,401604608
scheduler,scheduler/dynamic/resumed_suffix/512,7,0.0845,planned_ranges,12
scheduler,scheduler/dynamic/resumed_suffix/512,7,0.0845,requests,6
scheduler,scheduler/dynamic/resumed_suffix/512,7,0.0845,single_lease_requests,0
scheduler,scheduler/dynamic/resumed_suffix/512,7,0.0845,total,0.0836
scheduler,scheduler/dynamic/resumed_suffix/512,7,0.0845,truncated_requests,5
scheduler,scheduler/dynamic/resumed_suffix/512,8,0.0953,boundary_scans,6
scheduler,scheduler/dynamic/resumed_suffix/512,8,0.0953,candidate_slots,12
scheduler,scheduler/dynamic/resumed_suffix/512,8,0.0953,cpu_ms,0
scheduler,scheduler/dynamic/resumed_suffix/512,8,0.0953,cpu_percent,0
scheduler,scheduler/dynamic/resumed_suffix/512,8,0.0953,leases,383
scheduler,scheduler/dynamic/resumed_suffix/512,8,0.0953,max_leases_per_request,64
scheduler,scheduler/dynamic/resumed_suffix/512,8,0.0953,max_request_bytes,67108864
scheduler,scheduler/dynamic/resumed_suffix/512,8,0.0953,micros_per_request,15.700000000000001
scheduler,scheduler/dynamic/resumed_suffix/512,8,0.0953,multi_lease_requests,6
scheduler,scheduler/dynamic/resumed_suffix/512,8,0.0953,planned_bytes,401604608
scheduler,scheduler/dynamic/resumed_suffix/512,8,0.0953,planned_ranges,12
scheduler,scheduler/dynamic/resumed_suffix/512,8,0.0953,requests,6
scheduler,scheduler/dynamic/resumed_suffix/512,8,0.0953,single_lease_requests,0
scheduler,scheduler/dynamic/resumed_suffix/512,8,0.0953,total,0.0942
scheduler,scheduler/dynamic/resumed_suffix/512,8,0.0953,truncated_requests,5
scheduler,scheduler/dynamic/resumed_suffix/512,9,0.0844,boundary_scans,6
scheduler,scheduler/dynamic/resumed_suffix/512,9,0.0844,candidate_slots,12
scheduler,scheduler/dynamic/resumed_suffix/512,9,0.0844,cpu_ms,0
scheduler,scheduler/dynamic/resumed_suffix/512,9,0.0844,cpu_percent,0
scheduler,scheduler/dynamic/resumed_suffix/512,9,0.0844,leases,383
scheduler,scheduler/dynamic/resumed_suffix/512,9,0.0844,max_leases_per_request,64
scheduler,scheduler/dynamic/resumed_suffix/512,9,0.0844,max_request_bytes,67108864
scheduler,scheduler/dynamic/resumed_suffix/512,9,0.0844,micros_per_request,13.933333333333332
scheduler,scheduler/dynamic/resumed_suffix/512,9,0.0844,multi_lease_requests,6
scheduler,scheduler/dynamic/resumed_suffix/512,9,0.0844,planned_bytes,401604608
scheduler,scheduler/dynamic/resumed_suffix/512,9,0.0844,planned_ranges,12
scheduler,scheduler/dynamic/resumed_suffix/512,9,0.0844,requests,6
scheduler,scheduler/dynamic/resumed_suffix/512,9,0.0844,single_lease_requests,0
scheduler,scheduler/dynamic/resumed_suffix/512,9,0.0844,total,0.0836
scheduler,scheduler/dynamic/resumed_suffix/512,9,0.0844,truncated_requests,5
scheduler,scheduler/fixed/resumed_suffix/512,0,0.1458,boundary_scans,96
scheduler,scheduler/fixed/resumed_suffix/512,0,0.1458,candidate_slots,96
scheduler,scheduler/fixed/resumed_suffix/512,0,0.1458,cpu_ms,0
scheduler,scheduler/fixed/resumed_suffix/512,0,0.1458,cpu_percent,0
scheduler,scheduler/fixed/resumed_suffix/512,0,0.1458,leases,383
scheduler,scheduler/fixed/resumed_suffix/512,0,0.1458,max_leases_per_request,4
scheduler,scheduler/fixed/resumed_suffix/512,0,0.1458,max_request_bytes,4194304
scheduler,scheduler/fixed/resumed_suffix/512,0,0.1458,micros_per_request,1.5104166666666667
scheduler,scheduler/fixed/resumed_suffix/512,0,0.1458,multi_lease_requests,96
scheduler,scheduler/fixed/resumed_suffix/512,0,0.1458,planned_bytes,401604608
scheduler,scheduler/fixed/resumed_suffix/512,0,0.1458,planned_ranges,102
scheduler,scheduler/fixed/resumed_suffix/512,0,0.1458,requests,96
scheduler,scheduler/fixed/resumed_suffix/512,0,0.1458,single_lease_requests,0
scheduler,scheduler/fixed/resumed_suffix/512,0,0.1458,total,0.145
scheduler,scheduler/fixed/resumed_suffix/512,0,0.1458,truncated_requests,96
scheduler,scheduler/fixed/resumed_suffix/512,1,0.1512,boundary_scans,96
scheduler,scheduler/fixed/resumed_suffix/512,1,0.1512,candidate_slots,96
scheduler,scheduler/fixed/resumed_suffix/512,1,0.1512,cpu_ms,0
scheduler,scheduler/fixed/resumed_suffix/512,1,0.1512,cpu_percent,0
scheduler,scheduler/fixed/resumed_suffix/512,1,0.1512,leases,383
scheduler,scheduler/fixed/resumed_suffix/512,1,0.1512,max_leases_per_request,4
scheduler,scheduler/fixed/resumed_suffix/512,1,0.1512,max_request_bytes,4194304
scheduler,scheduler/fixed/resumed_suffix/512,1,0.1512,micros_per_request,1.5677083333333333
scheduler,scheduler/fixed/resumed_suffix/512,1,0.1512,multi_lease_requests,96
scheduler,scheduler/fixed/resumed_suffix/512,1,0.1512,planned_bytes,401604608
scheduler,scheduler/fixed/resumed_suffix/512,1,0.1512,planned_ranges,102
scheduler,scheduler/fixed/resumed_suffix/512,1,0.1512,requests,96
scheduler,scheduler/fixed/resumed_suffix/512,1,0.1512,single_lease_requests,0
scheduler,scheduler/fixed/resumed_suffix/512,1,0.1512,total,0.1505
scheduler,scheduler/fixed/resumed_suffix/512,1,0.1512,truncated_requests,96
scheduler,scheduler/fixed/resumed_suffix/512,2,0.2710,boundary_scans,96
scheduler,scheduler/fixed/resumed_suffix/512,2,0.2710,candidate_slots,96
scheduler,scheduler/fixed/resumed_suffix/512,2,0.2710,cpu_ms,0
scheduler,scheduler/fixed/resumed_suffix/512,2,0.2710,cpu_percent,0
scheduler,scheduler/fixed/resumed_suffix/512,2,0.2710,leases,383
scheduler,scheduler/fixed/resumed_suffix/512,2,0.2710,max_leases_per_request,4
scheduler,scheduler/fixed/resumed_suffix/512,2,0.2710,max_request_bytes,4194304
scheduler,scheduler/fixed/resumed_suffix/512,2,0.2710,micros_per_request,2.8041666666666667
scheduler,scheduler/fixed/resumed_suffix/512,2,0.2710,multi_lease_requests,96
scheduler,scheduler/fixed/resumed_suffix/512,2,0.2710,planned_bytes,401604608
scheduler,scheduler/fixed/resumed_suffix/512,2,0.2710,planned_ranges,102
scheduler,scheduler/fixed/resumed_suffix/512,2,0.2710,requests,96
scheduler,scheduler/fixed/resumed_suffix/512,2,0.2710,single_lease_requests,0
scheduler,scheduler/fixed/resumed_suffix/512,2,0.2710,total,0.2692
scheduler,scheduler/fixed/resumed_suffix/512,2,0.2710,truncated_requests,96
scheduler,scheduler/fixed/resumed_suffix/512,3,0.2611,boundary_scans,96
scheduler,scheduler/fixed/resumed_suffix/512,3,0.2611,candidate_slots,96
scheduler,scheduler/fixed/resumed_suffix/512,3,0.2611,cpu_ms,0
scheduler,scheduler/fixed/resumed_suffix/512,3,0.2611,cpu_percent,0
scheduler,scheduler/fixed/resumed_suffix/512,3,0.2611,leases,383
scheduler,scheduler/fixed/resumed_suffix/512,3,0.2611,max_leases_per_request,4
scheduler,scheduler/fixed/resumed_suffix/512,3,0.2611,max_request_bytes,4194304
scheduler,scheduler/fixed/resumed_suffix/512,3,0.2611,micros_per_request,2.701041666666667
scheduler,scheduler/fixed/resumed_suffix/512,3,0.2611,multi_lease_requests,96
scheduler,scheduler/fixed/resumed_suffix/512,3,0.2611,planned_bytes,401604608
scheduler,scheduler/fixed/resumed_suffix/512,3,0.2611,planned_ranges,102
scheduler,scheduler/fixed/resumed_suffix/512,3,0.2611,requests,96
scheduler,scheduler/fixed/resumed_suffix/512,3,0.2611,single_lease_requests,0
scheduler,scheduler/fixed/resumed_suffix/512,3,0.2611,total,0.25930000000000003
scheduler,scheduler/fixed/resumed_suffix/512,3,0.2611,truncated_requests,96
scheduler,scheduler/fixed/resumed_suffix/512,4,0.2879,boundary_scans,96
scheduler,scheduler/fixed/resumed_suffix/512,4,0.2879,candidate_slots,96
scheduler,scheduler/fixed/resumed_suffix/512,4,0.2879,cpu_ms,0
scheduler,scheduler/fixed/resumed_suffix/512,4,0.2879,cpu_percent,0
scheduler,scheduler/fixed/resumed_suffix/512,4,0.2879,leases,383
scheduler,scheduler/fixed/resumed_suffix/512,4,0.2879,max_leases_per_request,4
scheduler,scheduler/fixed/resumed_suffix/512,4,0.2879,max_request_bytes,4194304
scheduler,scheduler/fixed/resumed_suffix/512,4,0.2879,micros_per_request,2.983333333333334
scheduler,scheduler/fixed/resumed_suffix/512,4,0.2879,multi_lease_requests,96
scheduler,scheduler/fixed/resumed_suffix/512,4,0.2879,planned_bytes,401604608
scheduler,scheduler/fixed/resumed_suffix/512,4,0.2879,planned_ranges,102
scheduler,scheduler/fixed/resumed_suffix/512,4,0.2879,requests,96
scheduler,scheduler/fixed/resumed_suffix/512,4,0.2879,single_lease_requests,0
scheduler,scheduler/fixed/resumed_suffix/512,4,0.2879,total,0.28640000000000004
scheduler,scheduler/fixed/resumed_suffix/512,4,0.2879,truncated_requests,96
scheduler,scheduler/fixed/resumed_suffix/512,5,0.2842,boundary_scans,96
scheduler,scheduler/fixed/resumed_suffix/512,5,0.2842,candidate_slots,96
scheduler,scheduler/fixed/resumed_suffix/512,5,0.2842,cpu_ms,0
scheduler,scheduler/fixed/resumed_suffix/512,5,0.2842,cpu_percent,0
scheduler,scheduler/fixed/resumed_suffix/512,5,0.2842,leases,383
scheduler,scheduler/fixed/resumed_suffix/512,5,0.2842,max_leases_per_request,4
scheduler,scheduler/fixed/resumed_suffix/512,5,0.2842,max_request_bytes,4194304
scheduler,scheduler/fixed/resumed_suffix/512,5,0.2842,micros_per_request,2.936458333333334
scheduler,scheduler/fixed/resumed_suffix/512,5,0.2842,multi_lease_requests,96
scheduler,scheduler/fixed/resumed_suffix/512,5,0.2842,planned_bytes,401604608
scheduler,scheduler/fixed/resumed_suffix/512,5,0.2842,planned_ranges,102
scheduler,scheduler/fixed/resumed_suffix/512,5,0.2842,requests,96
scheduler,scheduler/fixed/resumed_suffix/512,5,0.2842,single_lease_requests,0
scheduler,scheduler/fixed/resumed_suffix/512,5,0.2842,total,0.28190000000000004
scheduler,scheduler/fixed/resumed_suffix/512,5,0.2842,truncated_requests,96
scheduler,scheduler/fixed/resumed_suffix/512,6,0.2853,boundary_scans,96
scheduler,scheduler/fixed/resumed_suffix/512,6,0.2853,candidate_slots,96
scheduler,scheduler/fixed/resumed_suffix/512,6,0.2853,cpu_ms,0
scheduler,scheduler/fixed/resumed_suffix/512,6,0.2853,cpu_percent,0
scheduler,scheduler/fixed/resumed_suffix/512,6,0.2853,leases,383
scheduler,scheduler/fixed/resumed_suffix/512,6,0.2853,max_leases_per_request,4
scheduler,scheduler/fixed/resumed_suffix/512,6,0.2853,max_request_bytes,4194304
scheduler,scheduler/fixed/resumed_suffix/512,6,0.2853,micros_per_request,2.952083333333333
scheduler,scheduler/fixed/resumed_suffix/512,6,0.2853,multi_lease_requests,96
scheduler,scheduler/fixed/resumed_suffix/512,6,0.2853,planned_bytes,401604608
scheduler,scheduler/fixed/resumed_suffix/512,6,0.2853,planned_ranges,102
scheduler,scheduler/fixed/resumed_suffix/512,6,0.2853,requests,96
scheduler,scheduler/fixed/resumed_suffix/512,6,0.2853,single_lease_requests,0
scheduler,scheduler/fixed/resumed_suffix/512,6,0.2853,total,0.2834
scheduler,scheduler/fixed/resumed_suffix/512,6,0.2853,truncated_requests,96
scheduler,scheduler/fixed/resumed_suffix/512,7,0.7374,boundary_scans,96
scheduler,scheduler/fixed/resumed_suffix/512,7,0.7374,candidate_slots,96
scheduler,scheduler/fixed/resumed_suffix/512,7,0.7374,cpu_ms,0
scheduler,scheduler/fixed/resumed_suffix/512,7,0.7374,cpu_percent,0
scheduler,scheduler/fixed/resumed_suffix/512,7,0.7374,leases,383
scheduler,scheduler/fixed/resumed_suffix/512,7,0.7374,max_leases_per_request,4
scheduler,scheduler/fixed/resumed_suffix/512,7,0.7374,max_request_bytes,4194304
scheduler,scheduler/fixed/resumed_suffix/512,7,0.7374,micros_per_request,7.6625000000000005
scheduler,scheduler/fixed/resumed_suffix/512,7,0.7374,multi_lease_requests,96
scheduler,scheduler/fixed/resumed_suffix/512,7,0.7374,planned_bytes,401604608
scheduler,scheduler/fixed/resumed_suffix/512,7,0.7374,planned_ranges,102
scheduler,scheduler/fixed/resumed_suffix/512,7,0.7374,requests,96
scheduler,scheduler/fixed/resumed_suffix/512,7,0.7374,single_lease_requests,0
scheduler,scheduler/fixed/resumed_suffix/512,7,0.7374,total,0.7356
scheduler,scheduler/fixed/resumed_suffix/512,7,0.7374,truncated_requests,96
scheduler,scheduler/fixed/resumed_suffix/512,8,0.2677,boundary_scans,96
scheduler,scheduler/fixed/resumed_suffix/512,8,0.2677,candidate_slots,96
scheduler,scheduler/fixed/resumed_suffix/512,8,0.2677,cpu_ms,0
scheduler,scheduler/fixed/resumed_suffix/512,8,0.2677,cpu_percent,0
scheduler,scheduler/fixed/resumed_suffix/512,8,0.2677,leases,383
scheduler,scheduler/fixed/resumed_suffix/512,8,0.2677,max_leases_per_request,4
scheduler,scheduler/fixed/resumed_suffix/512,8,0.2677,max_request_bytes,4194304
scheduler,scheduler/fixed/resumed_suffix/512,8,0.2677,micros_per_request,2.7729166666666667
scheduler,scheduler/fixed/resumed_suffix/512,8,0.2677,multi_lease_requests,96
scheduler,scheduler/fixed/resumed_suffix/512,8,0.2677,planned_bytes,401604608
scheduler,scheduler/fixed/resumed_suffix/512,8,0.2677,planned_ranges,102
scheduler,scheduler/fixed/resumed_suffix/512,8,0.2677,requests,96
scheduler,scheduler/fixed/resumed_suffix/512,8,0.2677,single_lease_requests,0
scheduler,scheduler/fixed/resumed_suffix/512,8,0.2677,total,0.2662
scheduler,scheduler/fixed/resumed_suffix/512,8,0.2677,truncated_requests,96
scheduler,scheduler/fixed/resumed_suffix/512,9,0.2759,boundary_scans,96
scheduler,scheduler/fixed/resumed_suffix/512,9,0.2759,candidate_slots,96
scheduler,scheduler/fixed/resumed_suffix/512,9,0.2759,cpu_ms,0
scheduler,scheduler/fixed/resumed_suffix/512,9,0.2759,cpu_percent,0
scheduler,scheduler/fixed/resumed_suffix/512,9,0.2759,leases,383
scheduler,scheduler/fixed/resumed_suffix/512,9,0.2759,max_leases_per_request,4
scheduler,scheduler/fixed/resumed_suffix/512,9,0.2759,max_request_bytes,4194304
scheduler,scheduler/fixed/resumed_suffix/512,9,0.2759,micros_per_request,2.858333333333333
scheduler,scheduler/fixed/resumed_suffix/512,9,0.2759,multi_lease_requests,96
scheduler,scheduler/fixed/resumed_suffix/512,9,0.2759,planned_bytes,401604608
scheduler,scheduler/fixed/resumed_suffix/512,9,0.2759,planned_ranges,102
scheduler,scheduler/fixed/resumed_suffix/512,9,0.2759,requests,96
scheduler,scheduler/fixed/resumed_suffix/512,9,0.2759,single_lease_requests,0
scheduler,scheduler/fixed/resumed_suffix/512,9,0.2759,total,0.2744
scheduler,scheduler/fixed/resumed_suffix/512,9,0.2759,truncated_requests,96
scheduler,scheduler/dynamic/fresh/4096,0,1.2635,boundary_scans,64
scheduler,scheduler/dynamic/fresh/4096,0,1.2635,candidate_slots,70
scheduler,scheduler/dynamic/fresh/4096,0,1.2635,cpu_ms,0
scheduler,scheduler/dynamic/fresh/4096,0,1.2635,cpu_percent,0
scheduler,scheduler/dynamic/fresh/4096,0,1.2635,leases,4096
scheduler,scheduler/dynamic/fresh/4096,0,1.2635,max_leases_per_request,64
scheduler,scheduler/dynamic/fresh/4096,0,1.2635,max_request_bytes,67108864
scheduler,scheduler/dynamic/fresh/4096,0,1.2635,micros_per_request,19.704687500000002
scheduler,scheduler/dynamic/fresh/4096,0,1.2635,multi_lease_requests,64
scheduler,scheduler/dynamic/fresh/4096,0,1.2635,planned_bytes,4294967296
scheduler,scheduler/dynamic/fresh/4096,0,1.2635,planned_ranges,70
scheduler,scheduler/dynamic/fresh/4096,0,1.2635,requests,64
scheduler,scheduler/dynamic/fresh/4096,0,1.2635,single_lease_requests,0
scheduler,scheduler/dynamic/fresh/4096,0,1.2635,total,1.2611
scheduler,scheduler/dynamic/fresh/4096,0,1.2635,truncated_requests,63
scheduler,scheduler/dynamic/fresh/4096,1,0.6463,boundary_scans,64
scheduler,scheduler/dynamic/fresh/4096,1,0.6463,candidate_slots,70
scheduler,scheduler/dynamic/fresh/4096,1,0.6463,cpu_ms,0
scheduler,scheduler/dynamic/fresh/4096,1,0.6463,cpu_percent,0
scheduler,scheduler/dynamic/fresh/4096,1,0.6463,leases,4096
scheduler,scheduler/dynamic/fresh/4096,1,0.6463,max_leases_per_request,64
scheduler,scheduler/dynamic/fresh/4096,1,0.6463,max_request_bytes,67108864
scheduler,scheduler/dynamic/fresh/4096,1,0.6463,micros_per_request,10.045312499999998
scheduler,scheduler/dynamic/fresh/4096,1,0.6463,multi_lease_requests,64
scheduler,scheduler/dynamic/fresh/4096,1,0.6463,planned_bytes,4294967296
scheduler,scheduler/dynamic/fresh/4096,1,0.6463,planned_ranges,70
scheduler,scheduler/dynamic/fresh/4096,1,0.6463,requests,64
scheduler,scheduler/dynamic/fresh/4096,1,0.6463,single_lease_requests,0
scheduler,scheduler/dynamic/fresh/4096,1,0.6463,total,0.6428999999999999
scheduler,scheduler/dynamic/fresh/4096,1,0.6463,truncated_requests,63
scheduler,scheduler/dynamic/fresh/4096,2,0.7416,boundary_scans,64
scheduler,scheduler/dynamic/fresh/4096,2,0.7416,candidate_slots,70
scheduler,scheduler/dynamic/fresh/4096,2,0.7416,cpu_ms,0
scheduler,scheduler/dynamic/fresh/4096,2,0.7416,cpu_percent,0
scheduler,scheduler/dynamic/fresh/4096,2,0.7416,leases,4096
scheduler,scheduler/dynamic/fresh/4096,2,0.7416,max_leases_per_request,64
scheduler,scheduler/dynamic/fresh/4096,2,0.7416,max_request_bytes,67108864
scheduler,scheduler/dynamic/fresh/4096,2,0.7416,micros_per_request,11.564062500000002
scheduler,scheduler/dynamic/fresh/4096,2,0.7416,multi_lease_requests,64
scheduler,scheduler/dynamic/fresh/4096,2,0.7416,planned_bytes,4294967296
scheduler,scheduler/dynamic/fresh/4096,2,0.7416,planned_ranges,70
scheduler,scheduler/dynamic/fresh/4096,2,0.7416,requests,64
scheduler,scheduler/dynamic/fresh/4096,2,0.7416,single_lease_requests,0
scheduler,scheduler/dynamic/fresh/4096,2,0.7416,total,0.7401000000000001
scheduler,scheduler/dynamic/fresh/4096,2,0.7416,truncated_requests,63
scheduler,scheduler/dynamic/fresh/4096,3,0.5786,boundary_scans,64
scheduler,scheduler/dynamic/fresh/4096,3,0.5786,candidate_slots,70
scheduler,scheduler/dynamic/fresh/4096,3,0.5786,cpu_ms,0
scheduler,scheduler/dynamic/fresh/4096,3,0.5786,cpu_percent,0
scheduler,scheduler/dynamic/fresh/4096,3,0.5786,leases,4096
scheduler,scheduler/dynamic/fresh/4096,3,0.5786,max_leases_per_request,64
scheduler,scheduler/dynamic/fresh/4096,3,0.5786,max_request_bytes,67108864
scheduler,scheduler/dynamic/fresh/4096,3,0.5786,micros_per_request,9.0234375
scheduler,scheduler/dynamic/fresh/4096,3,0.5786,multi_lease_requests,64
scheduler,scheduler/dynamic/fresh/4096,3,0.5786,planned_bytes,4294967296
scheduler,scheduler/dynamic/fresh/4096,3,0.5786,planned_ranges,70
scheduler,scheduler/dynamic/fresh/4096,3,0.5786,requests,64
scheduler,scheduler/dynamic/fresh/4096,3,0.5786,single_lease_requests,0
scheduler,scheduler/dynamic/fresh/4096,3,0.5786,total,0.5775
scheduler,scheduler/dynamic/fresh/4096,3,0.5786,truncated_requests,63
scheduler,scheduler/dynamic/fresh/4096,4,0.7890,boundary_scans,64
scheduler,scheduler/dynamic/fresh/4096,4,0.7890,candidate_slots,70
scheduler,scheduler/dynamic/fresh/4096,4,0.7890,cpu_ms,0
scheduler,scheduler/dynamic/fresh/4096,4,0.7890,cpu_percent,0
scheduler,scheduler/dynamic/fresh/4096,4,0.7890,leases,4096
scheduler,scheduler/dynamic/fresh/4096,4,0.7890,max_leases_per_request,64
scheduler,scheduler/dynamic/fresh/4096,4,0.7890,max_request_bytes,67108864
scheduler,scheduler/dynamic/fresh/4096,4,0.7890,micros_per_request,12.30625
scheduler,scheduler/dynamic/fresh/4096,4,0.7890,multi_lease_requests,64
scheduler,scheduler/dynamic/fresh/4096,4,0.7890,planned_bytes,4294967296
scheduler,scheduler/dynamic/fresh/4096,4,0.7890,planned_ranges,70
scheduler,scheduler/dynamic/fresh/4096,4,0.7890,requests,64
scheduler,scheduler/dynamic/fresh/4096,4,0.7890,single_lease_requests,0
scheduler,scheduler/dynamic/fresh/4096,4,0.7890,total,0.7876
scheduler,scheduler/dynamic/fresh/4096,4,0.7890,truncated_requests,63
scheduler,scheduler/dynamic/fresh/4096,5,0.6008,boundary_scans,64
scheduler,scheduler/dynamic/fresh/4096,5,0.6008,candidate_slots,70
scheduler,scheduler/dynamic/fresh/4096,5,0.6008,cpu_ms,0
scheduler,scheduler/dynamic/fresh/4096,5,0.6008,cpu_percent,0
scheduler,scheduler/dynamic/fresh/4096,5,0.6008,leases,4096
scheduler,scheduler/dynamic/fresh/4096,5,0.6008,max_leases_per_request,64
scheduler,scheduler/dynamic/fresh/4096,5,0.6008,max_request_bytes,67108864
scheduler,scheduler/dynamic/fresh/4096,5,0.6008,micros_per_request,9.36875
scheduler,scheduler/dynamic/fresh/4096,5,0.6008,multi_lease_requests,64
scheduler,scheduler/dynamic/fresh/4096,5,0.6008,planned_bytes,4294967296
scheduler,scheduler/dynamic/fresh/4096,5,0.6008,planned_ranges,70
scheduler,scheduler/dynamic/fresh/4096,5,0.6008,requests,64
scheduler,scheduler/dynamic/fresh/4096,5,0.6008,single_lease_requests,0
scheduler,scheduler/dynamic/fresh/4096,5,0.6008,total,0.5996
scheduler,scheduler/dynamic/fresh/4096,5,0.6008,truncated_requests,63
scheduler,scheduler/dynamic/fresh/4096,6,0.6443,boundary_scans,64
scheduler,scheduler/dynamic/fresh/4096,6,0.6443,candidate_slots,70
scheduler,scheduler/dynamic/fresh/4096,6,0.6443,cpu_ms,0
scheduler,scheduler/dynamic/fresh/4096,6,0.6443,cpu_percent,0
scheduler,scheduler/dynamic/fresh/4096,6,0.6443,leases,4096
scheduler,scheduler/dynamic/fresh/4096,6,0.6443,max_leases_per_request,64
scheduler,scheduler/dynamic/fresh/4096,6,0.6443,max_request_bytes,67108864
scheduler,scheduler/dynamic/fresh/4096,6,0.6443,micros_per_request,10.046875
scheduler,scheduler/dynamic/fresh/4096,6,0.6443,multi_lease_requests,64
scheduler,scheduler/dynamic/fresh/4096,6,0.6443,planned_bytes,4294967296
scheduler,scheduler/dynamic/fresh/4096,6,0.6443,planned_ranges,70
scheduler,scheduler/dynamic/fresh/4096,6,0.6443,requests,64
scheduler,scheduler/dynamic/fresh/4096,6,0.6443,single_lease_requests,0
scheduler,scheduler/dynamic/fresh/4096,6,0.6443,total,0.643
scheduler,scheduler/dynamic/fresh/4096,6,0.6443,truncated_requests,63
scheduler,scheduler/dynamic/fresh/4096,7,0.7968,boundary_scans,64
scheduler,scheduler/dynamic/fresh/4096,7,0.7968,candidate_slots,70
scheduler,scheduler/dynamic/fresh/4096,7,0.7968,cpu_ms,15.625
scheduler,scheduler/dynamic/fresh/4096,7,0.7968,cpu_percent,1960.9688755020081
scheduler,scheduler/dynamic/fresh/4096,7,0.7968,leases,4096
scheduler,scheduler/dynamic/fresh/4096,7,0.7968,max_leases_per_request,64
scheduler,scheduler/dynamic/fresh/4096,7,0.7968,max_request_bytes,67108864
scheduler,scheduler/dynamic/fresh/4096,7,0.7968,micros_per_request,12.434375000000001
scheduler,scheduler/dynamic/fresh/4096,7,0.7968,multi_lease_requests,64
scheduler,scheduler/dynamic/fresh/4096,7,0.7968,planned_bytes,4294967296
scheduler,scheduler/dynamic/fresh/4096,7,0.7968,planned_ranges,70
scheduler,scheduler/dynamic/fresh/4096,7,0.7968,requests,64
scheduler,scheduler/dynamic/fresh/4096,7,0.7968,single_lease_requests,0
scheduler,scheduler/dynamic/fresh/4096,7,0.7968,total,0.7958000000000001
scheduler,scheduler/dynamic/fresh/4096,7,0.7968,truncated_requests,63
scheduler,scheduler/dynamic/fresh/4096,8,0.5439,boundary_scans,64
scheduler,scheduler/dynamic/fresh/4096,8,0.5439,candidate_slots,70
scheduler,scheduler/dynamic/fresh/4096,8,0.5439,cpu_ms,0
scheduler,scheduler/dynamic/fresh/4096,8,0.5439,cpu_percent,0
scheduler,scheduler/dynamic/fresh/4096,8,0.5439,leases,4096
scheduler,scheduler/dynamic/fresh/4096,8,0.5439,max_leases_per_request,64
scheduler,scheduler/dynamic/fresh/4096,8,0.5439,max_request_bytes,67108864
scheduler,scheduler/dynamic/fresh/4096,8,0.5439,micros_per_request,8.482812500000001
scheduler,scheduler/dynamic/fresh/4096,8,0.5439,multi_lease_requests,64
scheduler,scheduler/dynamic/fresh/4096,8,0.5439,planned_bytes,4294967296
scheduler,scheduler/dynamic/fresh/4096,8,0.5439,planned_ranges,70
scheduler,scheduler/dynamic/fresh/4096,8,0.5439,requests,64
scheduler,scheduler/dynamic/fresh/4096,8,0.5439,single_lease_requests,0
scheduler,scheduler/dynamic/fresh/4096,8,0.5439,total,0.5429
scheduler,scheduler/dynamic/fresh/4096,8,0.5439,truncated_requests,63
scheduler,scheduler/dynamic/fresh/4096,9,0.6405,boundary_scans,64
scheduler,scheduler/dynamic/fresh/4096,9,0.6405,candidate_slots,70
scheduler,scheduler/dynamic/fresh/4096,9,0.6405,cpu_ms,0
scheduler,scheduler/dynamic/fresh/4096,9,0.6405,cpu_percent,0
scheduler,scheduler/dynamic/fresh/4096,9,0.6405,leases,4096
scheduler,scheduler/dynamic/fresh/4096,9,0.6405,max_leases_per_request,64
scheduler,scheduler/dynamic/fresh/4096,9,0.6405,max_request_bytes,67108864
scheduler,scheduler/dynamic/fresh/4096,9,0.6405,micros_per_request,9.9890625
scheduler,scheduler/dynamic/fresh/4096,9,0.6405,multi_lease_requests,64
scheduler,scheduler/dynamic/fresh/4096,9,0.6405,planned_bytes,4294967296
scheduler,scheduler/dynamic/fresh/4096,9,0.6405,planned_ranges,70
scheduler,scheduler/dynamic/fresh/4096,9,0.6405,requests,64
scheduler,scheduler/dynamic/fresh/4096,9,0.6405,single_lease_requests,0
scheduler,scheduler/dynamic/fresh/4096,9,0.6405,total,0.6393
scheduler,scheduler/dynamic/fresh/4096,9,0.6405,truncated_requests,63
scheduler,scheduler/fixed/fresh/4096,0,11.4049,boundary_scans,1024
scheduler,scheduler/fixed/fresh/4096,0,11.4049,candidate_slots,1024
scheduler,scheduler/fixed/fresh/4096,0,11.4049,cpu_ms,0
scheduler,scheduler/fixed/fresh/4096,0,11.4049,cpu_percent,0
scheduler,scheduler/fixed/fresh/4096,0,11.4049,leases,4096
scheduler,scheduler/fixed/fresh/4096,0,11.4049,max_leases_per_request,4
scheduler,scheduler/fixed/fresh/4096,0,11.4049,max_request_bytes,4194304
scheduler,scheduler/fixed/fresh/4096,0,11.4049,micros_per_request,11.134179687500001
scheduler,scheduler/fixed/fresh/4096,0,11.4049,multi_lease_requests,1024
scheduler,scheduler/fixed/fresh/4096,0,11.4049,planned_bytes,4294967296
scheduler,scheduler/fixed/fresh/4096,0,11.4049,planned_ranges,1030
scheduler,scheduler/fixed/fresh/4096,0,11.4049,requests,1024
scheduler,scheduler/fixed/fresh/4096,0,11.4049,single_lease_requests,0
scheduler,scheduler/fixed/fresh/4096,0,11.4049,total,11.4014
scheduler,scheduler/fixed/fresh/4096,0,11.4049,truncated_requests,1024
scheduler,scheduler/fixed/fresh/4096,1,11.6900,boundary_scans,1024
scheduler,scheduler/fixed/fresh/4096,1,11.6900,candidate_slots,1024
scheduler,scheduler/fixed/fresh/4096,1,11.6900,cpu_ms,15.625
scheduler,scheduler/fixed/fresh/4096,1,11.6900,cpu_percent,133.66124893071
scheduler,scheduler/fixed/fresh/4096,1,11.6900,leases,4096
scheduler,scheduler/fixed/fresh/4096,1,11.6900,max_leases_per_request,4
scheduler,scheduler/fixed/fresh/4096,1,11.6900,max_request_bytes,4194304
scheduler,scheduler/fixed/fresh/4096,1,11.6900,micros_per_request,11.411328125
scheduler,scheduler/fixed/fresh/4096,1,11.6900,multi_lease_requests,1024
scheduler,scheduler/fixed/fresh/4096,1,11.6900,planned_bytes,4294967296
scheduler,scheduler/fixed/fresh/4096,1,11.6900,planned_ranges,1030
scheduler,scheduler/fixed/fresh/4096,1,11.6900,requests,1024
scheduler,scheduler/fixed/fresh/4096,1,11.6900,single_lease_requests,0
scheduler,scheduler/fixed/fresh/4096,1,11.6900,total,11.6852
scheduler,scheduler/fixed/fresh/4096,1,11.6900,truncated_requests,1024
scheduler,scheduler/fixed/fresh/4096,2,12.5919,boundary_scans,1024
scheduler,scheduler/fixed/fresh/4096,2,12.5919,candidate_slots,1024
scheduler,scheduler/fixed/fresh/4096,2,12.5919,cpu_ms,15.625
scheduler,scheduler/fixed/fresh/4096,2,12.5919,cpu_percent,124.0877071768359
scheduler,scheduler/fixed/fresh/4096,2,12.5919,leases,4096
scheduler,scheduler/fixed/fresh/4096,2,12.5919,max_leases_per_request,4
scheduler,scheduler/fixed/fresh/4096,2,12.5919,max_request_bytes,4194304
scheduler,scheduler/fixed/fresh/4096,2,12.5919,micros_per_request,12.29150390625
scheduler,scheduler/fixed/fresh/4096,2,12.5919,multi_lease_requests,1024
scheduler,scheduler/fixed/fresh/4096,2,12.5919,planned_bytes,4294967296
scheduler,scheduler/fixed/fresh/4096,2,12.5919,planned_ranges,1030
scheduler,scheduler/fixed/fresh/4096,2,12.5919,requests,1024
scheduler,scheduler/fixed/fresh/4096,2,12.5919,single_lease_requests,0
scheduler,scheduler/fixed/fresh/4096,2,12.5919,total,12.586500000000001
scheduler,scheduler/fixed/fresh/4096,2,12.5919,truncated_requests,1024
scheduler,scheduler/fixed/fresh/4096,3,12.0857,boundary_scans,1024
scheduler,scheduler/fixed/fresh/4096,3,12.0857,candidate_slots,1024
scheduler,scheduler/fixed/fresh/4096,3,12.0857,cpu_ms,15.625
scheduler,scheduler/fixed/fresh/4096,3,12.0857,cpu_percent,129.28502279553524
scheduler,scheduler/fixed/fresh/4096,3,12.0857,leases,4096
scheduler,scheduler/fixed/fresh/4096,3,12.0857,max_leases_per_request,4
scheduler,scheduler/fixed/fresh/4096,3,12.0857,max_request_bytes,4194304
scheduler,scheduler/fixed/fresh/4096,3,12.0857,micros_per_request,11.79755859375
scheduler,scheduler/fixed/fresh/4096,3,12.0857,multi_lease_requests,1024
scheduler,scheduler/fixed/fresh/4096,3,12.0857,planned_bytes,4294967296
scheduler,scheduler/fixed/fresh/4096,3,12.0857,planned_ranges,1030
scheduler,scheduler/fixed/fresh/4096,3,12.0857,requests,1024
scheduler,scheduler/fixed/fresh/4096,3,12.0857,single_lease_requests,0
scheduler,scheduler/fixed/fresh/4096,3,12.0857,total,12.0807
scheduler,scheduler/fixed/fresh/4096,3,12.0857,truncated_requests,1024
scheduler,scheduler/fixed/fresh/4096,4,12.2420,boundary_scans,1024
scheduler,scheduler/fixed/fresh/4096,4,12.2420,candidate_slots,1024
scheduler,scheduler/fixed/fresh/4096,4,12.2420,cpu_ms,0
scheduler,scheduler/fixed/fresh/4096,4,12.2420,cpu_percent,0
scheduler,scheduler/fixed/fresh/4096,4,12.2420,leases,4096
scheduler,scheduler/fixed/fresh/4096,4,12.2420,max_leases_per_request,4
scheduler,scheduler/fixed/fresh/4096,4,12.2420,max_request_bytes,4194304
scheduler,scheduler/fixed/fresh/4096,4,12.2420,micros_per_request,11.95048828125
scheduler,scheduler/fixed/fresh/4096,4,12.2420,multi_lease_requests,1024
scheduler,scheduler/fixed/fresh/4096,4,12.2420,planned_bytes,4294967296
scheduler,scheduler/fixed/fresh/4096,4,12.2420,planned_ranges,1030
scheduler,scheduler/fixed/fresh/4096,4,12.2420,requests,1024
scheduler,scheduler/fixed/fresh/4096,4,12.2420,single_lease_requests,0
scheduler,scheduler/fixed/fresh/4096,4,12.2420,total,12.2373
scheduler,scheduler/fixed/fresh/4096,4,12.2420,truncated_requests,1024
scheduler,scheduler/fixed/fresh/4096,5,11.9961,boundary_scans,1024
scheduler,scheduler/fixed/fresh/4096,5,11.9961,candidate_slots,1024
scheduler,scheduler/fixed/fresh/4096,5,11.9961,cpu_ms,15.625
scheduler,scheduler/fixed/fresh/4096,5,11.9961,cpu_percent,130.25066479939312
scheduler,scheduler/fixed/fresh/4096,5,11.9961,leases,4096
scheduler,scheduler/fixed/fresh/4096,5,11.9961,max_leases_per_request,4
scheduler,scheduler/fixed/fresh/4096,5,11.9961,max_request_bytes,4194304
scheduler,scheduler/fixed/fresh/4096,5,11.9961,micros_per_request,11.71103515625
scheduler,scheduler/fixed/fresh/4096,5,11.9961,multi_lease_requests,1024
scheduler,scheduler/fixed/fresh/4096,5,11.9961,planned_bytes,4294967296
scheduler,scheduler/fixed/fresh/4096,5,11.9961,planned_ranges,1030
scheduler,scheduler/fixed/fresh/4096,5,11.9961,requests,1024
scheduler,scheduler/fixed/fresh/4096,5,11.9961,single_lease_requests,0
scheduler,scheduler/fixed/fresh/4096,5,11.9961,total,11.9921
scheduler,scheduler/fixed/fresh/4096,5,11.9961,truncated_requests,1024
scheduler,scheduler/fixed/fresh/4096,6,11.9362,boundary_scans,1024
scheduler,scheduler/fixed/fresh/4096,6,11.9362,candidate_slots,1024
scheduler,scheduler/fixed/fresh/4096,6,11.9362,cpu_ms,15.625
scheduler,scheduler/fixed/fresh/4096,6,11.9362,cpu_percent,130.90430790368794
scheduler,scheduler/fixed/fresh/4096,6,11.9362,leases,4096
scheduler,scheduler/fixed/fresh/4096,6,11.9362,max_leases_per_request,4
scheduler,scheduler/fixed/fresh/4096,6,11.9362,max_request_bytes,4194304
scheduler,scheduler/fixed/fresh/4096,6,11.9362,micros_per_request,11.651953125000002
scheduler,scheduler/fixed/fresh/4096,6,11.9362,multi_lease_requests,1024
scheduler,scheduler/fixed/fresh/4096,6,11.9362,planned_bytes,4294967296
scheduler,scheduler/fixed/fresh/4096,6,11.9362,planned_ranges,1030
scheduler,scheduler/fixed/fresh/4096,6,11.9362,requests,1024
scheduler,scheduler/fixed/fresh/4096,6,11.9362,single_lease_requests,0
scheduler,scheduler/fixed/fresh/4096,6,11.9362,total,11.931600000000001
scheduler,scheduler/fixed/fresh/4096,6,11.9362,truncated_requests,1024
scheduler,scheduler/fixed/fresh/4096,7,11.9604,boundary_scans,1024
scheduler,scheduler/fixed/fresh/4096,7,11.9604,candidate_slots,1024
scheduler,scheduler/fixed/fresh/4096,7,11.9604,cpu_ms,0
scheduler,scheduler/fixed/fresh/4096,7,11.9604,cpu_percent,0
scheduler,scheduler/fixed/fresh/4096,7,11.9604,leases,4096
scheduler,scheduler/fixed/fresh/4096,7,11.9604,max_leases_per_request,4
scheduler,scheduler/fixed/fresh/4096,7,11.9604,max_request_bytes,4194304
scheduler,scheduler/fixed/fresh/4096,7,11.9604,micros_per_request,11.67587890625
scheduler,scheduler/fixed/fresh/4096,7,11.9604,multi_lease_requests,1024
scheduler,scheduler/fixed/fresh/4096,7,11.9604,planned_bytes,4294967296
scheduler,scheduler/fixed/fresh/4096,7,11.9604,planned_ranges,1030
scheduler,scheduler/fixed/fresh/4096,7,11.9604,requests,1024
scheduler,scheduler/fixed/fresh/4096,7,11.9604,single_lease_requests,0
scheduler,scheduler/fixed/fresh/4096,7,11.9604,total,11.956100000000001
scheduler,scheduler/fixed/fresh/4096,7,11.9604,truncated_requests,1024
scheduler,scheduler/fixed/fresh/4096,8,12.2461,boundary_scans,1024
scheduler,scheduler/fixed/fresh/4096,8,12.2461,candidate_slots,1024
scheduler,scheduler/fixed/fresh/4096,8,12.2461,cpu_ms,0
scheduler,scheduler/fixed/fresh/4096,8,12.2461,cpu_percent,0
scheduler,scheduler/fixed/fresh/4096,8,12.2461,leases,4096
scheduler,scheduler/fixed/fresh/4096,8,12.2461,max_leases_per_request,4
scheduler,scheduler/fixed/fresh/4096,8,12.2461,max_request_bytes,4194304
scheduler,scheduler/fixed/fresh/4096,8,12.2461,micros_per_request,11.954199218749999
scheduler,scheduler/fixed/fresh/4096,8,12.2461,multi_lease_requests,1024
scheduler,scheduler/fixed/fresh/4096,8,12.2461,planned_bytes,4294967296
scheduler,scheduler/fixed/fresh/4096,8,12.2461,planned_ranges,1030
scheduler,scheduler/fixed/fresh/4096,8,12.2461,requests,1024
scheduler,scheduler/fixed/fresh/4096,8,12.2461,single_lease_requests,0
scheduler,scheduler/fixed/fresh/4096,8,12.2461,total,12.2411
scheduler,scheduler/fixed/fresh/4096,8,12.2461,truncated_requests,1024
scheduler,scheduler/fixed/fresh/4096,9,12.1929,boundary_scans,1024
scheduler,scheduler/fixed/fresh/4096,9,12.1929,candidate_slots,1024
scheduler,scheduler/fixed/fresh/4096,9,12.1929,cpu_ms,15.625
scheduler,scheduler/fixed/fresh/4096,9,12.1929,cpu_percent,128.14834862912022
scheduler,scheduler/fixed/fresh/4096,9,12.1929,leases,4096
scheduler,scheduler/fixed/fresh/4096,9,12.1929,max_leases_per_request,4
scheduler,scheduler/fixed/fresh/4096,9,12.1929,max_request_bytes,4194304
scheduler,scheduler/fixed/fresh/4096,9,12.1929,micros_per_request,11.9033203125
scheduler,scheduler/fixed/fresh/4096,9,12.1929,multi_lease_requests,1024
scheduler,scheduler/fixed/fresh/4096,9,12.1929,planned_bytes,4294967296
scheduler,scheduler/fixed/fresh/4096,9,12.1929,planned_ranges,1030
scheduler,scheduler/fixed/fresh/4096,9,12.1929,requests,1024
scheduler,scheduler/fixed/fresh/4096,9,12.1929,single_lease_requests,0
scheduler,scheduler/fixed/fresh/4096,9,12.1929,total,12.189
scheduler,scheduler/fixed/fresh/4096,9,12.1929,truncated_requests,1024
scheduler,scheduler/dynamic/holes/4096,0,8.4458,boundary_scans,1056
scheduler,scheduler/dynamic/holes/4096,0,8.4458,candidate_slots,1056
scheduler,scheduler/dynamic/holes/4096,0,8.4458,cpu_ms,15.625
scheduler,scheduler/dynamic/holes/4096,0,8.4458,cpu_percent,185.00319685524164
scheduler,scheduler/dynamic/holes/4096,0,8.4458,leases,3072
scheduler,scheduler/dynamic/holes/4096,0,8.4458,max_leases_per_request,64
scheduler,scheduler/dynamic/holes/4096,0,8.4458,max_request_bytes,67108864
scheduler,scheduler/dynamic/holes/4096,0,8.4458,micros_per_request,7.99090909090909
scheduler,scheduler/dynamic/holes/4096,0,8.4458,multi_lease_requests,32
scheduler,scheduler/dynamic/holes/4096,0,8.4458,planned_bytes,3221225472
scheduler,scheduler/dynamic/holes/4096,0,8.4458,planned_ranges,1062
scheduler,scheduler/dynamic/holes/4096,0,8.4458,requests,1056
scheduler,scheduler/dynamic/holes/4096,0,8.4458,single_lease_requests,1024
scheduler,scheduler/dynamic/holes/4096,0,8.4458,total,8.4384
scheduler,scheduler/dynamic/holes/4096,0,8.4458,truncated_requests,32
scheduler,scheduler/dynamic/holes/4096,1,8.9723,boundary_scans,1056
scheduler,scheduler/dynamic/holes/4096,1,8.9723,candidate_slots,1056
scheduler,scheduler/dynamic/holes/4096,1,8.9723,cpu_ms,0
scheduler,scheduler/dynamic/holes/4096,1,8.9723,cpu_percent,0
scheduler,scheduler/dynamic/holes/4096,1,8.9723,leases,3072
scheduler,scheduler/dynamic/holes/4096,1,8.9723,max_leases_per_request,64
scheduler,scheduler/dynamic/holes/4096,1,8.9723,max_request_bytes,67108864
scheduler,scheduler/dynamic/holes/4096,1,8.9723,micros_per_request,8.48967803030303
scheduler,scheduler/dynamic/holes/4096,1,8.9723,multi_lease_requests,32
scheduler,scheduler/dynamic/holes/4096,1,8.9723,planned_bytes,3221225472
scheduler,scheduler/dynamic/holes/4096,1,8.9723,planned_ranges,1062
scheduler,scheduler/dynamic/holes/4096,1,8.9723,requests,1056
scheduler,scheduler/dynamic/holes/4096,1,8.9723,single_lease_requests,1024
scheduler,scheduler/dynamic/holes/4096,1,8.9723,total,8.9651
scheduler,scheduler/dynamic/holes/4096,1,8.9723,truncated_requests,32
scheduler,scheduler/dynamic/holes/4096,2,8.7813,boundary_scans,1056
scheduler,scheduler/dynamic/holes/4096,2,8.7813,candidate_slots,1056
scheduler,scheduler/dynamic/holes/4096,2,8.7813,cpu_ms,15.625
scheduler,scheduler/dynamic/holes/4096,2,8.7813,cpu_percent,177.9349299078724
scheduler,scheduler/dynamic/holes/4096,2,8.7813,leases,3072
scheduler,scheduler/dynamic/holes/4096,2,8.7813,max_leases_per_request,64
scheduler,scheduler/dynamic/holes/4096,2,8.7813,max_request_bytes,67108864
scheduler,scheduler/dynamic/holes/4096,2,8.7813,micros_per_request,8.30814393939394
scheduler,scheduler/dynamic/holes/4096,2,8.7813,multi_lease_requests,32
scheduler,scheduler/dynamic/holes/4096,2,8.7813,planned_bytes,3221225472
scheduler,scheduler/dynamic/holes/4096,2,8.7813,planned_ranges,1062
scheduler,scheduler/dynamic/holes/4096,2,8.7813,requests,1056
scheduler,scheduler/dynamic/holes/4096,2,8.7813,single_lease_requests,1024
scheduler,scheduler/dynamic/holes/4096,2,8.7813,total,8.7734
scheduler,scheduler/dynamic/holes/4096,2,8.7813,truncated_requests,32
scheduler,scheduler/dynamic/holes/4096,3,7.8686,boundary_scans,1056
scheduler,scheduler/dynamic/holes/4096,3,7.8686,candidate_slots,1056
scheduler,scheduler/dynamic/holes/4096,3,7.8686,cpu_ms,0
scheduler,scheduler/dynamic/holes/4096,3,7.8686,cpu_percent,0
scheduler,scheduler/dynamic/holes/4096,3,7.8686,leases,3072
scheduler,scheduler/dynamic/holes/4096,3,7.8686,max_leases_per_request,64
scheduler,scheduler/dynamic/holes/4096,3,7.8686,max_request_bytes,67108864
scheduler,scheduler/dynamic/holes/4096,3,7.8686,micros_per_request,7.446969696969697
scheduler,scheduler/dynamic/holes/4096,3,7.8686,multi_lease_requests,32
scheduler,scheduler/dynamic/holes/4096,3,7.8686,planned_bytes,3221225472
scheduler,scheduler/dynamic/holes/4096,3,7.8686,planned_ranges,1062
scheduler,scheduler/dynamic/holes/4096,3,7.8686,requests,1056
scheduler,scheduler/dynamic/holes/4096,3,7.8686,single_lease_requests,1024
scheduler,scheduler/dynamic/holes/4096,3,7.8686,total,7.864
scheduler,scheduler/dynamic/holes/4096,3,7.8686,truncated_requests,32
scheduler,scheduler/dynamic/holes/4096,4,7.9152,boundary_scans,1056
scheduler,scheduler/dynamic/holes/4096,4,7.9152,candidate_slots,1056
scheduler,scheduler/dynamic/holes/4096,4,7.9152,cpu_ms,15.625
scheduler,scheduler/dynamic/holes/4096,4,7.9152,cpu_percent,197.40499292500505
scheduler,scheduler/dynamic/holes/4096,4,7.9152,leases,3072
scheduler,scheduler/dynamic/holes/4096,4,7.9152,max_leases_per_request,64
scheduler,scheduler/dynamic/holes/4096,4,7.9152,max_request_bytes,67108864
scheduler,scheduler/dynamic/holes/4096,4,7.9152,micros_per_request,7.490151515151514
scheduler,scheduler/dynamic/holes/4096,4,7.9152,multi_lease_requests,32
scheduler,scheduler/dynamic/holes/4096,4,7.9152,planned_bytes,3221225472
scheduler,scheduler/dynamic/holes/4096,4,7.9152,planned_ranges,1062
scheduler,scheduler/dynamic/holes/4096,4,7.9152,requests,1056
scheduler,scheduler/dynamic/holes/4096,4,7.9152,single_lease_requests,1024
scheduler,scheduler/dynamic/holes/4096,4,7.9152,total,7.909599999999999
scheduler,scheduler/dynamic/holes/4096,4,7.9152,truncated_requests,32
scheduler,scheduler/dynamic/holes/4096,5,7.8974,boundary_scans,1056
scheduler,scheduler/dynamic/holes/4096,5,7.8974,candidate_slots,1056
scheduler,scheduler/dynamic/holes/4096,5,7.8974,cpu_ms,0
scheduler,scheduler/dynamic/holes/4096,5,7.8974,cpu_percent,0
scheduler,scheduler/dynamic/holes/4096,5,7.8974,leases,3072
scheduler,scheduler/dynamic/holes/4096,5,7.8974,max_leases_per_request,64
scheduler,scheduler/dynamic/holes/4096,5,7.8974,max_request_bytes,67108864
scheduler,scheduler/dynamic/holes/4096,5,7.8974,micros_per_request,7.474431818181819
scheduler,scheduler/dynamic/holes/4096,5,7.8974,multi_lease_requests,32
scheduler,scheduler/dynamic/holes/4096,5,7.8974,planned_bytes,3221225472
scheduler,scheduler/dynamic/holes/4096,5,7.8974,planned_ranges,1062
scheduler,scheduler/dynamic/holes/4096,5,7.8974,requests,1056
scheduler,scheduler/dynamic/holes/4096,5,7.8974,single_lease_requests,1024
scheduler,scheduler/dynamic/holes/4096,5,7.8974,total,7.893000000000001
scheduler,scheduler/dynamic/holes/4096,5,7.8974,truncated_requests,32
scheduler,scheduler/dynamic/holes/4096,6,7.9231,boundary_scans,1056
scheduler,scheduler/dynamic/holes/4096,6,7.9231,candidate_slots,1056
scheduler,scheduler/dynamic/holes/4096,6,7.9231,cpu_ms,15.625
scheduler,scheduler/dynamic/holes/4096,6,7.9231,cpu_percent,197.20816347136852
scheduler,scheduler/dynamic/holes/4096,6,7.9231,leases,3072
scheduler,scheduler/dynamic/holes/4096,6,7.9231,max_leases_per_request,64
scheduler,scheduler/dynamic/holes/4096,6,7.9231,max_request_bytes,67108864
scheduler,scheduler/dynamic/holes/4096,6,7.9231,micros_per_request,7.498200757575758
scheduler,scheduler/dynamic/holes/4096,6,7.9231,multi_lease_requests,32
scheduler,scheduler/dynamic/holes/4096,6,7.9231,planned_bytes,3221225472
scheduler,scheduler/dynamic/holes/4096,6,7.9231,planned_ranges,1062
scheduler,scheduler/dynamic/holes/4096,6,7.9231,requests,1056
scheduler,scheduler/dynamic/holes/4096,6,7.9231,single_lease_requests,1024
scheduler,scheduler/dynamic/holes/4096,6,7.9231,total,7.918100000000001
scheduler,scheduler/dynamic/holes/4096,6,7.9231,truncated_requests,32
scheduler,scheduler/dynamic/holes/4096,7,8.9429,boundary_scans,1056
scheduler,scheduler/dynamic/holes/4096,7,8.9429,candidate_slots,1056
scheduler,scheduler/dynamic/holes/4096,7,8.9429,cpu_ms,15.625
scheduler,scheduler/dynamic/holes/4096,7,8.9429,cpu_percent,174.71960996992027
scheduler,scheduler/dynamic/holes/4096,7,8.9429,leases,3072
scheduler,scheduler/dynamic/holes/4096,7,8.9429,max_leases_per_request,64
scheduler,scheduler/dynamic/holes/4096,7,8.9429,max_request_bytes,67108864
scheduler,scheduler/dynamic/holes/4096,7,8.9429,micros_per_request,8.46183712121212
scheduler,scheduler/dynamic/holes/4096,7,8.9429,multi_lease_requests,32
scheduler,scheduler/dynamic/holes/4096,7,8.9429,planned_bytes,3221225472
scheduler,scheduler/dynamic/holes/4096,7,8.9429,planned_ranges,1062
scheduler,scheduler/dynamic/holes/4096,7,8.9429,requests,1056
scheduler,scheduler/dynamic/holes/4096,7,8.9429,single_lease_requests,1024
scheduler,scheduler/dynamic/holes/4096,7,8.9429,total,8.935699999999999
scheduler,scheduler/dynamic/holes/4096,7,8.9429,truncated_requests,32
scheduler,scheduler/dynamic/holes/4096,8,8.2241,boundary_scans,1056
scheduler,scheduler/dynamic/holes/4096,8,8.2241,candidate_slots,1056
scheduler,scheduler/dynamic/holes/4096,8,8.2241,cpu_ms,0
scheduler,scheduler/dynamic/holes/4096,8,8.2241,cpu_percent,0
scheduler,scheduler/dynamic/holes/4096,8,8.2241,leases,3072
scheduler,scheduler/dynamic/holes/4096,8,8.2241,max_leases_per_request,64
scheduler,scheduler/dynamic/holes/4096,8,8.2241,max_request_bytes,67108864
scheduler,scheduler/dynamic/holes/4096,8,8.2241,micros_per_request,7.781439393939393
scheduler,scheduler/dynamic/holes/4096,8,8.2241,multi_lease_requests,32
scheduler,scheduler/dynamic/holes/4096,8,8.2241,planned_bytes,3221225472
scheduler,scheduler/dynamic/holes/4096,8,8.2241,planned_ranges,1062
scheduler,scheduler/dynamic/holes/4096,8,8.2241,requests,1056
scheduler,scheduler/dynamic/holes/4096,8,8.2241,single_lease_requests,1024
scheduler,scheduler/dynamic/holes/4096,8,8.2241,total,8.217199999999998
scheduler,scheduler/dynamic/holes/4096,8,8.2241,truncated_requests,32
scheduler,scheduler/dynamic/holes/4096,9,10.6975,boundary_scans,1056
scheduler,scheduler/dynamic/holes/4096,9,10.6975,candidate_slots,1056
scheduler,scheduler/dynamic/holes/4096,9,10.6975,cpu_ms,0
scheduler,scheduler/dynamic/holes/4096,9,10.6975,cpu_percent,0
scheduler,scheduler/dynamic/holes/4096,9,10.6975,leases,3072
scheduler,scheduler/dynamic/holes/4096,9,10.6975,max_leases_per_request,64
scheduler,scheduler/dynamic/holes/4096,9,10.6975,max_request_bytes,67108864
scheduler,scheduler/dynamic/holes/4096,9,10.6975,micros_per_request,10.124242424242425
scheduler,scheduler/dynamic/holes/4096,9,10.6975,multi_lease_requests,32
scheduler,scheduler/dynamic/holes/4096,9,10.6975,planned_bytes,3221225472
scheduler,scheduler/dynamic/holes/4096,9,10.6975,planned_ranges,1062
scheduler,scheduler/dynamic/holes/4096,9,10.6975,requests,1056
scheduler,scheduler/dynamic/holes/4096,9,10.6975,single_lease_requests,1024
scheduler,scheduler/dynamic/holes/4096,9,10.6975,total,10.6912
scheduler,scheduler/dynamic/holes/4096,9,10.6975,truncated_requests,32
scheduler,scheduler/fixed/holes/4096,0,3.2538,boundary_scans,1536
scheduler,scheduler/fixed/holes/4096,0,3.2538,candidate_slots,1536
scheduler,scheduler/fixed/holes/4096,0,3.2538,cpu_ms,0
scheduler,scheduler/fixed/holes/4096,0,3.2538,cpu_percent,0
scheduler,scheduler/fixed/holes/4096,0,3.2538,leases,3072
scheduler,scheduler/fixed/holes/4096,0,3.2538,max_leases_per_request,4
scheduler,scheduler/fixed/holes/4096,0,3.2538,max_request_bytes,4194304
scheduler,scheduler/fixed/holes/4096,0,3.2538,micros_per_request,2.115494791666667
scheduler,scheduler/fixed/holes/4096,0,3.2538,multi_lease_requests,512
scheduler,scheduler/fixed/holes/4096,0,3.2538,planned_bytes,3221225472
scheduler,scheduler/fixed/holes/4096,0,3.2538,planned_ranges,1542
scheduler,scheduler/fixed/holes/4096,0,3.2538,requests,1536
scheduler,scheduler/fixed/holes/4096,0,3.2538,single_lease_requests,1024
scheduler,scheduler/fixed/holes/4096,0,3.2538,total,3.2494
scheduler,scheduler/fixed/holes/4096,0,3.2538,truncated_requests,1536
scheduler,scheduler/fixed/holes/4096,1,3.3988,boundary_scans,1536
scheduler,scheduler/fixed/holes/4096,1,3.3988,candidate_slots,1536
scheduler,scheduler/fixed/holes/4096,1,3.3988,cpu_ms,0
scheduler,scheduler/fixed/holes/4096,1,3.3988,cpu_percent,0
scheduler,scheduler/fixed/holes/4096,1,3.3988,leases,3072
scheduler,scheduler/fixed/holes/4096,1,3.3988,max_leases_per_request,4
scheduler,scheduler/fixed/holes/4096,1,3.3988,max_request_bytes,4194304
scheduler,scheduler/fixed/holes/4096,1,3.3988,micros_per_request,2.20859375
scheduler,scheduler/fixed/holes/4096,1,3.3988,multi_lease_requests,512
scheduler,scheduler/fixed/holes/4096,1,3.3988,planned_bytes,3221225472
scheduler,scheduler/fixed/holes/4096,1,3.3988,planned_ranges,1542
scheduler,scheduler/fixed/holes/4096,1,3.3988,requests,1536
scheduler,scheduler/fixed/holes/4096,1,3.3988,single_lease_requests,1024
scheduler,scheduler/fixed/holes/4096,1,3.3988,total,3.3924
scheduler,scheduler/fixed/holes/4096,1,3.3988,truncated_requests,1536
scheduler,scheduler/fixed/holes/4096,2,3.1271,boundary_scans,1536
scheduler,scheduler/fixed/holes/4096,2,3.1271,candidate_slots,1536
scheduler,scheduler/fixed/holes/4096,2,3.1271,cpu_ms,0
scheduler,scheduler/fixed/holes/4096,2,3.1271,cpu_percent,0
scheduler,scheduler/fixed/holes/4096,2,3.1271,leases,3072
scheduler,scheduler/fixed/holes/4096,2,3.1271,max_leases_per_request,4
scheduler,scheduler/fixed/holes/4096,2,3.1271,max_request_bytes,4194304
scheduler,scheduler/fixed/holes/4096,2,3.1271,micros_per_request,2.0333984375000003
scheduler,scheduler/fixed/holes/4096,2,3.1271,multi_lease_requests,512
scheduler,scheduler/fixed/holes/4096,2,3.1271,planned_bytes,3221225472
scheduler,scheduler/fixed/holes/4096,2,3.1271,planned_ranges,1542
scheduler,scheduler/fixed/holes/4096,2,3.1271,requests,1536
scheduler,scheduler/fixed/holes/4096,2,3.1271,single_lease_requests,1024
scheduler,scheduler/fixed/holes/4096,2,3.1271,total,3.1233
scheduler,scheduler/fixed/holes/4096,2,3.1271,truncated_requests,1536
scheduler,scheduler/fixed/holes/4096,3,3.7923,boundary_scans,1536
scheduler,scheduler/fixed/holes/4096,3,3.7923,candidate_slots,1536
scheduler,scheduler/fixed/holes/4096,3,3.7923,cpu_ms,0
scheduler,scheduler/fixed/holes/4096,3,3.7923,cpu_percent,0
scheduler,scheduler/fixed/holes/4096,3,3.7923,leases,3072
scheduler,scheduler/fixed/holes/4096,3,3.7923,max_leases_per_request,4
scheduler,scheduler/fixed/holes/4096,3,3.7923,max_request_bytes,4194304
scheduler,scheduler/fixed/holes/4096,3,3.7923,micros_per_request,2.466080729166667
scheduler,scheduler/fixed/holes/4096,3,3.7923,multi_lease_requests,512
scheduler,scheduler/fixed/holes/4096,3,3.7923,planned_bytes,3221225472
scheduler,scheduler/fixed/holes/4096,3,3.7923,planned_ranges,1542
scheduler,scheduler/fixed/holes/4096,3,3.7923,requests,1536
scheduler,scheduler/fixed/holes/4096,3,3.7923,single_lease_requests,1024
scheduler,scheduler/fixed/holes/4096,3,3.7923,total,3.7879
scheduler,scheduler/fixed/holes/4096,3,3.7923,truncated_requests,1536
scheduler,scheduler/fixed/holes/4096,4,3.0653,boundary_scans,1536
scheduler,scheduler/fixed/holes/4096,4,3.0653,candidate_slots,1536
scheduler,scheduler/fixed/holes/4096,4,3.0653,cpu_ms,0
scheduler,scheduler/fixed/holes/4096,4,3.0653,cpu_percent,0
scheduler,scheduler/fixed/holes/4096,4,3.0653,leases,3072
scheduler,scheduler/fixed/holes/4096,4,3.0653,max_leases_per_request,4
scheduler,scheduler/fixed/holes/4096,4,3.0653,max_request_bytes,4194304
scheduler,scheduler/fixed/holes/4096,4,3.0653,micros_per_request,1.9930989583333336
scheduler,scheduler/fixed/holes/4096,4,3.0653,multi_lease_requests,512
scheduler,scheduler/fixed/holes/4096,4,3.0653,planned_bytes,3221225472
scheduler,scheduler/fixed/holes/4096,4,3.0653,planned_ranges,1542
scheduler,scheduler/fixed/holes/4096,4,3.0653,requests,1536
scheduler,scheduler/fixed/holes/4096,4,3.0653,single_lease_requests,1024
scheduler,scheduler/fixed/holes/4096,4,3.0653,total,3.0614000000000003
scheduler,scheduler/fixed/holes/4096,4,3.0653,truncated_requests,1536
scheduler,scheduler/fixed/holes/4096,5,3.2111,boundary_scans,1536
scheduler,scheduler/fixed/holes/4096,5,3.2111,candidate_slots,1536
scheduler,scheduler/fixed/holes/4096,5,3.2111,cpu_ms,0
scheduler,scheduler/fixed/holes/4096,5,3.2111,cpu_percent,0
scheduler,scheduler/fixed/holes/4096,5,3.2111,leases,3072
scheduler,scheduler/fixed/holes/4096,5,3.2111,max_leases_per_request,4
scheduler,scheduler/fixed/holes/4096,5,3.2111,max_request_bytes,4194304
scheduler,scheduler/fixed/holes/4096,5,3.2111,micros_per_request,2.0868489583333334
scheduler,scheduler/fixed/holes/4096,5,3.2111,multi_lease_requests,512
scheduler,scheduler/fixed/holes/4096,5,3.2111,planned_bytes,3221225472
scheduler,scheduler/fixed/holes/4096,5,3.2111,planned_ranges,1542
scheduler,scheduler/fixed/holes/4096,5,3.2111,requests,1536
scheduler,scheduler/fixed/holes/4096,5,3.2111,single_lease_requests,1024
scheduler,scheduler/fixed/holes/4096,5,3.2111,total,3.2054
scheduler,scheduler/fixed/holes/4096,5,3.2111,truncated_requests,1536
scheduler,scheduler/fixed/holes/4096,6,2.8947,boundary_scans,1536
scheduler,scheduler/fixed/holes/4096,6,2.8947,candidate_slots,1536
scheduler,scheduler/fixed/holes/4096,6,2.8947,cpu_ms,0
scheduler,scheduler/fixed/holes/4096,6,2.8947,cpu_percent,0
scheduler,scheduler/fixed/holes/4096,6,2.8947,leases,3072
scheduler,scheduler/fixed/holes/4096,6,2.8947,max_leases_per_request,4
scheduler,scheduler/fixed/holes/4096,6,2.8947,max_request_bytes,4194304
scheduler,scheduler/fixed/holes/4096,6,2.8947,micros_per_request,1.8819661458333332
scheduler,scheduler/fixed/holes/4096,6,2.8947,multi_lease_requests,512
scheduler,scheduler/fixed/holes/4096,6,2.8947,planned_bytes,3221225472
scheduler,scheduler/fixed/holes/4096,6,2.8947,planned_ranges,1542
scheduler,scheduler/fixed/holes/4096,6,2.8947,requests,1536
scheduler,scheduler/fixed/holes/4096,6,2.8947,single_lease_requests,1024
scheduler,scheduler/fixed/holes/4096,6,2.8947,total,2.8907
scheduler,scheduler/fixed/holes/4096,6,2.8947,truncated_requests,1536
scheduler,scheduler/fixed/holes/4096,7,2.9328,boundary_scans,1536
scheduler,scheduler/fixed/holes/4096,7,2.9328,candidate_slots,1536
scheduler,scheduler/fixed/holes/4096,7,2.9328,cpu_ms,0
scheduler,scheduler/fixed/holes/4096,7,2.9328,cpu_percent,0
scheduler,scheduler/fixed/holes/4096,7,2.9328,leases,3072
scheduler,scheduler/fixed/holes/4096,7,2.9328,max_leases_per_request,4
scheduler,scheduler/fixed/holes/4096,7,2.9328,max_request_bytes,4194304
scheduler,scheduler/fixed/holes/4096,7,2.9328,micros_per_request,1.9059244791666663
scheduler,scheduler/fixed/holes/4096,7,2.9328,multi_lease_requests,512
scheduler,scheduler/fixed/holes/4096,7,2.9328,planned_bytes,3221225472
scheduler,scheduler/fixed/holes/4096,7,2.9328,planned_ranges,1542
scheduler,scheduler/fixed/holes/4096,7,2.9328,requests,1536
scheduler,scheduler/fixed/holes/4096,7,2.9328,single_lease_requests,1024
scheduler,scheduler/fixed/holes/4096,7,2.9328,total,2.9274999999999998
scheduler,scheduler/fixed/holes/4096,7,2.9328,truncated_requests,1536
scheduler,scheduler/fixed/holes/4096,8,2.8556,boundary_scans,1536
scheduler,scheduler/fixed/holes/4096,8,2.8556,candidate_slots,1536
scheduler,scheduler/fixed/holes/4096,8,2.8556,cpu_ms,15.625
scheduler,scheduler/fixed/holes/4096,8,2.8556,cpu_percent,547.1704720549096
scheduler,scheduler/fixed/holes/4096,8,2.8556,leases,3072
scheduler,scheduler/fixed/holes/4096,8,2.8556,max_leases_per_request,4
scheduler,scheduler/fixed/holes/4096,8,2.8556,max_request_bytes,4194304
scheduler,scheduler/fixed/holes/4096,8,2.8556,micros_per_request,1.8566406249999998
scheduler,scheduler/fixed/holes/4096,8,2.8556,multi_lease_requests,512
scheduler,scheduler/fixed/holes/4096,8,2.8556,planned_bytes,3221225472
scheduler,scheduler/fixed/holes/4096,8,2.8556,planned_ranges,1542
scheduler,scheduler/fixed/holes/4096,8,2.8556,requests,1536
scheduler,scheduler/fixed/holes/4096,8,2.8556,single_lease_requests,1024
scheduler,scheduler/fixed/holes/4096,8,2.8556,total,2.8518
scheduler,scheduler/fixed/holes/4096,8,2.8556,truncated_requests,1536
scheduler,scheduler/fixed/holes/4096,9,2.8679,boundary_scans,1536
scheduler,scheduler/fixed/holes/4096,9,2.8679,candidate_slots,1536
scheduler,scheduler/fixed/holes/4096,9,2.8679,cpu_ms,0
scheduler,scheduler/fixed/holes/4096,9,2.8679,cpu_percent,0
scheduler,scheduler/fixed/holes/4096,9,2.8679,leases,3072
scheduler,scheduler/fixed/holes/4096,9,2.8679,max_leases_per_request,4
scheduler,scheduler/fixed/holes/4096,9,2.8679,max_request_bytes,4194304
scheduler,scheduler/fixed/holes/4096,9,2.8679,micros_per_request,1.8651041666666666
scheduler,scheduler/fixed/holes/4096,9,2.8679,multi_lease_requests,512
scheduler,scheduler/fixed/holes/4096,9,2.8679,planned_bytes,3221225472
scheduler,scheduler/fixed/holes/4096,9,2.8679,planned_ranges,1542
scheduler,scheduler/fixed/holes/4096,9,2.8679,requests,1536
scheduler,scheduler/fixed/holes/4096,9,2.8679,single_lease_requests,1024
scheduler,scheduler/fixed/holes/4096,9,2.8679,total,2.8648
scheduler,scheduler/fixed/holes/4096,9,2.8679,truncated_requests,1536
scheduler,scheduler/dynamic/resumed_suffix/4096,0,0.4578,boundary_scans,48
scheduler,scheduler/dynamic/resumed_suffix/4096,0,0.4578,candidate_slots,54
scheduler,scheduler/dynamic/resumed_suffix/4096,0,0.4578,cpu_ms,0
scheduler,scheduler/dynamic/resumed_suffix/4096,0,0.4578,cpu_percent,0
scheduler,scheduler/dynamic/resumed_suffix/4096,0,0.4578,leases,3071
scheduler,scheduler/dynamic/resumed_suffix/4096,0,0.4578,max_leases_per_request,64
scheduler,scheduler/dynamic/resumed_suffix/4096,0,0.4578,max_request_bytes,67108864
scheduler,scheduler/dynamic/resumed_suffix/4096,0,0.4578,micros_per_request,9.466666666666667
scheduler,scheduler/dynamic/resumed_suffix/4096,0,0.4578,multi_lease_requests,48
scheduler,scheduler/dynamic/resumed_suffix/4096,0,0.4578,planned_bytes,3220176896
scheduler,scheduler/dynamic/resumed_suffix/4096,0,0.4578,planned_ranges,54
scheduler,scheduler/dynamic/resumed_suffix/4096,0,0.4578,requests,48
scheduler,scheduler/dynamic/resumed_suffix/4096,0,0.4578,single_lease_requests,0
scheduler,scheduler/dynamic/resumed_suffix/4096,0,0.4578,total,0.45439999999999997
scheduler,scheduler/dynamic/resumed_suffix/4096,0,0.4578,truncated_requests,47
scheduler,scheduler/dynamic/resumed_suffix/4096,1,0.3993,boundary_scans,48
scheduler,scheduler/dynamic/resumed_suffix/4096,1,0.3993,candidate_slots,54
scheduler,scheduler/dynamic/resumed_suffix/4096,1,0.3993,cpu_ms,0
scheduler,scheduler/dynamic/resumed_suffix/4096,1,0.3993,cpu_percent,0
scheduler,scheduler/dynamic/resumed_suffix/4096,1,0.3993,leases,3071
scheduler,scheduler/dynamic/resumed_suffix/4096,1,0.3993,max_leases_per_request,64
scheduler,scheduler/dynamic/resumed_suffix/4096,1,0.3993,max_request_bytes,67108864
scheduler,scheduler/dynamic/resumed_suffix/4096,1,0.3993,micros_per_request,8.254166666666666
scheduler,scheduler/dynamic/resumed_suffix/4096,1,0.3993,multi_lease_requests,48
scheduler,scheduler/dynamic/resumed_suffix/4096,1,0.3993,planned_bytes,3220176896
scheduler,scheduler/dynamic/resumed_suffix/4096,1,0.3993,planned_ranges,54
scheduler,scheduler/dynamic/resumed_suffix/4096,1,0.3993,requests,48
scheduler,scheduler/dynamic/resumed_suffix/4096,1,0.3993,single_lease_requests,0
scheduler,scheduler/dynamic/resumed_suffix/4096,1,0.3993,total,0.3962
scheduler,scheduler/dynamic/resumed_suffix/4096,1,0.3993,truncated_requests,47
scheduler,scheduler/dynamic/resumed_suffix/4096,2,0.3942,boundary_scans,48
scheduler,scheduler/dynamic/resumed_suffix/4096,2,0.3942,candidate_slots,54
scheduler,scheduler/dynamic/resumed_suffix/4096,2,0.3942,cpu_ms,0
scheduler,scheduler/dynamic/resumed_suffix/4096,2,0.3942,cpu_percent,0
scheduler,scheduler/dynamic/resumed_suffix/4096,2,0.3942,leases,3071
scheduler,scheduler/dynamic/resumed_suffix/4096,2,0.3942,max_leases_per_request,64
scheduler,scheduler/dynamic/resumed_suffix/4096,2,0.3942,max_request_bytes,67108864
scheduler,scheduler/dynamic/resumed_suffix/4096,2,0.3942,micros_per_request,8.15
scheduler,scheduler/dynamic/resumed_suffix/4096,2,0.3942,multi_lease_requests,48
scheduler,scheduler/dynamic/resumed_suffix/4096,2,0.3942,planned_bytes,3220176896
scheduler,scheduler/dynamic/resumed_suffix/4096,2,0.3942,planned_ranges,54
scheduler,scheduler/dynamic/resumed_suffix/4096,2,0.3942,requests,48
scheduler,scheduler/dynamic/resumed_suffix/4096,2,0.3942,single_lease_requests,0
scheduler,scheduler/dynamic/resumed_suffix/4096,2,0.3942,total,0.39120000000000005
scheduler,scheduler/dynamic/resumed_suffix/4096,2,0.3942,truncated_requests,47
scheduler,scheduler/dynamic/resumed_suffix/4096,3,0.3981,boundary_scans,48
scheduler,scheduler/dynamic/resumed_suffix/4096,3,0.3981,candidate_slots,54
scheduler,scheduler/dynamic/resumed_suffix/4096,3,0.3981,cpu_ms,0
scheduler,scheduler/dynamic/resumed_suffix/4096,3,0.3981,cpu_percent,0
scheduler,scheduler/dynamic/resumed_suffix/4096,3,0.3981,leases,3071
scheduler,scheduler/dynamic/resumed_suffix/4096,3,0.3981,max_leases_per_request,64
scheduler,scheduler/dynamic/resumed_suffix/4096,3,0.3981,max_request_bytes,67108864
scheduler,scheduler/dynamic/resumed_suffix/4096,3,0.3981,micros_per_request,8.233333333333333
scheduler,scheduler/dynamic/resumed_suffix/4096,3,0.3981,multi_lease_requests,48
scheduler,scheduler/dynamic/resumed_suffix/4096,3,0.3981,planned_bytes,3220176896
scheduler,scheduler/dynamic/resumed_suffix/4096,3,0.3981,planned_ranges,54
scheduler,scheduler/dynamic/resumed_suffix/4096,3,0.3981,requests,48
scheduler,scheduler/dynamic/resumed_suffix/4096,3,0.3981,single_lease_requests,0
scheduler,scheduler/dynamic/resumed_suffix/4096,3,0.3981,total,0.3952
scheduler,scheduler/dynamic/resumed_suffix/4096,3,0.3981,truncated_requests,47
scheduler,scheduler/dynamic/resumed_suffix/4096,4,0.3952,boundary_scans,48
scheduler,scheduler/dynamic/resumed_suffix/4096,4,0.3952,candidate_slots,54
scheduler,scheduler/dynamic/resumed_suffix/4096,4,0.3952,cpu_ms,0
scheduler,scheduler/dynamic/resumed_suffix/4096,4,0.3952,cpu_percent,0
scheduler,scheduler/dynamic/resumed_suffix/4096,4,0.3952,leases,3071
scheduler,scheduler/dynamic/resumed_suffix/4096,4,0.3952,max_leases_per_request,64
scheduler,scheduler/dynamic/resumed_suffix/4096,4,0.3952,max_request_bytes,67108864
scheduler,scheduler/dynamic/resumed_suffix/4096,4,0.3952,micros_per_request,8.172916666666666
scheduler,scheduler/dynamic/resumed_suffix/4096,4,0.3952,multi_lease_requests,48
scheduler,scheduler/dynamic/resumed_suffix/4096,4,0.3952,planned_bytes,3220176896
scheduler,scheduler/dynamic/resumed_suffix/4096,4,0.3952,planned_ranges,54
scheduler,scheduler/dynamic/resumed_suffix/4096,4,0.3952,requests,48
scheduler,scheduler/dynamic/resumed_suffix/4096,4,0.3952,single_lease_requests,0
scheduler,scheduler/dynamic/resumed_suffix/4096,4,0.3952,total,0.3923
scheduler,scheduler/dynamic/resumed_suffix/4096,4,0.3952,truncated_requests,47
scheduler,scheduler/dynamic/resumed_suffix/4096,5,0.4519,boundary_scans,48
scheduler,scheduler/dynamic/resumed_suffix/4096,5,0.4519,candidate_slots,54
scheduler,scheduler/dynamic/resumed_suffix/4096,5,0.4519,cpu_ms,0
scheduler,scheduler/dynamic/resumed_suffix/4096,5,0.4519,cpu_percent,0
scheduler,scheduler/dynamic/resumed_suffix/4096,5,0.4519,leases,3071
scheduler,scheduler/dynamic/resumed_suffix/4096,5,0.4519,max_leases_per_request,64
scheduler,scheduler/dynamic/resumed_suffix/4096,5,0.4519,max_request_bytes,67108864
scheduler,scheduler/dynamic/resumed_suffix/4096,5,0.4519,micros_per_request,9.314583333333335
scheduler,scheduler/dynamic/resumed_suffix/4096,5,0.4519,multi_lease_requests,48
scheduler,scheduler/dynamic/resumed_suffix/4096,5,0.4519,planned_bytes,3220176896
scheduler,scheduler/dynamic/resumed_suffix/4096,5,0.4519,planned_ranges,54
scheduler,scheduler/dynamic/resumed_suffix/4096,5,0.4519,requests,48
scheduler,scheduler/dynamic/resumed_suffix/4096,5,0.4519,single_lease_requests,0
scheduler,scheduler/dynamic/resumed_suffix/4096,5,0.4519,total,0.44710000000000005
scheduler,scheduler/dynamic/resumed_suffix/4096,5,0.4519,truncated_requests,47
scheduler,scheduler/dynamic/resumed_suffix/4096,6,0.4094,boundary_scans,48
scheduler,scheduler/dynamic/resumed_suffix/4096,6,0.4094,candidate_slots,54
scheduler,scheduler/dynamic/resumed_suffix/4096,6,0.4094,cpu_ms,0
scheduler,scheduler/dynamic/resumed_suffix/4096,6,0.4094,cpu_percent,0
scheduler,scheduler/dynamic/resumed_suffix/4096,6,0.4094,leases,3071
scheduler,scheduler/dynamic/resumed_suffix/4096,6,0.4094,max_leases_per_request,64
scheduler,scheduler/dynamic/resumed_suffix/4096,6,0.4094,max_request_bytes,67108864
scheduler,scheduler/dynamic/resumed_suffix/4096,6,0.4094,micros_per_request,8.452083333333333
scheduler,scheduler/dynamic/resumed_suffix/4096,6,0.4094,multi_lease_requests,48
scheduler,scheduler/dynamic/resumed_suffix/4096,6,0.4094,planned_bytes,3220176896
scheduler,scheduler/dynamic/resumed_suffix/4096,6,0.4094,planned_ranges,54
scheduler,scheduler/dynamic/resumed_suffix/4096,6,0.4094,requests,48
scheduler,scheduler/dynamic/resumed_suffix/4096,6,0.4094,single_lease_requests,0
scheduler,scheduler/dynamic/resumed_suffix/4096,6,0.4094,total,0.4057
scheduler,scheduler/dynamic/resumed_suffix/4096,6,0.4094,truncated_requests,47
scheduler,scheduler/dynamic/resumed_suffix/4096,7,0.4389,boundary_scans,48
scheduler,scheduler/dynamic/resumed_suffix/4096,7,0.4389,candidate_slots,54
scheduler,scheduler/dynamic/resumed_suffix/4096,7,0.4389,cpu_ms,0
scheduler,scheduler/dynamic/resumed_suffix/4096,7,0.4389,cpu_percent,0
scheduler,scheduler/dynamic/resumed_suffix/4096,7,0.4389,leases,3071
scheduler,scheduler/dynamic/resumed_suffix/4096,7,0.4389,max_leases_per_request,64
scheduler,scheduler/dynamic/resumed_suffix/4096,7,0.4389,max_request_bytes,67108864
scheduler,scheduler/dynamic/resumed_suffix/4096,7,0.4389,micros_per_request,9.08125
scheduler,scheduler/dynamic/resumed_suffix/4096,7,0.4389,multi_lease_requests,48
scheduler,scheduler/dynamic/resumed_suffix/4096,7,0.4389,planned_bytes,3220176896
scheduler,scheduler/dynamic/resumed_suffix/4096,7,0.4389,planned_ranges,54
scheduler,scheduler/dynamic/resumed_suffix/4096,7,0.4389,requests,48
scheduler,scheduler/dynamic/resumed_suffix/4096,7,0.4389,single_lease_requests,0
scheduler,scheduler/dynamic/resumed_suffix/4096,7,0.4389,total,0.4359
scheduler,scheduler/dynamic/resumed_suffix/4096,7,0.4389,truncated_requests,47
scheduler,scheduler/dynamic/resumed_suffix/4096,8,0.4428,boundary_scans,48
scheduler,scheduler/dynamic/resumed_suffix/4096,8,0.4428,candidate_slots,54
scheduler,scheduler/dynamic/resumed_suffix/4096,8,0.4428,cpu_ms,0
scheduler,scheduler/dynamic/resumed_suffix/4096,8,0.4428,cpu_percent,0
scheduler,scheduler/dynamic/resumed_suffix/4096,8,0.4428,leases,3071
scheduler,scheduler/dynamic/resumed_suffix/4096,8,0.4428,max_leases_per_request,64
scheduler,scheduler/dynamic/resumed_suffix/4096,8,0.4428,max_request_bytes,67108864
scheduler,scheduler/dynamic/resumed_suffix/4096,8,0.4428,micros_per_request,9.15625
scheduler,scheduler/dynamic/resumed_suffix/4096,8,0.4428,multi_lease_requests,48
scheduler,scheduler/dynamic/resumed_suffix/4096,8,0.4428,planned_bytes,3220176896
scheduler,scheduler/dynamic/resumed_suffix/4096,8,0.4428,planned_ranges,54
scheduler,scheduler/dynamic/resumed_suffix/4096,8,0.4428,requests,48
scheduler,scheduler/dynamic/resumed_suffix/4096,8,0.4428,single_lease_requests,0
scheduler,scheduler/dynamic/resumed_suffix/4096,8,0.4428,total,0.4395
scheduler,scheduler/dynamic/resumed_suffix/4096,8,0.4428,truncated_requests,47
scheduler,scheduler/dynamic/resumed_suffix/4096,9,0.4445,boundary_scans,48
scheduler,scheduler/dynamic/resumed_suffix/4096,9,0.4445,candidate_slots,54
scheduler,scheduler/dynamic/resumed_suffix/4096,9,0.4445,cpu_ms,0
scheduler,scheduler/dynamic/resumed_suffix/4096,9,0.4445,cpu_percent,0
scheduler,scheduler/dynamic/resumed_suffix/4096,9,0.4445,leases,3071
scheduler,scheduler/dynamic/resumed_suffix/4096,9,0.4445,max_leases_per_request,64
scheduler,scheduler/dynamic/resumed_suffix/4096,9,0.4445,max_request_bytes,67108864
scheduler,scheduler/dynamic/resumed_suffix/4096,9,0.4445,micros_per_request,9.15
scheduler,scheduler/dynamic/resumed_suffix/4096,9,0.4445,multi_lease_requests,48
scheduler,scheduler/dynamic/resumed_suffix/4096,9,0.4445,planned_bytes,3220176896
scheduler,scheduler/dynamic/resumed_suffix/4096,9,0.4445,planned_ranges,54
scheduler,scheduler/dynamic/resumed_suffix/4096,9,0.4445,requests,48
scheduler,scheduler/dynamic/resumed_suffix/4096,9,0.4445,single_lease_requests,0
scheduler,scheduler/dynamic/resumed_suffix/4096,9,0.4445,total,0.4392
scheduler,scheduler/dynamic/resumed_suffix/4096,9,0.4445,truncated_requests,47
scheduler,scheduler/fixed/resumed_suffix/4096,0,6.1526,boundary_scans,768
scheduler,scheduler/fixed/resumed_suffix/4096,0,6.1526,candidate_slots,768
scheduler,scheduler/fixed/resumed_suffix/4096,0,6.1526,cpu_ms,0
scheduler,scheduler/fixed/resumed_suffix/4096,0,6.1526,cpu_percent,0
scheduler,scheduler/fixed/resumed_suffix/4096,0,6.1526,leases,3071
scheduler,scheduler/fixed/resumed_suffix/4096,0,6.1526,max_leases_per_request,4
scheduler,scheduler/fixed/resumed_suffix/4096,0,6.1526,max_request_bytes,4194304
scheduler,scheduler/fixed/resumed_suffix/4096,0,6.1526,micros_per_request,8.007031249999999
scheduler,scheduler/fixed/resumed_suffix/4096,0,6.1526,multi_lease_requests,768
scheduler,scheduler/fixed/resumed_suffix/4096,0,6.1526,planned_bytes,3220176896
scheduler,scheduler/fixed/resumed_suffix/4096,0,6.1526,planned_ranges,774
scheduler,scheduler/fixed/resumed_suffix/4096,0,6.1526,requests,768
scheduler,scheduler/fixed/resumed_suffix/4096,0,6.1526,single_lease_requests,0
scheduler,scheduler/fixed/resumed_suffix/4096,0,6.1526,total,6.1494
scheduler,scheduler/fixed/resumed_suffix/4096,0,6.1526,truncated_requests,768
scheduler,scheduler/fixed/resumed_suffix/4096,1,6.0819,boundary_scans,768
scheduler,scheduler/fixed/resumed_suffix/4096,1,6.0819,candidate_slots,768
scheduler,scheduler/fixed/resumed_suffix/4096,1,6.0819,cpu_ms,15.625
scheduler,scheduler/fixed/resumed_suffix/4096,1,6.0819,cpu_percent,256.90984725168124
scheduler,scheduler/fixed/resumed_suffix/4096,1,6.0819,leases,3071
scheduler,scheduler/fixed/resumed_suffix/4096,1,6.0819,max_leases_per_request,4
scheduler,scheduler/fixed/resumed_suffix/4096,1,6.0819,max_request_bytes,4194304
scheduler,scheduler/fixed/resumed_suffix/4096,1,6.0819,micros_per_request,7.914843749999999
scheduler,scheduler/fixed/resumed_suffix/4096,1,6.0819,multi_lease_requests,768
scheduler,scheduler/fixed/resumed_suffix/4096,1,6.0819,planned_bytes,3220176896
scheduler,scheduler/fixed/resumed_suffix/4096,1,6.0819,planned_ranges,774
scheduler,scheduler/fixed/resumed_suffix/4096,1,6.0819,requests,768
scheduler,scheduler/fixed/resumed_suffix/4096,1,6.0819,single_lease_requests,0
scheduler,scheduler/fixed/resumed_suffix/4096,1,6.0819,total,6.0786
scheduler,scheduler/fixed/resumed_suffix/4096,1,6.0819,truncated_requests,768
scheduler,scheduler/fixed/resumed_suffix/4096,2,6.2689,boundary_scans,768
scheduler,scheduler/fixed/resumed_suffix/4096,2,6.2689,candidate_slots,768
scheduler,scheduler/fixed/resumed_suffix/4096,2,6.2689,cpu_ms,0
scheduler,scheduler/fixed/resumed_suffix/4096,2,6.2689,cpu_percent,0
scheduler,scheduler/fixed/resumed_suffix/4096,2,6.2689,leases,3071
scheduler,scheduler/fixed/resumed_suffix/4096,2,6.2689,max_leases_per_request,4
scheduler,scheduler/fixed/resumed_suffix/4096,2,6.2689,max_request_bytes,4194304
scheduler,scheduler/fixed/resumed_suffix/4096,2,6.2689,micros_per_request,8.158854166666666
scheduler,scheduler/fixed/resumed_suffix/4096,2,6.2689,multi_lease_requests,768
scheduler,scheduler/fixed/resumed_suffix/4096,2,6.2689,planned_bytes,3220176896
scheduler,scheduler/fixed/resumed_suffix/4096,2,6.2689,planned_ranges,774
scheduler,scheduler/fixed/resumed_suffix/4096,2,6.2689,requests,768
scheduler,scheduler/fixed/resumed_suffix/4096,2,6.2689,single_lease_requests,0
scheduler,scheduler/fixed/resumed_suffix/4096,2,6.2689,total,6.266
scheduler,scheduler/fixed/resumed_suffix/4096,2,6.2689,truncated_requests,768
scheduler,scheduler/fixed/resumed_suffix/4096,3,5.9806,boundary_scans,768
scheduler,scheduler/fixed/resumed_suffix/4096,3,5.9806,candidate_slots,768
scheduler,scheduler/fixed/resumed_suffix/4096,3,5.9806,cpu_ms,15.625
scheduler,scheduler/fixed/resumed_suffix/4096,3,5.9806,cpu_percent,261.26141189847175
scheduler,scheduler/fixed/resumed_suffix/4096,3,5.9806,leases,3071
scheduler,scheduler/fixed/resumed_suffix/4096,3,5.9806,max_leases_per_request,4
scheduler,scheduler/fixed/resumed_suffix/4096,3,5.9806,max_request_bytes,4194304
scheduler,scheduler/fixed/resumed_suffix/4096,3,5.9806,micros_per_request,7.783072916666668
scheduler,scheduler/fixed/resumed_suffix/4096,3,5.9806,multi_lease_requests,768
scheduler,scheduler/fixed/resumed_suffix/4096,3,5.9806,planned_bytes,3220176896
scheduler,scheduler/fixed/resumed_suffix/4096,3,5.9806,planned_ranges,774
scheduler,scheduler/fixed/resumed_suffix/4096,3,5.9806,requests,768
scheduler,scheduler/fixed/resumed_suffix/4096,3,5.9806,single_lease_requests,0
scheduler,scheduler/fixed/resumed_suffix/4096,3,5.9806,total,5.9774
scheduler,scheduler/fixed/resumed_suffix/4096,3,5.9806,truncated_requests,768
scheduler,scheduler/fixed/resumed_suffix/4096,4,5.9085,boundary_scans,768
scheduler,scheduler/fixed/resumed_suffix/4096,4,5.9085,candidate_slots,768
scheduler,scheduler/fixed/resumed_suffix/4096,4,5.9085,cpu_ms,0
scheduler,scheduler/fixed/resumed_suffix/4096,4,5.9085,cpu_percent,0
scheduler,scheduler/fixed/resumed_suffix/4096,4,5.9085,leases,3071
scheduler,scheduler/fixed/resumed_suffix/4096,4,5.9085,max_leases_per_request,4
scheduler,scheduler/fixed/resumed_suffix/4096,4,5.9085,max_request_bytes,4194304
scheduler,scheduler/fixed/resumed_suffix/4096,4,5.9085,micros_per_request,7.688411458333333
scheduler,scheduler/fixed/resumed_suffix/4096,4,5.9085,multi_lease_requests,768
scheduler,scheduler/fixed/resumed_suffix/4096,4,5.9085,planned_bytes,3220176896
scheduler,scheduler/fixed/resumed_suffix/4096,4,5.9085,planned_ranges,774
scheduler,scheduler/fixed/resumed_suffix/4096,4,5.9085,requests,768
scheduler,scheduler/fixed/resumed_suffix/4096,4,5.9085,single_lease_requests,0
scheduler,scheduler/fixed/resumed_suffix/4096,4,5.9085,total,5.9047
scheduler,scheduler/fixed/resumed_suffix/4096,4,5.9085,truncated_requests,768
scheduler,scheduler/fixed/resumed_suffix/4096,5,6.2587,boundary_scans,768
scheduler,scheduler/fixed/resumed_suffix/4096,5,6.2587,candidate_slots,768
scheduler,scheduler/fixed/resumed_suffix/4096,5,6.2587,cpu_ms,0
scheduler,scheduler/fixed/resumed_suffix/4096,5,6.2587,cpu_percent,0
scheduler,scheduler/fixed/resumed_suffix/4096,5,6.2587,leases,3071
scheduler,scheduler/fixed/resumed_suffix/4096,5,6.2587,max_leases_per_request,4
scheduler,scheduler/fixed/resumed_suffix/4096,5,6.2587,max_request_bytes,4194304
scheduler,scheduler/fixed/resumed_suffix/4096,5,6.2587,micros_per_request,8.145052083333335
scheduler,scheduler/fixed/resumed_suffix/4096,5,6.2587,multi_lease_requests,768
scheduler,scheduler/fixed/resumed_suffix/4096,5,6.2587,planned_bytes,3220176896
scheduler,scheduler/fixed/resumed_suffix/4096,5,6.2587,planned_ranges,774
scheduler,scheduler/fixed/resumed_suffix/4096,5,6.2587,requests,768
scheduler,scheduler/fixed/resumed_suffix/4096,5,6.2587,single_lease_requests,0
scheduler,scheduler/fixed/resumed_suffix/4096,5,6.2587,total,6.255400000000001
scheduler,scheduler/fixed/resumed_suffix/4096,5,6.2587,truncated_requests,768
scheduler,scheduler/fixed/resumed_suffix/4096,6,6.2679,boundary_scans,768
scheduler,scheduler/fixed/resumed_suffix/4096,6,6.2679,candidate_slots,768
scheduler,scheduler/fixed/resumed_suffix/4096,6,6.2679,cpu_ms,15.625
scheduler,scheduler/fixed/resumed_suffix/4096,6,6.2679,cpu_percent,249.28604476778506
scheduler,scheduler/fixed/resumed_suffix/4096,6,6.2679,leases,3071
scheduler,scheduler/fixed/resumed_suffix/4096,6,6.2679,max_leases_per_request,4
scheduler,scheduler/fixed/resumed_suffix/4096,6,6.2679,max_request_bytes,4194304
scheduler,scheduler/fixed/resumed_suffix/4096,6,6.2679,micros_per_request,8.157161458333333
scheduler,scheduler/fixed/resumed_suffix/4096,6,6.2679,multi_lease_requests,768
scheduler,scheduler/fixed/resumed_suffix/4096,6,6.2679,planned_bytes,3220176896
scheduler,scheduler/fixed/resumed_suffix/4096,6,6.2679,planned_ranges,774
scheduler,scheduler/fixed/resumed_suffix/4096,6,6.2679,requests,768
scheduler,scheduler/fixed/resumed_suffix/4096,6,6.2679,single_lease_requests,0
scheduler,scheduler/fixed/resumed_suffix/4096,6,6.2679,total,6.2646999999999995
scheduler,scheduler/fixed/resumed_suffix/4096,6,6.2679,truncated_requests,768
scheduler,scheduler/fixed/resumed_suffix/4096,7,6.2902,boundary_scans,768
scheduler,scheduler/fixed/resumed_suffix/4096,7,6.2902,candidate_slots,768
scheduler,scheduler/fixed/resumed_suffix/4096,7,6.2902,cpu_ms,0
scheduler,scheduler/fixed/resumed_suffix/4096,7,6.2902,cpu_percent,0
scheduler,scheduler/fixed/resumed_suffix/4096,7,6.2902,leases,3071
scheduler,scheduler/fixed/resumed_suffix/4096,7,6.2902,max_leases_per_request,4
scheduler,scheduler/fixed/resumed_suffix/4096,7,6.2902,max_request_bytes,4194304
scheduler,scheduler/fixed/resumed_suffix/4096,7,6.2902,micros_per_request,8.186588541666667
scheduler,scheduler/fixed/resumed_suffix/4096,7,6.2902,multi_lease_requests,768
scheduler,scheduler/fixed/resumed_suffix/4096,7,6.2902,planned_bytes,3220176896
scheduler,scheduler/fixed/resumed_suffix/4096,7,6.2902,planned_ranges,774
scheduler,scheduler/fixed/resumed_suffix/4096,7,6.2902,requests,768
scheduler,scheduler/fixed/resumed_suffix/4096,7,6.2902,single_lease_requests,0
scheduler,scheduler/fixed/resumed_suffix/4096,7,6.2902,total,6.2873
scheduler,scheduler/fixed/resumed_suffix/4096,7,6.2902,truncated_requests,768
scheduler,scheduler/fixed/resumed_suffix/4096,8,6.1030,boundary_scans,768
scheduler,scheduler/fixed/resumed_suffix/4096,8,6.1030,candidate_slots,768
scheduler,scheduler/fixed/resumed_suffix/4096,8,6.1030,cpu_ms,15.625
scheduler,scheduler/fixed/resumed_suffix/4096,8,6.1030,cpu_percent,256.0216287071932
scheduler,scheduler/fixed/resumed_suffix/4096,8,6.1030,leases,3071
scheduler,scheduler/fixed/resumed_suffix/4096,8,6.1030,max_leases_per_request,4
scheduler,scheduler/fixed/resumed_suffix/4096,8,6.1030,max_request_bytes,4194304
scheduler,scheduler/fixed/resumed_suffix/4096,8,6.1030,micros_per_request,7.942838541666666
scheduler,scheduler/fixed/resumed_suffix/4096,8,6.1030,multi_lease_requests,768
scheduler,scheduler/fixed/resumed_suffix/4096,8,6.1030,planned_bytes,3220176896
scheduler,scheduler/fixed/resumed_suffix/4096,8,6.1030,planned_ranges,774
scheduler,scheduler/fixed/resumed_suffix/4096,8,6.1030,requests,768
scheduler,scheduler/fixed/resumed_suffix/4096,8,6.1030,single_lease_requests,0
scheduler,scheduler/fixed/resumed_suffix/4096,8,6.1030,total,6.100099999999999
scheduler,scheduler/fixed/resumed_suffix/4096,8,6.1030,truncated_requests,768
scheduler,scheduler/fixed/resumed_suffix/4096,9,6.2842,boundary_scans,768
scheduler,scheduler/fixed/resumed_suffix/4096,9,6.2842,candidate_slots,768
scheduler,scheduler/fixed/resumed_suffix/4096,9,6.2842,cpu_ms,0
scheduler,scheduler/fixed/resumed_suffix/4096,9,6.2842,cpu_percent,0
scheduler,scheduler/fixed/resumed_suffix/4096,9,6.2842,leases,3071
scheduler,scheduler/fixed/resumed_suffix/4096,9,6.2842,max_leases_per_request,4
scheduler,scheduler/fixed/resumed_suffix/4096,9,6.2842,max_request_bytes,4194304
scheduler,scheduler/fixed/resumed_suffix/4096,9,6.2842,micros_per_request,8.179036458333332
scheduler,scheduler/fixed/resumed_suffix/4096,9,6.2842,multi_lease_requests,768
scheduler,scheduler/fixed/resumed_suffix/4096,9,6.2842,planned_bytes,3220176896
scheduler,scheduler/fixed/resumed_suffix/4096,9,6.2842,planned_ranges,774
scheduler,scheduler/fixed/resumed_suffix/4096,9,6.2842,requests,768
scheduler,scheduler/fixed/resumed_suffix/4096,9,6.2842,single_lease_requests,0
scheduler,scheduler/fixed/resumed_suffix/4096,9,6.2842,total,6.281499999999999
scheduler,scheduler/fixed/resumed_suffix/4096,9,6.2842,truncated_requests,768
writer,writer/split_4conns_16KiB_chunks,0,70.7868,avg_block_bytes,1048576
writer,writer/split_4conns_16KiB_chunks,0,70.7868,body_reads,774
writer,writer/split_4conns_16KiB_chunks,0,70.7868,body_wait_ms,81.418
writer,writer/split_4conns_16KiB_chunks,0,70.7868,cache_copied_bytes,12582912
writer,writer/split_4conns_16KiB_chunks,0,70.7868,cache_evicted_bytes,12582912
writer,writer/split_4conns_16KiB_chunks,0,70.7868,checksum_ms,0
writer,writer/split_4conns_16KiB_chunks,0,70.7868,cpu_ms,31.25
writer,writer/split_4conns_16KiB_chunks,0,70.7868,cpu_percent,44.146648810230154
writer,writer/split_4conns_16KiB_chunks,0,70.7868,distinct_ranges,4
writer,writer/split_4conns_16KiB_chunks,0,70.7868,duplicate_bytes,0
writer,writer/split_4conns_16KiB_chunks,0,70.7868,failed,0
writer,writer/split_4conns_16KiB_chunks,0,70.7868,file_bytes,12582912
writer,writer/split_4conns_16KiB_chunks,0,70.7868,finalize,0.027999999999998693
writer,writer/split_4conns_16KiB_chunks,0,70.7868,fsync_calls,1
writer,writer/split_4conns_16KiB_chunks,0,70.7868,fsync_ms,4.913
writer,writer/split_4conns_16KiB_chunks,0,70.7868,prealloc_ms,0.584
writer,writer/split_4conns_16KiB_chunks,0,70.7868,report_span,0
writer,writer/split_4conns_16KiB_chunks,0,70.7868,requests,4
writer,writer/split_4conns_16KiB_chunks,0,70.7868,response_head_ms,3.9
writer,writer/split_4conns_16KiB_chunks,0,70.7868,response_heads,4
writer,writer/split_4conns_16KiB_chunks,0,70.7868,running_reports,1
writer,writer/split_4conns_16KiB_chunks,0,70.7868,served_bytes,12582912
writer,writer/split_4conns_16KiB_chunks,0,70.7868,to_first_report,62.0974
writer,writer/split_4conns_16KiB_chunks,0,70.7868,total,62.1254
writer,writer/split_4conns_16KiB_chunks,0,70.7868,unique_bytes,12582912
writer,writer/split_4conns_16KiB_chunks,0,70.7868,verified,1
writer,writer/split_4conns_16KiB_chunks,0,70.7868,writer_blocks,12
writer,writer/split_4conns_16KiB_chunks,0,70.7868,writer_bytes,12582912
writer,writer/split_4conns_16KiB_chunks,1,63.0107,avg_block_bytes,1048576
writer,writer/split_4conns_16KiB_chunks,1,63.0107,body_reads,775
writer,writer/split_4conns_16KiB_chunks,1,63.0107,body_wait_ms,116.035
writer,writer/split_4conns_16KiB_chunks,1,63.0107,cache_copied_bytes,12582912
writer,writer/split_4conns_16KiB_chunks,1,63.0107,cache_evicted_bytes,12582912
writer,writer/split_4conns_16KiB_chunks,1,63.0107,checksum_ms,0
writer,writer/split_4conns_16KiB_chunks,1,63.0107,cpu_ms,0
writer,writer/split_4conns_16KiB_chunks,1,63.0107,cpu_percent,0
writer,writer/split_4conns_16KiB_chunks,1,63.0107,distinct_ranges,4
writer,writer/split_4conns_16KiB_chunks,1,63.0107,duplicate_bytes,0
writer,writer/split_4conns_16KiB_chunks,1,63.0107,failed,0
writer,writer/split_4conns_16KiB_chunks,1,63.0107,file_bytes,12582912
writer,writer/split_4conns_16KiB_chunks,1,63.0107,finalize,0.02030000000000598
writer,writer/split_4conns_16KiB_chunks,1,63.0107,fsync_calls,1
writer,writer/split_4conns_16KiB_chunks,1,63.0107,fsync_ms,4.897
writer,writer/split_4conns_16KiB_chunks,1,63.0107,prealloc_ms,0.717
writer,writer/split_4conns_16KiB_chunks,1,63.0107,report_span,0
writer,writer/split_4conns_16KiB_chunks,1,63.0107,requests,4
writer,writer/split_4conns_16KiB_chunks,1,63.0107,response_head_ms,3.619
writer,writer/split_4conns_16KiB_chunks,1,63.0107,response_heads,4
writer,writer/split_4conns_16KiB_chunks,1,63.0107,running_reports,1
writer,writer/split_4conns_16KiB_chunks,1,63.0107,served_bytes,12582912
writer,writer/split_4conns_16KiB_chunks,1,63.0107,to_first_report,54.675399999999996
writer,writer/split_4conns_16KiB_chunks,1,63.0107,total,54.6957
writer,writer/split_4conns_16KiB_chunks,1,63.0107,unique_bytes,12582912
writer,writer/split_4conns_16KiB_chunks,1,63.0107,verified,1
writer,writer/split_4conns_16KiB_chunks,1,63.0107,writer_blocks,12
writer,writer/split_4conns_16KiB_chunks,1,63.0107,writer_bytes,12582912
writer,writer/split_4conns_16KiB_chunks,2,45.9406,avg_block_bytes,1048576
writer,writer/split_4conns_16KiB_chunks,2,45.9406,body_reads,777
writer,writer/split_4conns_16KiB_chunks,2,45.9406,body_wait_ms,72.215
writer,writer/split_4conns_16KiB_chunks,2,45.9406,cache_copied_bytes,12582912
writer,writer/split_4conns_16KiB_chunks,2,45.9406,cache_evicted_bytes,12582912
writer,writer/split_4conns_16KiB_chunks,2,45.9406,checksum_ms,0
writer,writer/split_4conns_16KiB_chunks,2,45.9406,cpu_ms,15.625
writer,writer/split_4conns_16KiB_chunks,2,45.9406,cpu_percent,34.01131025715816
writer,writer/split_4conns_16KiB_chunks,2,45.9406,distinct_ranges,4
writer,writer/split_4conns_16KiB_chunks,2,45.9406,duplicate_bytes,0
writer,writer/split_4conns_16KiB_chunks,2,45.9406,failed,0
writer,writer/split_4conns_16KiB_chunks,2,45.9406,file_bytes,12582912
writer,writer/split_4conns_16KiB_chunks,2,45.9406,finalize,0.01680000000000348
writer,writer/split_4conns_16KiB_chunks,2,45.9406,fsync_calls,1
writer,writer/split_4conns_16KiB_chunks,2,45.9406,fsync_ms,2.384
writer,writer/split_4conns_16KiB_chunks,2,45.9406,prealloc_ms,0.58
writer,writer/split_4conns_16KiB_chunks,2,45.9406,report_span,0
writer,writer/split_4conns_16KiB_chunks,2,45.9406,requests,4
writer,writer/split_4conns_16KiB_chunks,2,45.9406,response_head_ms,3.014
writer,writer/split_4conns_16KiB_chunks,2,45.9406,response_heads,4
writer,writer/split_4conns_16KiB_chunks,2,45.9406,running_reports,1
writer,writer/split_4conns_16KiB_chunks,2,45.9406,served_bytes,12582912
writer,writer/split_4conns_16KiB_chunks,2,45.9406,to_first_report,37.6066
writer,writer/split_4conns_16KiB_chunks,2,45.9406,total,37.623400000000004
writer,writer/split_4conns_16KiB_chunks,2,45.9406,unique_bytes,12582912
writer,writer/split_4conns_16KiB_chunks,2,45.9406,verified,1
writer,writer/split_4conns_16KiB_chunks,2,45.9406,writer_blocks,12
writer,writer/split_4conns_16KiB_chunks,2,45.9406,writer_bytes,12582912
writer,writer/split_4conns_16KiB_chunks,3,63.2068,avg_block_bytes,1048576
writer,writer/split_4conns_16KiB_chunks,3,63.2068,body_reads,777
writer,writer/split_4conns_16KiB_chunks,3,63.2068,body_wait_ms,96.02
writer,writer/split_4conns_16KiB_chunks,3,63.2068,cache_copied_bytes,12582912
writer,writer/split_4conns_16KiB_chunks,3,63.2068,cache_evicted_bytes,12582912
writer,writer/split_4conns_16KiB_chunks,3,63.2068,checksum_ms,0
writer,writer/split_4conns_16KiB_chunks,3,63.2068,cpu_ms,15.625
writer,writer/split_4conns_16KiB_chunks,3,63.2068,cpu_percent,24.72044147148725
writer,writer/split_4conns_16KiB_chunks,3,63.2068,distinct_ranges,4
writer,writer/split_4conns_16KiB_chunks,3,63.2068,duplicate_bytes,0
writer,writer/split_4conns_16KiB_chunks,3,63.2068,failed,0
writer,writer/split_4conns_16KiB_chunks,3,63.2068,file_bytes,12582912
writer,writer/split_4conns_16KiB_chunks,3,63.2068,finalize,0.029200000000003
writer,writer/split_4conns_16KiB_chunks,3,63.2068,fsync_calls,1
writer,writer/split_4conns_16KiB_chunks,3,63.2068,fsync_ms,4.934
writer,writer/split_4conns_16KiB_chunks,3,63.2068,prealloc_ms,0.587
writer,writer/split_4conns_16KiB_chunks,3,63.2068,report_span,0
writer,writer/split_4conns_16KiB_chunks,3,63.2068,requests,4
writer,writer/split_4conns_16KiB_chunks,3,63.2068,response_head_ms,3.492
writer,writer/split_4conns_16KiB_chunks,3,63.2068,response_heads,4
writer,writer/split_4conns_16KiB_chunks,3,63.2068,running_reports,1
writer,writer/split_4conns_16KiB_chunks,3,63.2068,served_bytes,12582912
writer,writer/split_4conns_16KiB_chunks,3,63.2068,to_first_report,53.6512
writer,writer/split_4conns_16KiB_chunks,3,63.2068,total,53.680400000000006
writer,writer/split_4conns_16KiB_chunks,3,63.2068,unique_bytes,12582912
writer,writer/split_4conns_16KiB_chunks,3,63.2068,verified,1
writer,writer/split_4conns_16KiB_chunks,3,63.2068,writer_blocks,12
writer,writer/split_4conns_16KiB_chunks,3,63.2068,writer_bytes,12582912
writer,writer/split_4conns_16KiB_chunks,4,44.2860,avg_block_bytes,1048576
writer,writer/split_4conns_16KiB_chunks,4,44.2860,body_reads,776
writer,writer/split_4conns_16KiB_chunks,4,44.2860,body_wait_ms,75.575
writer,writer/split_4conns_16KiB_chunks,4,44.2860,cache_copied_bytes,12582912
writer,writer/split_4conns_16KiB_chunks,4,44.2860,cache_evicted_bytes,12582912
writer,writer/split_4conns_16KiB_chunks,4,44.2860,checksum_ms,0
writer,writer/split_4conns_16KiB_chunks,4,44.2860,cpu_ms,15.625
writer,writer/split_4conns_16KiB_chunks,4,44.2860,cpu_percent,35.282030438513296
writer,writer/split_4conns_16KiB_chunks,4,44.2860,distinct_ranges,4
writer,writer/split_4conns_16KiB_chunks,4,44.2860,duplicate_bytes,0
writer,writer/split_4conns_16KiB_chunks,4,44.2860,failed,0
writer,writer/split_4conns_16KiB_chunks,4,44.2860,file_bytes,12582912
writer,writer/split_4conns_16KiB_chunks,4,44.2860,finalize,0.00549999999999784
writer,writer/split_4conns_16KiB_chunks,4,44.2860,fsync_calls,1
writer,writer/split_4conns_16KiB_chunks,4,44.2860,fsync_ms,4.297
writer,writer/split_4conns_16KiB_chunks,4,44.2860,prealloc_ms,0.59
writer,writer/split_4conns_16KiB_chunks,4,44.2860,report_span,0
writer,writer/split_4conns_16KiB_chunks,4,44.2860,requests,4
writer,writer/split_4conns_16KiB_chunks,4,44.2860,response_head_ms,3.917
writer,writer/split_4conns_16KiB_chunks,4,44.2860,response_heads,4
writer,writer/split_4conns_16KiB_chunks,4,44.2860,running_reports,1
writer,writer/split_4conns_16KiB_chunks,4,44.2860,served_bytes,12582912
writer,writer/split_4conns_16KiB_chunks,4,44.2860,to_first_report,36.3855
writer,writer/split_4conns_16KiB_chunks,4,44.2860,total,36.391
writer,writer/split_4conns_16KiB_chunks,4,44.2860,unique_bytes,12582912
writer,writer/split_4conns_16KiB_chunks,4,44.2860,verified,1
writer,writer/split_4conns_16KiB_chunks,4,44.2860,writer_blocks,12
writer,writer/split_4conns_16KiB_chunks,4,44.2860,writer_bytes,12582912
writer,writer/split_4conns_16KiB_chunks,5,63.2831,avg_block_bytes,1048576
writer,writer/split_4conns_16KiB_chunks,5,63.2831,body_reads,777
writer,writer/split_4conns_16KiB_chunks,5,63.2831,body_wait_ms,89.946
writer,writer/split_4conns_16KiB_chunks,5,63.2831,cache_copied_bytes,12582912
writer,writer/split_4conns_16KiB_chunks,5,63.2831,cache_evicted_bytes,12582912
writer,writer/split_4conns_16KiB_chunks,5,63.2831,checksum_ms,0
writer,writer/split_4conns_16KiB_chunks,5,63.2831,cpu_ms,15.625
writer,writer/split_4conns_16KiB_chunks,5,63.2831,cpu_percent,24.690636204610712
writer,writer/split_4conns_16KiB_chunks,5,63.2831,distinct_ranges,4
writer,writer/split_4conns_16KiB_chunks,5,63.2831,duplicate_bytes,0
writer,writer/split_4conns_16KiB_chunks,5,63.2831,failed,0
writer,writer/split_4conns_16KiB_chunks,5,63.2831,file_bytes,12582912
writer,writer/split_4conns_16KiB_chunks,5,63.2831,finalize,0.006699999999995043
writer,writer/split_4conns_16KiB_chunks,5,63.2831,fsync_calls,1
writer,writer/split_4conns_16KiB_chunks,5,63.2831,fsync_ms,4.945
writer,writer/split_4conns_16KiB_chunks,5,63.2831,prealloc_ms,0.631
writer,writer/split_4conns_16KiB_chunks,5,63.2831,report_span,0
writer,writer/split_4conns_16KiB_chunks,5,63.2831,requests,4
writer,writer/split_4conns_16KiB_chunks,5,63.2831,response_head_ms,3.656
writer,writer/split_4conns_16KiB_chunks,5,63.2831,response_heads,4
writer,writer/split_4conns_16KiB_chunks,5,63.2831,running_reports,1
writer,writer/split_4conns_16KiB_chunks,5,63.2831,served_bytes,12582912
writer,writer/split_4conns_16KiB_chunks,5,63.2831,to_first_report,55.368300000000005
writer,writer/split_4conns_16KiB_chunks,5,63.2831,total,55.375
writer,writer/split_4conns_16KiB_chunks,5,63.2831,unique_bytes,12582912
writer,writer/split_4conns_16KiB_chunks,5,63.2831,verified,1
writer,writer/split_4conns_16KiB_chunks,5,63.2831,writer_blocks,12
writer,writer/split_4conns_16KiB_chunks,5,63.2831,writer_bytes,12582912
writer,writer/split_4conns_16KiB_chunks,6,32.3872,avg_block_bytes,1048576
writer,writer/split_4conns_16KiB_chunks,6,32.3872,body_reads,776
writer,writer/split_4conns_16KiB_chunks,6,32.3872,body_wait_ms,25.311
writer,writer/split_4conns_16KiB_chunks,6,32.3872,cache_copied_bytes,12582912
writer,writer/split_4conns_16KiB_chunks,6,32.3872,cache_evicted_bytes,12582912
writer,writer/split_4conns_16KiB_chunks,6,32.3872,checksum_ms,0
writer,writer/split_4conns_16KiB_chunks,6,32.3872,cpu_ms,15.625
writer,writer/split_4conns_16KiB_chunks,6,32.3872,cpu_percent,48.24436814544018
writer,writer/split_4conns_16KiB_chunks,6,32.3872,distinct_ranges,4
writer,writer/split_4conns_16KiB_chunks,6,32.3872,duplicate_bytes,0
writer,writer/split_4conns_16KiB_chunks,6,32.3872,failed,0
writer,writer/split_4conns_16KiB_chunks,6,32.3872,file_bytes,12582912
writer,writer/split_4conns_16KiB_chunks,6,32.3872,finalize,0.02780000000000271
writer,writer/split_4conns_16KiB_chunks,6,32.3872,fsync_calls,1
writer,writer/split_4conns_16KiB_chunks,6,32.3872,fsync_ms,4.306
writer,writer/split_4conns_16KiB_chunks,6,32.3872,prealloc_ms,0.694
writer,writer/split_4conns_16KiB_chunks,6,32.3872,report_span,0
writer,writer/split_4conns_16KiB_chunks,6,32.3872,requests,4
writer,writer/split_4conns_16KiB_chunks,6,32.3872,response_head_ms,4.169
writer,writer/split_4conns_16KiB_chunks,6,32.3872,response_heads,4
writer,writer/split_4conns_16KiB_chunks,6,32.3872,running_reports,1
writer,writer/split_4conns_16KiB_chunks,6,32.3872,served_bytes,12582912
writer,writer/split_4conns_16KiB_chunks,6,32.3872,to_first_report,24.395799999999998
writer,writer/split_4conns_16KiB_chunks,6,32.3872,total,24.4236
writer,writer/split_4conns_16KiB_chunks,6,32.3872,unique_bytes,12582912
writer,writer/split_4conns_16KiB_chunks,6,32.3872,verified,1
writer,writer/split_4conns_16KiB_chunks,6,32.3872,writer_blocks,12
writer,writer/split_4conns_16KiB_chunks,6,32.3872,writer_bytes,12582912
writer,writer/split_4conns_16KiB_chunks,7,103.5254,avg_block_bytes,1048576
writer,writer/split_4conns_16KiB_chunks,7,103.5254,body_reads,780
writer,writer/split_4conns_16KiB_chunks,7,103.5254,body_wait_ms,178.579
writer,writer/split_4conns_16KiB_chunks,7,103.5254,cache_copied_bytes,12582912
writer,writer/split_4conns_16KiB_chunks,7,103.5254,cache_evicted_bytes,12582912
writer,writer/split_4conns_16KiB_chunks,7,103.5254,checksum_ms,0
writer,writer/split_4conns_16KiB_chunks,7,103.5254,cpu_ms,0
writer,writer/split_4conns_16KiB_chunks,7,103.5254,cpu_percent,0
writer,writer/split_4conns_16KiB_chunks,7,103.5254,distinct_ranges,4
writer,writer/split_4conns_16KiB_chunks,7,103.5254,duplicate_bytes,0
writer,writer/split_4conns_16KiB_chunks,7,103.5254,failed,0
writer,writer/split_4conns_16KiB_chunks,7,103.5254,file_bytes,12582912
writer,writer/split_4conns_16KiB_chunks,7,103.5254,finalize,0.03339999999998611
writer,writer/split_4conns_16KiB_chunks,7,103.5254,fsync_calls,1
writer,writer/split_4conns_16KiB_chunks,7,103.5254,fsync_ms,4.626
writer,writer/split_4conns_16KiB_chunks,7,103.5254,prealloc_ms,0.574
writer,writer/split_4conns_16KiB_chunks,7,103.5254,report_span,0
writer,writer/split_4conns_16KiB_chunks,7,103.5254,requests,4
writer,writer/split_4conns_16KiB_chunks,7,103.5254,response_head_ms,4.641
writer,writer/split_4conns_16KiB_chunks,7,103.5254,response_heads,4
writer,writer/split_4conns_16KiB_chunks,7,103.5254,running_reports,1
writer,writer/split_4conns_16KiB_chunks,7,103.5254,served_bytes,12582912
writer,writer/split_4conns_16KiB_chunks,7,103.5254,to_first_report,95.52430000000001
writer,writer/split_4conns_16KiB_chunks,7,103.5254,total,95.5577
writer,writer/split_4conns_16KiB_chunks,7,103.5254,unique_bytes,12582912
writer,writer/split_4conns_16KiB_chunks,7,103.5254,verified,1
writer,writer/split_4conns_16KiB_chunks,7,103.5254,writer_blocks,12
writer,writer/split_4conns_16KiB_chunks,7,103.5254,writer_bytes,12582912
writer,writer/split_4conns_16KiB_chunks,8,64.3819,avg_block_bytes,1048576
writer,writer/split_4conns_16KiB_chunks,8,64.3819,body_reads,779
writer,writer/split_4conns_16KiB_chunks,8,64.3819,body_wait_ms,117.713
writer,writer/split_4conns_16KiB_chunks,8,64.3819,cache_copied_bytes,12582912
writer,writer/split_4conns_16KiB_chunks,8,64.3819,cache_evicted_bytes,12582912
writer,writer/split_4conns_16KiB_chunks,8,64.3819,checksum_ms,0
writer,writer/split_4conns_16KiB_chunks,8,64.3819,cpu_ms,0
writer,writer/split_4conns_16KiB_chunks,8,64.3819,cpu_percent,0
writer,writer/split_4conns_16KiB_chunks,8,64.3819,distinct_ranges,4
writer,writer/split_4conns_16KiB_chunks,8,64.3819,duplicate_bytes,0
writer,writer/split_4conns_16KiB_chunks,8,64.3819,failed,0
writer,writer/split_4conns_16KiB_chunks,8,64.3819,file_bytes,12582912
writer,writer/split_4conns_16KiB_chunks,8,64.3819,finalize,0.0036999999999949296
writer,writer/split_4conns_16KiB_chunks,8,64.3819,fsync_calls,1
writer,writer/split_4conns_16KiB_chunks,8,64.3819,fsync_ms,4.065
writer,writer/split_4conns_16KiB_chunks,8,64.3819,prealloc_ms,0.557
writer,writer/split_4conns_16KiB_chunks,8,64.3819,report_span,0
writer,writer/split_4conns_16KiB_chunks,8,64.3819,requests,4
writer,writer/split_4conns_16KiB_chunks,8,64.3819,response_head_ms,3.8
writer,writer/split_4conns_16KiB_chunks,8,64.3819,response_heads,4
writer,writer/split_4conns_16KiB_chunks,8,64.3819,running_reports,1
writer,writer/split_4conns_16KiB_chunks,8,64.3819,served_bytes,12582912
writer,writer/split_4conns_16KiB_chunks,8,64.3819,to_first_report,55.9117
writer,writer/split_4conns_16KiB_chunks,8,64.3819,total,55.9154
writer,writer/split_4conns_16KiB_chunks,8,64.3819,unique_bytes,12582912
writer,writer/split_4conns_16KiB_chunks,8,64.3819,verified,1
writer,writer/split_4conns_16KiB_chunks,8,64.3819,writer_blocks,12
writer,writer/split_4conns_16KiB_chunks,8,64.3819,writer_bytes,12582912
writer,writer/split_4conns_16KiB_chunks,9,61.5898,avg_block_bytes,1048576
writer,writer/split_4conns_16KiB_chunks,9,61.5898,body_reads,775
writer,writer/split_4conns_16KiB_chunks,9,61.5898,body_wait_ms,57.347
writer,writer/split_4conns_16KiB_chunks,9,61.5898,cache_copied_bytes,12582912
writer,writer/split_4conns_16KiB_chunks,9,61.5898,cache_evicted_bytes,12582912
writer,writer/split_4conns_16KiB_chunks,9,61.5898,checksum_ms,0
writer,writer/split_4conns_16KiB_chunks,9,61.5898,cpu_ms,15.625
writer,writer/split_4conns_16KiB_chunks,9,61.5898,cpu_percent,25.36946052755489
writer,writer/split_4conns_16KiB_chunks,9,61.5898,distinct_ranges,4
writer,writer/split_4conns_16KiB_chunks,9,61.5898,duplicate_bytes,0
writer,writer/split_4conns_16KiB_chunks,9,61.5898,failed,0
writer,writer/split_4conns_16KiB_chunks,9,61.5898,file_bytes,12582912
writer,writer/split_4conns_16KiB_chunks,9,61.5898,finalize,0.0018000000000029104
writer,writer/split_4conns_16KiB_chunks,9,61.5898,fsync_calls,1
writer,writer/split_4conns_16KiB_chunks,9,61.5898,fsync_ms,4.94
writer,writer/split_4conns_16KiB_chunks,9,61.5898,prealloc_ms,0.718
writer,writer/split_4conns_16KiB_chunks,9,61.5898,report_span,0
writer,writer/split_4conns_16KiB_chunks,9,61.5898,requests,4
writer,writer/split_4conns_16KiB_chunks,9,61.5898,response_head_ms,20.131
writer,writer/split_4conns_16KiB_chunks,9,61.5898,response_heads,4
writer,writer/split_4conns_16KiB_chunks,9,61.5898,running_reports,1
writer,writer/split_4conns_16KiB_chunks,9,61.5898,served_bytes,12582912
writer,writer/split_4conns_16KiB_chunks,9,61.5898,to_first_report,53.2029
writer,writer/split_4conns_16KiB_chunks,9,61.5898,total,53.2047
writer,writer/split_4conns_16KiB_chunks,9,61.5898,unique_bytes,12582912
writer,writer/split_4conns_16KiB_chunks,9,61.5898,verified,1
writer,writer/split_4conns_16KiB_chunks,9,61.5898,writer_blocks,12
writer,writer/split_4conns_16KiB_chunks,9,61.5898,writer_bytes,12582912
writer,writer/split_4conns_1MiB_chunks,0,30.8900,avg_block_bytes,1048576
writer,writer/split_4conns_1MiB_chunks,0,30.8900,body_reads,777
writer,writer/split_4conns_1MiB_chunks,0,30.8900,body_wait_ms,12.415
writer,writer/split_4conns_1MiB_chunks,0,30.8900,cache_copied_bytes,12582912
writer,writer/split_4conns_1MiB_chunks,0,30.8900,cache_evicted_bytes,12582912
writer,writer/split_4conns_1MiB_chunks,0,30.8900,checksum_ms,0
writer,writer/split_4conns_1MiB_chunks,0,30.8900,cpu_ms,62.5
writer,writer/split_4conns_1MiB_chunks,0,30.8900,cpu_percent,202.3308514082227
writer,writer/split_4conns_1MiB_chunks,0,30.8900,distinct_ranges,5
writer,writer/split_4conns_1MiB_chunks,0,30.8900,duplicate_bytes,0
writer,writer/split_4conns_1MiB_chunks,0,30.8900,failed,0
writer,writer/split_4conns_1MiB_chunks,0,30.8900,file_bytes,12582912
writer,writer/split_4conns_1MiB_chunks,0,30.8900,finalize,0.0005000000000023874
writer,writer/split_4conns_1MiB_chunks,0,30.8900,fsync_calls,1
writer,writer/split_4conns_1MiB_chunks,0,30.8900,fsync_ms,4.929
writer,writer/split_4conns_1MiB_chunks,0,30.8900,prealloc_ms,0.746
writer,writer/split_4conns_1MiB_chunks,0,30.8900,report_span,0
writer,writer/split_4conns_1MiB_chunks,0,30.8900,requests,5
writer,writer/split_4conns_1MiB_chunks,0,30.8900,response_head_ms,3.524
writer,writer/split_4conns_1MiB_chunks,0,30.8900,response_heads,5
writer,writer/split_4conns_1MiB_chunks,0,30.8900,running_reports,1
writer,writer/split_4conns_1MiB_chunks,0,30.8900,served_bytes,12582912
writer,writer/split_4conns_1MiB_chunks,0,30.8900,to_first_report,20.7887
writer,writer/split_4conns_1MiB_chunks,0,30.8900,total,20.7892
writer,writer/split_4conns_1MiB_chunks,0,30.8900,unique_bytes,12582912
writer,writer/split_4conns_1MiB_chunks,0,30.8900,verified,1
writer,writer/split_4conns_1MiB_chunks,0,30.8900,writer_blocks,12
writer,writer/split_4conns_1MiB_chunks,0,30.8900,writer_bytes,12582912
writer,writer/split_4conns_1MiB_chunks,1,59.5706,avg_block_bytes,1048576
writer,writer/split_4conns_1MiB_chunks,1,59.5706,body_reads,777
writer,writer/split_4conns_1MiB_chunks,1,59.5706,body_wait_ms,119.802
writer,writer/split_4conns_1MiB_chunks,1,59.5706,cache_copied_bytes,12582912
writer,writer/split_4conns_1MiB_chunks,1,59.5706,cache_evicted_bytes,12582912
writer,writer/split_4conns_1MiB_chunks,1,59.5706,checksum_ms,0
writer,writer/split_4conns_1MiB_chunks,1,59.5706,cpu_ms,0
writer,writer/split_4conns_1MiB_chunks,1,59.5706,cpu_percent,0
writer,writer/split_4conns_1MiB_chunks,1,59.5706,distinct_ranges,4
writer,writer/split_4conns_1MiB_chunks,1,59.5706,duplicate_bytes,0
writer,writer/split_4conns_1MiB_chunks,1,59.5706,failed,0
writer,writer/split_4conns_1MiB_chunks,1,59.5706,file_bytes,12582912
writer,writer/split_4conns_1MiB_chunks,1,59.5706,finalize,0.033699999999996066
writer,writer/split_4conns_1MiB_chunks,1,59.5706,fsync_calls,1
writer,writer/split_4conns_1MiB_chunks,1,59.5706,fsync_ms,4.551
writer,writer/split_4conns_1MiB_chunks,1,59.5706,prealloc_ms,0.587
writer,writer/split_4conns_1MiB_chunks,1,59.5706,report_span,0
writer,writer/split_4conns_1MiB_chunks,1,59.5706,requests,4
writer,writer/split_4conns_1MiB_chunks,1,59.5706,response_head_ms,4.524
writer,writer/split_4conns_1MiB_chunks,1,59.5706,response_heads,4
writer,writer/split_4conns_1MiB_chunks,1,59.5706,running_reports,1
writer,writer/split_4conns_1MiB_chunks,1,59.5706,served_bytes,12582912
writer,writer/split_4conns_1MiB_chunks,1,59.5706,to_first_report,52.0879
writer,writer/split_4conns_1MiB_chunks,1,59.5706,total,52.121599999999994
writer,writer/split_4conns_1MiB_chunks,1,59.5706,unique_bytes,12582912
writer,writer/split_4conns_1MiB_chunks,1,59.5706,verified,1
writer,writer/split_4conns_1MiB_chunks,1,59.5706,writer_blocks,12
writer,writer/split_4conns_1MiB_chunks,1,59.5706,writer_bytes,12582912
writer,writer/split_4conns_1MiB_chunks,2,25.4899,avg_block_bytes,1048576
writer,writer/split_4conns_1MiB_chunks,2,25.4899,body_reads,773
writer,writer/split_4conns_1MiB_chunks,2,25.4899,body_wait_ms,6.962
writer,writer/split_4conns_1MiB_chunks,2,25.4899,cache_copied_bytes,12582912
writer,writer/split_4conns_1MiB_chunks,2,25.4899,cache_evicted_bytes,12582912
writer,writer/split_4conns_1MiB_chunks,2,25.4899,checksum_ms,0
writer,writer/split_4conns_1MiB_chunks,2,25.4899,cpu_ms,31.25
writer,writer/split_4conns_1MiB_chunks,2,25.4899,cpu_percent,122.59757786417366
writer,writer/split_4conns_1MiB_chunks,2,25.4899,distinct_ranges,4
writer,writer/split_4conns_1MiB_chunks,2,25.4899,duplicate_bytes,0
writer,writer/split_4conns_1MiB_chunks,2,25.4899,failed,0
writer,writer/split_4conns_1MiB_chunks,2,25.4899,file_bytes,12582912
writer,writer/split_4conns_1MiB_chunks,2,25.4899,fsync_calls,1
writer,writer/split_4conns_1MiB_chunks,2,25.4899,fsync_ms,4.386
writer,writer/split_4conns_1MiB_chunks,2,25.4899,prealloc_ms,0.582
writer,writer/split_4conns_1MiB_chunks,2,25.4899,requests,4
writer,writer/split_4conns_1MiB_chunks,2,25.4899,response_head_ms,3.921
writer,writer/split_4conns_1MiB_chunks,2,25.4899,response_heads,4
writer,writer/split_4conns_1MiB_chunks,2,25.4899,running_reports,0
writer,writer/split_4conns_1MiB_chunks,2,25.4899,served_bytes,12582912
writer,writer/split_4conns_1MiB_chunks,2,25.4899,total,15.6345
writer,writer/split_4conns_1MiB_chunks,2,25.4899,unique_bytes,12582912
writer,writer/split_4conns_1MiB_chunks,2,25.4899,verified,1
writer,writer/split_4conns_1MiB_chunks,2,25.4899,writer_blocks,12
writer,writer/split_4conns_1MiB_chunks,2,25.4899,writer_bytes,12582912
writer,writer/split_4conns_1MiB_chunks,3,24.2935,avg_block_bytes,1048576
writer,writer/split_4conns_1MiB_chunks,3,24.2935,body_reads,773
writer,writer/split_4conns_1MiB_chunks,3,24.2935,body_wait_ms,8.793
writer,writer/split_4conns_1MiB_chunks,3,24.2935,cache_copied_bytes,12582912
writer,writer/split_4conns_1MiB_chunks,3,24.2935,cache_evicted_bytes,12582912
writer,writer/split_4conns_1MiB_chunks,3,24.2935,checksum_ms,0
writer,writer/split_4conns_1MiB_chunks,3,24.2935,cpu_ms,46.875
writer,writer/split_4conns_1MiB_chunks,3,24.2935,cpu_percent,192.95284746948775
writer,writer/split_4conns_1MiB_chunks,3,24.2935,distinct_ranges,4
writer,writer/split_4conns_1MiB_chunks,3,24.2935,duplicate_bytes,0
writer,writer/split_4conns_1MiB_chunks,3,24.2935,failed,0
writer,writer/split_4conns_1MiB_chunks,3,24.2935,file_bytes,12582912
writer,writer/split_4conns_1MiB_chunks,3,24.2935,finalize,0.0064000000000010715
writer,writer/split_4conns_1MiB_chunks,3,24.2935,fsync_calls,1
writer,writer/split_4conns_1MiB_chunks,3,24.2935,fsync_ms,3.847
writer,writer/split_4conns_1MiB_chunks,3,24.2935,prealloc_ms,0.649
writer,writer/split_4conns_1MiB_chunks,3,24.2935,report_span,0
writer,writer/split_4conns_1MiB_chunks,3,24.2935,requests,4
writer,writer/split_4conns_1MiB_chunks,3,24.2935,response_head_ms,3.373
writer,writer/split_4conns_1MiB_chunks,3,24.2935,response_heads,4
writer,writer/split_4conns_1MiB_chunks,3,24.2935,running_reports,1
writer,writer/split_4conns_1MiB_chunks,3,24.2935,served_bytes,12582912
writer,writer/split_4conns_1MiB_chunks,3,24.2935,to_first_report,15.880999999999998
writer,writer/split_4conns_1MiB_chunks,3,24.2935,total,15.8874
writer,writer/split_4conns_1MiB_chunks,3,24.2935,unique_bytes,12582912
writer,writer/split_4conns_1MiB_chunks,3,24.2935,verified,1
writer,writer/split_4conns_1MiB_chunks,3,24.2935,writer_blocks,12
writer,writer/split_4conns_1MiB_chunks,3,24.2935,writer_bytes,12582912
writer,writer/split_4conns_1MiB_chunks,4,44.8643,avg_block_bytes,1048576
writer,writer/split_4conns_1MiB_chunks,4,44.8643,body_reads,775
writer,writer/split_4conns_1MiB_chunks,4,44.8643,body_wait_ms,28.076
writer,writer/split_4conns_1MiB_chunks,4,44.8643,cache_copied_bytes,12582912
writer,writer/split_4conns_1MiB_chunks,4,44.8643,cache_evicted_bytes,12582912
writer,writer/split_4conns_1MiB_chunks,4,44.8643,checksum_ms,0
writer,writer/split_4conns_1MiB_chunks,4,44.8643,cpu_ms,15.625
writer,writer/split_4conns_1MiB_chunks,4,44.8643,cpu_percent,34.82724571652739
writer,writer/split_4conns_1MiB_chunks,4,44.8643,distinct_ranges,4
writer,writer/split_4conns_1MiB_chunks,4,44.8643,duplicate_bytes,0
writer,writer/split_4conns_1MiB_chunks,4,44.8643,failed,0
writer,writer/split_4conns_1MiB_chunks,4,44.8643,file_bytes,12582912
writer,writer/split_4conns_1MiB_chunks,4,44.8643,finalize,0.0035999999999987153
writer,writer/split_4conns_1MiB_chunks,4,44.8643,fsync_calls,1
writer,writer/split_4conns_1MiB_chunks,4,44.8643,fsync_ms,4.735
writer,writer/split_4conns_1MiB_chunks,4,44.8643,prealloc_ms,0.629
writer,writer/split_4conns_1MiB_chunks,4,44.8643,report_span,0
writer,writer/split_4conns_1MiB_chunks,4,44.8643,requests,4
writer,writer/split_4conns_1MiB_chunks,4,44.8643,response_head_ms,3.395
writer,writer/split_4conns_1MiB_chunks,4,44.8643,response_heads,4
writer,writer/split_4conns_1MiB_chunks,4,44.8643,running_reports,1
writer,writer/split_4conns_1MiB_chunks,4,44.8643,served_bytes,12582912
writer,writer/split_4conns_1MiB_chunks,4,44.8643,to_first_report,36.7916
writer,writer/split_4conns_1MiB_chunks,4,44.8643,total,36.7952
writer,writer/split_4conns_1MiB_chunks,4,44.8643,unique_bytes,12582912
writer,writer/split_4conns_1MiB_chunks,4,44.8643,verified,1
writer,writer/split_4conns_1MiB_chunks,4,44.8643,writer_blocks,12
writer,writer/split_4conns_1MiB_chunks,4,44.8643,writer_bytes,12582912
writer,writer/split_4conns_1MiB_chunks,5,24.7954,avg_block_bytes,1048576
writer,writer/split_4conns_1MiB_chunks,5,24.7954,body_reads,775
writer,writer/split_4conns_1MiB_chunks,5,24.7954,body_wait_ms,8.391
writer,writer/split_4conns_1MiB_chunks,5,24.7954,cache_copied_bytes,12582912
writer,writer/split_4conns_1MiB_chunks,5,24.7954,cache_evicted_bytes,12582912
writer,writer/split_4conns_1MiB_chunks,5,24.7954,checksum_ms,0
writer,writer/split_4conns_1MiB_chunks,5,24.7954,cpu_ms,15.625
writer,writer/split_4conns_1MiB_chunks,5,24.7954,cpu_percent,63.015720657863966
writer,writer/split_4conns_1MiB_chunks,5,24.7954,distinct_ranges,4
writer,writer/split_4conns_1MiB_chunks,5,24.7954,duplicate_bytes,0
writer,writer/split_4conns_1MiB_chunks,5,24.7954,failed,0
writer,writer/split_4conns_1MiB_chunks,5,24.7954,file_bytes,12582912
writer,writer/split_4conns_1MiB_chunks,5,24.7954,fsync_calls,1
writer,writer/split_4conns_1MiB_chunks,5,24.7954,fsync_ms,4.387
writer,writer/split_4conns_1MiB_chunks,5,24.7954,prealloc_ms,0.616
writer,writer/split_4conns_1MiB_chunks,5,24.7954,requests,4
writer,writer/split_4conns_1MiB_chunks,5,24.7954,response_head_ms,4.346
writer,writer/split_4conns_1MiB_chunks,5,24.7954,response_heads,4
writer,writer/split_4conns_1MiB_chunks,5,24.7954,running_reports,0
writer,writer/split_4conns_1MiB_chunks,5,24.7954,served_bytes,12582912
writer,writer/split_4conns_1MiB_chunks,5,24.7954,total,16.737599999999997
writer,writer/split_4conns_1MiB_chunks,5,24.7954,unique_bytes,12582912
writer,writer/split_4conns_1MiB_chunks,5,24.7954,verified,1
writer,writer/split_4conns_1MiB_chunks,5,24.7954,writer_blocks,12
writer,writer/split_4conns_1MiB_chunks,5,24.7954,writer_bytes,12582912
writer,writer/split_4conns_1MiB_chunks,6,41.7385,avg_block_bytes,1048576
writer,writer/split_4conns_1MiB_chunks,6,41.7385,body_reads,777
writer,writer/split_4conns_1MiB_chunks,6,41.7385,body_wait_ms,58.476
writer,writer/split_4conns_1MiB_chunks,6,41.7385,cache_copied_bytes,12582912
writer,writer/split_4conns_1MiB_chunks,6,41.7385,cache_evicted_bytes,12582912
writer,writer/split_4conns_1MiB_chunks,6,41.7385,checksum_ms,0
writer,writer/split_4conns_1MiB_chunks,6,41.7385,cpu_ms,46.875
writer,writer/split_4conns_1MiB_chunks,6,41.7385,cpu_percent,112.30638379433857
writer,writer/split_4conns_1MiB_chunks,6,41.7385,distinct_ranges,4
writer,writer/split_4conns_1MiB_chunks,6,41.7385,duplicate_bytes,0
writer,writer/split_4conns_1MiB_chunks,6,41.7385,failed,0
writer,writer/split_4conns_1MiB_chunks,6,41.7385,file_bytes,12582912
writer,writer/split_4conns_1MiB_chunks,6,41.7385,fsync_calls,1
writer,writer/split_4conns_1MiB_chunks,6,41.7385,fsync_ms,4.052
writer,writer/split_4conns_1MiB_chunks,6,41.7385,prealloc_ms,0.665
writer,writer/split_4conns_1MiB_chunks,6,41.7385,requests,4
writer,writer/split_4conns_1MiB_chunks,6,41.7385,response_head_ms,3.796
writer,writer/split_4conns_1MiB_chunks,6,41.7385,response_heads,4
writer,writer/split_4conns_1MiB_chunks,6,41.7385,running_reports,0
writer,writer/split_4conns_1MiB_chunks,6,41.7385,served_bytes,12582912
writer,writer/split_4conns_1MiB_chunks,6,41.7385,total,33.154500000000006
writer,writer/split_4conns_1MiB_chunks,6,41.7385,unique_bytes,12582912
writer,writer/split_4conns_1MiB_chunks,6,41.7385,verified,1
writer,writer/split_4conns_1MiB_chunks,6,41.7385,writer_blocks,12
writer,writer/split_4conns_1MiB_chunks,6,41.7385,writer_bytes,12582912
writer,writer/split_4conns_1MiB_chunks,7,47.3754,avg_block_bytes,1048576
writer,writer/split_4conns_1MiB_chunks,7,47.3754,body_reads,775
writer,writer/split_4conns_1MiB_chunks,7,47.3754,body_wait_ms,52.397
writer,writer/split_4conns_1MiB_chunks,7,47.3754,cache_copied_bytes,12582912
writer,writer/split_4conns_1MiB_chunks,7,47.3754,cache_evicted_bytes,12582912
writer,writer/split_4conns_1MiB_chunks,7,47.3754,checksum_ms,0
writer,writer/split_4conns_1MiB_chunks,7,47.3754,cpu_ms,15.625
writer,writer/split_4conns_1MiB_chunks,7,47.3754,cpu_percent,32.981251873335104
writer,writer/split_4conns_1MiB_chunks,7,47.3754,distinct_ranges,4
writer,writer/split_4conns_1MiB_chunks,7,47.3754,duplicate_bytes,0
writer,writer/split_4conns_1MiB_chunks,7,47.3754,failed,0
writer,writer/split_4conns_1MiB_chunks,7,47.3754,file_bytes,12582912
writer,writer/split_4conns_1MiB_chunks,7,47.3754,finalize,0.020299999999998875
writer,writer/split_4conns_1MiB_chunks,7,47.3754,fsync_calls,1
writer,writer/split_4conns_1MiB_chunks,7,47.3754,fsync_ms,4.144
writer,writer/split_4conns_1MiB_chunks,7,47.3754,prealloc_ms,0.666
writer,writer/split_4conns_1MiB_chunks,7,47.3754,report_span,0
writer,writer/split_4conns_1MiB_chunks,7,47.3754,requests,4
writer,writer/split_4conns_1MiB_chunks,7,47.3754,response_head_ms,5.313
writer,writer/split_4conns_1MiB_chunks,7,47.3754,response_heads,4
writer,writer/split_4conns_1MiB_chunks,7,47.3754,running_reports,1
writer,writer/split_4conns_1MiB_chunks,7,47.3754,served_bytes,12582912
writer,writer/split_4conns_1MiB_chunks,7,47.3754,to_first_report,38.1531
writer,writer/split_4conns_1MiB_chunks,7,47.3754,total,38.1734
writer,writer/split_4conns_1MiB_chunks,7,47.3754,unique_bytes,12582912
writer,writer/split_4conns_1MiB_chunks,7,47.3754,verified,1
writer,writer/split_4conns_1MiB_chunks,7,47.3754,writer_blocks,12
writer,writer/split_4conns_1MiB_chunks,7,47.3754,writer_bytes,12582912
writer,writer/split_4conns_1MiB_chunks,8,40.5814,avg_block_bytes,1048576
writer,writer/split_4conns_1MiB_chunks,8,40.5814,body_reads,774
writer,writer/split_4conns_1MiB_chunks,8,40.5814,body_wait_ms,24.275
writer,writer/split_4conns_1MiB_chunks,8,40.5814,cache_copied_bytes,12582912
writer,writer/split_4conns_1MiB_chunks,8,40.5814,cache_evicted_bytes,12582912
writer,writer/split_4conns_1MiB_chunks,8,40.5814,checksum_ms,0
writer,writer/split_4conns_1MiB_chunks,8,40.5814,cpu_ms,31.25
writer,writer/split_4conns_1MiB_chunks,8,40.5814,cpu_percent,77.0057218331551
writer,writer/split_4conns_1MiB_chunks,8,40.5814,distinct_ranges,4
writer,writer/split_4conns_1MiB_chunks,8,40.5814,duplicate_bytes,0
writer,writer/split_4conns_1MiB_chunks,8,40.5814,failed,0
writer,writer/split_4conns_1MiB_chunks,8,40.5814,file_bytes,12582912
writer,writer/split_4conns_1MiB_chunks,8,40.5814,finalize,0.012499999999995737
writer,writer/split_4conns_1MiB_chunks,8,40.5814,fsync_calls,1
writer,writer/split_4conns_1MiB_chunks,8,40.5814,fsync_ms,4.206
writer,writer/split_4conns_1MiB_chunks,8,40.5814,prealloc_ms,0.654
writer,writer/split_4conns_1MiB_chunks,8,40.5814,report_span,0
writer,writer/split_4conns_1MiB_chunks,8,40.5814,requests,4
writer,writer/split_4conns_1MiB_chunks,8,40.5814,response_head_ms,3.877
writer,writer/split_4conns_1MiB_chunks,8,40.5814,response_heads,4
writer,writer/split_4conns_1MiB_chunks,8,40.5814,running_reports,1
writer,writer/split_4conns_1MiB_chunks,8,40.5814,served_bytes,12582912
writer,writer/split_4conns_1MiB_chunks,8,40.5814,to_first_report,32.6974
writer,writer/split_4conns_1MiB_chunks,8,40.5814,total,32.7099
writer,writer/split_4conns_1MiB_chunks,8,40.5814,unique_bytes,12582912
writer,writer/split_4conns_1MiB_chunks,8,40.5814,verified,1
writer,writer/split_4conns_1MiB_chunks,8,40.5814,writer_blocks,12
writer,writer/split_4conns_1MiB_chunks,8,40.5814,writer_bytes,12582912
writer,writer/split_4conns_1MiB_chunks,9,36.1178,avg_block_bytes,1048576
writer,writer/split_4conns_1MiB_chunks,9,36.1178,body_reads,776
writer,writer/split_4conns_1MiB_chunks,9,36.1178,body_wait_ms,47.888
writer,writer/split_4conns_1MiB_chunks,9,36.1178,cache_copied_bytes,12582912
writer,writer/split_4conns_1MiB_chunks,9,36.1178,cache_evicted_bytes,12582912
writer,writer/split_4conns_1MiB_chunks,9,36.1178,checksum_ms,0
writer,writer/split_4conns_1MiB_chunks,9,36.1178,cpu_ms,62.5
writer,writer/split_4conns_1MiB_chunks,9,36.1178,cpu_percent,173.04486984257073
writer,writer/split_4conns_1MiB_chunks,9,36.1178,distinct_ranges,4
writer,writer/split_4conns_1MiB_chunks,9,36.1178,duplicate_bytes,0
writer,writer/split_4conns_1MiB_chunks,9,36.1178,failed,0
writer,writer/split_4conns_1MiB_chunks,9,36.1178,file_bytes,12582912
writer,writer/split_4conns_1MiB_chunks,9,36.1178,finalize,0.013099999999997891
writer,writer/split_4conns_1MiB_chunks,9,36.1178,fsync_calls,1
writer,writer/split_4conns_1MiB_chunks,9,36.1178,fsync_ms,4.427
writer,writer/split_4conns_1MiB_chunks,9,36.1178,prealloc_ms,0.63
writer,writer/split_4conns_1MiB_chunks,9,36.1178,report_span,0
writer,writer/split_4conns_1MiB_chunks,9,36.1178,requests,4
writer,writer/split_4conns_1MiB_chunks,9,36.1178,response_head_ms,4.222
writer,writer/split_4conns_1MiB_chunks,9,36.1178,response_heads,4
writer,writer/split_4conns_1MiB_chunks,9,36.1178,running_reports,1
writer,writer/split_4conns_1MiB_chunks,9,36.1178,served_bytes,12582912
writer,writer/split_4conns_1MiB_chunks,9,36.1178,to_first_report,28.087
writer,writer/split_4conns_1MiB_chunks,9,36.1178,total,28.100099999999998
writer,writer/split_4conns_1MiB_chunks,9,36.1178,unique_bytes,12582912
writer,writer/split_4conns_1MiB_chunks,9,36.1178,verified,1
writer,writer/split_4conns_1MiB_chunks,9,36.1178,writer_blocks,12
writer,writer/split_4conns_1MiB_chunks,9,36.1178,writer_bytes,12582912
writer,writer/split_tiny_budget_1MiB,0,68.8617,avg_block_bytes,224694.85714285713
writer,writer/split_tiny_budget_1MiB,0,68.8617,body_reads,773
writer,writer/split_tiny_budget_1MiB,0,68.8617,body_wait_ms,138.742
writer,writer/split_tiny_budget_1MiB,0,68.8617,cache_copied_bytes,12582912
writer,writer/split_tiny_budget_1MiB,0,68.8617,cache_evicted_bytes,12582912
writer,writer/split_tiny_budget_1MiB,0,68.8617,checksum_ms,0
writer,writer/split_tiny_budget_1MiB,0,68.8617,cpu_ms,46.875
writer,writer/split_tiny_budget_1MiB,0,68.8617,cpu_percent,68.07122101255125
writer,writer/split_tiny_budget_1MiB,0,68.8617,distinct_ranges,4
writer,writer/split_tiny_budget_1MiB,0,68.8617,duplicate_bytes,0
writer,writer/split_tiny_budget_1MiB,0,68.8617,failed,0
writer,writer/split_tiny_budget_1MiB,0,68.8617,file_bytes,12582912
writer,writer/split_tiny_budget_1MiB,0,68.8617,finalize,0.02049999999999841
writer,writer/split_tiny_budget_1MiB,0,68.8617,fsync_calls,1
writer,writer/split_tiny_budget_1MiB,0,68.8617,fsync_ms,4.317
writer,writer/split_tiny_budget_1MiB,0,68.8617,prealloc_ms,0.61
writer,writer/split_tiny_budget_1MiB,0,68.8617,report_span,0
writer,writer/split_tiny_budget_1MiB,0,68.8617,requests,4
writer,writer/split_tiny_budget_1MiB,0,68.8617,response_head_ms,3.334
writer,writer/split_tiny_budget_1MiB,0,68.8617,response_heads,4
writer,writer/split_tiny_budget_1MiB,0,68.8617,running_reports,1
writer,writer/split_tiny_budget_1MiB,0,68.8617,served_bytes,12582912
writer,writer/split_tiny_budget_1MiB,0,68.8617,to_first_report,60.7983
writer,writer/split_tiny_budget_1MiB,0,68.8617,total,60.818799999999996
writer,writer/split_tiny_budget_1MiB,0,68.8617,unique_bytes,12582912
writer,writer/split_tiny_budget_1MiB,0,68.8617,verified,1
writer,writer/split_tiny_budget_1MiB,0,68.8617,writer_blocks,56
writer,writer/split_tiny_budget_1MiB,0,68.8617,writer_bytes,12582912
writer,writer/split_tiny_budget_1MiB,1,78.3118,avg_block_bytes,262144
writer,writer/split_tiny_budget_1MiB,1,78.3118,body_reads,774
writer,writer/split_tiny_budget_1MiB,1,78.3118,body_wait_ms,117.871
writer,writer/split_tiny_budget_1MiB,1,78.3118,cache_copied_bytes,12582912
writer,writer/split_tiny_budget_1MiB,1,78.3118,cache_evicted_bytes,12582912
writer,writer/split_tiny_budget_1MiB,1,78.3118,checksum_ms,0
writer,writer/split_tiny_budget_1MiB,1,78.3118,cpu_ms,15.625
writer,writer/split_tiny_budget_1MiB,1,78.3118,cpu_percent,19.9522932687028
writer,writer/split_tiny_budget_1MiB,1,78.3118,distinct_ranges,4
writer,writer/split_tiny_budget_1MiB,1,78.3118,duplicate_bytes,0
writer,writer/split_tiny_budget_1MiB,1,78.3118,failed,0
writer,writer/split_tiny_budget_1MiB,1,78.3118,file_bytes,12582912
writer,writer/split_tiny_budget_1MiB,1,78.3118,finalize,0.005099999999998772
writer,writer/split_tiny_budget_1MiB,1,78.3118,fsync_calls,1
writer,writer/split_tiny_budget_1MiB,1,78.3118,fsync_ms,4.891
writer,writer/split_tiny_budget_1MiB,1,78.3118,prealloc_ms,0.665
writer,writer/split_tiny_budget_1MiB,1,78.3118,report_span,0
writer,writer/split_tiny_budget_1MiB,1,78.3118,requests,4
writer,writer/split_tiny_budget_1MiB,1,78.3118,response_head_ms,3.533
writer,writer/split_tiny_budget_1MiB,1,78.3118,response_heads,4
writer,writer/split_tiny_budget_1MiB,1,78.3118,running_reports,1
writer,writer/split_tiny_budget_1MiB,1,78.3118,served_bytes,12582912
writer,writer/split_tiny_budget_1MiB,1,78.3118,to_first_report,70.7038
writer,writer/split_tiny_budget_1MiB,1,78.3118,total,70.7089
writer,writer/split_tiny_budget_1MiB,1,78.3118,unique_bytes,12582912
writer,writer/split_tiny_budget_1MiB,1,78.3118,verified,1
writer,writer/split_tiny_budget_1MiB,1,78.3118,writer_blocks,48
writer,writer/split_tiny_budget_1MiB,1,78.3118,writer_bytes,12582912
writer,writer/split_tiny_budget_1MiB,2,37.3153,avg_block_bytes,256794.1224489796
writer,writer/split_tiny_budget_1MiB,2,37.3153,body_reads,774
writer,writer/split_tiny_budget_1MiB,2,37.3153,body_wait_ms,36.928
writer,writer/split_tiny_budget_1MiB,2,37.3153,cache_copied_bytes,12582912
writer,writer/split_tiny_budget_1MiB,2,37.3153,cache_evicted_bytes,12582912
writer,writer/split_tiny_budget_1MiB,2,37.3153,checksum_ms,0
writer,writer/split_tiny_budget_1MiB,2,37.3153,cpu_ms,15.625
writer,writer/split_tiny_budget_1MiB,2,37.3153,cpu_percent,41.87290467984982
writer,writer/split_tiny_budget_1MiB,2,37.3153,distinct_ranges,4
writer,writer/split_tiny_budget_1MiB,2,37.3153,duplicate_bytes,0
writer,writer/split_tiny_budget_1MiB,2,37.3153,failed,0
writer,writer/split_tiny_budget_1MiB,2,37.3153,file_bytes,12582912
writer,writer/split_tiny_budget_1MiB,2,37.3153,finalize,0.0069000000000016826
writer,writer/split_tiny_budget_1MiB,2,37.3153,fsync_calls,1
writer,writer/split_tiny_budget_1MiB,2,37.3153,fsync_ms,4.088
writer,writer/split_tiny_budget_1MiB,2,37.3153,prealloc_ms,0.844
writer,writer/split_tiny_budget_1MiB,2,37.3153,report_span,0
writer,writer/split_tiny_budget_1MiB,2,37.3153,requests,4
writer,writer/split_tiny_budget_1MiB,2,37.3153,response_head_ms,3.916
writer,writer/split_tiny_budget_1MiB,2,37.3153,response_heads,4
writer,writer/split_tiny_budget_1MiB,2,37.3153,running_reports,1
writer,writer/split_tiny_budget_1MiB,2,37.3153,served_bytes,12582912
writer,writer/split_tiny_budget_1MiB,2,37.3153,to_first_report,28.506
writer,writer/split_tiny_budget_1MiB,2,37.3153,total,28.512900000000002
writer,writer/split_tiny_budget_1MiB,2,37.3153,unique_bytes,12582912
writer,writer/split_tiny_budget_1MiB,2,37.3153,verified,1
writer,writer/split_tiny_budget_1MiB,2,37.3153,writer_blocks,49
writer,writer/split_tiny_budget_1MiB,2,37.3153,writer_bytes,12582912
writer,writer/split_tiny_budget_1MiB,3,41.9749,avg_block_bytes,262144
writer,writer/split_tiny_budget_1MiB,3,41.9749,body_reads,775
writer,writer/split_tiny_budget_1MiB,3,41.9749,body_wait_ms,29.067
writer,writer/split_tiny_budget_1MiB,3,41.9749,cache_copied_bytes,12582912
writer,writer/split_tiny_budget_1MiB,3,41.9749,cache_evicted_bytes,12582912
writer,writer/split_tiny_budget_1MiB,3,41.9749,checksum_ms,0
writer,writer/split_tiny_budget_1MiB,3,41.9749,cpu_ms,0
writer,writer/split_tiny_budget_1MiB,3,41.9749,cpu_percent,0
writer,writer/split_tiny_budget_1MiB,3,41.9749,distinct_ranges,4
writer,writer/split_tiny_budget_1MiB,3,41.9749,duplicate_bytes,0
writer,writer/split_tiny_budget_1MiB,3,41.9749,failed,0
writer,writer/split_tiny_budget_1MiB,3,41.9749,file_bytes,12582912
writer,writer/split_tiny_budget_1MiB,3,41.9749,finalize,0.016200000000004877
writer,writer/split_tiny_budget_1MiB,3,41.9749,fsync_calls,1
writer,writer/split_tiny_budget_1MiB,3,41.9749,fsync_ms,5.152
writer,writer/split_tiny_budget_1MiB,3,41.9749,prealloc_ms,0.541
writer,writer/split_tiny_budget_1MiB,3,41.9749,report_span,0
writer,writer/split_tiny_budget_1MiB,3,41.9749,requests,4
writer,writer/split_tiny_budget_1MiB,3,41.9749,response_head_ms,4.085
writer,writer/split_tiny_budget_1MiB,3,41.9749,response_heads,4
writer,writer/split_tiny_budget_1MiB,3,41.9749,running_reports,1
writer,writer/split_tiny_budget_1MiB,3,41.9749,served_bytes,12582912
writer,writer/split_tiny_budget_1MiB,3,41.9749,to_first_report,32.1209
writer,writer/split_tiny_budget_1MiB,3,41.9749,total,32.137100000000004
writer,writer/split_tiny_budget_1MiB,3,41.9749,unique_bytes,12582912
writer,writer/split_tiny_budget_1MiB,3,41.9749,verified,1
writer,writer/split_tiny_budget_1MiB,3,41.9749,writer_blocks,48
writer,writer/split_tiny_budget_1MiB,3,41.9749,writer_bytes,12582912
writer,writer/split_tiny_budget_1MiB,4,37.0297,avg_block_bytes,237413.43396226416
writer,writer/split_tiny_budget_1MiB,4,37.0297,body_reads,774
writer,writer/split_tiny_budget_1MiB,4,37.0297,body_wait_ms,32.08
writer,writer/split_tiny_budget_1MiB,4,37.0297,cache_copied_bytes,12582912
writer,writer/split_tiny_budget_1MiB,4,37.0297,cache_evicted_bytes,12582912
writer,writer/split_tiny_budget_1MiB,4,37.0297,checksum_ms,0
writer,writer/split_tiny_budget_1MiB,4,37.0297,cpu_ms,31.25
writer,writer/split_tiny_budget_1MiB,4,37.0297,cpu_percent,84.39171799933567
writer,writer/split_tiny_budget_1MiB,4,37.0297,distinct_ranges,4
writer,writer/split_tiny_budget_1MiB,4,37.0297,duplicate_bytes,0
writer,writer/split_tiny_budget_1MiB,4,37.0297,failed,0
writer,writer/split_tiny_budget_1MiB,4,37.0297,file_bytes,12582912
writer,writer/split_tiny_budget_1MiB,4,37.0297,finalize,0.04010000000000247
writer,writer/split_tiny_budget_1MiB,4,37.0297,fsync_calls,1
writer,writer/split_tiny_budget_1MiB,4,37.0297,fsync_ms,4.489
writer,writer/split_tiny_budget_1MiB,4,37.0297,prealloc_ms,0.648
writer,writer/split_tiny_budget_1MiB,4,37.0297,report_span,0
writer,writer/split_tiny_budget_1MiB,4,37.0297,requests,4
writer,writer/split_tiny_budget_1MiB,4,37.0297,response_head_ms,3.854
writer,writer/split_tiny_budget_1MiB,4,37.0297,response_heads,4
writer,writer/split_tiny_budget_1MiB,4,37.0297,running_reports,1
writer,writer/split_tiny_budget_1MiB,4,37.0297,served_bytes,12582912
writer,writer/split_tiny_budget_1MiB,4,37.0297,to_first_report,27.1515
writer,writer/split_tiny_budget_1MiB,4,37.0297,total,27.1916
writer,writer/split_tiny_budget_1MiB,4,37.0297,unique_bytes,12582912
writer,writer/split_tiny_budget_1MiB,4,37.0297,verified,1
writer,writer/split_tiny_budget_1MiB,4,37.0297,writer_blocks,53
writer,writer/split_tiny_budget_1MiB,4,37.0297,writer_bytes,12582912
writer,writer/split_tiny_budget_1MiB,5,53.2252,avg_block_bytes,246723.76470588235
writer,writer/split_tiny_budget_1MiB,5,53.2252,body_reads,775
writer,writer/split_tiny_budget_1MiB,5,53.2252,body_wait_ms,73.164
writer,writer/split_tiny_budget_1MiB,5,53.2252,cache_copied_bytes,12582912
writer,writer/split_tiny_budget_1MiB,5,53.2252,cache_evicted_bytes,12582912
writer,writer/split_tiny_budget_1MiB,5,53.2252,checksum_ms,0
writer,writer/split_tiny_budget_1MiB,5,53.2252,cpu_ms,31.25
writer,writer/split_tiny_budget_1MiB,5,53.2252,cpu_percent,58.712790182094196
writer,writer/split_tiny_budget_1MiB,5,53.2252,distinct_ranges,4
writer,writer/split_tiny_budget_1MiB,5,53.2252,duplicate_bytes,0
writer,writer/split_tiny_budget_1MiB,5,53.2252,failed,0
writer,writer/split_tiny_budget_1MiB,5,53.2252,file_bytes,12582912
writer,writer/split_tiny_budget_1MiB,5,53.2252,finalize,0.0016999999999995907
writer,writer/split_tiny_budget_1MiB,5,53.2252,fsync_calls,1
writer,writer/split_tiny_budget_1MiB,5,53.2252,fsync_ms,4.454
writer,writer/split_tiny_budget_1MiB,5,53.2252,prealloc_ms,0.652
writer,writer/split_tiny_budget_1MiB,5,53.2252,report_span,0
writer,writer/split_tiny_budget_1MiB,5,53.2252,requests,4
writer,writer/split_tiny_budget_1MiB,5,53.2252,response_head_ms,4.913
writer,writer/split_tiny_budget_1MiB,5,53.2252,response_heads,4
writer,writer/split_tiny_budget_1MiB,5,53.2252,running_reports,1
writer,writer/split_tiny_budget_1MiB,5,53.2252,served_bytes,12582912
writer,writer/split_tiny_budget_1MiB,5,53.2252,to_first_report,44.2324
writer,writer/split_tiny_budget_1MiB,5,53.2252,total,44.2341
writer,writer/split_tiny_budget_1MiB,5,53.2252,unique_bytes,12582912
writer,writer/split_tiny_budget_1MiB,5,53.2252,verified,1
writer,writer/split_tiny_budget_1MiB,5,53.2252,writer_blocks,51
writer,writer/split_tiny_budget_1MiB,5,53.2252,writer_bytes,12582912
writer,writer/split_tiny_budget_1MiB,6,62.6418,avg_block_bytes,213269.69491525425
writer,writer/split_tiny_budget_1MiB,6,62.6418,body_reads,775
writer,writer/split_tiny_budget_1MiB,6,62.6418,body_wait_ms,97.367
writer,writer/split_tiny_budget_1MiB,6,62.6418,cache_copied_bytes,12582912
writer,writer/split_tiny_budget_1MiB,6,62.6418,cache_evicted_bytes,12582912
writer,writer/split_tiny_budget_1MiB,6,62.6418,checksum_ms,0
writer,writer/split_tiny_budget_1MiB,6,62.6418,cpu_ms,0
writer,writer/split_tiny_budget_1MiB,6,62.6418,cpu_percent,0
writer,writer/split_tiny_budget_1MiB,6,62.6418,distinct_ranges,4
writer,writer/split_tiny_budget_1MiB,6,62.6418,duplicate_bytes,0
writer,writer/split_tiny_budget_1MiB,6,62.6418,failed,0
writer,writer/split_tiny_budget_1MiB,6,62.6418,file_bytes,12582912
writer,writer/split_tiny_budget_1MiB,6,62.6418,finalize,0.018100000000004002
writer,writer/split_tiny_budget_1MiB,6,62.6418,fsync_calls,1
writer,writer/split_tiny_budget_1MiB,6,62.6418,fsync_ms,4.37
writer,writer/split_tiny_budget_1MiB,6,62.6418,prealloc_ms,0.728
writer,writer/split_tiny_budget_1MiB,6,62.6418,report_span,0
writer,writer/split_tiny_budget_1MiB,6,62.6418,requests,4
writer,writer/split_tiny_budget_1MiB,6,62.6418,response_head_ms,3.373
writer,writer/split_tiny_budget_1MiB,6,62.6418,response_heads,4
writer,writer/split_tiny_budget_1MiB,6,62.6418,running_reports,1
writer,writer/split_tiny_budget_1MiB,6,62.6418,served_bytes,12582912
writer,writer/split_tiny_budget_1MiB,6,62.6418,to_first_report,54.5755
writer,writer/split_tiny_budget_1MiB,6,62.6418,total,54.5936
writer,writer/split_tiny_budget_1MiB,6,62.6418,unique_bytes,12582912
writer,writer/split_tiny_budget_1MiB,6,62.6418,verified,1
writer,writer/split_tiny_budget_1MiB,6,62.6418,writer_blocks,59
writer,writer/split_tiny_budget_1MiB,6,62.6418,writer_bytes,12582912
writer,writer/split_tiny_budget_1MiB,7,76.5615,avg_block_bytes,279620.26666666666
writer,writer/split_tiny_budget_1MiB,7,76.5615,body_reads,775
writer,writer/split_tiny_budget_1MiB,7,76.5615,body_wait_ms,108.274
writer,writer/split_tiny_budget_1MiB,7,76.5615,cache_copied_bytes,12582912
writer,writer/split_tiny_budget_1MiB,7,76.5615,cache_evicted_bytes,12582912
writer,writer/split_tiny_budget_1MiB,7,76.5615,checksum_ms,0
writer,writer/split_tiny_budget_1MiB,7,76.5615,cpu_ms,0
writer,writer/split_tiny_budget_1MiB,7,76.5615,cpu_percent,0
writer,writer/split_tiny_budget_1MiB,7,76.5615,distinct_ranges,4
writer,writer/split_tiny_budget_1MiB,7,76.5615,duplicate_bytes,0
writer,writer/split_tiny_budget_1MiB,7,76.5615,failed,0
writer,writer/split_tiny_budget_1MiB,7,76.5615,file_bytes,12582912
writer,writer/split_tiny_budget_1MiB,7,76.5615,finalize,0.012399999999985312
writer,writer/split_tiny_budget_1MiB,7,76.5615,fsync_calls,1
writer,writer/split_tiny_budget_1MiB,7,76.5615,fsync_ms,4.557
writer,writer/split_tiny_budget_1MiB,7,76.5615,prealloc_ms,0.625
writer,writer/split_tiny_budget_1MiB,7,76.5615,report_span,0
writer,writer/split_tiny_budget_1MiB,7,76.5615,requests,4
writer,writer/split_tiny_budget_1MiB,7,76.5615,response_head_ms,3.605
writer,writer/split_tiny_budget_1MiB,7,76.5615,response_heads,4
writer,writer/split_tiny_budget_1MiB,7,76.5615,running_reports,1
writer,writer/split_tiny_budget_1MiB,7,76.5615,served_bytes,12582912
writer,writer/split_tiny_budget_1MiB,7,76.5615,to_first_report,68.9616
writer,writer/split_tiny_budget_1MiB,7,76.5615,total,68.97399999999999
writer,writer/split_tiny_budget_1MiB,7,76.5615,unique_bytes,12582912
writer,writer/split_tiny_budget_1MiB,7,76.5615,verified,1
writer,writer/split_tiny_budget_1MiB,7,76.5615,writer_blocks,45
writer,writer/split_tiny_budget_1MiB,7,76.5615,writer_bytes,12582912
writer,writer/split_tiny_budget_1MiB,8,33.2004,avg_block_bytes,331129.2631578947
writer,writer/split_tiny_budget_1MiB,8,33.2004,body_reads,774
writer,writer/split_tiny_budget_1MiB,8,33.2004,body_wait_ms,13.336
writer,writer/split_tiny_budget_1MiB,8,33.2004,cache_copied_bytes,12582912
writer,writer/split_tiny_budget_1MiB,8,33.2004,cache_evicted_bytes,12582912
writer,writer/split_tiny_budget_1MiB,8,33.2004,checksum_ms,0
writer,writer/split_tiny_budget_1MiB,8,33.2004,cpu_ms,46.875
writer,writer/split_tiny_budget_1MiB,8,33.2004,cpu_percent,141.18805797520514
writer,writer/split_tiny_budget_1MiB,8,33.2004,distinct_ranges,4
writer,writer/split_tiny_budget_1MiB,8,33.2004,duplicate_bytes,0
writer,writer/split_tiny_budget_1MiB,8,33.2004,failed,0
writer,writer/split_tiny_budget_1MiB,8,33.2004,file_bytes,12582912
writer,writer/split_tiny_budget_1MiB,8,33.2004,finalize,0.018899999999998585
writer,writer/split_tiny_budget_1MiB,8,33.2004,fsync_calls,1
writer,writer/split_tiny_budget_1MiB,8,33.2004,fsync_ms,4.084
writer,writer/split_tiny_budget_1MiB,8,33.2004,prealloc_ms,0.558
writer,writer/split_tiny_budget_1MiB,8,33.2004,report_span,0
writer,writer/split_tiny_budget_1MiB,8,33.2004,requests,4
writer,writer/split_tiny_budget_1MiB,8,33.2004,response_head_ms,3.745
writer,writer/split_tiny_budget_1MiB,8,33.2004,response_heads,4
writer,writer/split_tiny_budget_1MiB,8,33.2004,running_reports,1
writer,writer/split_tiny_budget_1MiB,8,33.2004,served_bytes,12582912
writer,writer/split_tiny_budget_1MiB,8,33.2004,to_first_report,25.158
writer,writer/split_tiny_budget_1MiB,8,33.2004,total,25.1769
writer,writer/split_tiny_budget_1MiB,8,33.2004,unique_bytes,12582912
writer,writer/split_tiny_budget_1MiB,8,33.2004,verified,1
writer,writer/split_tiny_budget_1MiB,8,33.2004,writer_blocks,38
writer,writer/split_tiny_budget_1MiB,8,33.2004,writer_bytes,12582912
writer,writer/split_tiny_budget_1MiB,9,22.3107,avg_block_bytes,292625.8604651163
writer,writer/split_tiny_budget_1MiB,9,22.3107,body_reads,776
writer,writer/split_tiny_budget_1MiB,9,22.3107,body_wait_ms,3.113
writer,writer/split_tiny_budget_1MiB,9,22.3107,cache_copied_bytes,12582912
writer,writer/split_tiny_budget_1MiB,9,22.3107,cache_evicted_bytes,12582912
writer,writer/split_tiny_budget_1MiB,9,22.3107,checksum_ms,0
writer,writer/split_tiny_budget_1MiB,9,22.3107,cpu_ms,15.625
writer,writer/split_tiny_budget_1MiB,9,22.3107,cpu_percent,70.03366097881286
writer,writer/split_tiny_budget_1MiB,9,22.3107,distinct_ranges,5
writer,writer/split_tiny_budget_1MiB,9,22.3107,duplicate_bytes,0
writer,writer/split_tiny_budget_1MiB,9,22.3107,failed,0
writer,writer/split_tiny_budget_1MiB,9,22.3107,file_bytes,12582912
writer,writer/split_tiny_budget_1MiB,9,22.3107,finalize,0.00590000000000046
writer,writer/split_tiny_budget_1MiB,9,22.3107,fsync_calls,1
writer,writer/split_tiny_budget_1MiB,9,22.3107,fsync_ms,3.906
writer,writer/split_tiny_budget_1MiB,9,22.3107,prealloc_ms,0.561
writer,writer/split_tiny_budget_1MiB,9,22.3107,report_span,0
writer,writer/split_tiny_budget_1MiB,9,22.3107,requests,5
writer,writer/split_tiny_budget_1MiB,9,22.3107,response_head_ms,3.191
writer,writer/split_tiny_budget_1MiB,9,22.3107,response_heads,5
writer,writer/split_tiny_budget_1MiB,9,22.3107,running_reports,1
writer,writer/split_tiny_budget_1MiB,9,22.3107,served_bytes,12582912
writer,writer/split_tiny_budget_1MiB,9,22.3107,to_first_report,12.9165
writer,writer/split_tiny_budget_1MiB,9,22.3107,total,12.9224
writer,writer/split_tiny_budget_1MiB,9,22.3107,unique_bytes,12582912
writer,writer/split_tiny_budget_1MiB,9,22.3107,verified,1
writer,writer/split_tiny_budget_1MiB,9,22.3107,writer_blocks,43
writer,writer/split_tiny_budget_1MiB,9,22.3107,writer_bytes,12582912
writer,writer/split_prealloc_on,0,52.8090,avg_block_bytes,1048576
writer,writer/split_prealloc_on,0,52.8090,body_reads,776
writer,writer/split_prealloc_on,0,52.8090,body_wait_ms,84.933
writer,writer/split_prealloc_on,0,52.8090,cache_copied_bytes,12582912
writer,writer/split_prealloc_on,0,52.8090,cache_evicted_bytes,12582912
writer,writer/split_prealloc_on,0,52.8090,checksum_ms,0
writer,writer/split_prealloc_on,0,52.8090,cpu_ms,31.25
writer,writer/split_prealloc_on,0,52.8090,cpu_percent,59.17551932435759
writer,writer/split_prealloc_on,0,52.8090,distinct_ranges,4
writer,writer/split_prealloc_on,0,52.8090,duplicate_bytes,0
writer,writer/split_prealloc_on,0,52.8090,failed,0
writer,writer/split_prealloc_on,0,52.8090,file_bytes,12582912
writer,writer/split_prealloc_on,0,52.8090,finalize,0.039699999999996294
writer,writer/split_prealloc_on,0,52.8090,fsync_calls,1
writer,writer/split_prealloc_on,0,52.8090,fsync_ms,3.239
writer,writer/split_prealloc_on,0,52.8090,prealloc_ms,8.29
writer,writer/split_prealloc_on,0,52.8090,report_span,0
writer,writer/split_prealloc_on,0,52.8090,requests,4
writer,writer/split_prealloc_on,0,52.8090,response_head_ms,3.476
writer,writer/split_prealloc_on,0,52.8090,response_heads,4
writer,writer/split_prealloc_on,0,52.8090,running_reports,1
writer,writer/split_prealloc_on,0,52.8090,served_bytes,12582912
writer,writer/split_prealloc_on,0,52.8090,to_first_report,44.7701
writer,writer/split_prealloc_on,0,52.8090,total,44.809799999999996
writer,writer/split_prealloc_on,0,52.8090,unique_bytes,12582912
writer,writer/split_prealloc_on,0,52.8090,verified,1
writer,writer/split_prealloc_on,0,52.8090,writer_blocks,12
writer,writer/split_prealloc_on,0,52.8090,writer_bytes,12582912
writer,writer/split_prealloc_on,1,46.5490,avg_block_bytes,1048576
writer,writer/split_prealloc_on,1,46.5490,body_reads,776
writer,writer/split_prealloc_on,1,46.5490,body_wait_ms,23.466
writer,writer/split_prealloc_on,1,46.5490,cache_copied_bytes,12582912
writer,writer/split_prealloc_on,1,46.5490,cache_evicted_bytes,12582912
writer,writer/split_prealloc_on,1,46.5490,checksum_ms,0
writer,writer/split_prealloc_on,1,46.5490,cpu_ms,31.25
writer,writer/split_prealloc_on,1,46.5490,cpu_percent,67.13355818599756
writer,writer/split_prealloc_on,1,46.5490,distinct_ranges,5
writer,writer/split_prealloc_on,1,46.5490,duplicate_bytes,0
writer,writer/split_prealloc_on,1,46.5490,failed,0
writer,writer/split_prealloc_on,1,46.5490,file_bytes,12582912
writer,writer/split_prealloc_on,1,46.5490,finalize,0.006500000000002615
writer,writer/split_prealloc_on,1,46.5490,fsync_calls,1
writer,writer/split_prealloc_on,1,46.5490,fsync_ms,4.719
writer,writer/split_prealloc_on,1,46.5490,prealloc_ms,7.198
writer,writer/split_prealloc_on,1,46.5490,report_span,0
writer,writer/split_prealloc_on,1,46.5490,requests,5
writer,writer/split_prealloc_on,1,46.5490,response_head_ms,4.011
writer,writer/split_prealloc_on,1,46.5490,response_heads,5
writer,writer/split_prealloc_on,1,46.5490,running_reports,1
writer,writer/split_prealloc_on,1,46.5490,served_bytes,12582912
writer,writer/split_prealloc_on,1,46.5490,to_first_report,38.7686
writer,writer/split_prealloc_on,1,46.5490,total,38.7751
writer,writer/split_prealloc_on,1,46.5490,unique_bytes,12582912
writer,writer/split_prealloc_on,1,46.5490,verified,1
writer,writer/split_prealloc_on,1,46.5490,writer_blocks,12
writer,writer/split_prealloc_on,1,46.5490,writer_bytes,12582912
writer,writer/split_prealloc_on,2,48.8035,avg_block_bytes,1048576
writer,writer/split_prealloc_on,2,48.8035,body_reads,772
writer,writer/split_prealloc_on,2,48.8035,body_wait_ms,47.044
writer,writer/split_prealloc_on,2,48.8035,cache_copied_bytes,12582912
writer,writer/split_prealloc_on,2,48.8035,cache_evicted_bytes,12582912
writer,writer/split_prealloc_on,2,48.8035,checksum_ms,0
writer,writer/split_prealloc_on,2,48.8035,cpu_ms,0
writer,writer/split_prealloc_on,2,48.8035,cpu_percent,0
writer,writer/split_prealloc_on,2,48.8035,distinct_ranges,4
writer,writer/split_prealloc_on,2,48.8035,duplicate_bytes,0
writer,writer/split_prealloc_on,2,48.8035,failed,0
writer,writer/split_prealloc_on,2,48.8035,file_bytes,12582912
writer,writer/split_prealloc_on,2,48.8035,finalize,0.029899999999997817
writer,writer/split_prealloc_on,2,48.8035,fsync_calls,1
writer,writer/split_prealloc_on,2,48.8035,fsync_ms,4.358
writer,writer/split_prealloc_on,2,48.8035,prealloc_ms,7.66
writer,writer/split_prealloc_on,2,48.8035,report_span,0
writer,writer/split_prealloc_on,2,48.8035,requests,4
writer,writer/split_prealloc_on,2,48.8035,response_head_ms,4.064
writer,writer/split_prealloc_on,2,48.8035,response_heads,4
writer,writer/split_prealloc_on,2,48.8035,running_reports,1
writer,writer/split_prealloc_on,2,48.8035,served_bytes,12582912
writer,writer/split_prealloc_on,2,48.8035,to_first_report,40.8965
writer,writer/split_prealloc_on,2,48.8035,total,40.9264
writer,writer/split_prealloc_on,2,48.8035,unique_bytes,12582912
writer,writer/split_prealloc_on,2,48.8035,verified,1
writer,writer/split_prealloc_on,2,48.8035,writer_blocks,12
writer,writer/split_prealloc_on,2,48.8035,writer_bytes,12582912
writer,writer/split_prealloc_on,3,90.6848,avg_block_bytes,1048576
writer,writer/split_prealloc_on,3,90.6848,body_reads,778
writer,writer/split_prealloc_on,3,90.6848,body_wait_ms,73.221
writer,writer/split_prealloc_on,3,90.6848,cache_copied_bytes,12582912
writer,writer/split_prealloc_on,3,90.6848,cache_evicted_bytes,12582912
writer,writer/split_prealloc_on,3,90.6848,checksum_ms,0
writer,writer/split_prealloc_on,3,90.6848,cpu_ms,31.25
writer,writer/split_prealloc_on,3,90.6848,cpu_percent,34.46001976075373
writer,writer/split_prealloc_on,3,90.6848,distinct_ranges,4
writer,writer/split_prealloc_on,3,90.6848,duplicate_bytes,0
writer,writer/split_prealloc_on,3,90.6848,failed,0
writer,writer/split_prealloc_on,3,90.6848,file_bytes,12582912
writer,writer/split_prealloc_on,3,90.6848,finalize,0.022199999999998
writer,writer/split_prealloc_on,3,90.6848,fsync_calls,1
writer,writer/split_prealloc_on,3,90.6848,fsync_ms,5.742
writer,writer/split_prealloc_on,3,90.6848,prealloc_ms,7.631
writer,writer/split_prealloc_on,3,90.6848,report_span,0
writer,writer/split_prealloc_on,3,90.6848,requests,4
writer,writer/split_prealloc_on,3,90.6848,response_head_ms,3.829
writer,writer/split_prealloc_on,3,90.6848,response_heads,4
writer,writer/split_prealloc_on,3,90.6848,running_reports,1
writer,writer/split_prealloc_on,3,90.6848,served_bytes,12582912
writer,writer/split_prealloc_on,3,90.6848,to_first_report,82.9633
writer,writer/split_prealloc_on,3,90.6848,total,82.9855
writer,writer/split_prealloc_on,3,90.6848,unique_bytes,12582912
writer,writer/split_prealloc_on,3,90.6848,verified,1
writer,writer/split_prealloc_on,3,90.6848,writer_blocks,12
writer,writer/split_prealloc_on,3,90.6848,writer_bytes,12582912
writer,writer/split_prealloc_on,4,65.9440,avg_block_bytes,1048576
writer,writer/split_prealloc_on,4,65.9440,body_reads,773
writer,writer/split_prealloc_on,4,65.9440,body_wait_ms,94.493
writer,writer/split_prealloc_on,4,65.9440,cache_copied_bytes,12582912
writer,writer/split_prealloc_on,4,65.9440,cache_evicted_bytes,12582912
writer,writer/split_prealloc_on,4,65.9440,checksum_ms,0
writer,writer/split_prealloc_on,4,65.9440,cpu_ms,0
writer,writer/split_prealloc_on,4,65.9440,cpu_percent,0
writer,writer/split_prealloc_on,4,65.9440,distinct_ranges,4
writer,writer/split_prealloc_on,4,65.9440,duplicate_bytes,0
writer,writer/split_prealloc_on,4,65.9440,failed,0
writer,writer/split_prealloc_on,4,65.9440,file_bytes,12582912
writer,writer/split_prealloc_on,4,65.9440,finalize,0.001300000000000523
writer,writer/split_prealloc_on,4,65.9440,fsync_calls,1
writer,writer/split_prealloc_on,4,65.9440,fsync_ms,4.875
writer,writer/split_prealloc_on,4,65.9440,prealloc_ms,8.553
writer,writer/split_prealloc_on,4,65.9440,report_span,0
writer,writer/split_prealloc_on,4,65.9440,requests,4
writer,writer/split_prealloc_on,4,65.9440,response_head_ms,3.895
writer,writer/split_prealloc_on,4,65.9440,response_heads,4
writer,writer/split_prealloc_on,4,65.9440,running_reports,1
writer,writer/split_prealloc_on,4,65.9440,served_bytes,12582912
writer,writer/split_prealloc_on,4,65.9440,to_first_report,56.3793
writer,writer/split_prealloc_on,4,65.9440,total,56.3806
writer,writer/split_prealloc_on,4,65.9440,unique_bytes,12582912
writer,writer/split_prealloc_on,4,65.9440,verified,1
writer,writer/split_prealloc_on,4,65.9440,writer_blocks,12
writer,writer/split_prealloc_on,4,65.9440,writer_bytes,12582912
writer,writer/split_prealloc_on,5,60.8337,avg_block_bytes,1048576
writer,writer/split_prealloc_on,5,60.8337,body_reads,778
writer,writer/split_prealloc_on,5,60.8337,body_wait_ms,88.18
writer,writer/split_prealloc_on,5,60.8337,cache_copied_bytes,12582912
writer,writer/split_prealloc_on,5,60.8337,cache_evicted_bytes,12582912
writer,writer/split_prealloc_on,5,60.8337,checksum_ms,0
writer,writer/split_prealloc_on,5,60.8337,cpu_ms,31.25
writer,writer/split_prealloc_on,5,60.8337,cpu_percent,51.369553388993275
writer,writer/split_prealloc_on,5,60.8337,distinct_ranges,4
writer,writer/split_prealloc_on,5,60.8337,duplicate_bytes,0
writer,writer/split_prealloc_on,5,60.8337,failed,0
writer,writer/split_prealloc_on,5,60.8337,file_bytes,12582912
writer,writer/split_prealloc_on,5,60.8337,finalize,0.032300000000006435
writer,writer/split_prealloc_on,5,60.8337,fsync_calls,1
writer,writer/split_prealloc_on,5,60.8337,fsync_ms,4.351
writer,writer/split_prealloc_on,5,60.8337,prealloc_ms,8.267
writer,writer/split_prealloc_on,5,60.8337,report_span,0
writer,writer/split_prealloc_on,5,60.8337,requests,4
writer,writer/split_prealloc_on,5,60.8337,response_head_ms,3.162
writer,writer/split_prealloc_on,5,60.8337,response_heads,4
writer,writer/split_prealloc_on,5,60.8337,running_reports,1
writer,writer/split_prealloc_on,5,60.8337,served_bytes,12582912
writer,writer/split_prealloc_on,5,60.8337,to_first_report,52.705299999999994
writer,writer/split_prealloc_on,5,60.8337,total,52.7376
writer,writer/split_prealloc_on,5,60.8337,unique_bytes,12582912
writer,writer/split_prealloc_on,5,60.8337,verified,1
writer,writer/split_prealloc_on,5,60.8337,writer_blocks,12
writer,writer/split_prealloc_on,5,60.8337,writer_bytes,12582912
writer,writer/split_prealloc_on,6,48.0553,avg_block_bytes,1048576
writer,writer/split_prealloc_on,6,48.0553,body_reads,775
writer,writer/split_prealloc_on,6,48.0553,body_wait_ms,27.062
writer,writer/split_prealloc_on,6,48.0553,cache_copied_bytes,12582912
writer,writer/split_prealloc_on,6,48.0553,cache_evicted_bytes,12582912
writer,writer/split_prealloc_on,6,48.0553,checksum_ms,0
writer,writer/split_prealloc_on,6,48.0553,cpu_ms,0
writer,writer/split_prealloc_on,6,48.0553,cpu_percent,0
writer,writer/split_prealloc_on,6,48.0553,distinct_ranges,4
writer,writer/split_prealloc_on,6,48.0553,duplicate_bytes,0
writer,writer/split_prealloc_on,6,48.0553,failed,0
writer,writer/split_prealloc_on,6,48.0553,file_bytes,12582912
writer,writer/split_prealloc_on,6,48.0553,finalize,0.00470000000000681
writer,writer/split_prealloc_on,6,48.0553,fsync_calls,1
writer,writer/split_prealloc_on,6,48.0553,fsync_ms,4.921
writer,writer/split_prealloc_on,6,48.0553,prealloc_ms,8.129
writer,writer/split_prealloc_on,6,48.0553,report_span,0
writer,writer/split_prealloc_on,6,48.0553,requests,4
writer,writer/split_prealloc_on,6,48.0553,response_head_ms,4.141
writer,writer/split_prealloc_on,6,48.0553,response_heads,4
writer,writer/split_prealloc_on,6,48.0553,running_reports,1
writer,writer/split_prealloc_on,6,48.0553,served_bytes,12582912
writer,writer/split_prealloc_on,6,48.0553,to_first_report,40.3636
writer,writer/split_prealloc_on,6,48.0553,total,40.368300000000005
writer,writer/split_prealloc_on,6,48.0553,unique_bytes,12582912
writer,writer/split_prealloc_on,6,48.0553,verified,1
writer,writer/split_prealloc_on,6,48.0553,writer_blocks,12
writer,writer/split_prealloc_on,6,48.0553,writer_bytes,12582912
writer,writer/split_prealloc_on,7,47.3100,avg_block_bytes,1048576
writer,writer/split_prealloc_on,7,47.3100,body_reads,774
writer,writer/split_prealloc_on,7,47.3100,body_wait_ms,57.991
writer,writer/split_prealloc_on,7,47.3100,cache_copied_bytes,12582912
writer,writer/split_prealloc_on,7,47.3100,cache_evicted_bytes,12582912
writer,writer/split_prealloc_on,7,47.3100,checksum_ms,0
writer,writer/split_prealloc_on,7,47.3100,cpu_ms,125
writer,writer/split_prealloc_on,7,47.3100,cpu_percent,264.2147537518495
writer,writer/split_prealloc_on,7,47.3100,distinct_ranges,4
writer,writer/split_prealloc_on,7,47.3100,duplicate_bytes,0
writer,writer/split_prealloc_on,7,47.3100,failed,0
writer,writer/split_prealloc_on,7,47.3100,file_bytes,12582912
writer,writer/split_prealloc_on,7,47.3100,fsync_calls,1
writer,writer/split_prealloc_on,7,47.3100,fsync_ms,4.525
writer,writer/split_prealloc_on,7,47.3100,prealloc_ms,8.252
writer,writer/split_prealloc_on,7,47.3100,requests,4
writer,writer/split_prealloc_on,7,47.3100,response_head_ms,3.451
writer,writer/split_prealloc_on,7,47.3100,response_heads,4
writer,writer/split_prealloc_on,7,47.3100,running_reports,0
writer,writer/split_prealloc_on,7,47.3100,served_bytes,12582912
writer,writer/split_prealloc_on,7,47.3100,total,39.2346
writer,writer/split_prealloc_on,7,47.3100,unique_bytes,12582912
writer,writer/split_prealloc_on,7,47.3100,verified,1
writer,writer/split_prealloc_on,7,47.3100,writer_blocks,12
writer,writer/split_prealloc_on,7,47.3100,writer_bytes,12582912
writer,writer/split_prealloc_on,8,63.9024,avg_block_bytes,1048576
writer,writer/split_prealloc_on,8,63.9024,body_reads,775
writer,writer/split_prealloc_on,8,63.9024,body_wait_ms,113.928
writer,writer/split_prealloc_on,8,63.9024,cache_copied_bytes,12582912
writer,writer/split_prealloc_on,8,63.9024,cache_evicted_bytes,12582912
writer,writer/split_prealloc_on,8,63.9024,checksum_ms,0
writer,writer/split_prealloc_on,8,63.9024,cpu_ms,31.25
writer,writer/split_prealloc_on,8,63.9024,cpu_percent,48.90270161997046
writer,writer/split_prealloc_on,8,63.9024,distinct_ranges,4
writer,writer/split_prealloc_on,8,63.9024,duplicate_bytes,0
writer,writer/split_prealloc_on,8,63.9024,failed,0
writer,writer/split_prealloc_on,8,63.9024,file_bytes,12582912
writer,writer/split_prealloc_on,8,63.9024,finalize,0.017600000000001614
writer,writer/split_prealloc_on,8,63.9024,fsync_calls,1
writer,writer/split_prealloc_on,8,63.9024,fsync_ms,5.076
writer,writer/split_prealloc_on,8,63.9024,prealloc_ms,7.032
writer,writer/split_prealloc_on,8,63.9024,report_span,0
writer,writer/split_prealloc_on,8,63.9024,requests,4
writer,writer/split_prealloc_on,8,63.9024,response_head_ms,3.373
writer,writer/split_prealloc_on,8,63.9024,response_heads,4
writer,writer/split_prealloc_on,8,63.9024,running_reports,1
writer,writer/split_prealloc_on,8,63.9024,served_bytes,12582912
writer,writer/split_prealloc_on,8,63.9024,to_first_report,56.103899999999996
writer,writer/split_prealloc_on,8,63.9024,total,56.1215
writer,writer/split_prealloc_on,8,63.9024,unique_bytes,12582912
writer,writer/split_prealloc_on,8,63.9024,verified,1
writer,writer/split_prealloc_on,8,63.9024,writer_blocks,12
writer,writer/split_prealloc_on,8,63.9024,writer_bytes,12582912
writer,writer/split_prealloc_on,9,73.3762,avg_block_bytes,1048576
writer,writer/split_prealloc_on,9,73.3762,body_reads,775
writer,writer/split_prealloc_on,9,73.3762,body_wait_ms,96.954
writer,writer/split_prealloc_on,9,73.3762,cache_copied_bytes,12582912
writer,writer/split_prealloc_on,9,73.3762,cache_evicted_bytes,12582912
writer,writer/split_prealloc_on,9,73.3762,checksum_ms,0
writer,writer/split_prealloc_on,9,73.3762,cpu_ms,93.75
writer,writer/split_prealloc_on,9,73.3762,cpu_percent,127.76622392546902
writer,writer/split_prealloc_on,9,73.3762,distinct_ranges,4
writer,writer/split_prealloc_on,9,73.3762,duplicate_bytes,0
writer,writer/split_prealloc_on,9,73.3762,failed,0
writer,writer/split_prealloc_on,9,73.3762,file_bytes,12582912
writer,writer/split_prealloc_on,9,73.3762,fsync_calls,1
writer,writer/split_prealloc_on,9,73.3762,fsync_ms,4.492
writer,writer/split_prealloc_on,9,73.3762,prealloc_ms,7.815
writer,writer/split_prealloc_on,9,73.3762,requests,4
writer,writer/split_prealloc_on,9,73.3762,response_head_ms,4.468
writer,writer/split_prealloc_on,9,73.3762,response_heads,4
writer,writer/split_prealloc_on,9,73.3762,running_reports,0
writer,writer/split_prealloc_on,9,73.3762,served_bytes,12582912
writer,writer/split_prealloc_on,9,73.3762,total,65.5731
writer,writer/split_prealloc_on,9,73.3762,unique_bytes,12582912
writer,writer/split_prealloc_on,9,73.3762,verified,1
writer,writer/split_prealloc_on,9,73.3762,writer_blocks,12
writer,writer/split_prealloc_on,9,73.3762,writer_bytes,12582912
writer,writer/single_conn_4MiB,0,45.8791,avg_block_bytes,16256.992248062015
writer,writer/single_conn_4MiB,0,45.8791,body_reads,259
writer,writer/single_conn_4MiB,0,45.8791,body_wait_ms,15.204
writer,writer/single_conn_4MiB,0,45.8791,cache_copied_bytes,0
writer,writer/single_conn_4MiB,0,45.8791,cache_evicted_bytes,0
writer,writer/single_conn_4MiB,0,45.8791,checksum_ms,0
writer,writer/single_conn_4MiB,0,45.8791,cpu_ms,15.625
writer,writer/single_conn_4MiB,0,45.8791,cpu_percent,34.056901726494196
writer,writer/single_conn_4MiB,0,45.8791,distinct_ranges,1
writer,writer/single_conn_4MiB,0,45.8791,duplicate_bytes,0
writer,writer/single_conn_4MiB,0,45.8791,failed,0
writer,writer/single_conn_4MiB,0,45.8791,file_bytes,4194304
writer,writer/single_conn_4MiB,0,45.8791,finalize,5.493099999999998
writer,writer/single_conn_4MiB,0,45.8791,fsync_calls,2
writer,writer/single_conn_4MiB,0,45.8791,fsync_ms,2.804
writer,writer/single_conn_4MiB,0,45.8791,prealloc_ms,0.557
writer,writer/single_conn_4MiB,0,45.8791,report_span,20.708
writer,writer/single_conn_4MiB,0,45.8791,requests,1
writer,writer/single_conn_4MiB,0,45.8791,response_head_ms,0.859
writer,writer/single_conn_4MiB,0,45.8791,response_heads,1
writer,writer/single_conn_4MiB,0,45.8791,running_reports,16
writer,writer/single_conn_4MiB,0,45.8791,served_bytes,4194304
writer,writer/single_conn_4MiB,0,45.8791,to_first_report,14.374400000000001
writer,writer/single_conn_4MiB,0,45.8791,total,40.5755
writer,writer/single_conn_4MiB,0,45.8791,unique_bytes,4194304
writer,writer/single_conn_4MiB,0,45.8791,verified,1
writer,writer/single_conn_4MiB,0,45.8791,writer_blocks,258
writer,writer/single_conn_4MiB,0,45.8791,writer_bytes,4194304
writer,writer/single_conn_4MiB,1,43.8432,avg_block_bytes,16384
writer,writer/single_conn_4MiB,1,43.8432,body_reads,257
writer,writer/single_conn_4MiB,1,43.8432,body_wait_ms,14.697
writer,writer/single_conn_4MiB,1,43.8432,cache_copied_bytes,0
writer,writer/single_conn_4MiB,1,43.8432,cache_evicted_bytes,0
writer,writer/single_conn_4MiB,1,43.8432,checksum_ms,0
writer,writer/single_conn_4MiB,1,43.8432,cpu_ms,93.75
writer,writer/single_conn_4MiB,1,43.8432,cpu_percent,213.8301948762864
writer,writer/single_conn_4MiB,1,43.8432,distinct_ranges,1
writer,writer/single_conn_4MiB,1,43.8432,duplicate_bytes,0
writer,writer/single_conn_4MiB,1,43.8432,failed,0
writer,writer/single_conn_4MiB,1,43.8432,file_bytes,4194304
writer,writer/single_conn_4MiB,1,43.8432,finalize,5.7187000000000054
writer,writer/single_conn_4MiB,1,43.8432,fsync_calls,2
writer,writer/single_conn_4MiB,1,43.8432,fsync_ms,2.883
writer,writer/single_conn_4MiB,1,43.8432,prealloc_ms,0.603
writer,writer/single_conn_4MiB,1,43.8432,report_span,19.005399999999998
writer,writer/single_conn_4MiB,1,43.8432,requests,1
writer,writer/single_conn_4MiB,1,43.8432,response_head_ms,0.913
writer,writer/single_conn_4MiB,1,43.8432,response_heads,1
writer,writer/single_conn_4MiB,1,43.8432,running_reports,17
writer,writer/single_conn_4MiB,1,43.8432,served_bytes,4194304
writer,writer/single_conn_4MiB,1,43.8432,to_first_report,13.943000000000001
writer,writer/single_conn_4MiB,1,43.8432,total,38.667100000000005
writer,writer/single_conn_4MiB,1,43.8432,unique_bytes,4194304
writer,writer/single_conn_4MiB,1,43.8432,verified,1
writer,writer/single_conn_4MiB,1,43.8432,writer_blocks,256
writer,writer/single_conn_4MiB,1,43.8432,writer_bytes,4194304
writer,writer/single_conn_4MiB,2,38.3081,avg_block_bytes,16384
writer,writer/single_conn_4MiB,2,38.3081,body_reads,257
writer,writer/single_conn_4MiB,2,38.3081,body_wait_ms,0.909
writer,writer/single_conn_4MiB,2,38.3081,cache_copied_bytes,0
writer,writer/single_conn_4MiB,2,38.3081,cache_evicted_bytes,0
writer,writer/single_conn_4MiB,2,38.3081,checksum_ms,0
writer,writer/single_conn_4MiB,2,38.3081,cpu_ms,62.5
writer,writer/single_conn_4MiB,2,38.3081,cpu_percent,163.15087409712308
writer,writer/single_conn_4MiB,2,38.3081,distinct_ranges,1
writer,writer/single_conn_4MiB,2,38.3081,duplicate_bytes,0
writer,writer/single_conn_4MiB,2,38.3081,failed,0
writer,writer/single_conn_4MiB,2,38.3081,file_bytes,4194304
writer,writer/single_conn_4MiB,2,38.3081,finalize,5.0442
writer,writer/single_conn_4MiB,2,38.3081,fsync_calls,2
writer,writer/single_conn_4MiB,2,38.3081,fsync_ms,2.802
writer,writer/single_conn_4MiB,2,38.3081,prealloc_ms,0.661
writer,writer/single_conn_4MiB,2,38.3081,report_span,11.767600000000002
writer,writer/single_conn_4MiB,2,38.3081,requests,1
writer,writer/single_conn_4MiB,2,38.3081,response_head_ms,0.547
writer,writer/single_conn_4MiB,2,38.3081,response_heads,1
writer,writer/single_conn_4MiB,2,38.3081,running_reports,17
writer,writer/single_conn_4MiB,2,38.3081,served_bytes,4194304
writer,writer/single_conn_4MiB,2,38.3081,to_first_report,16.2925
writer,writer/single_conn_4MiB,2,38.3081,total,33.1043
writer,writer/single_conn_4MiB,2,38.3081,unique_bytes,4194304
writer,writer/single_conn_4MiB,2,38.3081,verified,1
writer,writer/single_conn_4MiB,2,38.3081,writer_blocks,256
writer,writer/single_conn_4MiB,2,38.3081,writer_bytes,4194304
writer,writer/single_conn_4MiB,3,30.3320,avg_block_bytes,16384
writer,writer/single_conn_4MiB,3,30.3320,body_reads,257
writer,writer/single_conn_4MiB,3,30.3320,body_wait_ms,0.456
writer,writer/single_conn_4MiB,3,30.3320,cache_copied_bytes,0
writer,writer/single_conn_4MiB,3,30.3320,cache_evicted_bytes,0
writer,writer/single_conn_4MiB,3,30.3320,checksum_ms,0
writer,writer/single_conn_4MiB,3,30.3320,cpu_ms,62.5
writer,writer/single_conn_4MiB,3,30.3320,cpu_percent,206.05301331926677
writer,writer/single_conn_4MiB,3,30.3320,distinct_ranges,1
writer,writer/single_conn_4MiB,3,30.3320,duplicate_bytes,0
writer,writer/single_conn_4MiB,3,30.3320,failed,0
writer,writer/single_conn_4MiB,3,30.3320,file_bytes,4194304
writer,writer/single_conn_4MiB,3,30.3320,finalize,6.3245000000000005
writer,writer/single_conn_4MiB,3,30.3320,fsync_calls,2
writer,writer/single_conn_4MiB,3,30.3320,fsync_ms,3.181
writer,writer/single_conn_4MiB,3,30.3320,prealloc_ms,0.662
writer,writer/single_conn_4MiB,3,30.3320,report_span,9.7053
writer,writer/single_conn_4MiB,3,30.3320,requests,1
writer,writer/single_conn_4MiB,3,30.3320,response_head_ms,0.653
writer,writer/single_conn_4MiB,3,30.3320,response_heads,1
writer,writer/single_conn_4MiB,3,30.3320,running_reports,16
writer,writer/single_conn_4MiB,3,30.3320,served_bytes,4194304
writer,writer/single_conn_4MiB,3,30.3320,to_first_report,8.1869
writer,writer/single_conn_4MiB,3,30.3320,total,24.2167
writer,writer/single_conn_4MiB,3,30.3320,unique_bytes,4194304
writer,writer/single_conn_4MiB,3,30.3320,verified,1
writer,writer/single_conn_4MiB,3,30.3320,writer_blocks,256
writer,writer/single_conn_4MiB,3,30.3320,writer_bytes,4194304
writer,writer/single_conn_4MiB,4,40.8686,avg_block_bytes,16320.249027237354
writer,writer/single_conn_4MiB,4,40.8686,body_reads,258
writer,writer/single_conn_4MiB,4,40.8686,body_wait_ms,14.042
writer,writer/single_conn_4MiB,4,40.8686,cache_copied_bytes,0
writer,writer/single_conn_4MiB,4,40.8686,cache_evicted_bytes,0
writer,writer/single_conn_4MiB,4,40.8686,checksum_ms,0
writer,writer/single_conn_4MiB,4,40.8686,cpu_ms,78.125
writer,writer/single_conn_4MiB,4,40.8686,cpu_percent,191.16142955716614
writer,writer/single_conn_4MiB,4,40.8686,distinct_ranges,1
writer,writer/single_conn_4MiB,4,40.8686,duplicate_bytes,0
writer,writer/single_conn_4MiB,4,40.8686,failed,0
writer,writer/single_conn_4MiB,4,40.8686,file_bytes,4194304
writer,writer/single_conn_4MiB,4,40.8686,finalize,6.470100000000006
writer,writer/single_conn_4MiB,4,40.8686,fsync_calls,2
writer,writer/single_conn_4MiB,4,40.8686,fsync_ms,3.26
writer,writer/single_conn_4MiB,4,40.8686,prealloc_ms,0.788
writer,writer/single_conn_4MiB,4,40.8686,report_span,20.284299999999998
writer,writer/single_conn_4MiB,4,40.8686,requests,1
writer,writer/single_conn_4MiB,4,40.8686,response_head_ms,0.693
writer,writer/single_conn_4MiB,4,40.8686,response_heads,1
writer,writer/single_conn_4MiB,4,40.8686,running_reports,14
writer,writer/single_conn_4MiB,4,40.8686,served_bytes,4194304
writer,writer/single_conn_4MiB,4,40.8686,to_first_report,8.448
writer,writer/single_conn_4MiB,4,40.8686,total,35.202400000000004
writer,writer/single_conn_4MiB,4,40.8686,unique_bytes,4194304
writer,writer/single_conn_4MiB,4,40.8686,verified,1
writer,writer/single_conn_4MiB,4,40.8686,writer_blocks,257
writer,writer/single_conn_4MiB,4,40.8686,writer_bytes,4194304
writer,writer/single_conn_4MiB,5,45.5087,avg_block_bytes,16256.992248062015
writer,writer/single_conn_4MiB,5,45.5087,body_reads,259
writer,writer/single_conn_4MiB,5,45.5087,body_wait_ms,14.922
writer,writer/single_conn_4MiB,5,45.5087,cache_copied_bytes,0
writer,writer/single_conn_4MiB,5,45.5087,cache_evicted_bytes,0
writer,writer/single_conn_4MiB,5,45.5087,checksum_ms,0
writer,writer/single_conn_4MiB,5,45.5087,cpu_ms,93.75
writer,writer/single_conn_4MiB,5,45.5087,cpu_percent,206.00456615987713
writer,writer/single_conn_4MiB,5,45.5087,distinct_ranges,1
writer,writer/single_conn_4MiB,5,45.5087,duplicate_bytes,0
writer,writer/single_conn_4MiB,5,45.5087,failed,0
writer,writer/single_conn_4MiB,5,45.5087,file_bytes,4194304
writer,writer/single_conn_4MiB,5,45.5087,finalize,5.324300000000001
writer,writer/single_conn_4MiB,5,45.5087,fsync_calls,2
writer,writer/single_conn_4MiB,5,45.5087,fsync_ms,2.971
writer,writer/single_conn_4MiB,5,45.5087,prealloc_ms,0.55
writer,writer/single_conn_4MiB,5,45.5087,report_span,20.361799999999995
writer,writer/single_conn_4MiB,5,45.5087,requests,1
writer,writer/single_conn_4MiB,5,45.5087,response_head_ms,0.622
writer,writer/single_conn_4MiB,5,45.5087,response_heads,1
writer,writer/single_conn_4MiB,5,45.5087,running_reports,16
writer,writer/single_conn_4MiB,5,45.5087,served_bytes,4194304
writer,writer/single_conn_4MiB,5,45.5087,to_first_report,14.695500000000001
writer,writer/single_conn_4MiB,5,45.5087,total,40.3816
writer,writer/single_conn_4MiB,5,45.5087,unique_bytes,4194304
writer,writer/single_conn_4MiB,5,45.5087,verified,1
writer,writer/single_conn_4MiB,5,45.5087,writer_blocks,258
writer,writer/single_conn_4MiB,5,45.5087,writer_bytes,4194304
writer,writer/single_conn_4MiB,6,34.6278,avg_block_bytes,16384
writer,writer/single_conn_4MiB,6,34.6278,body_reads,257
writer,writer/single_conn_4MiB,6,34.6278,body_wait_ms,0.448
writer,writer/single_conn_4MiB,6,34.6278,cache_copied_bytes,0
writer,writer/single_conn_4MiB,6,34.6278,cache_evicted_bytes,0
writer,writer/single_conn_4MiB,6,34.6278,checksum_ms,0
writer,writer/single_conn_4MiB,6,34.6278,cpu_ms,46.875
writer,writer/single_conn_4MiB,6,34.6278,cpu_percent,135.36811463621714
writer,writer/single_conn_4MiB,6,34.6278,distinct_ranges,1
writer,writer/single_conn_4MiB,6,34.6278,duplicate_bytes,0
writer,writer/single_conn_4MiB,6,34.6278,failed,0
writer,writer/single_conn_4MiB,6,34.6278,file_bytes,4194304
writer,writer/single_conn_4MiB,6,34.6278,finalize,5.733499999999999
writer,writer/single_conn_4MiB,6,34.6278,fsync_calls,2
writer,writer/single_conn_4MiB,6,34.6278,fsync_ms,2.75
writer,writer/single_conn_4MiB,6,34.6278,prealloc_ms,0.571
writer,writer/single_conn_4MiB,6,34.6278,report_span,8.238999999999997
writer,writer/single_conn_4MiB,6,34.6278,requests,1
writer,writer/single_conn_4MiB,6,34.6278,response_head_ms,0.846
writer,writer/single_conn_4MiB,6,34.6278,response_heads,1
writer,writer/single_conn_4MiB,6,34.6278,running_reports,17
writer,writer/single_conn_4MiB,6,34.6278,served_bytes,4194304
writer,writer/single_conn_4MiB,6,34.6278,to_first_report,15.5485
writer,writer/single_conn_4MiB,6,34.6278,total,29.520999999999997
writer,writer/single_conn_4MiB,6,34.6278,unique_bytes,4194304
writer,writer/single_conn_4MiB,6,34.6278,verified,1
writer,writer/single_conn_4MiB,6,34.6278,writer_blocks,256
writer,writer/single_conn_4MiB,6,34.6278,writer_bytes,4194304
writer,writer/single_conn_4MiB,7,30.2238,avg_block_bytes,16384
writer,writer/single_conn_4MiB,7,30.2238,body_reads,257
writer,writer/single_conn_4MiB,7,30.2238,body_wait_ms,0.936
writer,writer/single_conn_4MiB,7,30.2238,cache_copied_bytes,0
writer,writer/single_conn_4MiB,7,30.2238,cache_evicted_bytes,0
writer,writer/single_conn_4MiB,7,30.2238,checksum_ms,0
writer,writer/single_conn_4MiB,7,30.2238,cpu_ms,46.875
writer,writer/single_conn_4MiB,7,30.2238,cpu_percent,155.0930061739424
writer,writer/single_conn_4MiB,7,30.2238,distinct_ranges,1
writer,writer/single_conn_4MiB,7,30.2238,duplicate_bytes,0
writer,writer/single_conn_4MiB,7,30.2238,failed,0
writer,writer/single_conn_4MiB,7,30.2238,file_bytes,4194304
writer,writer/single_conn_4MiB,7,30.2238,finalize,5.9833
writer,writer/single_conn_4MiB,7,30.2238,fsync_calls,2
writer,writer/single_conn_4MiB,7,30.2238,fsync_ms,3.23
writer,writer/single_conn_4MiB,7,30.2238,prealloc_ms,0.539
writer,writer/single_conn_4MiB,7,30.2238,report_span,7.4932
writer,writer/single_conn_4MiB,7,30.2238,requests,1
writer,writer/single_conn_4MiB,7,30.2238,response_head_ms,0.576
writer,writer/single_conn_4MiB,7,30.2238,response_heads,1
writer,writer/single_conn_4MiB,7,30.2238,running_reports,17
writer,writer/single_conn_4MiB,7,30.2238,served_bytes,4194304
writer,writer/single_conn_4MiB,7,30.2238,to_first_report,11.097600000000002
writer,writer/single_conn_4MiB,7,30.2238,total,24.5741
writer,writer/single_conn_4MiB,7,30.2238,unique_bytes,4194304
writer,writer/single_conn_4MiB,7,30.2238,verified,1
writer,writer/single_conn_4MiB,7,30.2238,writer_blocks,256
writer,writer/single_conn_4MiB,7,30.2238,writer_bytes,4194304
writer,writer/single_conn_4MiB,8,20.1575,avg_block_bytes,16384
writer,writer/single_conn_4MiB,8,20.1575,body_reads,257
writer,writer/single_conn_4MiB,8,20.1575,body_wait_ms,0.672
writer,writer/single_conn_4MiB,8,20.1575,cache_copied_bytes,0
writer,writer/single_conn_4MiB,8,20.1575,cache_evicted_bytes,0
writer,writer/single_conn_4MiB,8,20.1575,checksum_ms,0
writer,writer/single_conn_4MiB,8,20.1575,cpu_ms,62.5
writer,writer/single_conn_4MiB,8,20.1575,cpu_percent,310.05829095870024
writer,writer/single_conn_4MiB,8,20.1575,distinct_ranges,1
writer,writer/single_conn_4MiB,8,20.1575,duplicate_bytes,0
writer,writer/single_conn_4MiB,8,20.1575,failed,0
writer,writer/single_conn_4MiB,8,20.1575,file_bytes,4194304
writer,writer/single_conn_4MiB,8,20.1575,finalize,5.5539000000000005
writer,writer/single_conn_4MiB,8,20.1575,fsync_calls,2
writer,writer/single_conn_4MiB,8,20.1575,fsync_ms,2.961
writer,writer/single_conn_4MiB,8,20.1575,prealloc_ms,0.541
writer,writer/single_conn_4MiB,8,20.1575,report_span,7.891000000000001
writer,writer/single_conn_4MiB,8,20.1575,requests,1
writer,writer/single_conn_4MiB,8,20.1575,response_head_ms,0.57
writer,writer/single_conn_4MiB,8,20.1575,response_heads,1
writer,writer/single_conn_4MiB,8,20.1575,running_reports,17
writer,writer/single_conn_4MiB,8,20.1575,served_bytes,4194304
writer,writer/single_conn_4MiB,8,20.1575,to_first_report,1.5111
writer,writer/single_conn_4MiB,8,20.1575,total,14.956000000000001
writer,writer/single_conn_4MiB,8,20.1575,unique_bytes,4194304
writer,writer/single_conn_4MiB,8,20.1575,verified,1
writer,writer/single_conn_4MiB,8,20.1575,writer_blocks,256
writer,writer/single_conn_4MiB,8,20.1575,writer_bytes,4194304
writer,writer/single_conn_4MiB,9,27.6989,avg_block_bytes,16384
writer,writer/single_conn_4MiB,9,27.6989,body_reads,257
writer,writer/single_conn_4MiB,9,27.6989,body_wait_ms,0.276
writer,writer/single_conn_4MiB,9,27.6989,cache_copied_bytes,0
writer,writer/single_conn_4MiB,9,27.6989,cache_evicted_bytes,0
writer,writer/single_conn_4MiB,9,27.6989,checksum_ms,0
writer,writer/single_conn_4MiB,9,27.6989,cpu_ms,31.25
writer,writer/single_conn_4MiB,9,27.6989,cpu_percent,112.82036470762378
writer,writer/single_conn_4MiB,9,27.6989,distinct_ranges,1
writer,writer/single_conn_4MiB,9,27.6989,duplicate_bytes,0
writer,writer/single_conn_4MiB,9,27.6989,failed,0
writer,writer/single_conn_4MiB,9,27.6989,file_bytes,4194304
writer,writer/single_conn_4MiB,9,27.6989,finalize,6.5623000000000005
writer,writer/single_conn_4MiB,9,27.6989,fsync_calls,2
writer,writer/single_conn_4MiB,9,27.6989,fsync_ms,2.968
writer,writer/single_conn_4MiB,9,27.6989,prealloc_ms,0.584
writer,writer/single_conn_4MiB,9,27.6989,report_span,8.4362
writer,writer/single_conn_4MiB,9,27.6989,requests,1
writer,writer/single_conn_4MiB,9,27.6989,response_head_ms,0.562
writer,writer/single_conn_4MiB,9,27.6989,response_heads,1
writer,writer/single_conn_4MiB,9,27.6989,running_reports,17
writer,writer/single_conn_4MiB,9,27.6989,served_bytes,4194304
writer,writer/single_conn_4MiB,9,27.6989,to_first_report,7.5392
writer,writer/single_conn_4MiB,9,27.6989,total,22.5377
writer,writer/single_conn_4MiB,9,27.6989,unique_bytes,4194304
writer,writer/single_conn_4MiB,9,27.6989,verified,1
writer,writer/single_conn_4MiB,9,27.6989,writer_blocks,256
writer,writer/single_conn_4MiB,9,27.6989,writer_bytes,4194304
client,client/distinct_connect_timeouts/2,0,9.5294,cache_entries,3
client,client/distinct_connect_timeouts/2,0,9.5294,cpu_ms,15.625
client,client/distinct_connect_timeouts/2,0,9.5294,cpu_percent,163.9662518101874
client,client/distinct_connect_timeouts/2,0,9.5294,driver_threads,3
client,client/distinct_connect_timeouts/2,0,9.5294,driver_threads_after_drop,1
client,client/distinct_connect_timeouts/2,0,9.5294,residual_released,1
client,client/distinct_connect_timeouts/2,0,9.5294,total,9.4903
client,client/distinct_connect_timeouts/2,1,20.4004,cache_entries,3
client,client/distinct_connect_timeouts/2,1,20.4004,cpu_ms,0
client,client/distinct_connect_timeouts/2,1,20.4004,cpu_percent,0
client,client/distinct_connect_timeouts/2,1,20.4004,driver_threads,3
client,client/distinct_connect_timeouts/2,1,20.4004,driver_threads_after_drop,0
client,client/distinct_connect_timeouts/2,1,20.4004,residual_released,1
client,client/distinct_connect_timeouts/2,1,20.4004,total,8.6336
client,client/distinct_connect_timeouts/2,2,31.5298,cache_entries,3
client,client/distinct_connect_timeouts/2,2,31.5298,cpu_ms,0
client,client/distinct_connect_timeouts/2,2,31.5298,cpu_percent,0
client,client/distinct_connect_timeouts/2,2,31.5298,driver_threads,3
client,client/distinct_connect_timeouts/2,2,31.5298,driver_threads_after_drop,0
client,client/distinct_connect_timeouts/2,2,31.5298,residual_released,1
client,client/distinct_connect_timeouts/2,2,31.5298,total,10.1834
client,client/distinct_connect_timeouts/2,3,31.5764,cache_entries,3
client,client/distinct_connect_timeouts/2,3,31.5764,cpu_ms,0
client,client/distinct_connect_timeouts/2,3,31.5764,cpu_percent,0
client,client/distinct_connect_timeouts/2,3,31.5764,driver_threads,3
client,client/distinct_connect_timeouts/2,3,31.5764,driver_threads_after_drop,0
client,client/distinct_connect_timeouts/2,3,31.5764,residual_released,1
client,client/distinct_connect_timeouts/2,3,31.5764,total,10.255099999999999
client,client/distinct_connect_timeouts/2,4,30.9656,cache_entries,3
client,client/distinct_connect_timeouts/2,4,30.9656,cpu_ms,15.625
client,client/distinct_connect_timeouts/2,4,30.9656,cpu_percent,50.45921926266567
client,client/distinct_connect_timeouts/2,4,30.9656,driver_threads,3
client,client/distinct_connect_timeouts/2,4,30.9656,driver_threads_after_drop,0
client,client/distinct_connect_timeouts/2,4,30.9656,residual_released,1
client,client/distinct_connect_timeouts/2,4,30.9656,total,10.101799999999999
client,client/distinct_connect_timeouts/2,5,30.5097,cache_entries,3
client,client/distinct_connect_timeouts/2,5,30.5097,cpu_ms,15.625
client,client/distinct_connect_timeouts/2,5,30.5097,cpu_percent,51.213220713412454
client,client/distinct_connect_timeouts/2,5,30.5097,driver_threads,3
client,client/distinct_connect_timeouts/2,5,30.5097,driver_threads_after_drop,0
client,client/distinct_connect_timeouts/2,5,30.5097,residual_released,1
client,client/distinct_connect_timeouts/2,5,30.5097,total,10.495000000000001
client,client/distinct_connect_timeouts/2,6,30.6355,cache_entries,3
client,client/distinct_connect_timeouts/2,6,30.6355,cpu_ms,0
client,client/distinct_connect_timeouts/2,6,30.6355,cpu_percent,0
client,client/distinct_connect_timeouts/2,6,30.6355,driver_threads,3
client,client/distinct_connect_timeouts/2,6,30.6355,driver_threads_after_drop,0
client,client/distinct_connect_timeouts/2,6,30.6355,residual_released,1
client,client/distinct_connect_timeouts/2,6,30.6355,total,10.324
client,client/distinct_connect_timeouts/2,7,16.2174,cache_entries,3
client,client/distinct_connect_timeouts/2,7,16.2174,cpu_ms,0
client,client/distinct_connect_timeouts/2,7,16.2174,cpu_percent,0
client,client/distinct_connect_timeouts/2,7,16.2174,driver_threads,3
client,client/distinct_connect_timeouts/2,7,16.2174,driver_threads_after_drop,0
client,client/distinct_connect_timeouts/2,7,16.2174,residual_released,1
client,client/distinct_connect_timeouts/2,7,16.2174,total,10.0157
client,client/distinct_connect_timeouts/2,8,31.4654,cache_entries,3
client,client/distinct_connect_timeouts/2,8,31.4654,cpu_ms,0
client,client/distinct_connect_timeouts/2,8,31.4654,cpu_percent,0
client,client/distinct_connect_timeouts/2,8,31.4654,driver_threads,3
client,client/distinct_connect_timeouts/2,8,31.4654,driver_threads_after_drop,0
client,client/distinct_connect_timeouts/2,8,31.4654,residual_released,1
client,client/distinct_connect_timeouts/2,8,31.4654,total,11.222299999999999
client,client/distinct_connect_timeouts/2,9,31.1709,cache_entries,3
client,client/distinct_connect_timeouts/2,9,31.1709,cpu_ms,15.625
client,client/distinct_connect_timeouts/2,9,31.1709,cpu_percent,50.12688116159623
client,client/distinct_connect_timeouts/2,9,31.1709,driver_threads,3
client,client/distinct_connect_timeouts/2,9,31.1709,driver_threads_after_drop,0
client,client/distinct_connect_timeouts/2,9,31.1709,residual_released,1
client,client/distinct_connect_timeouts/2,9,31.1709,total,10.4499
client,client/distinct_connect_timeouts/8,0,29.8191,cache_entries,9
client,client/distinct_connect_timeouts/8,0,29.8191,cpu_ms,31.25
client,client/distinct_connect_timeouts/8,0,29.8191,cpu_percent,104.79860223816279
client,client/distinct_connect_timeouts/8,0,29.8191,driver_threads,9
client,client/distinct_connect_timeouts/8,0,29.8191,driver_threads_after_drop,0
client,client/distinct_connect_timeouts/8,0,29.8191,residual_released,1
client,client/distinct_connect_timeouts/8,0,29.8191,total,29.3961
client,client/distinct_connect_timeouts/8,1,47.5679,cache_entries,9
client,client/distinct_connect_timeouts/8,1,47.5679,cpu_ms,15.625
client,client/distinct_connect_timeouts/8,1,47.5679,cpu_percent,32.84778180243399
client,client/distinct_connect_timeouts/8,1,47.5679,driver_threads,9
client,client/distinct_connect_timeouts/8,1,47.5679,driver_threads_after_drop,0
client,client/distinct_connect_timeouts/8,1,47.5679,residual_released,1
client,client/distinct_connect_timeouts/8,1,47.5679,total,27.8857
client,client/distinct_connect_timeouts/8,2,28.6399,cache_entries,9
client,client/distinct_connect_timeouts/8,2,28.6399,cpu_ms,0
client,client/distinct_connect_timeouts/8,2,28.6399,cpu_percent,0
client,client/distinct_connect_timeouts/8,2,28.6399,driver_threads,9
client,client/distinct_connect_timeouts/8,2,28.6399,driver_threads_after_drop,0
client,client/distinct_connect_timeouts/8,2,28.6399,residual_released,1
client,client/distinct_connect_timeouts/8,2,28.6399,total,28.3092
client,client/distinct_connect_timeouts/8,3,35.0019,cache_entries,9
client,client/distinct_connect_timeouts/8,3,35.0019,cpu_ms,0
client,client/distinct_connect_timeouts/8,3,35.0019,cpu_percent,0
client,client/distinct_connect_timeouts/8,3,35.0019,driver_threads,9
client,client/distinct_connect_timeouts/8,3,35.0019,driver_threads_after_drop,0
client,client/distinct_connect_timeouts/8,3,35.0019,residual_released,1
client,client/distinct_connect_timeouts/8,3,35.0019,total,27.335600000000003
client,client/distinct_connect_timeouts/8,4,46.7718,cache_entries,9
client,client/distinct_connect_timeouts/8,4,46.7718,cpu_ms,15.625
client,client/distinct_connect_timeouts/8,4,46.7718,cpu_percent,33.406881924578485
client,client/distinct_connect_timeouts/8,4,46.7718,driver_threads,9
client,client/distinct_connect_timeouts/8,4,46.7718,driver_threads_after_drop,0
client,client/distinct_connect_timeouts/8,4,46.7718,residual_released,1
client,client/distinct_connect_timeouts/8,4,46.7718,total,33.3225
client,client/distinct_connect_timeouts/8,5,28.3259,cache_entries,9
client,client/distinct_connect_timeouts/8,5,28.3259,cpu_ms,0
client,client/distinct_connect_timeouts/8,5,28.3259,cpu_percent,0
client,client/distinct_connect_timeouts/8,5,28.3259,driver_threads,9
client,client/distinct_connect_timeouts/8,5,28.3259,driver_threads_after_drop,0
client,client/distinct_connect_timeouts/8,5,28.3259,residual_released,1
client,client/distinct_connect_timeouts/8,5,28.3259,total,28.115399999999998
client,client/distinct_connect_timeouts/8,6,33.3631,cache_entries,9
client,client/distinct_connect_timeouts/8,6,33.3631,cpu_ms,0
client,client/distinct_connect_timeouts/8,6,33.3631,cpu_percent,0
client,client/distinct_connect_timeouts/8,6,33.3631,driver_threads,9
client,client/distinct_connect_timeouts/8,6,33.3631,driver_threads_after_drop,0
client,client/distinct_connect_timeouts/8,6,33.3631,residual_released,1
client,client/distinct_connect_timeouts/8,6,33.3631,total,26.3328
client,client/distinct_connect_timeouts/8,7,47.0082,cache_entries,9
client,client/distinct_connect_timeouts/8,7,47.0082,cpu_ms,0
client,client/distinct_connect_timeouts/8,7,47.0082,cpu_percent,0
client,client/distinct_connect_timeouts/8,7,47.0082,driver_threads,9
client,client/distinct_connect_timeouts/8,7,47.0082,driver_threads_after_drop,0
client,client/distinct_connect_timeouts/8,7,47.0082,residual_released,1
client,client/distinct_connect_timeouts/8,7,47.0082,total,27.0103
client,client/distinct_connect_timeouts/8,8,46.3835,cache_entries,9
client,client/distinct_connect_timeouts/8,8,46.3835,cpu_ms,0
client,client/distinct_connect_timeouts/8,8,46.3835,cpu_percent,0
client,client/distinct_connect_timeouts/8,8,46.3835,driver_threads,9
client,client/distinct_connect_timeouts/8,8,46.3835,driver_threads_after_drop,0
client,client/distinct_connect_timeouts/8,8,46.3835,residual_released,1
client,client/distinct_connect_timeouts/8,8,46.3835,total,26.686600000000002
client,client/distinct_connect_timeouts/8,9,47.2932,cache_entries,9
client,client/distinct_connect_timeouts/8,9,47.2932,cpu_ms,15.625
client,client/distinct_connect_timeouts/8,9,47.2932,cpu_percent,33.03857637038729
client,client/distinct_connect_timeouts/8,9,47.2932,driver_threads,9
client,client/distinct_connect_timeouts/8,9,47.2932,driver_threads_after_drop,0
client,client/distinct_connect_timeouts/8,9,47.2932,residual_released,1
client,client/distinct_connect_timeouts/8,9,47.2932,total,26.9693
client,client/distinct_connect_timeouts/32,0,101.1216,cache_entries,33
client,client/distinct_connect_timeouts/32,0,101.1216,cpu_ms,15.625
client,client/distinct_connect_timeouts/32,0,101.1216,cpu_percent,15.451693802313255
client,client/distinct_connect_timeouts/32,0,101.1216,driver_threads,33
client,client/distinct_connect_timeouts/32,0,101.1216,driver_threads_after_drop,0
client,client/distinct_connect_timeouts/32,0,101.1216,residual_released,1
client,client/distinct_connect_timeouts/32,0,101.1216,total,100.0357
client,client/distinct_connect_timeouts/32,1,117.4234,cache_entries,33
client,client/distinct_connect_timeouts/32,1,117.4234,cpu_ms,31.25
client,client/distinct_connect_timeouts/32,1,117.4234,cpu_percent,26.613094153294828
client,client/distinct_connect_timeouts/32,1,117.4234,driver_threads,33
client,client/distinct_connect_timeouts/32,1,117.4234,driver_threads_after_drop,0
client,client/distinct_connect_timeouts/32,1,117.4234,residual_released,1
client,client/distinct_connect_timeouts/32,1,117.4234,total,100.9815
client,client/distinct_connect_timeouts/32,2,111.4920,cache_entries,33
client,client/distinct_connect_timeouts/32,2,111.4920,cpu_ms,15.625
client,client/distinct_connect_timeouts/32,2,111.4920,cpu_percent,14.01445843647975
client,client/distinct_connect_timeouts/32,2,111.4920,driver_threads,33
client,client/distinct_connect_timeouts/32,2,111.4920,driver_threads_after_drop,0
client,client/distinct_connect_timeouts/32,2,111.4920,residual_released,1
client,client/distinct_connect_timeouts/32,2,111.4920,total,110.4363
client,client/distinct_connect_timeouts/32,3,102.9997,cache_entries,33
client,client/distinct_connect_timeouts/32,3,102.9997,cpu_ms,15.625
client,client/distinct_connect_timeouts/32,3,102.9997,cpu_percent,15.169947096933292
client,client/distinct_connect_timeouts/32,3,102.9997,driver_threads,33
client,client/distinct_connect_timeouts/32,3,102.9997,driver_threads_after_drop,0
client,client/distinct_connect_timeouts/32,3,102.9997,residual_released,1
client,client/distinct_connect_timeouts/32,3,102.9997,total,101.90209999999999
client,client/distinct_connect_timeouts/32,4,114.3697,cache_entries,33
client,client/distinct_connect_timeouts/32,4,114.3697,cpu_ms,31.25
client,client/distinct_connect_timeouts/32,4,114.3697,cpu_percent,27.323670517628354
client,client/distinct_connect_timeouts/32,4,114.3697,driver_threads,33
client,client/distinct_connect_timeouts/32,4,114.3697,driver_threads_after_drop,0
client,client/distinct_connect_timeouts/32,4,114.3697,residual_released,1
client,client/distinct_connect_timeouts/32,4,114.3697,total,96.64689999999999
client,client/distinct_connect_timeouts/32,5,109.4540,cache_entries,33
client,client/distinct_connect_timeouts/32,5,109.4540,cpu_ms,46.875
client,client/distinct_connect_timeouts/32,5,109.4540,cpu_percent,42.82621009739251
client,client/distinct_connect_timeouts/32,5,109.4540,driver_threads,33
client,client/distinct_connect_timeouts/32,5,109.4540,driver_threads_after_drop,0
client,client/distinct_connect_timeouts/32,5,109.4540,residual_released,1
client,client/distinct_connect_timeouts/32,5,109.4540,total,94.1202
client,client/distinct_connect_timeouts/32,6,97.0294,cache_entries,33
client,client/distinct_connect_timeouts/32,6,97.0294,cpu_ms,62.5
client,client/distinct_connect_timeouts/32,6,97.0294,cpu_percent,64.41346643388499
client,client/distinct_connect_timeouts/32,6,97.0294,driver_threads,33
client,client/distinct_connect_timeouts/32,6,97.0294,driver_threads_after_drop,0
client,client/distinct_connect_timeouts/32,6,97.0294,residual_released,1
client,client/distinct_connect_timeouts/32,6,97.0294,total,95.868
client,client/distinct_connect_timeouts/32,7,105.3395,cache_entries,33
client,client/distinct_connect_timeouts/32,7,105.3395,cpu_ms,15.625
client,client/distinct_connect_timeouts/32,7,105.3395,cpu_percent,14.832992372282002
client,client/distinct_connect_timeouts/32,7,105.3395,driver_threads,33
client,client/distinct_connect_timeouts/32,7,105.3395,driver_threads_after_drop,0
client,client/distinct_connect_timeouts/32,7,105.3395,residual_released,1
client,client/distinct_connect_timeouts/32,7,105.3395,total,104.01989999999999
client,client/distinct_connect_timeouts/32,8,120.5632,cache_entries,33
client,client/distinct_connect_timeouts/32,8,120.5632,cpu_ms,31.25
client,client/distinct_connect_timeouts/32,8,120.5632,cpu_percent,25.920015394415543
client,client/distinct_connect_timeouts/32,8,120.5632,driver_threads,33
client,client/distinct_connect_timeouts/32,8,120.5632,driver_threads_after_drop,0
client,client/distinct_connect_timeouts/32,8,120.5632,residual_released,1
client,client/distinct_connect_timeouts/32,8,120.5632,total,119.4563
client,client/distinct_connect_timeouts/32,9,100.6626,cache_entries,33
client,client/distinct_connect_timeouts/32,9,100.6626,cpu_ms,15.625
client,client/distinct_connect_timeouts/32,9,100.6626,cpu_percent,15.522150232559062
client,client/distinct_connect_timeouts/32,9,100.6626,driver_threads,33
client,client/distinct_connect_timeouts/32,9,100.6626,driver_threads_after_drop,0
client,client/distinct_connect_timeouts/32,9,100.6626,residual_released,1
client,client/distinct_connect_timeouts/32,9,100.6626,total,99.6774
client,client/reuse_same_config,0,12.8341,cache_entries,1
client,client/reuse_same_config,0,12.8341,cpu_ms,15.625
client,client/reuse_same_config,0,12.8341,cpu_percent,121.74597361716054
client,client/reuse_same_config,0,12.8341,driver_threads,1
client,client/reuse_same_config,0,12.8341,driver_threads_after_drop,0
client,client/reuse_same_config,0,12.8341,residual_released,1
client,client/reuse_same_config,0,12.8341,total,2.9776999999999996
client,client/reuse_same_config,1,15.4520,cache_entries,1
client,client/reuse_same_config,1,15.4520,cpu_ms,0
client,client/reuse_same_config,1,15.4520,cpu_percent,0
client,client/reuse_same_config,1,15.4520,driver_threads,1
client,client/reuse_same_config,1,15.4520,driver_threads_after_drop,0
client,client/reuse_same_config,1,15.4520,residual_released,1
client,client/reuse_same_config,1,15.4520,total,4.5779000000000005
client,client/reuse_same_config,2,15.7662,cache_entries,1
client,client/reuse_same_config,2,15.7662,cpu_ms,0
client,client/reuse_same_config,2,15.7662,cpu_percent,0
client,client/reuse_same_config,2,15.7662,driver_threads,1
client,client/reuse_same_config,2,15.7662,driver_threads_after_drop,0
client,client/reuse_same_config,2,15.7662,residual_released,1
client,client/reuse_same_config,2,15.7662,total,4.414000000000001
client,client/reuse_same_config,3,15.2113,cache_entries,1
client,client/reuse_same_config,3,15.2113,cpu_ms,0
client,client/reuse_same_config,3,15.2113,cpu_percent,0
client,client/reuse_same_config,3,15.2113,driver_threads,1
client,client/reuse_same_config,3,15.2113,driver_threads_after_drop,0
client,client/reuse_same_config,3,15.2113,residual_released,1
client,client/reuse_same_config,3,15.2113,total,4.2998
client,client/reuse_same_config,4,15.8892,cache_entries,1
client,client/reuse_same_config,4,15.8892,cpu_ms,0
client,client/reuse_same_config,4,15.8892,cpu_percent,0
client,client/reuse_same_config,4,15.8892,driver_threads,1
client,client/reuse_same_config,4,15.8892,driver_threads_after_drop,0
client,client/reuse_same_config,4,15.8892,residual_released,1
client,client/reuse_same_config,4,15.8892,total,3.4606
client,client/reuse_same_config,5,16.0662,cache_entries,1
client,client/reuse_same_config,5,16.0662,cpu_ms,0
client,client/reuse_same_config,5,16.0662,cpu_percent,0
client,client/reuse_same_config,5,16.0662,driver_threads,1
client,client/reuse_same_config,5,16.0662,driver_threads_after_drop,0
client,client/reuse_same_config,5,16.0662,residual_released,1
client,client/reuse_same_config,5,16.0662,total,4.0136
client,client/reuse_same_config,6,15.9498,cache_entries,1
client,client/reuse_same_config,6,15.9498,cpu_ms,0
client,client/reuse_same_config,6,15.9498,cpu_percent,0
client,client/reuse_same_config,6,15.9498,driver_threads,1
client,client/reuse_same_config,6,15.9498,driver_threads_after_drop,0
client,client/reuse_same_config,6,15.9498,residual_released,1
client,client/reuse_same_config,6,15.9498,total,3.955
client,client/reuse_same_config,7,15.5735,cache_entries,1
client,client/reuse_same_config,7,15.5735,cpu_ms,0
client,client/reuse_same_config,7,15.5735,cpu_percent,0
client,client/reuse_same_config,7,15.5735,driver_threads,1
client,client/reuse_same_config,7,15.5735,driver_threads_after_drop,0
client,client/reuse_same_config,7,15.5735,residual_released,1
client,client/reuse_same_config,7,15.5735,total,4.194599999999999
client,client/reuse_same_config,8,16.0744,cache_entries,1
client,client/reuse_same_config,8,16.0744,cpu_ms,0
client,client/reuse_same_config,8,16.0744,cpu_percent,0
client,client/reuse_same_config,8,16.0744,driver_threads,1
client,client/reuse_same_config,8,16.0744,driver_threads_after_drop,0
client,client/reuse_same_config,8,16.0744,residual_released,1
client,client/reuse_same_config,8,16.0744,total,3.7843999999999998
client,client/reuse_same_config,9,14.9282,cache_entries,1
client,client/reuse_same_config,9,14.9282,cpu_ms,0
client,client/reuse_same_config,9,14.9282,cpu_percent,0
client,client/reuse_same_config,9,14.9282,driver_threads,1
client,client/reuse_same_config,9,14.9282,driver_threads_after_drop,0
client,client/reuse_same_config,9,14.9282,residual_released,1
client,client/reuse_same_config,9,14.9282,total,3.7506000000000004
client,client/queue_with_one_permit,0,202.5107,admitted_before_release,1
client,client/queue_with_one_permit,0,202.5107,cpu_ms,15.625
client,client/queue_with_one_permit,0,202.5107,cpu_percent,7.715641692019237
client,client/queue_with_one_permit,0,202.5107,queue_ms,159.965
client,client/queue_with_one_permit,0,202.5107,queue_waits,2
client,client/queue_with_one_permit,0,202.5107,residual_released,1
client,client/queue_with_one_permit,0,202.5107,total,186.807
client,client/queue_with_one_permit,0,202.5107,verified,1
client,client/queue_with_one_permit,1,202.2881,admitted_before_release,1
client,client/queue_with_one_permit,1,202.2881,cpu_ms,31.25
client,client/queue_with_one_permit,1,202.2881,cpu_percent,15.448264134172994
client,client/queue_with_one_permit,1,202.2881,queue_ms,160.365
client,client/queue_with_one_permit,1,202.2881,queue_waits,2
client,client/queue_with_one_permit,1,202.2881,residual_released,1
client,client/queue_with_one_permit,1,202.2881,total,184.655
client,client/queue_with_one_permit,1,202.2881,verified,1
client,client/queue_with_one_permit,2,203.0394,admitted_before_release,1
client,client/queue_with_one_permit,2,203.0394,cpu_ms,15.625
client,client/queue_with_one_permit,2,203.0394,cpu_percent,7.695550715772407
client,client/queue_with_one_permit,2,203.0394,queue_ms,160.218
client,client/queue_with_one_permit,2,203.0394,queue_waits,2
client,client/queue_with_one_permit,2,203.0394,residual_released,1
client,client/queue_with_one_permit,2,203.0394,total,187.3601
client,client/queue_with_one_permit,2,203.0394,verified,1
client,client/queue_with_one_permit,3,201.9316,admitted_before_release,1
client,client/queue_with_one_permit,3,201.9316,cpu_ms,15.625
client,client/queue_with_one_permit,3,201.9316,cpu_percent,7.737768630565993
client,client/queue_with_one_permit,3,201.9316,queue_ms,157.99
client,client/queue_with_one_permit,3,201.9316,queue_waits,2
client,client/queue_with_one_permit,3,201.9316,residual_released,1
client,client/queue_with_one_permit,3,201.9316,total,185.5814
client,client/queue_with_one_permit,3,201.9316,verified,1
client,client/queue_with_one_permit,4,201.3862,admitted_before_release,1
client,client/queue_with_one_permit,4,201.3862,cpu_ms,0
client,client/queue_with_one_permit,4,201.3862,cpu_percent,0
client,client/queue_with_one_permit,4,201.3862,queue_ms,158.019
client,client/queue_with_one_permit,4,201.3862,queue_waits,2
client,client/queue_with_one_permit,4,201.3862,residual_released,1
client,client/queue_with_one_permit,4,201.3862,total,184.93290000000002
client,client/queue_with_one_permit,4,201.3862,verified,1
client,client/queue_with_one_permit,5,202.3617,admitted_before_release,1
client,client/queue_with_one_permit,5,202.3617,cpu_ms,0
client,client/queue_with_one_permit,5,202.3617,cpu_percent,0
client,client/queue_with_one_permit,5,202.3617,queue_ms,158.819
client,client/queue_with_one_permit,5,202.3617,queue_waits,2
client,client/queue_with_one_permit,5,202.3617,residual_released,1
client,client/queue_with_one_permit,5,202.3617,total,185.39079999999998
client,client/queue_with_one_permit,5,202.3617,verified,1
client,client/queue_with_one_permit,6,203.0702,admitted_before_release,1
client,client/queue_with_one_permit,6,203.0702,cpu_ms,0
client,client/queue_with_one_permit,6,203.0702,cpu_percent,0
client,client/queue_with_one_permit,6,203.0702,queue_ms,159.061
client,client/queue_with_one_permit,6,203.0702,queue_waits,2
client,client/queue_with_one_permit,6,203.0702,residual_released,1
client,client/queue_with_one_permit,6,203.0702,total,186.2396
client,client/queue_with_one_permit,6,203.0702,verified,1
client,client/queue_with_one_permit,7,203.3305,admitted_before_release,1
client,client/queue_with_one_permit,7,203.3305,cpu_ms,0
client,client/queue_with_one_permit,7,203.3305,cpu_percent,0
client,client/queue_with_one_permit,7,203.3305,queue_ms,159.705
client,client/queue_with_one_permit,7,203.3305,queue_waits,2
client,client/queue_with_one_permit,7,203.3305,residual_released,1
client,client/queue_with_one_permit,7,203.3305,total,186.7483
client,client/queue_with_one_permit,7,203.3305,verified,1
client,client/queue_with_one_permit,8,204.2050,admitted_before_release,1
client,client/queue_with_one_permit,8,204.2050,cpu_ms,0
client,client/queue_with_one_permit,8,204.2050,cpu_percent,0
client,client/queue_with_one_permit,8,204.2050,queue_ms,160.245
client,client/queue_with_one_permit,8,204.2050,queue_waits,2
client,client/queue_with_one_permit,8,204.2050,residual_released,1
client,client/queue_with_one_permit,8,204.2050,total,187.02849999999998
client,client/queue_with_one_permit,8,204.2050,verified,1
client,client/queue_with_one_permit,9,202.6740,admitted_before_release,1
client,client/queue_with_one_permit,9,202.6740,cpu_ms,0
client,client/queue_with_one_permit,9,202.6740,cpu_percent,0
client,client/queue_with_one_permit,9,202.6740,queue_ms,158.138
client,client/queue_with_one_permit,9,202.6740,queue_waits,2
client,client/queue_with_one_permit,9,202.6740,residual_released,1
client,client/queue_with_one_permit,9,202.6740,total,186.2562
client,client/queue_with_one_permit,9,202.6740,verified,1
client,client/connection_reuse_two_downloads,0,89.7394,connections,4
client,client/connection_reuse_two_downloads,0,89.7394,cpu_ms,78.125
client,client/connection_reuse_two_downloads,0,89.7394,cpu_percent,87.05763577648167
client,client/connection_reuse_two_downloads,0,89.7394,pools,1
client,client/connection_reuse_two_downloads,0,89.7394,residual_released,1
client,client/connection_reuse_two_downloads,0,89.7394,total,69.6382
client,client/connection_reuse_two_downloads,1,109.8770,connections,4
client,client/connection_reuse_two_downloads,1,109.8770,cpu_ms,93.75
client,client/connection_reuse_two_downloads,1,109.8770,cpu_percent,85.32267899560416
client,client/connection_reuse_two_downloads,1,109.8770,pools,1
client,client/connection_reuse_two_downloads,1,109.8770,residual_released,1
client,client/connection_reuse_two_downloads,1,109.8770,total,97.339
client,client/connection_reuse_two_downloads,2,124.5899,connections,4
client,client/connection_reuse_two_downloads,2,124.5899,cpu_ms,109.375
client,client/connection_reuse_two_downloads,2,124.5899,cpu_percent,87.78801491934739
client,client/connection_reuse_two_downloads,2,124.5899,pools,1
client,client/connection_reuse_two_downloads,2,124.5899,residual_released,1
client,client/connection_reuse_two_downloads,2,124.5899,total,113.0129
client,client/connection_reuse_two_downloads,3,108.1877,connections,4
client,client/connection_reuse_two_downloads,3,108.1877,cpu_ms,78.125
client,client/connection_reuse_two_downloads,3,108.1877,cpu_percent,72.21246038135574
client,client/connection_reuse_two_downloads,3,108.1877,pools,1
client,client/connection_reuse_two_downloads,3,108.1877,residual_released,1
client,client/connection_reuse_two_downloads,3,108.1877,total,83.8063
client,client/connection_reuse_two_downloads,4,106.8318,connections,4
client,client/connection_reuse_two_downloads,4,106.8318,cpu_ms,140.625
client,client/connection_reuse_two_downloads,4,106.8318,cpu_percent,131.6321544708598
client,client/connection_reuse_two_downloads,4,106.8318,pools,1
client,client/connection_reuse_two_downloads,4,106.8318,residual_released,1
client,client/connection_reuse_two_downloads,4,106.8318,total,85.2716
client,client/connection_reuse_two_downloads,5,142.9138,connections,4
client,client/connection_reuse_two_downloads,5,142.9138,cpu_ms,140.625
client,client/connection_reuse_two_downloads,5,142.9138,cpu_percent,98.39847516474966
client,client/connection_reuse_two_downloads,5,142.9138,pools,1
client,client/connection_reuse_two_downloads,5,142.9138,residual_released,1
client,client/connection_reuse_two_downloads,5,142.9138,total,121.85419999999999
client,client/connection_reuse_two_downloads,6,139.7477,connections,4
client,client/connection_reuse_two_downloads,6,139.7477,cpu_ms,125
client,client/connection_reuse_two_downloads,6,139.7477,cpu_percent,89.44691039637861
client,client/connection_reuse_two_downloads,6,139.7477,pools,1
client,client/connection_reuse_two_downloads,6,139.7477,residual_released,1
client,client/connection_reuse_two_downloads,6,139.7477,total,119.0455
client,client/connection_reuse_two_downloads,7,77.1362,connections,4
client,client/connection_reuse_two_downloads,7,77.1362,cpu_ms,78.125
client,client/connection_reuse_two_downloads,7,77.1362,cpu_percent,101.28188839999896
client,client/connection_reuse_two_downloads,7,77.1362,pools,1
client,client/connection_reuse_two_downloads,7,77.1362,residual_released,1
client,client/connection_reuse_two_downloads,7,77.1362,total,58.1771
client,client/connection_reuse_two_downloads,8,167.0699,connections,4
client,client/connection_reuse_two_downloads,8,167.0699,cpu_ms,93.75
client,client/connection_reuse_two_downloads,8,167.0699,cpu_percent,56.11423721448328
client,client/connection_reuse_two_downloads,8,167.0699,pools,1
client,client/connection_reuse_two_downloads,8,167.0699,residual_released,1
client,client/connection_reuse_two_downloads,8,167.0699,total,143.3488
client,client/connection_reuse_two_downloads,9,155.6246,connections,4
client,client/connection_reuse_two_downloads,9,155.6246,cpu_ms,281.25
client,client/connection_reuse_two_downloads,9,155.6246,cpu_percent,180.7233560760959
client,client/connection_reuse_two_downloads,9,155.6246,pools,1
client,client/connection_reuse_two_downloads,9,155.6246,residual_released,1
client,client/connection_reuse_two_downloads,9,155.6246,total,130.3553
driver,driver/single_origin_split_download,0,42.8694,active,0
driver,driver/single_origin_split_download,0,42.8694,avg_block_bytes,1048576
driver,driver/single_origin_split_download,0,42.8694,body_reads,773
driver,driver/single_origin_split_download,0,42.8694,body_wait_ms,42.443
driver,driver/single_origin_split_download,0,42.8694,cache_copied_bytes,12582912
driver,driver/single_origin_split_download,0,42.8694,cache_evicted_bytes,12582912
driver,driver/single_origin_split_download,0,42.8694,cancelled,0
driver,driver/single_origin_split_download,0,42.8694,checksum_ms,0
driver,driver/single_origin_split_download,0,42.8694,commands,15
driver,driver/single_origin_split_download,0,42.8694,completed,4
driver,driver/single_origin_split_download,0,42.8694,connections,4
driver,driver/single_origin_split_download,0,42.8694,cpu_ms,78.125
driver,driver/single_origin_split_download,0,42.8694,cpu_percent,182.23954615646593
driver,driver/single_origin_split_download,0,42.8694,distinct_ranges,4
driver,driver/single_origin_split_download,0,42.8694,duplicate_bytes,0
driver,driver/single_origin_split_download,0,42.8694,failed,0
driver,driver/single_origin_split_download,0,42.8694,file_bytes,12582912
driver,driver/single_origin_split_download,0,42.8694,finalize,0.006799999999998363
driver,driver/single_origin_split_download,0,42.8694,fsync_calls,1
driver,driver/single_origin_split_download,0,42.8694,fsync_ms,4.617
driver,driver/single_origin_split_download,0,42.8694,loops,28066
driver,driver/single_origin_split_download,0,42.8694,max_command_latency_ms,11.426
driver,driver/single_origin_split_download,0,42.8694,pauses,11
driver,driver/single_origin_split_download,0,42.8694,pools,1
driver,driver/single_origin_split_download,0,42.8694,prealloc_ms,9.611
driver,driver/single_origin_split_download,0,42.8694,report_span,0
driver,driver/single_origin_split_download,0,42.8694,requests,4
driver,driver/single_origin_split_download,0,42.8694,response_head_ms,3.49
driver,driver/single_origin_split_download,0,42.8694,response_heads,4
driver,driver/single_origin_split_download,0,42.8694,resumes,11
driver,driver/single_origin_split_download,0,42.8694,running_reports,1
driver,driver/single_origin_split_download,0,42.8694,served_bytes,12582912
driver,driver/single_origin_split_download,0,42.8694,submitted,4
driver,driver/single_origin_split_download,0,42.8694,to_first_report,35.0733
driver,driver/single_origin_split_download,0,42.8694,total,35.0801
driver,driver/single_origin_split_download,0,42.8694,unique_bytes,12582912
driver,driver/single_origin_split_download,0,42.8694,verified,1
driver,driver/single_origin_split_download,0,42.8694,writer_blocks,12
driver,driver/single_origin_split_download,0,42.8694,writer_bytes,12582912
driver,driver/single_origin_split_download,1,104.0743,active,0
driver,driver/single_origin_split_download,1,104.0743,avg_block_bytes,1048576
driver,driver/single_origin_split_download,1,104.0743,body_reads,774
driver,driver/single_origin_split_download,1,104.0743,body_wait_ms,156.418
driver,driver/single_origin_split_download,1,104.0743,cache_copied_bytes,12582912
driver,driver/single_origin_split_download,1,104.0743,cache_evicted_bytes,12582912
driver,driver/single_origin_split_download,1,104.0743,cancelled,0
driver,driver/single_origin_split_download,1,104.0743,checksum_ms,0
driver,driver/single_origin_split_download,1,104.0743,commands,10
driver,driver/single_origin_split_download,1,104.0743,completed,4
driver,driver/single_origin_split_download,1,104.0743,connections,4
driver,driver/single_origin_split_download,1,104.0743,cpu_ms,125
driver,driver/single_origin_split_download,1,104.0743,cpu_percent,120.10650083642167
driver,driver/single_origin_split_download,1,104.0743,distinct_ranges,4
driver,driver/single_origin_split_download,1,104.0743,duplicate_bytes,0
driver,driver/single_origin_split_download,1,104.0743,failed,0
driver,driver/single_origin_split_download,1,104.0743,file_bytes,12582912
driver,driver/single_origin_split_download,1,104.0743,finalize,0.006100000000003547
driver,driver/single_origin_split_download,1,104.0743,fsync_calls,1
driver,driver/single_origin_split_download,1,104.0743,fsync_ms,4.45
driver,driver/single_origin_split_download,1,104.0743,loops,17589
driver,driver/single_origin_split_download,1,104.0743,max_command_latency_ms,22.387
driver,driver/single_origin_split_download,1,104.0743,pauses,6
driver,driver/single_origin_split_download,1,104.0743,pools,1
driver,driver/single_origin_split_download,1,104.0743,prealloc_ms,7.568
driver,driver/single_origin_split_download,1,104.0743,report_span,0
driver,driver/single_origin_split_download,1,104.0743,requests,4
driver,driver/single_origin_split_download,1,104.0743,response_head_ms,5.063
driver,driver/single_origin_split_download,1,104.0743,response_heads,4
driver,driver/single_origin_split_download,1,104.0743,resumes,6
driver,driver/single_origin_split_download,1,104.0743,running_reports,1
driver,driver/single_origin_split_download,1,104.0743,served_bytes,12582912
driver,driver/single_origin_split_download,1,104.0743,submitted,4
driver,driver/single_origin_split_download,1,104.0743,to_first_report,96.3595
driver,driver/single_origin_split_download,1,104.0743,total,96.3656
driver,driver/single_origin_split_download,1,104.0743,unique_bytes,12582912
driver,driver/single_origin_split_download,1,104.0743,verified,1
driver,driver/single_origin_split_download,1,104.0743,writer_blocks,12
driver,driver/single_origin_split_download,1,104.0743,writer_bytes,12582912
driver,driver/single_origin_split_download,2,28.3543,active,0
driver,driver/single_origin_split_download,2,28.3543,avg_block_bytes,1048576
driver,driver/single_origin_split_download,2,28.3543,body_reads,772
driver,driver/single_origin_split_download,2,28.3543,body_wait_ms,3.756
driver,driver/single_origin_split_download,2,28.3543,cache_copied_bytes,12582912
driver,driver/single_origin_split_download,2,28.3543,cache_evicted_bytes,12582912
driver,driver/single_origin_split_download,2,28.3543,cancelled,0
driver,driver/single_origin_split_download,2,28.3543,checksum_ms,0
driver,driver/single_origin_split_download,2,28.3543,commands,89
driver,driver/single_origin_split_download,2,28.3543,completed,4
driver,driver/single_origin_split_download,2,28.3543,connections,4
driver,driver/single_origin_split_download,2,28.3543,cpu_ms,31.25
driver,driver/single_origin_split_download,2,28.3543,cpu_percent,110.21256035239806
driver,driver/single_origin_split_download,2,28.3543,distinct_ranges,4
driver,driver/single_origin_split_download,2,28.3543,duplicate_bytes,0
driver,driver/single_origin_split_download,2,28.3543,failed,0
driver,driver/single_origin_split_download,2,28.3543,file_bytes,12582912
driver,driver/single_origin_split_download,2,28.3543,finalize,0.022600000000004172
driver,driver/single_origin_split_download,2,28.3543,fsync_calls,1
driver,driver/single_origin_split_download,2,28.3543,fsync_ms,4.066
driver,driver/single_origin_split_download,2,28.3543,loops,21199
driver,driver/single_origin_split_download,2,28.3543,max_command_latency_ms,0.127
driver,driver/single_origin_split_download,2,28.3543,pauses,85
driver,driver/single_origin_split_download,2,28.3543,pools,1
driver,driver/single_origin_split_download,2,28.3543,prealloc_ms,7.635
driver,driver/single_origin_split_download,2,28.3543,report_span,0
driver,driver/single_origin_split_download,2,28.3543,requests,4
driver,driver/single_origin_split_download,2,28.3543,response_head_ms,4.562
driver,driver/single_origin_split_download,2,28.3543,response_heads,4
driver,driver/single_origin_split_download,2,28.3543,resumes,85
driver,driver/single_origin_split_download,2,28.3543,running_reports,1
driver,driver/single_origin_split_download,2,28.3543,served_bytes,12582912
driver,driver/single_origin_split_download,2,28.3543,submitted,4
driver,driver/single_origin_split_download,2,28.3543,to_first_report,20.644699999999997
driver,driver/single_origin_split_download,2,28.3543,total,20.6673
driver,driver/single_origin_split_download,2,28.3543,unique_bytes,12582912
driver,driver/single_origin_split_download,2,28.3543,verified,1
driver,driver/single_origin_split_download,2,28.3543,writer_blocks,12
driver,driver/single_origin_split_download,2,28.3543,writer_bytes,12582912
driver,driver/single_origin_split_download,3,39.7802,active,0
driver,driver/single_origin_split_download,3,39.7802,avg_block_bytes,1048576
driver,driver/single_origin_split_download,3,39.7802,body_reads,778
driver,driver/single_origin_split_download,3,39.7802,body_wait_ms,31.961
driver,driver/single_origin_split_download,3,39.7802,cache_copied_bytes,12582912
driver,driver/single_origin_split_download,3,39.7802,cache_evicted_bytes,12582912
driver,driver/single_origin_split_download,3,39.7802,cancelled,0
driver,driver/single_origin_split_download,3,39.7802,checksum_ms,0
driver,driver/single_origin_split_download,3,39.7802,commands,11
driver,driver/single_origin_split_download,3,39.7802,completed,4
driver,driver/single_origin_split_download,3,39.7802,connections,4
driver,driver/single_origin_split_download,3,39.7802,cpu_ms,15.625
driver,driver/single_origin_split_download,3,39.7802,cpu_percent,39.278334447790606
driver,driver/single_origin_split_download,3,39.7802,distinct_ranges,4
driver,driver/single_origin_split_download,3,39.7802,duplicate_bytes,0
driver,driver/single_origin_split_download,3,39.7802,failed,0
driver,driver/single_origin_split_download,3,39.7802,file_bytes,12582912
driver,driver/single_origin_split_download,3,39.7802,finalize,0.02669999999999817
driver,driver/single_origin_split_download,3,39.7802,fsync_calls,1
driver,driver/single_origin_split_download,3,39.7802,fsync_ms,4.27
driver,driver/single_origin_split_download,3,39.7802,loops,17116
driver,driver/single_origin_split_download,3,39.7802,max_command_latency_ms,2.623
driver,driver/single_origin_split_download,3,39.7802,pauses,7
driver,driver/single_origin_split_download,3,39.7802,pools,1
driver,driver/single_origin_split_download,3,39.7802,prealloc_ms,7.247
driver,driver/single_origin_split_download,3,39.7802,report_span,0
driver,driver/single_origin_split_download,3,39.7802,requests,4
driver,driver/single_origin_split_download,3,39.7802,response_head_ms,3.482
driver,driver/single_origin_split_download,3,39.7802,response_heads,4
driver,driver/single_origin_split_download,3,39.7802,resumes,7
driver,driver/single_origin_split_download,3,39.7802,running_reports,1
driver,driver/single_origin_split_download,3,39.7802,served_bytes,12582912
driver,driver/single_origin_split_download,3,39.7802,submitted,4
driver,driver/single_origin_split_download,3,39.7802,to_first_report,31.877000000000002
driver,driver/single_origin_split_download,3,39.7802,total,31.9037
driver,driver/single_origin_split_download,3,39.7802,unique_bytes,12582912
driver,driver/single_origin_split_download,3,39.7802,verified,1
driver,driver/single_origin_split_download,3,39.7802,writer_blocks,12
driver,driver/single_origin_split_download,3,39.7802,writer_bytes,12582912
driver,driver/single_origin_split_download,4,42.7270,active,0
driver,driver/single_origin_split_download,4,42.7270,avg_block_bytes,1048576
driver,driver/single_origin_split_download,4,42.7270,body_reads,774
driver,driver/single_origin_split_download,4,42.7270,body_wait_ms,55.436
driver,driver/single_origin_split_download,4,42.7270,cache_copied_bytes,12582912
driver,driver/single_origin_split_download,4,42.7270,cache_evicted_bytes,12582912
driver,driver/single_origin_split_download,4,42.7270,cancelled,0
driver,driver/single_origin_split_download,4,42.7270,checksum_ms,0
driver,driver/single_origin_split_download,4,42.7270,commands,16
driver,driver/single_origin_split_download,4,42.7270,completed,4
driver,driver/single_origin_split_download,4,42.7270,connections,4
driver,driver/single_origin_split_download,4,42.7270,cpu_ms,46.875
driver,driver/single_origin_split_download,4,42.7270,cpu_percent,109.70814707327918
driver,driver/single_origin_split_download,4,42.7270,distinct_ranges,4
driver,driver/single_origin_split_download,4,42.7270,duplicate_bytes,0
driver,driver/single_origin_split_download,4,42.7270,failed,0
driver,driver/single_origin_split_download,4,42.7270,file_bytes,12582912
driver,driver/single_origin_split_download,4,42.7270,finalize,0.020199999999995555
driver,driver/single_origin_split_download,4,42.7270,fsync_calls,1
driver,driver/single_origin_split_download,4,42.7270,fsync_ms,4.032
driver,driver/single_origin_split_download,4,42.7270,loops,19411
driver,driver/single_origin_split_download,4,42.7270,max_command_latency_ms,15.931
driver,driver/single_origin_split_download,4,42.7270,pauses,12
driver,driver/single_origin_split_download,4,42.7270,pools,1
driver,driver/single_origin_split_download,4,42.7270,prealloc_ms,6.995
driver,driver/single_origin_split_download,4,42.7270,report_span,0
driver,driver/single_origin_split_download,4,42.7270,requests,4
driver,driver/single_origin_split_download,4,42.7270,response_head_ms,3.254
driver,driver/single_origin_split_download,4,42.7270,response_heads,4
driver,driver/single_origin_split_download,4,42.7270,resumes,12
driver,driver/single_origin_split_download,4,42.7270,running_reports,1
driver,driver/single_origin_split_download,4,42.7270,served_bytes,12582912
driver,driver/single_origin_split_download,4,42.7270,submitted,4
driver,driver/single_origin_split_download,4,42.7270,to_first_report,35.0103
driver,driver/single_origin_split_download,4,42.7270,total,35.030499999999996
driver,driver/single_origin_split_download,4,42.7270,unique_bytes,12582912
driver,driver/single_origin_split_download,4,42.7270,verified,1
driver,driver/single_origin_split_download,4,42.7270,writer_blocks,12
driver,driver/single_origin_split_download,4,42.7270,writer_bytes,12582912
driver,driver/single_origin_split_download,5,48.8548,active,0
driver,driver/single_origin_split_download,5,48.8548,avg_block_bytes,1048576
driver,driver/single_origin_split_download,5,48.8548,body_reads,773
driver,driver/single_origin_split_download,5,48.8548,body_wait_ms,67.105
driver,driver/single_origin_split_download,5,48.8548,cache_copied_bytes,12582912
driver,driver/single_origin_split_download,5,48.8548,cache_evicted_bytes,12582912
driver,driver/single_origin_split_download,5,48.8548,cancelled,0
driver,driver/single_origin_split_download,5,48.8548,checksum_ms,0
driver,driver/single_origin_split_download,5,48.8548,commands,25
driver,driver/single_origin_split_download,5,48.8548,completed,4
driver,driver/single_origin_split_download,5,48.8548,connections,4
driver,driver/single_origin_split_download,5,48.8548,cpu_ms,62.5
driver,driver/single_origin_split_download,5,48.8548,cpu_percent,127.93011126849359
driver,driver/single_origin_split_download,5,48.8548,distinct_ranges,4
driver,driver/single_origin_split_download,5,48.8548,duplicate_bytes,0
driver,driver/single_origin_split_download,5,48.8548,failed,0
driver,driver/single_origin_split_download,5,48.8548,file_bytes,12582912
driver,driver/single_origin_split_download,5,48.8548,fsync_calls,1
driver,driver/single_origin_split_download,5,48.8548,fsync_ms,4.549
driver,driver/single_origin_split_download,5,48.8548,loops,20862
driver,driver/single_origin_split_download,5,48.8548,max_command_latency_ms,19.738
driver,driver/single_origin_split_download,5,48.8548,pauses,21
driver,driver/single_origin_split_download,5,48.8548,pools,1
driver,driver/single_origin_split_download,5,48.8548,prealloc_ms,7.814
driver,driver/single_origin_split_download,5,48.8548,requests,4
driver,driver/single_origin_split_download,5,48.8548,response_head_ms,3.654
driver,driver/single_origin_split_download,5,48.8548,response_heads,4
driver,driver/single_origin_split_download,5,48.8548,resumes,21
driver,driver/single_origin_split_download,5,48.8548,running_reports,0
driver,driver/single_origin_split_download,5,48.8548,served_bytes,12582912
driver,driver/single_origin_split_download,5,48.8548,submitted,4
driver,driver/single_origin_split_download,5,48.8548,total,40.5839
driver,driver/single_origin_split_download,5,48.8548,unique_bytes,12582912
driver,driver/single_origin_split_download,5,48.8548,verified,1
driver,driver/single_origin_split_download,5,48.8548,writer_blocks,12
driver,driver/single_origin_split_download,5,48.8548,writer_bytes,12582912
driver,driver/single_origin_split_download,6,105.7763,active,0
driver,driver/single_origin_split_download,6,105.7763,avg_block_bytes,1048576
driver,driver/single_origin_split_download,6,105.7763,body_reads,775
driver,driver/single_origin_split_download,6,105.7763,body_wait_ms,147.75
driver,driver/single_origin_split_download,6,105.7763,cache_copied_bytes,12582912
driver,driver/single_origin_split_download,6,105.7763,cache_evicted_bytes,12582912
driver,driver/single_origin_split_download,6,105.7763,cancelled,0
driver,driver/single_origin_split_download,6,105.7763,checksum_ms,0
driver,driver/single_origin_split_download,6,105.7763,commands,12
driver,driver/single_origin_split_download,6,105.7763,completed,4
driver,driver/single_origin_split_download,6,105.7763,connections,4
driver,driver/single_origin_split_download,6,105.7763,cpu_ms,31.25
driver,driver/single_origin_split_download,6,105.7763,cpu_percent,29.543479966684405
driver,driver/single_origin_split_download,6,105.7763,distinct_ranges,4
driver,driver/single_origin_split_download,6,105.7763,duplicate_bytes,0
driver,driver/single_origin_split_download,6,105.7763,failed,0
driver,driver/single_origin_split_download,6,105.7763,file_bytes,12582912
driver,driver/single_origin_split_download,6,105.7763,finalize,0.03609999999999047
driver,driver/single_origin_split_download,6,105.7763,fsync_calls,1
driver,driver/single_origin_split_download,6,105.7763,fsync_ms,4.836
driver,driver/single_origin_split_download,6,105.7763,loops,20251
driver,driver/single_origin_split_download,6,105.7763,max_command_latency_ms,23.095
driver,driver/single_origin_split_download,6,105.7763,pauses,8
driver,driver/single_origin_split_download,6,105.7763,pools,1
driver,driver/single_origin_split_download,6,105.7763,prealloc_ms,6.821
driver,driver/single_origin_split_download,6,105.7763,report_span,0
driver,driver/single_origin_split_download,6,105.7763,requests,4
driver,driver/single_origin_split_download,6,105.7763,response_head_ms,3.653
driver,driver/single_origin_split_download,6,105.7763,response_heads,4
driver,driver/single_origin_split_download,6,105.7763,resumes,8
driver,driver/single_origin_split_download,6,105.7763,running_reports,1
driver,driver/single_origin_split_download,6,105.7763,served_bytes,12582912
driver,driver/single_origin_split_download,6,105.7763,submitted,4
driver,driver/single_origin_split_download,6,105.7763,to_first_report,97.47970000000001
driver,driver/single_origin_split_download,6,105.7763,total,97.5158
driver,driver/single_origin_split_download,6,105.7763,unique_bytes,12582912
driver,driver/single_origin_split_download,6,105.7763,verified,1
driver,driver/single_origin_split_download,6,105.7763,writer_blocks,12
driver,driver/single_origin_split_download,6,105.7763,writer_bytes,12582912
driver,driver/single_origin_split_download,7,64.5263,active,0
driver,driver/single_origin_split_download,7,64.5263,avg_block_bytes,1048576
driver,driver/single_origin_split_download,7,64.5263,body_reads,774
driver,driver/single_origin_split_download,7,64.5263,body_wait_ms,70.611
driver,driver/single_origin_split_download,7,64.5263,cache_copied_bytes,12582912
driver,driver/single_origin_split_download,7,64.5263,cache_evicted_bytes,12582912
driver,driver/single_origin_split_download,7,64.5263,cancelled,0
driver,driver/single_origin_split_download,7,64.5263,checksum_ms,0
driver,driver/single_origin_split_download,7,64.5263,commands,17
driver,driver/single_origin_split_download,7,64.5263,completed,4
driver,driver/single_origin_split_download,7,64.5263,connections,4
driver,driver/single_origin_split_download,7,64.5263,cpu_ms,78.125
driver,driver/single_origin_split_download,7,64.5263,cpu_percent,121.07466257944436
driver,driver/single_origin_split_download,7,64.5263,distinct_ranges,4
driver,driver/single_origin_split_download,7,64.5263,duplicate_bytes,0
driver,driver/single_origin_split_download,7,64.5263,failed,0
driver,driver/single_origin_split_download,7,64.5263,file_bytes,12582912
driver,driver/single_origin_split_download,7,64.5263,fsync_calls,1
driver,driver/single_origin_split_download,7,64.5263,fsync_ms,4.706
driver,driver/single_origin_split_download,7,64.5263,loops,26488
driver,driver/single_origin_split_download,7,64.5263,max_command_latency_ms,17.608
driver,driver/single_origin_split_download,7,64.5263,pauses,13
driver,driver/single_origin_split_download,7,64.5263,pools,1
driver,driver/single_origin_split_download,7,64.5263,prealloc_ms,9.091
driver,driver/single_origin_split_download,7,64.5263,requests,4
driver,driver/single_origin_split_download,7,64.5263,response_head_ms,5.002
driver,driver/single_origin_split_download,7,64.5263,response_heads,4
driver,driver/single_origin_split_download,7,64.5263,resumes,13
driver,driver/single_origin_split_download,7,64.5263,running_reports,0
driver,driver/single_origin_split_download,7,64.5263,served_bytes,12582912
driver,driver/single_origin_split_download,7,64.5263,submitted,4
driver,driver/single_origin_split_download,7,64.5263,total,55.8831
driver,driver/single_origin_split_download,7,64.5263,unique_bytes,12582912
driver,driver/single_origin_split_download,7,64.5263,verified,1
driver,driver/single_origin_split_download,7,64.5263,writer_blocks,12
driver,driver/single_origin_split_download,7,64.5263,writer_bytes,12582912
driver,driver/single_origin_split_download,8,47.9845,active,0
driver,driver/single_origin_split_download,8,47.9845,avg_block_bytes,1048576
driver,driver/single_origin_split_download,8,47.9845,body_reads,775
driver,driver/single_origin_split_download,8,47.9845,body_wait_ms,45.783
driver,driver/single_origin_split_download,8,47.9845,cache_copied_bytes,12582912
driver,driver/single_origin_split_download,8,47.9845,cache_evicted_bytes,12582912
driver,driver/single_origin_split_download,8,47.9845,cancelled,0
driver,driver/single_origin_split_download,8,47.9845,checksum_ms,0
driver,driver/single_origin_split_download,8,47.9845,commands,12
driver,driver/single_origin_split_download,8,47.9845,completed,4
driver,driver/single_origin_split_download,8,47.9845,connections,4
driver,driver/single_origin_split_download,8,47.9845,cpu_ms,78.125
driver,driver/single_origin_split_download,8,47.9845,cpu_percent,162.81299169523493
driver,driver/single_origin_split_download,8,47.9845,distinct_ranges,4
driver,driver/single_origin_split_download,8,47.9845,duplicate_bytes,0
driver,driver/single_origin_split_download,8,47.9845,failed,0
driver,driver/single_origin_split_download,8,47.9845,file_bytes,12582912
driver,driver/single_origin_split_download,8,47.9845,finalize,0.030000000000008242
driver,driver/single_origin_split_download,8,47.9845,fsync_calls,1
driver,driver/single_origin_split_download,8,47.9845,fsync_ms,3.987
driver,driver/single_origin_split_download,8,47.9845,loops,17807
driver,driver/single_origin_split_download,8,47.9845,max_command_latency_ms,18.116
driver,driver/single_origin_split_download,8,47.9845,pauses,8
driver,driver/single_origin_split_download,8,47.9845,pools,1
driver,driver/single_origin_split_download,8,47.9845,prealloc_ms,7.861
driver,driver/single_origin_split_download,8,47.9845,report_span,0
driver,driver/single_origin_split_download,8,47.9845,requests,4
driver,driver/single_origin_split_download,8,47.9845,response_head_ms,4.74
driver,driver/single_origin_split_download,8,47.9845,response_heads,4
driver,driver/single_origin_split_download,8,47.9845,resumes,8
driver,driver/single_origin_split_download,8,47.9845,running_reports,1
driver,driver/single_origin_split_download,8,47.9845,served_bytes,12582912
driver,driver/single_origin_split_download,8,47.9845,submitted,4
driver,driver/single_origin_split_download,8,47.9845,to_first_report,40.0468
driver,driver/single_origin_split_download,8,47.9845,total,40.076800000000006
driver,driver/single_origin_split_download,8,47.9845,unique_bytes,12582912
driver,driver/single_origin_split_download,8,47.9845,verified,1
driver,driver/single_origin_split_download,8,47.9845,writer_blocks,12
driver,driver/single_origin_split_download,8,47.9845,writer_bytes,12582912
driver,driver/single_origin_split_download,9,79.1611,active,0
driver,driver/single_origin_split_download,9,79.1611,avg_block_bytes,1048576
driver,driver/single_origin_split_download,9,79.1611,body_reads,776
driver,driver/single_origin_split_download,9,79.1611,body_wait_ms,96.192
driver,driver/single_origin_split_download,9,79.1611,cache_copied_bytes,12582912
driver,driver/single_origin_split_download,9,79.1611,cache_evicted_bytes,12582912
driver,driver/single_origin_split_download,9,79.1611,cancelled,0
driver,driver/single_origin_split_download,9,79.1611,checksum_ms,0
driver,driver/single_origin_split_download,9,79.1611,commands,13
driver,driver/single_origin_split_download,9,79.1611,completed,4
driver,driver/single_origin_split_download,9,79.1611,connections,4
driver,driver/single_origin_split_download,9,79.1611,cpu_ms,31.25
driver,driver/single_origin_split_download,9,79.1611,cpu_percent,39.47646002897888
driver,driver/single_origin_split_download,9,79.1611,distinct_ranges,4
driver,driver/single_origin_split_download,9,79.1611,duplicate_bytes,0
driver,driver/single_origin_split_download,9,79.1611,failed,0
driver,driver/single_origin_split_download,9,79.1611,file_bytes,12582912
driver,driver/single_origin_split_download,9,79.1611,finalize,0.050400000000010436
driver,driver/single_origin_split_download,9,79.1611,fsync_calls,1
driver,driver/single_origin_split_download,9,79.1611,fsync_ms,5.59
driver,driver/single_origin_split_download,9,79.1611,loops,23678
driver,driver/single_origin_split_download,9,79.1611,max_command_latency_ms,15.466
driver,driver/single_origin_split_download,9,79.1611,pauses,9
driver,driver/single_origin_split_download,9,79.1611,pools,1
driver,driver/single_origin_split_download,9,79.1611,prealloc_ms,8.54
driver,driver/single_origin_split_download,9,79.1611,report_span,0
driver,driver/single_origin_split_download,9,79.1611,requests,4
driver,driver/single_origin_split_download,9,79.1611,response_head_ms,3.678
driver,driver/single_origin_split_download,9,79.1611,response_heads,4
driver,driver/single_origin_split_download,9,79.1611,resumes,9
driver,driver/single_origin_split_download,9,79.1611,running_reports,1
driver,driver/single_origin_split_download,9,79.1611,served_bytes,12582912
driver,driver/single_origin_split_download,9,79.1611,submitted,4
driver,driver/single_origin_split_download,9,79.1611,to_first_report,68.3767
driver,driver/single_origin_split_download,9,79.1611,total,68.42710000000001
driver,driver/single_origin_split_download,9,79.1611,unique_bytes,12582912
driver,driver/single_origin_split_download,9,79.1611,verified,1
driver,driver/single_origin_split_download,9,79.1611,writer_blocks,12
driver,driver/single_origin_split_download,9,79.1611,writer_bytes,12582912
driver,driver/body_backpressure_256KiB_budget,0,58.7013,active,0
driver,driver/body_backpressure_256KiB_budget,0,58.7013,avg_block_bytes,55676.601769911504
driver,driver/body_backpressure_256KiB_budget,0,58.7013,body_reads,774
driver,driver/body_backpressure_256KiB_budget,0,58.7013,body_wait_ms,81.406
driver,driver/body_backpressure_256KiB_budget,0,58.7013,cache_copied_bytes,12582912
driver,driver/body_backpressure_256KiB_budget,0,58.7013,cache_evicted_bytes,12582912
driver,driver/body_backpressure_256KiB_budget,0,58.7013,cancelled,0
driver,driver/body_backpressure_256KiB_budget,0,58.7013,checksum_ms,0
driver,driver/body_backpressure_256KiB_budget,0,58.7013,commands,201
driver,driver/body_backpressure_256KiB_budget,0,58.7013,completed,4
driver,driver/body_backpressure_256KiB_budget,0,58.7013,connections,4
driver,driver/body_backpressure_256KiB_budget,0,58.7013,cpu_ms,140.625
driver,driver/body_backpressure_256KiB_budget,0,58.7013,cpu_percent,239.56028231061325
driver,driver/body_backpressure_256KiB_budget,0,58.7013,distinct_ranges,4
driver,driver/body_backpressure_256KiB_budget,0,58.7013,duplicate_bytes,0
driver,driver/body_backpressure_256KiB_budget,0,58.7013,failed,0
driver,driver/body_backpressure_256KiB_budget,0,58.7013,file_bytes,12582912
driver,driver/body_backpressure_256KiB_budget,0,58.7013,fsync_calls,1
driver,driver/body_backpressure_256KiB_budget,0,58.7013,fsync_ms,4.091
driver,driver/body_backpressure_256KiB_budget,0,58.7013,loops,29674
driver,driver/body_backpressure_256KiB_budget,0,58.7013,max_command_latency_ms,14.381
driver,driver/body_backpressure_256KiB_budget,0,58.7013,pauses,197
driver,driver/body_backpressure_256KiB_budget,0,58.7013,pools,1
driver,driver/body_backpressure_256KiB_budget,0,58.7013,prealloc_ms,8.208
driver,driver/body_backpressure_256KiB_budget,0,58.7013,requests,4
driver,driver/body_backpressure_256KiB_budget,0,58.7013,response_head_ms,3.777
driver,driver/body_backpressure_256KiB_budget,0,58.7013,response_heads,4
driver,driver/body_backpressure_256KiB_budget,0,58.7013,resumes,197
driver,driver/body_backpressure_256KiB_budget,0,58.7013,running_reports,0
driver,driver/body_backpressure_256KiB_budget,0,58.7013,served_bytes,12582912
driver,driver/body_backpressure_256KiB_budget,0,58.7013,submitted,4
driver,driver/body_backpressure_256KiB_budget,0,58.7013,total,50.6545
driver,driver/body_backpressure_256KiB_budget,0,58.7013,unique_bytes,12582912
driver,driver/body_backpressure_256KiB_budget,0,58.7013,verified,1
driver,driver/body_backpressure_256KiB_budget,0,58.7013,writer_blocks,226
driver,driver/body_backpressure_256KiB_budget,0,58.7013,writer_bytes,12582912
driver,driver/body_backpressure_256KiB_budget,1,60.0745,active,0
driver,driver/body_backpressure_256KiB_budget,1,60.0745,avg_block_bytes,69136.87912087912
driver,driver/body_backpressure_256KiB_budget,1,60.0745,body_reads,774
driver,driver/body_backpressure_256KiB_budget,1,60.0745,body_wait_ms,58.371
driver,driver/body_backpressure_256KiB_budget,1,60.0745,cache_copied_bytes,12582912
driver,driver/body_backpressure_256KiB_budget,1,60.0745,cache_evicted_bytes,12582912
driver,driver/body_backpressure_256KiB_budget,1,60.0745,cancelled,0
driver,driver/body_backpressure_256KiB_budget,1,60.0745,checksum_ms,0
driver,driver/body_backpressure_256KiB_budget,1,60.0745,commands,173
driver,driver/body_backpressure_256KiB_budget,1,60.0745,completed,4
driver,driver/body_backpressure_256KiB_budget,1,60.0745,connections,4
driver,driver/body_backpressure_256KiB_budget,1,60.0745,cpu_ms,31.25
driver,driver/body_backpressure_256KiB_budget,1,60.0745,cpu_percent,52.01874339361959
driver,driver/body_backpressure_256KiB_budget,1,60.0745,distinct_ranges,4
driver,driver/body_backpressure_256KiB_budget,1,60.0745,duplicate_bytes,0
driver,driver/body_backpressure_256KiB_budget,1,60.0745,failed,0
driver,driver/body_backpressure_256KiB_budget,1,60.0745,file_bytes,12582912
driver,driver/body_backpressure_256KiB_budget,1,60.0745,finalize,0.004499999999993065
driver,driver/body_backpressure_256KiB_budget,1,60.0745,fsync_calls,1
driver,driver/body_backpressure_256KiB_budget,1,60.0745,fsync_ms,3.893
driver,driver/body_backpressure_256KiB_budget,1,60.0745,loops,30206
driver,driver/body_backpressure_256KiB_budget,1,60.0745,max_command_latency_ms,14.892
driver,driver/body_backpressure_256KiB_budget,1,60.0745,pauses,169
driver,driver/body_backpressure_256KiB_budget,1,60.0745,pools,1
driver,driver/body_backpressure_256KiB_budget,1,60.0745,prealloc_ms,8.154
driver,driver/body_backpressure_256KiB_budget,1,60.0745,report_span,0
driver,driver/body_backpressure_256KiB_budget,1,60.0745,requests,4
driver,driver/body_backpressure_256KiB_budget,1,60.0745,response_head_ms,3.306
driver,driver/body_backpressure_256KiB_budget,1,60.0745,response_heads,4
driver,driver/body_backpressure_256KiB_budget,1,60.0745,resumes,169
driver,driver/body_backpressure_256KiB_budget,1,60.0745,running_reports,1
driver,driver/body_backpressure_256KiB_budget,1,60.0745,served_bytes,12582912
driver,driver/body_backpressure_256KiB_budget,1,60.0745,submitted,4
driver,driver/body_backpressure_256KiB_budget,1,60.0745,to_first_report,52.434000000000005
driver,driver/body_backpressure_256KiB_budget,1,60.0745,total,52.4385
driver,driver/body_backpressure_256KiB_budget,1,60.0745,unique_bytes,12582912
driver,driver/body_backpressure_256KiB_budget,1,60.0745,verified,1
driver,driver/body_backpressure_256KiB_budget,1,60.0745,writer_blocks,182
driver,driver/body_backpressure_256KiB_budget,1,60.0745,writer_bytes,12582912
driver,driver/body_backpressure_256KiB_budget,2,77.9542,active,0
driver,driver/body_backpressure_256KiB_budget,2,77.9542,avg_block_bytes,67288.29946524065
driver,driver/body_backpressure_256KiB_budget,2,77.9542,body_reads,777
driver,driver/body_backpressure_256KiB_budget,2,77.9542,body_wait_ms,124.066
driver,driver/body_backpressure_256KiB_budget,2,77.9542,cache_copied_bytes,12582912
driver,driver/body_backpressure_256KiB_budget,2,77.9542,cache_evicted_bytes,12582912
driver,driver/body_backpressure_256KiB_budget,2,77.9542,cancelled,0
driver,driver/body_backpressure_256KiB_budget,2,77.9542,checksum_ms,0
driver,driver/body_backpressure_256KiB_budget,2,77.9542,commands,163
driver,driver/body_backpressure_256KiB_budget,2,77.9542,completed,4
driver,driver/body_backpressure_256KiB_budget,2,77.9542,connections,4
driver,driver/body_backpressure_256KiB_budget,2,77.9542,cpu_ms,109.375
driver,driver/body_backpressure_256KiB_budget,2,77.9542,cpu_percent,140.30674421647583
driver,driver/body_backpressure_256KiB_budget,2,77.9542,distinct_ranges,4
driver,driver/body_backpressure_256KiB_budget,2,77.9542,duplicate_bytes,0
driver,driver/body_backpressure_256KiB_budget,2,77.9542,failed,0
driver,driver/body_backpressure_256KiB_budget,2,77.9542,file_bytes,12582912
driver,driver/body_backpressure_256KiB_budget,2,77.9542,finalize,0.0030000000000001137
driver,driver/body_backpressure_256KiB_budget,2,77.9542,fsync_calls,1
driver,driver/body_backpressure_256KiB_budget,2,77.9542,fsync_ms,3.754
driver,driver/body_backpressure_256KiB_budget,2,77.9542,loops,33163
driver,driver/body_backpressure_256KiB_budget,2,77.9542,max_command_latency_ms,15.866
driver,driver/body_backpressure_256KiB_budget,2,77.9542,pauses,159
driver,driver/body_backpressure_256KiB_budget,2,77.9542,pools,1
driver,driver/body_backpressure_256KiB_budget,2,77.9542,prealloc_ms,9.433
driver,driver/body_backpressure_256KiB_budget,2,77.9542,report_span,0
driver,driver/body_backpressure_256KiB_budget,2,77.9542,requests,4
driver,driver/body_backpressure_256KiB_budget,2,77.9542,response_head_ms,3.702
driver,driver/body_backpressure_256KiB_budget,2,77.9542,response_heads,4
driver,driver/body_backpressure_256KiB_budget,2,77.9542,resumes,159
driver,driver/body_backpressure_256KiB_budget,2,77.9542,running_reports,1
driver,driver/body_backpressure_256KiB_budget,2,77.9542,served_bytes,12582912
driver,driver/body_backpressure_256KiB_budget,2,77.9542,submitted,4
driver,driver/body_backpressure_256KiB_budget,2,77.9542,to_first_report,70.245
driver,driver/body_backpressure_256KiB_budget,2,77.9542,total,70.248
driver,driver/body_backpressure_256KiB_budget,2,77.9542,unique_bytes,12582912
driver,driver/body_backpressure_256KiB_budget,2,77.9542,verified,1
driver,driver/body_backpressure_256KiB_budget,2,77.9542,writer_blocks,187
driver,driver/body_backpressure_256KiB_budget,2,77.9542,writer_bytes,12582912
driver,driver/body_backpressure_256KiB_budget,3,31.9687,active,0
driver,driver/body_backpressure_256KiB_budget,3,31.9687,avg_block_bytes,96052.76335877863
driver,driver/body_backpressure_256KiB_budget,3,31.9687,body_reads,773
driver,driver/body_backpressure_256KiB_budget,3,31.9687,body_wait_ms,3.017
driver,driver/body_backpressure_256KiB_budget,3,31.9687,cache_copied_bytes,12582912
driver,driver/body_backpressure_256KiB_budget,3,31.9687,cache_evicted_bytes,12582912
driver,driver/body_backpressure_256KiB_budget,3,31.9687,cancelled,0
driver,driver/body_backpressure_256KiB_budget,3,31.9687,checksum_ms,0
driver,driver/body_backpressure_256KiB_budget,3,31.9687,commands,136
driver,driver/body_backpressure_256KiB_budget,3,31.9687,completed,4
driver,driver/body_backpressure_256KiB_budget,3,31.9687,connections,4
driver,driver/body_backpressure_256KiB_budget,3,31.9687,cpu_ms,109.375
driver,driver/body_backpressure_256KiB_budget,3,31.9687,cpu_percent,342.1315223953429
driver,driver/body_backpressure_256KiB_budget,3,31.9687,distinct_ranges,4
driver,driver/body_backpressure_256KiB_budget,3,31.9687,duplicate_bytes,0
driver,driver/body_backpressure_256KiB_budget,3,31.9687,failed,0
driver,driver/body_backpressure_256KiB_budget,3,31.9687,file_bytes,12582912
driver,driver/body_backpressure_256KiB_budget,3,31.9687,finalize,0.01939999999999742
driver,driver/body_backpressure_256KiB_budget,3,31.9687,fsync_calls,1
driver,driver/body_backpressure_256KiB_budget,3,31.9687,fsync_ms,4.538
driver,driver/body_backpressure_256KiB_budget,3,31.9687,loops,30428
driver,driver/body_backpressure_256KiB_budget,3,31.9687,max_command_latency_ms,0.629
driver,driver/body_backpressure_256KiB_budget,3,31.9687,pauses,132
driver,driver/body_backpressure_256KiB_budget,3,31.9687,pools,1
driver,driver/body_backpressure_256KiB_budget,3,31.9687,prealloc_ms,8.352
driver,driver/body_backpressure_256KiB_budget,3,31.9687,report_span,0
driver,driver/body_backpressure_256KiB_budget,3,31.9687,requests,4
driver,driver/body_backpressure_256KiB_budget,3,31.9687,response_head_ms,4.139
driver,driver/body_backpressure_256KiB_budget,3,31.9687,response_heads,4
driver,driver/body_backpressure_256KiB_budget,3,31.9687,resumes,132
driver,driver/body_backpressure_256KiB_budget,3,31.9687,running_reports,1
driver,driver/body_backpressure_256KiB_budget,3,31.9687,served_bytes,12582912
driver,driver/body_backpressure_256KiB_budget,3,31.9687,submitted,4
driver,driver/body_backpressure_256KiB_budget,3,31.9687,to_first_report,23.978800000000003
driver,driver/body_backpressure_256KiB_budget,3,31.9687,total,23.9982
driver,driver/body_backpressure_256KiB_budget,3,31.9687,unique_bytes,12582912
driver,driver/body_backpressure_256KiB_budget,3,31.9687,verified,1
driver,driver/body_backpressure_256KiB_budget,3,31.9687,writer_blocks,131
driver,driver/body_backpressure_256KiB_budget,3,31.9687,writer_bytes,12582912
driver,driver/body_backpressure_256KiB_budget,4,48.6043,active,0
driver,driver/body_backpressure_256KiB_budget,4,48.6043,avg_block_bytes,57456.21917808219
driver,driver/body_backpressure_256KiB_budget,4,48.6043,body_reads,773
driver,driver/body_backpressure_256KiB_budget,4,48.6043,body_wait_ms,44.785
driver,driver/body_backpressure_256KiB_budget,4,48.6043,cache_copied_bytes,12582912
driver,driver/body_backpressure_256KiB_budget,4,48.6043,cache_evicted_bytes,12582912
driver,driver/body_backpressure_256KiB_budget,4,48.6043,cancelled,0
driver,driver/body_backpressure_256KiB_budget,4,48.6043,checksum_ms,0
driver,driver/body_backpressure_256KiB_budget,4,48.6043,commands,216
driver,driver/body_backpressure_256KiB_budget,4,48.6043,completed,4
driver,driver/body_backpressure_256KiB_budget,4,48.6043,connections,4
driver,driver/body_backpressure_256KiB_budget,4,48.6043,cpu_ms,93.75
driver,driver/body_backpressure_256KiB_budget,4,48.6043,cpu_percent,192.8841686846637
driver,driver/body_backpressure_256KiB_budget,4,48.6043,distinct_ranges,4
driver,driver/body_backpressure_256KiB_budget,4,48.6043,duplicate_bytes,0
driver,driver/body_backpressure_256KiB_budget,4,48.6043,failed,0
driver,driver/body_backpressure_256KiB_budget,4,48.6043,file_bytes,12582912
driver,driver/body_backpressure_256KiB_budget,4,48.6043,finalize,0.08190000000000452
driver,driver/body_backpressure_256KiB_budget,4,48.6043,fsync_calls,1
driver,driver/body_backpressure_256KiB_budget,4,48.6043,fsync_ms,4.318
driver,driver/body_backpressure_256KiB_budget,4,48.6043,loops,33878
driver,driver/body_backpressure_256KiB_budget,4,48.6043,max_command_latency_ms,13.886
driver,driver/body_backpressure_256KiB_budget,4,48.6043,pauses,212
driver,driver/body_backpressure_256KiB_budget,4,48.6043,pools,1
driver,driver/body_backpressure_256KiB_budget,4,48.6043,prealloc_ms,9.086
driver,driver/body_backpressure_256KiB_budget,4,48.6043,report_span,0
driver,driver/body_backpressure_256KiB_budget,4,48.6043,requests,4
driver,driver/body_backpressure_256KiB_budget,4,48.6043,response_head_ms,3.51
driver,driver/body_backpressure_256KiB_budget,4,48.6043,response_heads,4
driver,driver/body_backpressure_256KiB_budget,4,48.6043,resumes,212
driver,driver/body_backpressure_256KiB_budget,4,48.6043,running_reports,1
driver,driver/body_backpressure_256KiB_budget,4,48.6043,served_bytes,12582912
driver,driver/body_backpressure_256KiB_budget,4,48.6043,submitted,4
driver,driver/body_backpressure_256KiB_budget,4,48.6043,to_first_report,40.7024
driver,driver/body_backpressure_256KiB_budget,4,48.6043,total,40.7843
driver,driver/body_backpressure_256KiB_budget,4,48.6043,unique_bytes,12582912
driver,driver/body_backpressure_256KiB_budget,4,48.6043,verified,1
driver,driver/body_backpressure_256KiB_budget,4,48.6043,writer_blocks,219
driver,driver/body_backpressure_256KiB_budget,4,48.6043,writer_bytes,12582912
driver,driver/body_backpressure_256KiB_budget,5,47.0680,active,0
driver,driver/body_backpressure_256KiB_budget,5,47.0680,avg_block_bytes,87992.39160839161
driver,driver/body_backpressure_256KiB_budget,5,47.0680,body_reads,773
driver,driver/body_backpressure_256KiB_budget,5,47.0680,body_wait_ms,34.452
driver,driver/body_backpressure_256KiB_budget,5,47.0680,cache_copied_bytes,12582912
driver,driver/body_backpressure_256KiB_budget,5,47.0680,cache_evicted_bytes,12582912
driver,driver/body_backpressure_256KiB_budget,5,47.0680,cancelled,0
driver,driver/body_backpressure_256KiB_budget,5,47.0680,checksum_ms,0
driver,driver/body_backpressure_256KiB_budget,5,47.0680,commands,128
driver,driver/body_backpressure_256KiB_budget,5,47.0680,completed,4
driver,driver/body_backpressure_256KiB_budget,5,47.0680,connections,4
driver,driver/body_backpressure_256KiB_budget,5,47.0680,cpu_ms,31.25
driver,driver/body_backpressure_256KiB_budget,5,47.0680,cpu_percent,66.39330330585535
driver,driver/body_backpressure_256KiB_budget,5,47.0680,distinct_ranges,4
driver,driver/body_backpressure_256KiB_budget,5,47.0680,duplicate_bytes,0
driver,driver/body_backpressure_256KiB_budget,5,47.0680,failed,0
driver,driver/body_backpressure_256KiB_budget,5,47.0680,file_bytes,12582912
driver,driver/body_backpressure_256KiB_budget,5,47.0680,finalize,0.014500000000005286
driver,driver/body_backpressure_256KiB_budget,5,47.0680,fsync_calls,1
driver,driver/body_backpressure_256KiB_budget,5,47.0680,fsync_ms,4.367
driver,driver/body_backpressure_256KiB_budget,5,47.0680,loops,28646
driver,driver/body_backpressure_256KiB_budget,5,47.0680,max_command_latency_ms,15.807
driver,driver/body_backpressure_256KiB_budget,5,47.0680,pauses,124
driver,driver/body_backpressure_256KiB_budget,5,47.0680,pools,1
driver,driver/body_backpressure_256KiB_budget,5,47.0680,prealloc_ms,7.252
driver,driver/body_backpressure_256KiB_budget,5,47.0680,report_span,0
driver,driver/body_backpressure_256KiB_budget,5,47.0680,requests,4
driver,driver/body_backpressure_256KiB_budget,5,47.0680,response_head_ms,3.342
driver,driver/body_backpressure_256KiB_budget,5,47.0680,response_heads,4
driver,driver/body_backpressure_256KiB_budget,5,47.0680,resumes,124
driver,driver/body_backpressure_256KiB_budget,5,47.0680,running_reports,1
driver,driver/body_backpressure_256KiB_budget,5,47.0680,served_bytes,12582912
driver,driver/body_backpressure_256KiB_budget,5,47.0680,submitted,4
driver,driver/body_backpressure_256KiB_budget,5,47.0680,to_first_report,39.016099999999994
driver,driver/body_backpressure_256KiB_budget,5,47.0680,total,39.0306
driver,driver/body_backpressure_256KiB_budget,5,47.0680,unique_bytes,12582912
driver,driver/body_backpressure_256KiB_budget,5,47.0680,verified,1
driver,driver/body_backpressure_256KiB_budget,5,47.0680,writer_blocks,143
driver,driver/body_backpressure_256KiB_budget,5,47.0680,writer_bytes,12582912
driver,driver/body_backpressure_256KiB_budget,6,32.5673,active,0
driver,driver/body_backpressure_256KiB_budget,6,32.5673,avg_block_bytes,52211.25311203319
driver,driver/body_backpressure_256KiB_budget,6,32.5673,body_reads,774
driver,driver/body_backpressure_256KiB_budget,6,32.5673,body_wait_ms,5.463
driver,driver/body_backpressure_256KiB_budget,6,32.5673,cache_copied_bytes,12582912
driver,driver/body_backpressure_256KiB_budget,6,32.5673,cache_evicted_bytes,12582912
driver,driver/body_backpressure_256KiB_budget,6,32.5673,cancelled,0
driver,driver/body_backpressure_256KiB_budget,6,32.5673,checksum_ms,0
driver,driver/body_backpressure_256KiB_budget,6,32.5673,commands,205
driver,driver/body_backpressure_256KiB_budget,6,32.5673,completed,4
driver,driver/body_backpressure_256KiB_budget,6,32.5673,connections,4
driver,driver/body_backpressure_256KiB_budget,6,32.5673,cpu_ms,46.875
driver,driver/body_backpressure_256KiB_budget,6,32.5673,cpu_percent,143.93271778747393
driver,driver/body_backpressure_256KiB_budget,6,32.5673,distinct_ranges,4
driver,driver/body_backpressure_256KiB_budget,6,32.5673,duplicate_bytes,0
driver,driver/body_backpressure_256KiB_budget,6,32.5673,failed,0
driver,driver/body_backpressure_256KiB_budget,6,32.5673,file_bytes,12582912
driver,driver/body_backpressure_256KiB_budget,6,32.5673,finalize,0.026600000000001955
driver,driver/body_backpressure_256KiB_budget,6,32.5673,fsync_calls,1
driver,driver/body_backpressure_256KiB_budget,6,32.5673,fsync_ms,4.39
driver,driver/body_backpressure_256KiB_budget,6,32.5673,loops,26243
driver,driver/body_backpressure_256KiB_budget,6,32.5673,max_command_latency_ms,0.557
driver,driver/body_backpressure_256KiB_budget,6,32.5673,pauses,201
driver,driver/body_backpressure_256KiB_budget,6,32.5673,pools,1
driver,driver/body_backpressure_256KiB_budget,6,32.5673,prealloc_ms,7.404
driver,driver/body_backpressure_256KiB_budget,6,32.5673,report_span,0
driver,driver/body_backpressure_256KiB_budget,6,32.5673,requests,4
driver,driver/body_backpressure_256KiB_budget,6,32.5673,response_head_ms,2.985
driver,driver/body_backpressure_256KiB_budget,6,32.5673,response_heads,4
driver,driver/body_backpressure_256KiB_budget,6,32.5673,resumes,201
driver,driver/body_backpressure_256KiB_budget,6,32.5673,running_reports,1
driver,driver/body_backpressure_256KiB_budget,6,32.5673,served_bytes,12582912
driver,driver/body_backpressure_256KiB_budget,6,32.5673,submitted,4
driver,driver/body_backpressure_256KiB_budget,6,32.5673,to_first_report,23.477899999999998
driver,driver/body_backpressure_256KiB_budget,6,32.5673,total,23.5045
driver,driver/body_backpressure_256KiB_budget,6,32.5673,unique_bytes,12582912
driver,driver/body_backpressure_256KiB_budget,6,32.5673,verified,1
driver,driver/body_backpressure_256KiB_budget,6,32.5673,writer_blocks,241
driver,driver/body_backpressure_256KiB_budget,6,32.5673,writer_bytes,12582912
driver,driver/body_backpressure_256KiB_budget,7,61.8844,active,0
driver,driver/body_backpressure_256KiB_budget,7,61.8844,avg_block_bytes,66930.3829787234
driver,driver/body_backpressure_256KiB_budget,7,61.8844,body_reads,775
driver,driver/body_backpressure_256KiB_budget,7,61.8844,body_wait_ms,71.697
driver,driver/body_backpressure_256KiB_budget,7,61.8844,cache_copied_bytes,12582912
driver,driver/body_backpressure_256KiB_budget,7,61.8844,cache_evicted_bytes,12582912
driver,driver/body_backpressure_256KiB_budget,7,61.8844,cancelled,0
driver,driver/body_backpressure_256KiB_budget,7,61.8844,checksum_ms,0
driver,driver/body_backpressure_256KiB_budget,7,61.8844,commands,170
driver,driver/body_backpressure_256KiB_budget,7,61.8844,completed,4
driver,driver/body_backpressure_256KiB_budget,7,61.8844,connections,4
driver,driver/body_backpressure_256KiB_budget,7,61.8844,cpu_ms,125
driver,driver/body_backpressure_256KiB_budget,7,61.8844,cpu_percent,201.98951593616485
driver,driver/body_backpressure_256KiB_budget,7,61.8844,distinct_ranges,4
driver,driver/body_backpressure_256KiB_budget,7,61.8844,duplicate_bytes,0
driver,driver/body_backpressure_256KiB_budget,7,61.8844,failed,0
driver,driver/body_backpressure_256KiB_budget,7,61.8844,file_bytes,12582912
driver,driver/body_backpressure_256KiB_budget,7,61.8844,finalize,0.02949999999999875
driver,driver/body_backpressure_256KiB_budget,7,61.8844,fsync_calls,1
driver,driver/body_backpressure_256KiB_budget,7,61.8844,fsync_ms,4.073
driver,driver/body_backpressure_256KiB_budget,7,61.8844,loops,28931
driver,driver/body_backpressure_256KiB_budget,7,61.8844,max_command_latency_ms,14.131
driver,driver/body_backpressure_256KiB_budget,7,61.8844,pauses,166
driver,driver/body_backpressure_256KiB_budget,7,61.8844,pools,1
driver,driver/body_backpressure_256KiB_budget,7,61.8844,prealloc_ms,8.142
driver,driver/body_backpressure_256KiB_budget,7,61.8844,report_span,0
driver,driver/body_backpressure_256KiB_budget,7,61.8844,requests,4
driver,driver/body_backpressure_256KiB_budget,7,61.8844,response_head_ms,4.32
driver,driver/body_backpressure_256KiB_budget,7,61.8844,response_heads,4
driver,driver/body_backpressure_256KiB_budget,7,61.8844,resumes,166
driver,driver/body_backpressure_256KiB_budget,7,61.8844,running_reports,1
driver,driver/body_backpressure_256KiB_budget,7,61.8844,served_bytes,12582912
driver,driver/body_backpressure_256KiB_budget,7,61.8844,submitted,4
driver,driver/body_backpressure_256KiB_budget,7,61.8844,to_first_report,52.8185
driver,driver/body_backpressure_256KiB_budget,7,61.8844,total,52.848
driver,driver/body_backpressure_256KiB_budget,7,61.8844,unique_bytes,12582912
driver,driver/body_backpressure_256KiB_budget,7,61.8844,verified,1
driver,driver/body_backpressure_256KiB_budget,7,61.8844,writer_blocks,188
driver,driver/body_backpressure_256KiB_budget,7,61.8844,writer_bytes,12582912
driver,driver/body_backpressure_256KiB_budget,8,71.2339,active,0
driver,driver/body_backpressure_256KiB_budget,8,71.2339,avg_block_bytes,93206.75555555556
driver,driver/body_backpressure_256KiB_budget,8,71.2339,body_reads,777
driver,driver/body_backpressure_256KiB_budget,8,71.2339,body_wait_ms,44.115
driver,driver/body_backpressure_256KiB_budget,8,71.2339,cache_copied_bytes,12582912
driver,driver/body_backpressure_256KiB_budget,8,71.2339,cache_evicted_bytes,12582912
driver,driver/body_backpressure_256KiB_budget,8,71.2339,cancelled,0
driver,driver/body_backpressure_256KiB_budget,8,71.2339,checksum_ms,0
driver,driver/body_backpressure_256KiB_budget,8,71.2339,commands,117
driver,driver/body_backpressure_256KiB_budget,8,71.2339,completed,4
driver,driver/body_backpressure_256KiB_budget,8,71.2339,connections,4
driver,driver/body_backpressure_256KiB_budget,8,71.2339,cpu_ms,140.625
driver,driver/body_backpressure_256KiB_budget,8,71.2339,cpu_percent,197.41302947051895
driver,driver/body_backpressure_256KiB_budget,8,71.2339,distinct_ranges,4
driver,driver/body_backpressure_256KiB_budget,8,71.2339,duplicate_bytes,0
driver,driver/body_backpressure_256KiB_budget,8,71.2339,failed,0
driver,driver/body_backpressure_256KiB_budget,8,71.2339,file_bytes,12582912
driver,driver/body_backpressure_256KiB_budget,8,71.2339,finalize,0.0020000000000024443
driver,driver/body_backpressure_256KiB_budget,8,71.2339,fsync_calls,1
driver,driver/body_backpressure_256KiB_budget,8,71.2339,fsync_ms,4.455
driver,driver/body_backpressure_256KiB_budget,8,71.2339,loops,28733
driver,driver/body_backpressure_256KiB_budget,8,71.2339,max_command_latency_ms,0.424
driver,driver/body_backpressure_256KiB_budget,8,71.2339,pauses,113
driver,driver/body_backpressure_256KiB_budget,8,71.2339,pools,1
driver,driver/body_backpressure_256KiB_budget,8,71.2339,prealloc_ms,7.675
driver,driver/body_backpressure_256KiB_budget,8,71.2339,report_span,0
driver,driver/body_backpressure_256KiB_budget,8,71.2339,requests,4
driver,driver/body_backpressure_256KiB_budget,8,71.2339,response_head_ms,3.683
driver,driver/body_backpressure_256KiB_budget,8,71.2339,response_heads,4
driver,driver/body_backpressure_256KiB_budget,8,71.2339,resumes,113
driver,driver/body_backpressure_256KiB_budget,8,71.2339,running_reports,1
driver,driver/body_backpressure_256KiB_budget,8,71.2339,served_bytes,12582912
driver,driver/body_backpressure_256KiB_budget,8,71.2339,submitted,4
driver,driver/body_backpressure_256KiB_budget,8,71.2339,to_first_report,63.514100000000006
driver,driver/body_backpressure_256KiB_budget,8,71.2339,total,63.51610000000001
driver,driver/body_backpressure_256KiB_budget,8,71.2339,unique_bytes,12582912
driver,driver/body_backpressure_256KiB_budget,8,71.2339,verified,1
driver,driver/body_backpressure_256KiB_budget,8,71.2339,writer_blocks,135
driver,driver/body_backpressure_256KiB_budget,8,71.2339,writer_bytes,12582912
driver,driver/body_backpressure_256KiB_budget,9,79.7777,active,0
driver,driver/body_backpressure_256KiB_budget,9,79.7777,avg_block_bytes,54236.68965517241
driver,driver/body_backpressure_256KiB_budget,9,79.7777,body_reads,777
driver,driver/body_backpressure_256KiB_budget,9,79.7777,body_wait_ms,125.911
driver,driver/body_backpressure_256KiB_budget,9,79.7777,cache_copied_bytes,12582912
driver,driver/body_backpressure_256KiB_budget,9,79.7777,cache_evicted_bytes,12582912
driver,driver/body_backpressure_256KiB_budget,9,79.7777,cancelled,0
driver,driver/body_backpressure_256KiB_budget,9,79.7777,checksum_ms,0
driver,driver/body_backpressure_256KiB_budget,9,79.7777,commands,220
driver,driver/body_backpressure_256KiB_budget,9,79.7777,completed,4
driver,driver/body_backpressure_256KiB_budget,9,79.7777,connections,4
driver,driver/body_backpressure_256KiB_budget,9,79.7777,cpu_ms,78.125
driver,driver/body_backpressure_256KiB_budget,9,79.7777,cpu_percent,97.92836845384112
driver,driver/body_backpressure_256KiB_budget,9,79.7777,distinct_ranges,4
driver,driver/body_backpressure_256KiB_budget,9,79.7777,duplicate_bytes,0
driver,driver/body_backpressure_256KiB_budget,9,79.7777,failed,0
driver,driver/body_backpressure_256KiB_budget,9,79.7777,file_bytes,12582912
driver,driver/body_backpressure_256KiB_budget,9,79.7777,fsync_calls,1
driver,driver/body_backpressure_256KiB_budget,9,79.7777,fsync_ms,4.317
driver,driver/body_backpressure_256KiB_budget,9,79.7777,loops,32184
driver,driver/body_backpressure_256KiB_budget,9,79.7777,max_command_latency_ms,20.609
driver,driver/body_backpressure_256KiB_budget,9,79.7777,pauses,216
driver,driver/body_backpressure_256KiB_budget,9,79.7777,pools,1
driver,driver/body_backpressure_256KiB_budget,9,79.7777,prealloc_ms,8.79
driver,driver/body_backpressure_256KiB_budget,9,79.7777,requests,4
driver,driver/body_backpressure_256KiB_budget,9,79.7777,response_head_ms,3.99
driver,driver/body_backpressure_256KiB_budget,9,79.7777,response_heads,4
driver,driver/body_backpressure_256KiB_budget,9,79.7777,resumes,216
driver,driver/body_backpressure_256KiB_budget,9,79.7777,running_reports,0
driver,driver/body_backpressure_256KiB_budget,9,79.7777,served_bytes,12582912
driver,driver/body_backpressure_256KiB_budget,9,79.7777,submitted,4
driver,driver/body_backpressure_256KiB_budget,9,79.7777,total,71.4083
driver,driver/body_backpressure_256KiB_budget,9,79.7777,unique_bytes,12582912
driver,driver/body_backpressure_256KiB_budget,9,79.7777,verified,1
driver,driver/body_backpressure_256KiB_budget,9,79.7777,writer_blocks,232
driver,driver/body_backpressure_256KiB_budget,9,79.7777,writer_bytes,12582912
driver,driver/idle_pool_loop_rate,0,372.8235,active,0
driver,driver/idle_pool_loop_rate,0,372.8235,cancelled,0
driver,driver/idle_pool_loop_rate,0,372.8235,commands,13
driver,driver/idle_pool_loop_rate,0,372.8235,completed,4
driver,driver/idle_pool_loop_rate,0,372.8235,connections,4
driver,driver/idle_pool_loop_rate,0,372.8235,cpu_ms,46.875
driver,driver/idle_pool_loop_rate,0,372.8235,cpu_percent,12.572973538416973
driver,driver/idle_pool_loop_rate,0,372.8235,idle_loops,0
driver,driver/idle_pool_loop_rate,0,372.8235,idle_loops_per_sec,0
driver,driver/idle_pool_loop_rate,0,372.8235,loops,22275
driver,driver/idle_pool_loop_rate,0,372.8235,max_command_latency_ms,15.835
driver,driver/idle_pool_loop_rate,0,372.8235,pauses,9
driver,driver/idle_pool_loop_rate,0,372.8235,pools,1
driver,driver/idle_pool_loop_rate,0,372.8235,resumes,9
driver,driver/idle_pool_loop_rate,0,372.8235,submitted,4
driver,driver/idle_pool_loop_rate,0,372.8235,total,300.5119
driver,driver/idle_pool_loop_rate,1,373.4386,active,0
driver,driver/idle_pool_loop_rate,1,373.4386,cancelled,0
driver,driver/idle_pool_loop_rate,1,373.4386,commands,23
driver,driver/idle_pool_loop_rate,1,373.4386,completed,4
driver,driver/idle_pool_loop_rate,1,373.4386,connections,4
driver,driver/idle_pool_loop_rate,1,373.4386,cpu_ms,93.75
driver,driver/idle_pool_loop_rate,1,373.4386,cpu_percent,25.104528562392854
driver,driver/idle_pool_loop_rate,1,373.4386,idle_loops,0
driver,driver/idle_pool_loop_rate,1,373.4386,idle_loops_per_sec,0
driver,driver/idle_pool_loop_rate,1,373.4386,loops,46548
driver,driver/idle_pool_loop_rate,1,373.4386,max_command_latency_ms,22.106
driver,driver/idle_pool_loop_rate,1,373.4386,pauses,19
driver,driver/idle_pool_loop_rate,1,373.4386,pools,1
driver,driver/idle_pool_loop_rate,1,373.4386,resumes,19
driver,driver/idle_pool_loop_rate,1,373.4386,submitted,4
driver,driver/idle_pool_loop_rate,1,373.4386,total,310.94149999999996
driver,driver/idle_pool_loop_rate,2,375.3530,active,0
driver,driver/idle_pool_loop_rate,2,375.3530,cancelled,0
driver,driver/idle_pool_loop_rate,2,375.3530,commands,26
driver,driver/idle_pool_loop_rate,2,375.3530,completed,4
driver,driver/idle_pool_loop_rate,2,375.3530,connections,4
driver,driver/idle_pool_loop_rate,2,375.3530,cpu_ms,46.875
driver,driver/idle_pool_loop_rate,2,375.3530,cpu_percent,12.488244399272151
driver,driver/idle_pool_loop_rate,2,375.3530,idle_loops,0
driver,driver/idle_pool_loop_rate,2,375.3530,idle_loops_per_sec,0
driver,driver/idle_pool_loop_rate,2,375.3530,loops,42155
driver,driver/idle_pool_loop_rate,2,375.3530,max_command_latency_ms,21.815
driver,driver/idle_pool_loop_rate,2,375.3530,pauses,22
driver,driver/idle_pool_loop_rate,2,375.3530,pools,1
driver,driver/idle_pool_loop_rate,2,375.3530,resumes,22
driver,driver/idle_pool_loop_rate,2,375.3530,submitted,4
driver,driver/idle_pool_loop_rate,2,375.3530,total,301.7037
driver,driver/idle_pool_loop_rate,3,392.0604,active,0
driver,driver/idle_pool_loop_rate,3,392.0604,cancelled,0
driver,driver/idle_pool_loop_rate,3,392.0604,commands,14
driver,driver/idle_pool_loop_rate,3,392.0604,completed,4
driver,driver/idle_pool_loop_rate,3,392.0604,connections,4
driver,driver/idle_pool_loop_rate,3,392.0604,cpu_ms,62.5
driver,driver/idle_pool_loop_rate,3,392.0604,cpu_percent,15.941421270804193
driver,driver/idle_pool_loop_rate,3,392.0604,idle_loops,0
driver,driver/idle_pool_loop_rate,3,392.0604,idle_loops_per_sec,0
driver,driver/idle_pool_loop_rate,3,392.0604,loops,43959
driver,driver/idle_pool_loop_rate,3,392.0604,max_command_latency_ms,20.099
driver,driver/idle_pool_loop_rate,3,392.0604,pauses,10
driver,driver/idle_pool_loop_rate,3,392.0604,pools,1
driver,driver/idle_pool_loop_rate,3,392.0604,resumes,10
driver,driver/idle_pool_loop_rate,3,392.0604,submitted,4
driver,driver/idle_pool_loop_rate,3,392.0604,total,317.181
driver,driver/idle_pool_loop_rate,4,384.8057,active,0
driver,driver/idle_pool_loop_rate,4,384.8057,cancelled,0
driver,driver/idle_pool_loop_rate,4,384.8057,commands,29
driver,driver/idle_pool_loop_rate,4,384.8057,completed,4
driver,driver/idle_pool_loop_rate,4,384.8057,connections,4
driver,driver/idle_pool_loop_rate,4,384.8057,cpu_ms,15.625
driver,driver/idle_pool_loop_rate,4,384.8057,cpu_percent,4.060490787948308
driver,driver/idle_pool_loop_rate,4,384.8057,idle_loops,0
driver,driver/idle_pool_loop_rate,4,384.8057,idle_loops_per_sec,0
driver,driver/idle_pool_loop_rate,4,384.8057,loops,48735
driver,driver/idle_pool_loop_rate,4,384.8057,max_command_latency_ms,18.954
driver,driver/idle_pool_loop_rate,4,384.8057,pauses,25
driver,driver/idle_pool_loop_rate,4,384.8057,pools,1
driver,driver/idle_pool_loop_rate,4,384.8057,resumes,25
driver,driver/idle_pool_loop_rate,4,384.8057,submitted,4
driver,driver/idle_pool_loop_rate,4,384.8057,total,313.3399
driver,driver/idle_pool_loop_rate,5,436.4894,active,0
driver,driver/idle_pool_loop_rate,5,436.4894,cancelled,0
driver,driver/idle_pool_loop_rate,5,436.4894,commands,12
driver,driver/idle_pool_loop_rate,5,436.4894,completed,4
driver,driver/idle_pool_loop_rate,5,436.4894,connections,4
driver,driver/idle_pool_loop_rate,5,436.4894,cpu_ms,78.125
driver,driver/idle_pool_loop_rate,5,436.4894,cpu_percent,17.898487340127847
driver,driver/idle_pool_loop_rate,5,436.4894,idle_loops,0
driver,driver/idle_pool_loop_rate,5,436.4894,idle_loops_per_sec,0
driver,driver/idle_pool_loop_rate,5,436.4894,loops,49991
driver,driver/idle_pool_loop_rate,5,436.4894,max_command_latency_ms,15.033
driver,driver/idle_pool_loop_rate,5,436.4894,pauses,8
driver,driver/idle_pool_loop_rate,5,436.4894,pools,1
driver,driver/idle_pool_loop_rate,5,436.4894,resumes,8
driver,driver/idle_pool_loop_rate,5,436.4894,submitted,4
driver,driver/idle_pool_loop_rate,5,436.4894,total,316.2102
driver,driver/idle_pool_loop_rate,6,389.9306,active,0
driver,driver/idle_pool_loop_rate,6,389.9306,cancelled,0
driver,driver/idle_pool_loop_rate,6,389.9306,commands,21
driver,driver/idle_pool_loop_rate,6,389.9306,completed,4
driver,driver/idle_pool_loop_rate,6,389.9306,connections,4
driver,driver/idle_pool_loop_rate,6,389.9306,cpu_ms,78.125
driver,driver/idle_pool_loop_rate,6,389.9306,cpu_percent,20.035616594337554
driver,driver/idle_pool_loop_rate,6,389.9306,idle_loops,0
driver,driver/idle_pool_loop_rate,6,389.9306,idle_loops_per_sec,0
driver,driver/idle_pool_loop_rate,6,389.9306,loops,50334
driver,driver/idle_pool_loop_rate,6,389.9306,max_command_latency_ms,19.796
driver,driver/idle_pool_loop_rate,6,389.9306,pauses,17
driver,driver/idle_pool_loop_rate,6,389.9306,pools,1
driver,driver/idle_pool_loop_rate,6,389.9306,resumes,17
driver,driver/idle_pool_loop_rate,6,389.9306,submitted,4
driver,driver/idle_pool_loop_rate,6,389.9306,total,314.0686
driver,driver/idle_pool_loop_rate,7,390.0236,active,0
driver,driver/idle_pool_loop_rate,7,390.0236,cancelled,0
driver,driver/idle_pool_loop_rate,7,390.0236,commands,16
driver,driver/idle_pool_loop_rate,7,390.0236,completed,4
driver,driver/idle_pool_loop_rate,7,390.0236,connections,4
driver,driver/idle_pool_loop_rate,7,390.0236,cpu_ms,15.625
driver,driver/idle_pool_loop_rate,7,390.0236,cpu_percent,4.006167831895301
driver,driver/idle_pool_loop_rate,7,390.0236,idle_loops,0
driver,driver/idle_pool_loop_rate,7,390.0236,idle_loops_per_sec,0
driver,driver/idle_pool_loop_rate,7,390.0236,loops,42882
driver,driver/idle_pool_loop_rate,7,390.0236,max_command_latency_ms,22.836
driver,driver/idle_pool_loop_rate,7,390.0236,pauses,12
driver,driver/idle_pool_loop_rate,7,390.0236,pools,1
driver,driver/idle_pool_loop_rate,7,390.0236,resumes,12
driver,driver/idle_pool_loop_rate,7,390.0236,submitted,4
driver,driver/idle_pool_loop_rate,7,390.0236,total,317.01390000000004
driver,driver/idle_pool_loop_rate,8,392.6964,active,0
driver,driver/idle_pool_loop_rate,8,392.6964,cancelled,0
driver,driver/idle_pool_loop_rate,8,392.6964,commands,16
driver,driver/idle_pool_loop_rate,8,392.6964,completed,4
driver,driver/idle_pool_loop_rate,8,392.6964,connections,4
driver,driver/idle_pool_loop_rate,8,392.6964,cpu_ms,31.25
driver,driver/idle_pool_loop_rate,8,392.6964,cpu_percent,7.95780149754365
driver,driver/idle_pool_loop_rate,8,392.6964,idle_loops,0
driver,driver/idle_pool_loop_rate,8,392.6964,idle_loops_per_sec,0
driver,driver/idle_pool_loop_rate,8,392.6964,loops,42946
driver,driver/idle_pool_loop_rate,8,392.6964,max_command_latency_ms,15.316
driver,driver/idle_pool_loop_rate,8,392.6964,pauses,12
driver,driver/idle_pool_loop_rate,8,392.6964,pools,1
driver,driver/idle_pool_loop_rate,8,392.6964,resumes,12
driver,driver/idle_pool_loop_rate,8,392.6964,submitted,4
driver,driver/idle_pool_loop_rate,8,392.6964,total,315.4153
driver,driver/idle_pool_loop_rate,9,386.7647,active,0
driver,driver/idle_pool_loop_rate,9,386.7647,cancelled,0
driver,driver/idle_pool_loop_rate,9,386.7647,commands,16
driver,driver/idle_pool_loop_rate,9,386.7647,completed,4
driver,driver/idle_pool_loop_rate,9,386.7647,connections,4
driver,driver/idle_pool_loop_rate,9,386.7647,cpu_ms,62.5
driver,driver/idle_pool_loop_rate,9,386.7647,cpu_percent,16.15969606326534
driver,driver/idle_pool_loop_rate,9,386.7647,idle_loops,0
driver,driver/idle_pool_loop_rate,9,386.7647,idle_loops_per_sec,0
driver,driver/idle_pool_loop_rate,9,386.7647,loops,47807
driver,driver/idle_pool_loop_rate,9,386.7647,max_command_latency_ms,15.682
driver,driver/idle_pool_loop_rate,9,386.7647,pauses,12
driver,driver/idle_pool_loop_rate,9,386.7647,pools,1
driver,driver/idle_pool_loop_rate,9,386.7647,resumes,12
driver,driver/idle_pool_loop_rate,9,386.7647,submitted,4
driver,driver/idle_pool_loop_rate,9,386.7647,total,311.3908
driver,driver/two_origins_one_idle_pool,0,429.4357,active,0
driver,driver/two_origins_one_idle_pool,0,429.4357,cancelled,0
driver,driver/two_origins_one_idle_pool,0,429.4357,commands,106
driver,driver/two_origins_one_idle_pool,0,429.4357,completed,8
driver,driver/two_origins_one_idle_pool,0,429.4357,connections,8
driver,driver/two_origins_one_idle_pool,0,429.4357,cpu_ms,46.875
driver,driver/two_origins_one_idle_pool,0,429.4357,cpu_percent,10.915487464130253
driver,driver/two_origins_one_idle_pool,0,429.4357,idle_loops,0
driver,driver/two_origins_one_idle_pool,0,429.4357,idle_loops_per_sec,0
driver,driver/two_origins_one_idle_pool,0,429.4357,loops,63396
driver,driver/two_origins_one_idle_pool,0,429.4357,max_command_latency_ms,19.145
driver,driver/two_origins_one_idle_pool,0,429.4357,pauses,98
driver,driver/two_origins_one_idle_pool,0,429.4357,pools,2
driver,driver/two_origins_one_idle_pool,0,429.4357,resumes,98
driver,driver/two_origins_one_idle_pool,0,429.4357,submitted,8
driver,driver/two_origins_one_idle_pool,0,429.4357,total,315.6275
driver,driver/two_origins_one_idle_pool,1,450.3356,active,0
driver,driver/two_origins_one_idle_pool,1,450.3356,cancelled,0
driver,driver/two_origins_one_idle_pool,1,450.3356,commands,59
driver,driver/two_origins_one_idle_pool,1,450.3356,completed,8
driver,driver/two_origins_one_idle_pool,1,450.3356,connections,8
driver,driver/two_origins_one_idle_pool,1,450.3356,cpu_ms,156.25
driver,driver/two_origins_one_idle_pool,1,450.3356,cpu_percent,34.69634645806372
driver,driver/two_origins_one_idle_pool,1,450.3356,idle_loops,0
driver,driver/two_origins_one_idle_pool,1,450.3356,idle_loops_per_sec,0
driver,driver/two_origins_one_idle_pool,1,450.3356,loops,92686
driver,driver/two_origins_one_idle_pool,1,450.3356,max_command_latency_ms,14.405
driver,driver/two_origins_one_idle_pool,1,450.3356,pauses,51
driver,driver/two_origins_one_idle_pool,1,450.3356,pools,2
driver,driver/two_origins_one_idle_pool,1,450.3356,resumes,51
driver,driver/two_origins_one_idle_pool,1,450.3356,submitted,8
driver,driver/two_origins_one_idle_pool,1,450.3356,total,315.5142
driver,driver/two_origins_one_idle_pool,2,439.2792,active,0
driver,driver/two_origins_one_idle_pool,2,439.2792,cancelled,0
driver,driver/two_origins_one_idle_pool,2,439.2792,commands,47
driver,driver/two_origins_one_idle_pool,2,439.2792,completed,8
driver,driver/two_origins_one_idle_pool,2,439.2792,connections,8
driver,driver/two_origins_one_idle_pool,2,439.2792,cpu_ms,359.375
driver,driver/two_origins_one_idle_pool,2,439.2792,cpu_percent,81.81015627418735
driver,driver/two_origins_one_idle_pool,2,439.2792,idle_loops,0
driver,driver/two_origins_one_idle_pool,2,439.2792,idle_loops_per_sec,0
driver,driver/two_origins_one_idle_pool,2,439.2792,loops,66181
driver,driver/two_origins_one_idle_pool,2,439.2792,max_command_latency_ms,21.88
driver,driver/two_origins_one_idle_pool,2,439.2792,pauses,39
driver,driver/two_origins_one_idle_pool,2,439.2792,pools,2
driver,driver/two_origins_one_idle_pool,2,439.2792,resumes,39
driver,driver/two_origins_one_idle_pool,2,439.2792,submitted,8
driver,driver/two_origins_one_idle_pool,2,439.2792,total,315.7992
driver,driver/two_origins_one_idle_pool,3,419.8195,active,0
driver,driver/two_origins_one_idle_pool,3,419.8195,cancelled,0
driver,driver/two_origins_one_idle_pool,3,419.8195,commands,35
driver,driver/two_origins_one_idle_pool,3,419.8195,completed,8
driver,driver/two_origins_one_idle_pool,3,419.8195,connections,8
driver,driver/two_origins_one_idle_pool,3,419.8195,cpu_ms,46.875
driver,driver/two_origins_one_idle_pool,3,419.8195,cpu_percent,11.165512797761895
driver,driver/two_origins_one_idle_pool,3,419.8195,idle_loops,0
driver,driver/two_origins_one_idle_pool,3,419.8195,idle_loops_per_sec,0
driver,driver/two_origins_one_idle_pool,3,419.8195,loops,68411
driver,driver/two_origins_one_idle_pool,3,419.8195,max_command_latency_ms,21.07
driver,driver/two_origins_one_idle_pool,3,419.8195,pauses,27
driver,driver/two_origins_one_idle_pool,3,419.8195,pools,2
driver,driver/two_origins_one_idle_pool,3,419.8195,resumes,27
driver,driver/two_origins_one_idle_pool,3,419.8195,submitted,8
driver,driver/two_origins_one_idle_pool,3,419.8195,total,311.9155
driver,driver/two_origins_one_idle_pool,4,422.6661,active,0
driver,driver/two_origins_one_idle_pool,4,422.6661,cancelled,0
driver,driver/two_origins_one_idle_pool,4,422.6661,commands,53
driver,driver/two_origins_one_idle_pool,4,422.6661,completed,8
driver,driver/two_origins_one_idle_pool,4,422.6661,connections,8
driver,driver/two_origins_one_idle_pool,4,422.6661,cpu_ms,156.25
driver,driver/two_origins_one_idle_pool,4,422.6661,cpu_percent,36.96771517753612
driver,driver/two_origins_one_idle_pool,4,422.6661,idle_loops,0
driver,driver/two_origins_one_idle_pool,4,422.6661,idle_loops_per_sec,0
driver,driver/two_origins_one_idle_pool,4,422.6661,loops,98275
driver,driver/two_origins_one_idle_pool,4,422.6661,max_command_latency_ms,21.127
driver,driver/two_origins_one_idle_pool,4,422.6661,pauses,45
driver,driver/two_origins_one_idle_pool,4,422.6661,pools,2
driver,driver/two_origins_one_idle_pool,4,422.6661,resumes,45
driver,driver/two_origins_one_idle_pool,4,422.6661,submitted,8
driver,driver/two_origins_one_idle_pool,4,422.6661,total,302.668
driver,driver/two_origins_one_idle_pool,5,422.7665,active,0
driver,driver/two_origins_one_idle_pool,5,422.7665,cancelled,0
driver,driver/two_origins_one_idle_pool,5,422.7665,commands,44
driver,driver/two_origins_one_idle_pool,5,422.7665,completed,8
driver,driver/two_origins_one_idle_pool,5,422.7665,connections,8
driver,driver/two_origins_one_idle_pool,5,422.7665,cpu_ms,296.875
driver,driver/two_origins_one_idle_pool,5,422.7665,cpu_percent,70.22197832609727
driver,driver/two_origins_one_idle_pool,5,422.7665,idle_loops,0
driver,driver/two_origins_one_idle_pool,5,422.7665,idle_loops_per_sec,0
driver,driver/two_origins_one_idle_pool,5,422.7665,loops,102026
driver,driver/two_origins_one_idle_pool,5,422.7665,max_command_latency_ms,20.934
driver,driver/two_origins_one_idle_pool,5,422.7665,pauses,36
driver,driver/two_origins_one_idle_pool,5,422.7665,pools,2
driver,driver/two_origins_one_idle_pool,5,422.7665,resumes,36
driver,driver/two_origins_one_idle_pool,5,422.7665,submitted,8
driver,driver/two_origins_one_idle_pool,5,422.7665,total,303.183
driver,driver/two_origins_one_idle_pool,6,419.0249,active,0
driver,driver/two_origins_one_idle_pool,6,419.0249,cancelled,0
driver,driver/two_origins_one_idle_pool,6,419.0249,commands,34
driver,driver/two_origins_one_idle_pool,6,419.0249,completed,8
driver,driver/two_origins_one_idle_pool,6,419.0249,connections,8
driver,driver/two_origins_one_idle_pool,6,419.0249,cpu_ms,140.625
driver,driver/two_origins_one_idle_pool,6,419.0249,cpu_percent,33.56005812542405
driver,driver/two_origins_one_idle_pool,6,419.0249,idle_loops,0
driver,driver/two_origins_one_idle_pool,6,419.0249,idle_loops_per_sec,0
driver,driver/two_origins_one_idle_pool,6,419.0249,loops,62068
driver,driver/two_origins_one_idle_pool,6,419.0249,max_command_latency_ms,14.545
driver,driver/two_origins_one_idle_pool,6,419.0249,pauses,26
driver,driver/two_origins_one_idle_pool,6,419.0249,pools,2
driver,driver/two_origins_one_idle_pool,6,419.0249,resumes,26
driver,driver/two_origins_one_idle_pool,6,419.0249,submitted,8
driver,driver/two_origins_one_idle_pool,6,419.0249,total,313.3649
driver,driver/two_origins_one_idle_pool,7,447.9525,active,0
driver,driver/two_origins_one_idle_pool,7,447.9525,cancelled,0
driver,driver/two_origins_one_idle_pool,7,447.9525,commands,42
driver,driver/two_origins_one_idle_pool,7,447.9525,completed,8
driver,driver/two_origins_one_idle_pool,7,447.9525,connections,8
driver,driver/two_origins_one_idle_pool,7,447.9525,cpu_ms,156.25
driver,driver/two_origins_one_idle_pool,7,447.9525,cpu_percent,34.8809304557961
driver,driver/two_origins_one_idle_pool,7,447.9525,idle_loops,0
driver,driver/two_origins_one_idle_pool,7,447.9525,idle_loops_per_sec,0
driver,driver/two_origins_one_idle_pool,7,447.9525,loops,67029
driver,driver/two_origins_one_idle_pool,7,447.9525,max_command_latency_ms,21.351
driver,driver/two_origins_one_idle_pool,7,447.9525,pauses,34
driver,driver/two_origins_one_idle_pool,7,447.9525,pools,2
driver,driver/two_origins_one_idle_pool,7,447.9525,resumes,34
driver,driver/two_origins_one_idle_pool,7,447.9525,submitted,8
driver,driver/two_origins_one_idle_pool,7,447.9525,total,311.229
driver,driver/two_origins_one_idle_pool,8,390.8533,active,0
driver,driver/two_origins_one_idle_pool,8,390.8533,cancelled,0
driver,driver/two_origins_one_idle_pool,8,390.8533,commands,72
driver,driver/two_origins_one_idle_pool,8,390.8533,completed,8
driver,driver/two_origins_one_idle_pool,8,390.8533,connections,8
driver,driver/two_origins_one_idle_pool,8,390.8533,cpu_ms,125
driver,driver/two_origins_one_idle_pool,8,390.8533,cpu_percent,31.981308588158267
driver,driver/two_origins_one_idle_pool,8,390.8533,idle_loops,0
driver,driver/two_origins_one_idle_pool,8,390.8533,idle_loops_per_sec,0
driver,driver/two_origins_one_idle_pool,8,390.8533,loops,78252
driver,driver/two_origins_one_idle_pool,8,390.8533,max_command_latency_ms,22.036
driver,driver/two_origins_one_idle_pool,8,390.8533,pauses,64
driver,driver/two_origins_one_idle_pool,8,390.8533,pools,2
driver,driver/two_origins_one_idle_pool,8,390.8533,resumes,64
driver,driver/two_origins_one_idle_pool,8,390.8533,submitted,8
driver,driver/two_origins_one_idle_pool,8,390.8533,total,301.87039999999996
driver,driver/two_origins_one_idle_pool,9,404.3782,active,0
driver,driver/two_origins_one_idle_pool,9,404.3782,cancelled,0
driver,driver/two_origins_one_idle_pool,9,404.3782,commands,29
driver,driver/two_origins_one_idle_pool,9,404.3782,completed,8
driver,driver/two_origins_one_idle_pool,9,404.3782,connections,8
driver,driver/two_origins_one_idle_pool,9,404.3782,cpu_ms,140.625
driver,driver/two_origins_one_idle_pool,9,404.3782,cpu_percent,34.77561352219284
driver,driver/two_origins_one_idle_pool,9,404.3782,idle_loops,0
driver,driver/two_origins_one_idle_pool,9,404.3782,idle_loops_per_sec,0
driver,driver/two_origins_one_idle_pool,9,404.3782,loops,48124
driver,driver/two_origins_one_idle_pool,9,404.3782,max_command_latency_ms,13.532
driver,driver/two_origins_one_idle_pool,9,404.3782,pauses,21
driver,driver/two_origins_one_idle_pool,9,404.3782,pools,2
driver,driver/two_origins_one_idle_pool,9,404.3782,resumes,21
driver,driver/two_origins_one_idle_pool,9,404.3782,submitted,8
driver,driver/two_origins_one_idle_pool,9,404.3782,total,301.0371
driver,driver/cancel_latency,0,51.4913,active,0
driver,driver/cancel_latency,0,51.4913,cancel_ms,39.6197
driver,driver/cancel_latency,0,51.4913,cancelled,1
driver,driver/cancel_latency,0,51.4913,commands,2
driver,driver/cancel_latency,0,51.4913,completed,0
driver,driver/cancel_latency,0,51.4913,connections,0
driver,driver/cancel_latency,0,51.4913,cpu_ms,31.25
driver,driver/cancel_latency,0,51.4913,cpu_percent,60.68986411296666
driver,driver/cancel_latency,0,51.4913,file_bytes,0
driver,driver/cancel_latency,0,51.4913,loops,6
driver,driver/cancel_latency,0,51.4913,max_command_latency_ms,0.274
driver,driver/cancel_latency,0,51.4913,pauses,0
driver,driver/cancel_latency,0,51.4913,pools,1
driver,driver/cancel_latency,0,51.4913,resumes,0
driver,driver/cancel_latency,0,51.4913,submitted,1
driver,driver/cancel_latency,0,51.4913,total,39.6197
driver,driver/cancel_latency,1,47.0433,active,0
driver,driver/cancel_latency,1,47.0433,cancel_ms,32.2752
driver,driver/cancel_latency,1,47.0433,cancelled,1
driver,driver/cancel_latency,1,47.0433,commands,2
driver,driver/cancel_latency,1,47.0433,completed,0
driver,driver/cancel_latency,1,47.0433,connections,0
driver,driver/cancel_latency,1,47.0433,cpu_ms,31.25
driver,driver/cancel_latency,1,47.0433,cpu_percent,66.42816299026642
driver,driver/cancel_latency,1,47.0433,file_bytes,0
driver,driver/cancel_latency,1,47.0433,loops,6
driver,driver/cancel_latency,1,47.0433,max_command_latency_ms,0.189
driver,driver/cancel_latency,1,47.0433,pauses,0
driver,driver/cancel_latency,1,47.0433,pools,1
driver,driver/cancel_latency,1,47.0433,resumes,0
driver,driver/cancel_latency,1,47.0433,submitted,1
driver,driver/cancel_latency,1,47.0433,total,32.2752
driver,driver/cancel_latency,2,47.9025,active,0
driver,driver/cancel_latency,2,47.9025,cancel_ms,35.1146
driver,driver/cancel_latency,2,47.9025,cancelled,1
driver,driver/cancel_latency,2,47.9025,commands,2
driver,driver/cancel_latency,2,47.9025,completed,0
driver,driver/cancel_latency,2,47.9025,connections,0
driver,driver/cancel_latency,2,47.9025,cpu_ms,0
driver,driver/cancel_latency,2,47.9025,cpu_percent,0
driver,driver/cancel_latency,2,47.9025,file_bytes,0
driver,driver/cancel_latency,2,47.9025,loops,5
driver,driver/cancel_latency,2,47.9025,max_command_latency_ms,26.524
driver,driver/cancel_latency,2,47.9025,pauses,0
driver,driver/cancel_latency,2,47.9025,pools,1
driver,driver/cancel_latency,2,47.9025,resumes,0
driver,driver/cancel_latency,2,47.9025,submitted,1
driver,driver/cancel_latency,2,47.9025,total,35.1146
driver,driver/cancel_latency,3,46.8896,active,0
driver,driver/cancel_latency,3,46.8896,cancel_ms,32.1313
driver,driver/cancel_latency,3,46.8896,cancelled,1
driver,driver/cancel_latency,3,46.8896,commands,2
driver,driver/cancel_latency,3,46.8896,completed,0
driver,driver/cancel_latency,3,46.8896,connections,0
driver,driver/cancel_latency,3,46.8896,cpu_ms,15.625
driver,driver/cancel_latency,3,46.8896,cpu_percent,33.322954343820385
driver,driver/cancel_latency,3,46.8896,file_bytes,0
driver,driver/cancel_latency,3,46.8896,loops,6
driver,driver/cancel_latency,3,46.8896,max_command_latency_ms,0.259
driver,driver/cancel_latency,3,46.8896,pauses,0
driver,driver/cancel_latency,3,46.8896,pools,1
driver,driver/cancel_latency,3,46.8896,resumes,0
driver,driver/cancel_latency,3,46.8896,submitted,1
driver,driver/cancel_latency,3,46.8896,total,32.1313
driver,driver/cancel_latency,4,47.2212,active,0
driver,driver/cancel_latency,4,47.2212,cancel_ms,32.9891
driver,driver/cancel_latency,4,47.2212,cancelled,1
driver,driver/cancel_latency,4,47.2212,commands,2
driver,driver/cancel_latency,4,47.2212,completed,0
driver,driver/cancel_latency,4,47.2212,connections,0
driver,driver/cancel_latency,4,47.2212,cpu_ms,0
driver,driver/cancel_latency,4,47.2212,cpu_percent,0
driver,driver/cancel_latency,4,47.2212,file_bytes,0
driver,driver/cancel_latency,4,47.2212,loops,6
driver,driver/cancel_latency,4,47.2212,max_command_latency_ms,0.187
driver,driver/cancel_latency,4,47.2212,pauses,0
driver,driver/cancel_latency,4,47.2212,pools,1
driver,driver/cancel_latency,4,47.2212,resumes,0
driver,driver/cancel_latency,4,47.2212,submitted,1
driver,driver/cancel_latency,4,47.2212,total,32.9891
driver,driver/cancel_latency,5,47.0292,active,0
driver,driver/cancel_latency,5,47.0292,cancel_ms,32.6556
driver,driver/cancel_latency,5,47.0292,cancelled,1
driver,driver/cancel_latency,5,47.0292,commands,2
driver,driver/cancel_latency,5,47.0292,completed,0
driver,driver/cancel_latency,5,47.0292,connections,0
driver,driver/cancel_latency,5,47.0292,cpu_ms,0
driver,driver/cancel_latency,5,47.0292,cpu_percent,0
driver,driver/cancel_latency,5,47.0292,file_bytes,0
driver,driver/cancel_latency,5,47.0292,loops,6
driver,driver/cancel_latency,5,47.0292,max_command_latency_ms,0.197
driver,driver/cancel_latency,5,47.0292,pauses,0
driver,driver/cancel_latency,5,47.0292,pools,1
driver,driver/cancel_latency,5,47.0292,resumes,0
driver,driver/cancel_latency,5,47.0292,submitted,1
driver,driver/cancel_latency,5,47.0292,total,32.6556
driver,driver/cancel_latency,6,46.1708,active,0
driver,driver/cancel_latency,6,46.1708,cancel_ms,31.771300000000004
driver,driver/cancel_latency,6,46.1708,cancelled,1
driver,driver/cancel_latency,6,46.1708,commands,2
driver,driver/cancel_latency,6,46.1708,completed,0
driver,driver/cancel_latency,6,46.1708,connections,0
driver,driver/cancel_latency,6,46.1708,cpu_ms,15.625
driver,driver/cancel_latency,6,46.1708,cpu_percent,33.84173546917099
driver,driver/cancel_latency,6,46.1708,file_bytes,0
driver,driver/cancel_latency,6,46.1708,loops,6
driver,driver/cancel_latency,6,46.1708,max_command_latency_ms,0.202
driver,driver/cancel_latency,6,46.1708,pauses,0
driver,driver/cancel_latency,6,46.1708,pools,1
driver,driver/cancel_latency,6,46.1708,resumes,0
driver,driver/cancel_latency,6,46.1708,submitted,1
driver,driver/cancel_latency,6,46.1708,total,31.771300000000004
driver,driver/cancel_latency,7,46.2709,active,0
driver,driver/cancel_latency,7,46.2709,cancel_ms,30.9463
driver,driver/cancel_latency,7,46.2709,cancelled,1
driver,driver/cancel_latency,7,46.2709,commands,2
driver,driver/cancel_latency,7,46.2709,completed,0
driver,driver/cancel_latency,7,46.2709,connections,0
driver,driver/cancel_latency,7,46.2709,cpu_ms,15.625
driver,driver/cancel_latency,7,46.2709,cpu_percent,33.76852406155921
driver,driver/cancel_latency,7,46.2709,file_bytes,0
driver,driver/cancel_latency,7,46.2709,loops,6
driver,driver/cancel_latency,7,46.2709,max_command_latency_ms,0.295
driver,driver/cancel_latency,7,46.2709,pauses,0
driver,driver/cancel_latency,7,46.2709,pools,1
driver,driver/cancel_latency,7,46.2709,resumes,0
driver,driver/cancel_latency,7,46.2709,submitted,1
driver,driver/cancel_latency,7,46.2709,total,30.9463
driver,driver/cancel_latency,8,47.3451,active,0
driver,driver/cancel_latency,8,47.3451,cancel_ms,32.194599999999994
driver,driver/cancel_latency,8,47.3451,cancelled,1
driver,driver/cancel_latency,8,47.3451,commands,2
driver,driver/cancel_latency,8,47.3451,completed,0
driver,driver/cancel_latency,8,47.3451,connections,0
driver,driver/cancel_latency,8,47.3451,cpu_ms,31.25
driver,driver/cancel_latency,8,47.3451,cpu_percent,66.00471854531936
driver,driver/cancel_latency,8,47.3451,file_bytes,0
driver,driver/cancel_latency,8,47.3451,loops,6
driver,driver/cancel_latency,8,47.3451,max_command_latency_ms,0.245
driver,driver/cancel_latency,8,47.3451,pauses,0
driver,driver/cancel_latency,8,47.3451,pools,1
driver,driver/cancel_latency,8,47.3451,resumes,0
driver,driver/cancel_latency,8,47.3451,submitted,1
driver,driver/cancel_latency,8,47.3451,total,32.194599999999994
driver,driver/cancel_latency,9,48.4076,active,0
driver,driver/cancel_latency,9,48.4076,cancel_ms,34.4729
driver,driver/cancel_latency,9,48.4076,cancelled,1
driver,driver/cancel_latency,9,48.4076,commands,2
driver,driver/cancel_latency,9,48.4076,completed,0
driver,driver/cancel_latency,9,48.4076,connections,0
driver,driver/cancel_latency,9,48.4076,cpu_ms,0
driver,driver/cancel_latency,9,48.4076,cpu_percent,0
driver,driver/cancel_latency,9,48.4076,file_bytes,0
driver,driver/cancel_latency,9,48.4076,loops,6
driver,driver/cancel_latency,9,48.4076,max_command_latency_ms,0.187
driver,driver/cancel_latency,9,48.4076,pauses,0
driver,driver/cancel_latency,9,48.4076,pools,1
driver,driver/cancel_latency,9,48.4076,resumes,0
driver,driver/cancel_latency,9,48.4076,submitted,1
driver,driver/cancel_latency,9,48.4076,total,34.4729
driver,driver/stalled_pool_with_idle_pool,0,361.1168,active,0
driver,driver/stalled_pool_with_idle_pool,0,361.1168,cancel_ms,17.2512
driver,driver/stalled_pool_with_idle_pool,0,361.1168,cancelled,1
driver,driver/stalled_pool_with_idle_pool,0,361.1168,commands,9
driver,driver/stalled_pool_with_idle_pool,0,361.1168,completed,1
driver,driver/stalled_pool_with_idle_pool,0,361.1168,connections,1
driver,driver/stalled_pool_with_idle_pool,0,361.1168,cpu_ms,15.625
driver,driver/stalled_pool_with_idle_pool,0,361.1168,cpu_percent,4.326854912316458
driver,driver/stalled_pool_with_idle_pool,0,361.1168,held_loops,13
driver,driver/stalled_pool_with_idle_pool,0,361.1168,held_loops_per_sec,41.495497738495374
driver,driver/stalled_pool_with_idle_pool,0,361.1168,loops,27
driver,driver/stalled_pool_with_idle_pool,0,361.1168,max_command_latency_ms,18.149
driver,driver/stalled_pool_with_idle_pool,0,361.1168,pauses,0
driver,driver/stalled_pool_with_idle_pool,0,361.1168,pools,2
driver,driver/stalled_pool_with_idle_pool,0,361.1168,resumes,0
driver,driver/stalled_pool_with_idle_pool,0,361.1168,submitted,5
driver,driver/stalled_pool_with_idle_pool,0,361.1168,total,313.287
driver,driver/stalled_pool_with_idle_pool,1,359.6410,active,0
driver,driver/stalled_pool_with_idle_pool,1,359.6410,cancel_ms,17.6399
driver,driver/stalled_pool_with_idle_pool,1,359.6410,cancelled,1
driver,driver/stalled_pool_with_idle_pool,1,359.6410,commands,9
driver,driver/stalled_pool_with_idle_pool,1,359.6410,completed,1
driver,driver/stalled_pool_with_idle_pool,1,359.6410,connections,1
driver,driver/stalled_pool_with_idle_pool,1,359.6410,cpu_ms,343.75
driver,driver/stalled_pool_with_idle_pool,1,359.6410,cpu_percent,95.58142703418132
driver,driver/stalled_pool_with_idle_pool,1,359.6410,held_loops,140352
driver,driver/stalled_pool_with_idle_pool,1,359.6410,held_loops_per_sec,446234.5147543027
driver,driver/stalled_pool_with_idle_pool,1,359.6410,loops,150415
driver,driver/stalled_pool_with_idle_pool,1,359.6410,max_command_latency_ms,0.307
driver,driver/stalled_pool_with_idle_pool,1,359.6410,pauses,0
driver,driver/stalled_pool_with_idle_pool,1,359.6410,pools,2
driver,driver/stalled_pool_with_idle_pool,1,359.6410,resumes,0
driver,driver/stalled_pool_with_idle_pool,1,359.6410,submitted,5
driver,driver/stalled_pool_with_idle_pool,1,359.6410,total,314.5252
driver,driver/stalled_pool_with_idle_pool,2,359.2280,active,0
driver,driver/stalled_pool_with_idle_pool,2,359.2280,cancel_ms,17.569000000000003
driver,driver/stalled_pool_with_idle_pool,2,359.2280,cancelled,1
driver,driver/stalled_pool_with_idle_pool,2,359.2280,commands,9
driver,driver/stalled_pool_with_idle_pool,2,359.2280,completed,1
driver,driver/stalled_pool_with_idle_pool,2,359.2280,connections,1
driver,driver/stalled_pool_with_idle_pool,2,359.2280,cpu_ms,15.625
driver,driver/stalled_pool_with_idle_pool,2,359.2280,cpu_percent,4.349605264623025
driver,driver/stalled_pool_with_idle_pool,2,359.2280,held_loops,14
driver,driver/stalled_pool_with_idle_pool,2,359.2280,held_loops_per_sec,44.422007804946766
driver,driver/stalled_pool_with_idle_pool,2,359.2280,loops,24
driver,driver/stalled_pool_with_idle_pool,2,359.2280,max_command_latency_ms,18.697
driver,driver/stalled_pool_with_idle_pool,2,359.2280,pauses,0
driver,driver/stalled_pool_with_idle_pool,2,359.2280,pools,2
driver,driver/stalled_pool_with_idle_pool,2,359.2280,resumes,0
driver,driver/stalled_pool_with_idle_pool,2,359.2280,submitted,5
driver,driver/stalled_pool_with_idle_pool,2,359.2280,total,315.1591
driver,driver/stalled_pool_with_idle_pool,3,359.0198,active,0
driver,driver/stalled_pool_with_idle_pool,3,359.0198,cancel_ms,17.7153
driver,driver/stalled_pool_with_idle_pool,3,359.0198,cancelled,1
driver,driver/stalled_pool_with_idle_pool,3,359.0198,commands,9
driver,driver/stalled_pool_with_idle_pool,3,359.0198,completed,1
driver,driver/stalled_pool_with_idle_pool,3,359.0198,connections,1
driver,driver/stalled_pool_with_idle_pool,3,359.0198,cpu_ms,328.125
driver,driver/stalled_pool_with_idle_pool,3,359.0198,cpu_percent,91.39468073905674
driver,driver/stalled_pool_with_idle_pool,3,359.0198,held_loops,134387
driver,driver/stalled_pool_with_idle_pool,3,359.0198,held_loops_per_sec,444656.868048876
driver,driver/stalled_pool_with_idle_pool,3,359.0198,loops,144327
driver,driver/stalled_pool_with_idle_pool,3,359.0198,max_command_latency_ms,0.374
driver,driver/stalled_pool_with_idle_pool,3,359.0198,pauses,0
driver,driver/stalled_pool_with_idle_pool,3,359.0198,pools,2
driver,driver/stalled_pool_with_idle_pool,3,359.0198,resumes,0
driver,driver/stalled_pool_with_idle_pool,3,359.0198,submitted,5
driver,driver/stalled_pool_with_idle_pool,3,359.0198,total,302.2263
driver,driver/stalled_pool_with_idle_pool,4,360.5513,active,0
driver,driver/stalled_pool_with_idle_pool,4,360.5513,cancel_ms,18.2344
driver,driver/stalled_pool_with_idle_pool,4,360.5513,cancelled,1
driver,driver/stalled_pool_with_idle_pool,4,360.5513,commands,9
driver,driver/stalled_pool_with_idle_pool,4,360.5513,completed,1
driver,driver/stalled_pool_with_idle_pool,4,360.5513,connections,1
driver,driver/stalled_pool_with_idle_pool,4,360.5513,cpu_ms,15.625
driver,driver/stalled_pool_with_idle_pool,4,360.5513,cpu_percent,4.333641287661423
driver,driver/stalled_pool_with_idle_pool,4,360.5513,held_loops,14
driver,driver/stalled_pool_with_idle_pool,4,360.5513,held_loops_per_sec,44.482007028157106
driver,driver/stalled_pool_with_idle_pool,4,360.5513,loops,26
driver,driver/stalled_pool_with_idle_pool,4,360.5513,max_command_latency_ms,17.388
driver,driver/stalled_pool_with_idle_pool,4,360.5513,pauses,0
driver,driver/stalled_pool_with_idle_pool,4,360.5513,pools,2
driver,driver/stalled_pool_with_idle_pool,4,360.5513,resumes,0
driver,driver/stalled_pool_with_idle_pool,4,360.5513,submitted,5
driver,driver/stalled_pool_with_idle_pool,4,360.5513,total,314.73400000000004
driver,driver/stalled_pool_with_idle_pool,5,344.3607,active,0
driver,driver/stalled_pool_with_idle_pool,5,344.3607,cancel_ms,17.8598
driver,driver/stalled_pool_with_idle_pool,5,344.3607,cancelled,1
driver,driver/stalled_pool_with_idle_pool,5,344.3607,commands,9
driver,driver/stalled_pool_with_idle_pool,5,344.3607,completed,1
driver,driver/stalled_pool_with_idle_pool,5,344.3607,connections,1
driver,driver/stalled_pool_with_idle_pool,5,344.3607,cpu_ms,296.875
driver,driver/stalled_pool_with_idle_pool,5,344.3607,cpu_percent,86.21047639872958
driver,driver/stalled_pool_with_idle_pool,5,344.3607,held_loops,132064
driver,driver/stalled_pool_with_idle_pool,5,344.3607,held_loops_per_sec,436131.28983755043
driver,driver/stalled_pool_with_idle_pool,5,344.3607,loops,140869
driver,driver/stalled_pool_with_idle_pool,5,344.3607,max_command_latency_ms,0.443
driver,driver/stalled_pool_with_idle_pool,5,344.3607,pauses,0
driver,driver/stalled_pool_with_idle_pool,5,344.3607,pools,2
driver,driver/stalled_pool_with_idle_pool,5,344.3607,resumes,0
driver,driver/stalled_pool_with_idle_pool,5,344.3607,submitted,5
driver,driver/stalled_pool_with_idle_pool,5,344.3607,total,302.8079
driver,driver/stalled_pool_with_idle_pool,6,356.9193,active,0
driver,driver/stalled_pool_with_idle_pool,6,356.9193,cancel_ms,17.9651
driver,driver/stalled_pool_with_idle_pool,6,356.9193,cancelled,1
driver,driver/stalled_pool_with_idle_pool,6,356.9193,commands,9
driver,driver/stalled_pool_with_idle_pool,6,356.9193,completed,1
driver,driver/stalled_pool_with_idle_pool,6,356.9193,connections,1
driver,driver/stalled_pool_with_idle_pool,6,356.9193,cpu_ms,46.875
driver,driver/stalled_pool_with_idle_pool,6,356.9193,cpu_percent,13.13322087093637
driver,driver/stalled_pool_with_idle_pool,6,356.9193,held_loops,14
driver,driver/stalled_pool_with_idle_pool,6,356.9193,held_loops_per_sec,44.92273610267028
driver,driver/stalled_pool_with_idle_pool,6,356.9193,loops,25
driver,driver/stalled_pool_with_idle_pool,6,356.9193,max_command_latency_ms,18.199
driver,driver/stalled_pool_with_idle_pool,6,356.9193,pauses,0
driver,driver/stalled_pool_with_idle_pool,6,356.9193,pools,2
driver,driver/stalled_pool_with_idle_pool,6,356.9193,resumes,0
driver,driver/stalled_pool_with_idle_pool,6,356.9193,submitted,5
driver,driver/stalled_pool_with_idle_pool,6,356.9193,total,311.64619999999996
driver,driver/stalled_pool_with_idle_pool,7,344.0848,active,0
driver,driver/stalled_pool_with_idle_pool,7,344.0848,cancel_ms,18.0639
driver,driver/stalled_pool_with_idle_pool,7,344.0848,cancelled,1
driver,driver/stalled_pool_with_idle_pool,7,344.0848,commands,9
driver,driver/stalled_pool_with_idle_pool,7,344.0848,completed,1
driver,driver/stalled_pool_with_idle_pool,7,344.0848,connections,1
driver,driver/stalled_pool_with_idle_pool,7,344.0848,cpu_ms,15.625
driver,driver/stalled_pool_with_idle_pool,7,344.0848,cpu_percent,4.541031745662696
driver,driver/stalled_pool_with_idle_pool,7,344.0848,held_loops,14
driver,driver/stalled_pool_with_idle_pool,7,344.0848,held_loops_per_sec,46.49468283486052
driver,driver/stalled_pool_with_idle_pool,7,344.0848,loops,26
driver,driver/stalled_pool_with_idle_pool,7,344.0848,max_command_latency_ms,18.806
driver,driver/stalled_pool_with_idle_pool,7,344.0848,pauses,0
driver,driver/stalled_pool_with_idle_pool,7,344.0848,pools,2
driver,driver/stalled_pool_with_idle_pool,7,344.0848,resumes,0
driver,driver/stalled_pool_with_idle_pool,7,344.0848,submitted,5
driver,driver/stalled_pool_with_idle_pool,7,344.0848,total,301.1097
driver,driver/stalled_pool_with_idle_pool,8,345.4102,active,0
driver,driver/stalled_pool_with_idle_pool,8,345.4102,cancel_ms,18.0057
driver,driver/stalled_pool_with_idle_pool,8,345.4102,cancelled,1
driver,driver/stalled_pool_with_idle_pool,8,345.4102,commands,9
driver,driver/stalled_pool_with_idle_pool,8,345.4102,completed,1
driver,driver/stalled_pool_with_idle_pool,8,345.4102,connections,1
driver,driver/stalled_pool_with_idle_pool,8,345.4102,cpu_ms,15.625
driver,driver/stalled_pool_with_idle_pool,8,345.4102,cpu_percent,4.52360700407805
driver,driver/stalled_pool_with_idle_pool,8,345.4102,held_loops,14
driver,driver/stalled_pool_with_idle_pool,8,345.4102,held_loops_per_sec,46.41503528868826
driver,driver/stalled_pool_with_idle_pool,8,345.4102,loops,27
driver,driver/stalled_pool_with_idle_pool,8,345.4102,max_command_latency_ms,18.559
driver,driver/stalled_pool_with_idle_pool,8,345.4102,pauses,0
driver,driver/stalled_pool_with_idle_pool,8,345.4102,pools,2
driver,driver/stalled_pool_with_idle_pool,8,345.4102,resumes,0
driver,driver/stalled_pool_with_idle_pool,8,345.4102,submitted,5
driver,driver/stalled_pool_with_idle_pool,8,345.4102,total,301.6264
driver,driver/stalled_pool_with_idle_pool,9,344.7392,active,0
driver,driver/stalled_pool_with_idle_pool,9,344.7392,cancel_ms,17.7057
driver,driver/stalled_pool_with_idle_pool,9,344.7392,cancelled,1
driver,driver/stalled_pool_with_idle_pool,9,344.7392,commands,9
driver,driver/stalled_pool_with_idle_pool,9,344.7392,completed,1
driver,driver/stalled_pool_with_idle_pool,9,344.7392,connections,1
driver,driver/stalled_pool_with_idle_pool,9,344.7392,cpu_ms,312.5
driver,driver/stalled_pool_with_idle_pool,9,344.7392,cpu_percent,90.6482349555838
driver,driver/stalled_pool_with_idle_pool,9,344.7392,held_loops,134292
driver,driver/stalled_pool_with_idle_pool,9,344.7392,held_loops_per_sec,446511.5165604795
driver,driver/stalled_pool_with_idle_pool,9,344.7392,loops,144585
driver,driver/stalled_pool_with_idle_pool,9,344.7392,max_command_latency_ms,0.24
driver,driver/stalled_pool_with_idle_pool,9,344.7392,pauses,0
driver,driver/stalled_pool_with_idle_pool,9,344.7392,pools,2
driver,driver/stalled_pool_with_idle_pool,9,344.7392,resumes,0
driver,driver/stalled_pool_with_idle_pool,9,344.7392,submitted,5
driver,driver/stalled_pool_with_idle_pool,9,344.7392,total,300.7582
e2e,e2e/small_256KiB_single_connection,0,15.1854,avg_block_bytes,16384
e2e,e2e/small_256KiB_single_connection,0,15.1854,body_reads,17
e2e,e2e/small_256KiB_single_connection,0,15.1854,body_wait_ms,0
e2e,e2e/small_256KiB_single_connection,0,15.1854,cache_copied_bytes,0
e2e,e2e/small_256KiB_single_connection,0,15.1854,cache_evicted_bytes,0
e2e,e2e/small_256KiB_single_connection,0,15.1854,checksum_ms,0.512
e2e,e2e/small_256KiB_single_connection,0,15.1854,cpu_ms,15.625
e2e,e2e/small_256KiB_single_connection,0,15.1854,cpu_percent,102.89488587722418
e2e,e2e/small_256KiB_single_connection,0,15.1854,distinct_ranges,1
e2e,e2e/small_256KiB_single_connection,0,15.1854,duplicate_bytes,0
e2e,e2e/small_256KiB_single_connection,0,15.1854,failed,0
e2e,e2e/small_256KiB_single_connection,0,15.1854,file_bytes,262144
e2e,e2e/small_256KiB_single_connection,0,15.1854,finalize,3.2262000000000004
e2e,e2e/small_256KiB_single_connection,0,15.1854,fsync_calls,2
e2e,e2e/small_256KiB_single_connection,0,15.1854,fsync_ms,1.55
e2e,e2e/small_256KiB_single_connection,0,15.1854,prealloc_ms,2.216
e2e,e2e/small_256KiB_single_connection,0,15.1854,process_peak_rss_bytes,62894080
e2e,e2e/small_256KiB_single_connection,0,15.1854,report_span,0.0058000000000006935
e2e,e2e/small_256KiB_single_connection,0,15.1854,requests,1
e2e,e2e/small_256KiB_single_connection,0,15.1854,response_head_ms,0.66
e2e,e2e/small_256KiB_single_connection,0,15.1854,response_heads,1
e2e,e2e/small_256KiB_single_connection,0,15.1854,rss_delta_bytes,24576
e2e,e2e/small_256KiB_single_connection,0,15.1854,running_reports,2
e2e,e2e/small_256KiB_single_connection,0,15.1854,served_bytes,262144
e2e,e2e/small_256KiB_single_connection,0,15.1854,to_first_report,7.8697
e2e,e2e/small_256KiB_single_connection,0,15.1854,total,11.101700000000001
e2e,e2e/small_256KiB_single_connection,0,15.1854,unique_bytes,262144
e2e,e2e/small_256KiB_single_connection,0,15.1854,verified,1
e2e,e2e/small_256KiB_single_connection,0,15.1854,writer_blocks,16
e2e,e2e/small_256KiB_single_connection,0,15.1854,writer_bytes,262144
e2e,e2e/small_256KiB_single_connection,1,16.1506,avg_block_bytes,16384
e2e,e2e/small_256KiB_single_connection,1,16.1506,body_reads,17
e2e,e2e/small_256KiB_single_connection,1,16.1506,body_wait_ms,0.001
e2e,e2e/small_256KiB_single_connection,1,16.1506,cache_copied_bytes,0
e2e,e2e/small_256KiB_single_connection,1,16.1506,cache_evicted_bytes,0
e2e,e2e/small_256KiB_single_connection,1,16.1506,checksum_ms,0.291
e2e,e2e/small_256KiB_single_connection,1,16.1506,cpu_ms,31.25
e2e,e2e/small_256KiB_single_connection,1,16.1506,cpu_percent,193.49126348247123
e2e,e2e/small_256KiB_single_connection,1,16.1506,distinct_ranges,1
e2e,e2e/small_256KiB_single_connection,1,16.1506,duplicate_bytes,0
e2e,e2e/small_256KiB_single_connection,1,16.1506,failed,0
e2e,e2e/small_256KiB_single_connection,1,16.1506,file_bytes,262144
e2e,e2e/small_256KiB_single_connection,1,16.1506,finalize,3.5523000000000007
e2e,e2e/small_256KiB_single_connection,1,16.1506,fsync_calls,2
e2e,e2e/small_256KiB_single_connection,1,16.1506,fsync_ms,1.791
e2e,e2e/small_256KiB_single_connection,1,16.1506,prealloc_ms,1.955
e2e,e2e/small_256KiB_single_connection,1,16.1506,process_peak_rss_bytes,62894080
e2e,e2e/small_256KiB_single_connection,1,16.1506,report_span,0.01180000000000092
e2e,e2e/small_256KiB_single_connection,1,16.1506,requests,1
e2e,e2e/small_256KiB_single_connection,1,16.1506,response_head_ms,0.739
e2e,e2e/small_256KiB_single_connection,1,16.1506,response_heads,1
e2e,e2e/small_256KiB_single_connection,1,16.1506,rss_delta_bytes,8192
e2e,e2e/small_256KiB_single_connection,1,16.1506,running_reports,2
e2e,e2e/small_256KiB_single_connection,1,16.1506,served_bytes,262144
e2e,e2e/small_256KiB_single_connection,1,16.1506,to_first_report,8.8501
e2e,e2e/small_256KiB_single_connection,1,16.1506,total,12.414200000000001
e2e,e2e/small_256KiB_single_connection,1,16.1506,unique_bytes,262144
e2e,e2e/small_256KiB_single_connection,1,16.1506,verified,1
e2e,e2e/small_256KiB_single_connection,1,16.1506,writer_blocks,16
e2e,e2e/small_256KiB_single_connection,1,16.1506,writer_bytes,262144
e2e,e2e/small_256KiB_single_connection,2,15.4175,avg_block_bytes,16384
e2e,e2e/small_256KiB_single_connection,2,15.4175,body_reads,17
e2e,e2e/small_256KiB_single_connection,2,15.4175,body_wait_ms,0.001
e2e,e2e/small_256KiB_single_connection,2,15.4175,cache_copied_bytes,0
e2e,e2e/small_256KiB_single_connection,2,15.4175,cache_evicted_bytes,0
e2e,e2e/small_256KiB_single_connection,2,15.4175,checksum_ms,0.704
e2e,e2e/small_256KiB_single_connection,2,15.4175,cpu_ms,15.625
e2e,e2e/small_256KiB_single_connection,2,15.4175,cpu_percent,101.34587319604346
e2e,e2e/small_256KiB_single_connection,2,15.4175,distinct_ranges,1
e2e,e2e/small_256KiB_single_connection,2,15.4175,duplicate_bytes,0
e2e,e2e/small_256KiB_single_connection,2,15.4175,failed,0
e2e,e2e/small_256KiB_single_connection,2,15.4175,file_bytes,262144
e2e,e2e/small_256KiB_single_connection,2,15.4175,finalize,3.3712
e2e,e2e/small_256KiB_single_connection,2,15.4175,fsync_calls,2
e2e,e2e/small_256KiB_single_connection,2,15.4175,fsync_ms,1.629
e2e,e2e/small_256KiB_single_connection,2,15.4175,prealloc_ms,1.691
e2e,e2e/small_256KiB_single_connection,2,15.4175,process_peak_rss_bytes,62894080
e2e,e2e/small_256KiB_single_connection,2,15.4175,report_span,0.0048000000000003595
e2e,e2e/small_256KiB_single_connection,2,15.4175,requests,1
e2e,e2e/small_256KiB_single_connection,2,15.4175,response_head_ms,0.873
e2e,e2e/small_256KiB_single_connection,2,15.4175,response_heads,1
e2e,e2e/small_256KiB_single_connection,2,15.4175,rss_delta_bytes,4096
e2e,e2e/small_256KiB_single_connection,2,15.4175,running_reports,2
e2e,e2e/small_256KiB_single_connection,2,15.4175,served_bytes,262144
e2e,e2e/small_256KiB_single_connection,2,15.4175,to_first_report,7.489
e2e,e2e/small_256KiB_single_connection,2,15.4175,total,10.865
e2e,e2e/small_256KiB_single_connection,2,15.4175,unique_bytes,262144
e2e,e2e/small_256KiB_single_connection,2,15.4175,verified,1
e2e,e2e/small_256KiB_single_connection,2,15.4175,writer_blocks,16
e2e,e2e/small_256KiB_single_connection,2,15.4175,writer_bytes,262144
e2e,e2e/small_256KiB_single_connection,3,15.6350,avg_block_bytes,16384
e2e,e2e/small_256KiB_single_connection,3,15.6350,body_reads,17
e2e,e2e/small_256KiB_single_connection,3,15.6350,body_wait_ms,0.001
e2e,e2e/small_256KiB_single_connection,3,15.6350,cache_copied_bytes,0
e2e,e2e/small_256KiB_single_connection,3,15.6350,cache_evicted_bytes,0
e2e,e2e/small_256KiB_single_connection,3,15.6350,checksum_ms,0.862
e2e,e2e/small_256KiB_single_connection,3,15.6350,cpu_ms,31.25
e2e,e2e/small_256KiB_single_connection,3,15.6350,cpu_percent,199.87208186760475
e2e,e2e/small_256KiB_single_connection,3,15.6350,distinct_ranges,1
e2e,e2e/small_256KiB_single_connection,3,15.6350,duplicate_bytes,0
e2e,e2e/small_256KiB_single_connection,3,15.6350,failed,0
e2e,e2e/small_256KiB_single_connection,3,15.6350,file_bytes,262144
e2e,e2e/small_256KiB_single_connection,3,15.6350,finalize,3.7331999999999983
e2e,e2e/small_256KiB_single_connection,3,15.6350,fsync_calls,2
e2e,e2e/small_256KiB_single_connection,3,15.6350,fsync_ms,1.732
e2e,e2e/small_256KiB_single_connection,3,15.6350,prealloc_ms,1.561
e2e,e2e/small_256KiB_single_connection,3,15.6350,process_peak_rss_bytes,62894080
e2e,e2e/small_256KiB_single_connection,3,15.6350,report_span,0
e2e,e2e/small_256KiB_single_connection,3,15.6350,requests,1
e2e,e2e/small_256KiB_single_connection,3,15.6350,response_head_ms,0.676
e2e,e2e/small_256KiB_single_connection,3,15.6350,response_heads,1
e2e,e2e/small_256KiB_single_connection,3,15.6350,rss_delta_bytes,8192
e2e,e2e/small_256KiB_single_connection,3,15.6350,running_reports,1
e2e,e2e/small_256KiB_single_connection,3,15.6350,served_bytes,262144
e2e,e2e/small_256KiB_single_connection,3,15.6350,to_first_report,8.075000000000001
e2e,e2e/small_256KiB_single_connection,3,15.6350,total,11.8082
e2e,e2e/small_256KiB_single_connection,3,15.6350,unique_bytes,262144
e2e,e2e/small_256KiB_single_connection,3,15.6350,verified,1
e2e,e2e/small_256KiB_single_connection,3,15.6350,writer_blocks,16
e2e,e2e/small_256KiB_single_connection,3,15.6350,writer_bytes,262144
e2e,e2e/small_256KiB_single_connection,4,15.1095,avg_block_bytes,16384
e2e,e2e/small_256KiB_single_connection,4,15.1095,body_reads,17
e2e,e2e/small_256KiB_single_connection,4,15.1095,body_wait_ms,0.001
e2e,e2e/small_256KiB_single_connection,4,15.1095,cache_copied_bytes,0
e2e,e2e/small_256KiB_single_connection,4,15.1095,cache_evicted_bytes,0
e2e,e2e/small_256KiB_single_connection,4,15.1095,checksum_ms,0.435
e2e,e2e/small_256KiB_single_connection,4,15.1095,cpu_ms,15.625
e2e,e2e/small_256KiB_single_connection,4,15.1095,cpu_percent,103.41176081273372
e2e,e2e/small_256KiB_single_connection,4,15.1095,distinct_ranges,1
e2e,e2e/small_256KiB_single_connection,4,15.1095,duplicate_bytes,0
e2e,e2e/small_256KiB_single_connection,4,15.1095,failed,0
e2e,e2e/small_256KiB_single_connection,4,15.1095,file_bytes,262144
e2e,e2e/small_256KiB_single_connection,4,15.1095,finalize,3.432999999999999
e2e,e2e/small_256KiB_single_connection,4,15.1095,fsync_calls,2
e2e,e2e/small_256KiB_single_connection,4,15.1095,fsync_ms,1.77
e2e,e2e/small_256KiB_single_connection,4,15.1095,prealloc_ms,1.642
e2e,e2e/small_256KiB_single_connection,4,15.1095,process_peak_rss_bytes,62894080
e2e,e2e/small_256KiB_single_connection,4,15.1095,report_span,0
e2e,e2e/small_256KiB_single_connection,4,15.1095,requests,1
e2e,e2e/small_256KiB_single_connection,4,15.1095,response_head_ms,1.003
e2e,e2e/small_256KiB_single_connection,4,15.1095,response_heads,1
e2e,e2e/small_256KiB_single_connection,4,15.1095,rss_delta_bytes,4096
e2e,e2e/small_256KiB_single_connection,4,15.1095,running_reports,1
e2e,e2e/small_256KiB_single_connection,4,15.1095,served_bytes,262144
e2e,e2e/small_256KiB_single_connection,4,15.1095,to_first_report,7.6809
e2e,e2e/small_256KiB_single_connection,4,15.1095,total,11.1139
e2e,e2e/small_256KiB_single_connection,4,15.1095,unique_bytes,262144
e2e,e2e/small_256KiB_single_connection,4,15.1095,verified,1
e2e,e2e/small_256KiB_single_connection,4,15.1095,writer_blocks,16
e2e,e2e/small_256KiB_single_connection,4,15.1095,writer_bytes,262144
e2e,e2e/small_256KiB_single_connection,5,16.5675,avg_block_bytes,16384
e2e,e2e/small_256KiB_single_connection,5,16.5675,body_reads,17
e2e,e2e/small_256KiB_single_connection,5,16.5675,body_wait_ms,0.002
e2e,e2e/small_256KiB_single_connection,5,16.5675,cache_copied_bytes,0
e2e,e2e/small_256KiB_single_connection,5,16.5675,cache_evicted_bytes,0
e2e,e2e/small_256KiB_single_connection,5,16.5675,checksum_ms,0.498
e2e,e2e/small_256KiB_single_connection,5,16.5675,cpu_ms,15.625
e2e,e2e/small_256KiB_single_connection,5,16.5675,cpu_percent,94.3111513505357
e2e,e2e/small_256KiB_single_connection,5,16.5675,distinct_ranges,1
e2e,e2e/small_256KiB_single_connection,5,16.5675,duplicate_bytes,0
e2e,e2e/small_256KiB_single_connection,5,16.5675,failed,0
e2e,e2e/small_256KiB_single_connection,5,16.5675,file_bytes,262144
e2e,e2e/small_256KiB_single_connection,5,16.5675,finalize,4.4327999999999985
e2e,e2e/small_256KiB_single_connection,5,16.5675,fsync_calls,2
e2e,e2e/small_256KiB_single_connection,5,16.5675,fsync_ms,1.806
e2e,e2e/small_256KiB_single_connection,5,16.5675,prealloc_ms,1.408
e2e,e2e/small_256KiB_single_connection,5,16.5675,process_peak_rss_bytes,62894080
e2e,e2e/small_256KiB_single_connection,5,16.5675,report_span,0
e2e,e2e/small_256KiB_single_connection,5,16.5675,requests,1
e2e,e2e/small_256KiB_single_connection,5,16.5675,response_head_ms,0.667
e2e,e2e/small_256KiB_single_connection,5,16.5675,response_heads,1
e2e,e2e/small_256KiB_single_connection,5,16.5675,rss_delta_bytes,4096
e2e,e2e/small_256KiB_single_connection,5,16.5675,running_reports,1
e2e,e2e/small_256KiB_single_connection,5,16.5675,served_bytes,262144
e2e,e2e/small_256KiB_single_connection,5,16.5675,to_first_report,8.0242
e2e,e2e/small_256KiB_single_connection,5,16.5675,total,12.456999999999999
e2e,e2e/small_256KiB_single_connection,5,16.5675,unique_bytes,262144
e2e,e2e/small_256KiB_single_connection,5,16.5675,verified,1
e2e,e2e/small_256KiB_single_connection,5,16.5675,writer_blocks,16
e2e,e2e/small_256KiB_single_connection,5,16.5675,writer_bytes,262144
e2e,e2e/small_256KiB_single_connection,6,14.3500,avg_block_bytes,16384
e2e,e2e/small_256KiB_single_connection,6,14.3500,body_reads,17
e2e,e2e/small_256KiB_single_connection,6,14.3500,body_wait_ms,0.001
e2e,e2e/small_256KiB_single_connection,6,14.3500,cache_copied_bytes,0
e2e,e2e/small_256KiB_single_connection,6,14.3500,cache_evicted_bytes,0
e2e,e2e/small_256KiB_single_connection,6,14.3500,checksum_ms,0.311
e2e,e2e/small_256KiB_single_connection,6,14.3500,cpu_ms,0
e2e,e2e/small_256KiB_single_connection,6,14.3500,cpu_percent,0
e2e,e2e/small_256KiB_single_connection,6,14.3500,distinct_ranges,1
e2e,e2e/small_256KiB_single_connection,6,14.3500,duplicate_bytes,0
e2e,e2e/small_256KiB_single_connection,6,14.3500,failed,0
e2e,e2e/small_256KiB_single_connection,6,14.3500,file_bytes,262144
e2e,e2e/small_256KiB_single_connection,6,14.3500,finalize,3.2784000000000004
e2e,e2e/small_256KiB_single_connection,6,14.3500,fsync_calls,2
e2e,e2e/small_256KiB_single_connection,6,14.3500,fsync_ms,1.853
e2e,e2e/small_256KiB_single_connection,6,14.3500,prealloc_ms,1.715
e2e,e2e/small_256KiB_single_connection,6,14.3500,process_peak_rss_bytes,62894080
e2e,e2e/small_256KiB_single_connection,6,14.3500,report_span,0
e2e,e2e/small_256KiB_single_connection,6,14.3500,requests,1
e2e,e2e/small_256KiB_single_connection,6,14.3500,response_head_ms,0.722
e2e,e2e/small_256KiB_single_connection,6,14.3500,response_heads,1
e2e,e2e/small_256KiB_single_connection,6,14.3500,rss_delta_bytes,4096
e2e,e2e/small_256KiB_single_connection,6,14.3500,running_reports,1
e2e,e2e/small_256KiB_single_connection,6,14.3500,served_bytes,262144
e2e,e2e/small_256KiB_single_connection,6,14.3500,to_first_report,6.588
e2e,e2e/small_256KiB_single_connection,6,14.3500,total,9.8664
e2e,e2e/small_256KiB_single_connection,6,14.3500,unique_bytes,262144
e2e,e2e/small_256KiB_single_connection,6,14.3500,verified,1
e2e,e2e/small_256KiB_single_connection,6,14.3500,writer_blocks,16
e2e,e2e/small_256KiB_single_connection,6,14.3500,writer_bytes,262144
e2e,e2e/small_256KiB_single_connection,7,15.9695,avg_block_bytes,16384
e2e,e2e/small_256KiB_single_connection,7,15.9695,body_reads,17
e2e,e2e/small_256KiB_single_connection,7,15.9695,body_wait_ms,0
e2e,e2e/small_256KiB_single_connection,7,15.9695,cache_copied_bytes,0
e2e,e2e/small_256KiB_single_connection,7,15.9695,cache_evicted_bytes,0
e2e,e2e/small_256KiB_single_connection,7,15.9695,checksum_ms,0.45
e2e,e2e/small_256KiB_single_connection,7,15.9695,cpu_ms,15.625
e2e,e2e/small_256KiB_single_connection,7,15.9695,cpu_percent,97.84276276652368
e2e,e2e/small_256KiB_single_connection,7,15.9695,distinct_ranges,1
e2e,e2e/small_256KiB_single_connection,7,15.9695,duplicate_bytes,0
e2e,e2e/small_256KiB_single_connection,7,15.9695,failed,0
e2e,e2e/small_256KiB_single_connection,7,15.9695,file_bytes,262144
e2e,e2e/small_256KiB_single_connection,7,15.9695,finalize,3.5021999999999984
e2e,e2e/small_256KiB_single_connection,7,15.9695,fsync_calls,2
e2e,e2e/small_256KiB_single_connection,7,15.9695,fsync_ms,1.92
e2e,e2e/small_256KiB_single_connection,7,15.9695,prealloc_ms,1.757
e2e,e2e/small_256KiB_single_connection,7,15.9695,process_peak_rss_bytes,62894080
e2e,e2e/small_256KiB_single_connection,7,15.9695,report_span,0
e2e,e2e/small_256KiB_single_connection,7,15.9695,requests,1
e2e,e2e/small_256KiB_single_connection,7,15.9695,response_head_ms,0.594
e2e,e2e/small_256KiB_single_connection,7,15.9695,response_heads,1
e2e,e2e/small_256KiB_single_connection,7,15.9695,rss_delta_bytes,4096
e2e,e2e/small_256KiB_single_connection,7,15.9695,running_reports,1
e2e,e2e/small_256KiB_single_connection,7,15.9695,served_bytes,262144
e2e,e2e/small_256KiB_single_connection,7,15.9695,to_first_report,8.2009
e2e,e2e/small_256KiB_single_connection,7,15.9695,total,11.7031
e2e,e2e/small_256KiB_single_connection,7,15.9695,unique_bytes,262144
e2e,e2e/small_256KiB_single_connection,7,15.9695,verified,1
e2e,e2e/small_256KiB_single_connection,7,15.9695,writer_blocks,16
e2e,e2e/small_256KiB_single_connection,7,15.9695,writer_bytes,262144
e2e,e2e/small_256KiB_single_connection,8,16.2815,avg_block_bytes,16384
e2e,e2e/small_256KiB_single_connection,8,16.2815,body_reads,17
e2e,e2e/small_256KiB_single_connection,8,16.2815,body_wait_ms,0.001
e2e,e2e/small_256KiB_single_connection,8,16.2815,cache_copied_bytes,0
e2e,e2e/small_256KiB_single_connection,8,16.2815,cache_evicted_bytes,0
e2e,e2e/small_256KiB_single_connection,8,16.2815,checksum_ms,0.531
e2e,e2e/small_256KiB_single_connection,8,16.2815,cpu_ms,15.625
e2e,e2e/small_256KiB_single_connection,8,16.2815,cpu_percent,95.96781623314804
e2e,e2e/small_256KiB_single_connection,8,16.2815,distinct_ranges,1
e2e,e2e/small_256KiB_single_connection,8,16.2815,duplicate_bytes,0
e2e,e2e/small_256KiB_single_connection,8,16.2815,failed,0
e2e,e2e/small_256KiB_single_connection,8,16.2815,file_bytes,262144
e2e,e2e/small_256KiB_single_connection,8,16.2815,finalize,3.597800000000001
e2e,e2e/small_256KiB_single_connection,8,16.2815,fsync_calls,2
e2e,e2e/small_256KiB_single_connection,8,16.2815,fsync_ms,1.802
e2e,e2e/small_256KiB_single_connection,8,16.2815,prealloc_ms,2.029
e2e,e2e/small_256KiB_single_connection,8,16.2815,process_peak_rss_bytes,62894080
e2e,e2e/small_256KiB_single_connection,8,16.2815,report_span,0.006299999999999528
e2e,e2e/small_256KiB_single_connection,8,16.2815,requests,1
e2e,e2e/small_256KiB_single_connection,8,16.2815,response_head_ms,0.679
e2e,e2e/small_256KiB_single_connection,8,16.2815,response_heads,1
e2e,e2e/small_256KiB_single_connection,8,16.2815,rss_delta_bytes,4096
e2e,e2e/small_256KiB_single_connection,8,16.2815,running_reports,2
e2e,e2e/small_256KiB_single_connection,8,16.2815,served_bytes,262144
e2e,e2e/small_256KiB_single_connection,8,16.2815,to_first_report,8.0713
e2e,e2e/small_256KiB_single_connection,8,16.2815,total,11.675400000000002
e2e,e2e/small_256KiB_single_connection,8,16.2815,unique_bytes,262144
e2e,e2e/small_256KiB_single_connection,8,16.2815,verified,1
e2e,e2e/small_256KiB_single_connection,8,16.2815,writer_blocks,16
e2e,e2e/small_256KiB_single_connection,8,16.2815,writer_bytes,262144
e2e,e2e/small_256KiB_single_connection,9,15.3973,avg_block_bytes,16384
e2e,e2e/small_256KiB_single_connection,9,15.3973,body_reads,17
e2e,e2e/small_256KiB_single_connection,9,15.3973,body_wait_ms,0
e2e,e2e/small_256KiB_single_connection,9,15.3973,cache_copied_bytes,0
e2e,e2e/small_256KiB_single_connection,9,15.3973,cache_evicted_bytes,0
e2e,e2e/small_256KiB_single_connection,9,15.3973,checksum_ms,0.338
e2e,e2e/small_256KiB_single_connection,9,15.3973,cpu_ms,0
e2e,e2e/small_256KiB_single_connection,9,15.3973,cpu_percent,0
e2e,e2e/small_256KiB_single_connection,9,15.3973,distinct_ranges,1
e2e,e2e/small_256KiB_single_connection,9,15.3973,duplicate_bytes,0
e2e,e2e/small_256KiB_single_connection,9,15.3973,failed,0
e2e,e2e/small_256KiB_single_connection,9,15.3973,file_bytes,262144
e2e,e2e/small_256KiB_single_connection,9,15.3973,finalize,3.1529000000000007
e2e,e2e/small_256KiB_single_connection,9,15.3973,fsync_calls,2
e2e,e2e/small_256KiB_single_connection,9,15.3973,fsync_ms,1.674
e2e,e2e/small_256KiB_single_connection,9,15.3973,prealloc_ms,1.877
e2e,e2e/small_256KiB_single_connection,9,15.3973,process_peak_rss_bytes,62894080
e2e,e2e/small_256KiB_single_connection,9,15.3973,report_span,0.004199999999999093
e2e,e2e/small_256KiB_single_connection,9,15.3973,requests,1
e2e,e2e/small_256KiB_single_connection,9,15.3973,response_head_ms,0.622
e2e,e2e/small_256KiB_single_connection,9,15.3973,response_heads,1
e2e,e2e/small_256KiB_single_connection,9,15.3973,rss_delta_bytes,4096
e2e,e2e/small_256KiB_single_connection,9,15.3973,running_reports,2
e2e,e2e/small_256KiB_single_connection,9,15.3973,served_bytes,262144
e2e,e2e/small_256KiB_single_connection,9,15.3973,to_first_report,7.438700000000001
e2e,e2e/small_256KiB_single_connection,9,15.3973,total,10.5958
e2e,e2e/small_256KiB_single_connection,9,15.3973,unique_bytes,262144
e2e,e2e/small_256KiB_single_connection,9,15.3973,verified,1
e2e,e2e/small_256KiB_single_connection,9,15.3973,writer_blocks,16
e2e,e2e/small_256KiB_single_connection,9,15.3973,writer_bytes,262144
e2e,e2e/split_12MiB_4conns,0,48.5313,avg_block_bytes,1048576
e2e,e2e/split_12MiB_4conns,0,48.5313,body_reads,776
e2e,e2e/split_12MiB_4conns,0,48.5313,body_wait_ms,12.556
e2e,e2e/split_12MiB_4conns,0,48.5313,cache_copied_bytes,12582912
e2e,e2e/split_12MiB_4conns,0,48.5313,cache_evicted_bytes,12582912
e2e,e2e/split_12MiB_4conns,0,48.5313,checksum_ms,12.973
e2e,e2e/split_12MiB_4conns,0,48.5313,cpu_ms,62.5
e2e,e2e/split_12MiB_4conns,0,48.5313,cpu_percent,128.78286796356164
e2e,e2e/split_12MiB_4conns,0,48.5313,distinct_ranges,4
e2e,e2e/split_12MiB_4conns,0,48.5313,duplicate_bytes,0
e2e,e2e/split_12MiB_4conns,0,48.5313,failed,0
e2e,e2e/split_12MiB_4conns,0,48.5313,file_bytes,12582912
e2e,e2e/split_12MiB_4conns,0,48.5313,finalize,12.990799999999997
e2e,e2e/split_12MiB_4conns,0,48.5313,fsync_calls,1
e2e,e2e/split_12MiB_4conns,0,48.5313,fsync_ms,4.36
e2e,e2e/split_12MiB_4conns,0,48.5313,prealloc_ms,7.325
e2e,e2e/split_12MiB_4conns,0,48.5313,process_peak_rss_bytes,62894080
e2e,e2e/split_12MiB_4conns,0,48.5313,report_span,0
e2e,e2e/split_12MiB_4conns,0,48.5313,requests,4
e2e,e2e/split_12MiB_4conns,0,48.5313,response_head_ms,3.828
e2e,e2e/split_12MiB_4conns,0,48.5313,response_heads,4
e2e,e2e/split_12MiB_4conns,0,48.5313,rss_delta_bytes,-364544
e2e,e2e/split_12MiB_4conns,0,48.5313,running_reports,1
e2e,e2e/split_12MiB_4conns,0,48.5313,served_bytes,12582912
e2e,e2e/split_12MiB_4conns,0,48.5313,to_first_report,22.8094
e2e,e2e/split_12MiB_4conns,0,48.5313,total,35.8002
e2e,e2e/split_12MiB_4conns,0,48.5313,unique_bytes,12582912
e2e,e2e/split_12MiB_4conns,0,48.5313,verified,1
e2e,e2e/split_12MiB_4conns,0,48.5313,writer_blocks,12
e2e,e2e/split_12MiB_4conns,0,48.5313,writer_bytes,12582912
e2e,e2e/split_12MiB_4conns,1,74.9666,avg_block_bytes,1048576
e2e,e2e/split_12MiB_4conns,1,74.9666,body_reads,774
e2e,e2e/split_12MiB_4conns,1,74.9666,body_wait_ms,95.538
e2e,e2e/split_12MiB_4conns,1,74.9666,cache_copied_bytes,12582912
e2e,e2e/split_12MiB_4conns,1,74.9666,cache_evicted_bytes,12582912
e2e,e2e/split_12MiB_4conns,1,74.9666,checksum_ms,11.311
e2e,e2e/split_12MiB_4conns,1,74.9666,cpu_ms,46.875
e2e,e2e/split_12MiB_4conns,1,74.9666,cpu_percent,62.52784573396686
e2e,e2e/split_12MiB_4conns,1,74.9666,distinct_ranges,4
e2e,e2e/split_12MiB_4conns,1,74.9666,duplicate_bytes,0
e2e,e2e/split_12MiB_4conns,1,74.9666,failed,0
e2e,e2e/split_12MiB_4conns,1,74.9666,file_bytes,12582912
e2e,e2e/split_12MiB_4conns,1,74.9666,finalize,11.3296
e2e,e2e/split_12MiB_4conns,1,74.9666,fsync_calls,1
e2e,e2e/split_12MiB_4conns,1,74.9666,fsync_ms,4.38
e2e,e2e/split_12MiB_4conns,1,74.9666,prealloc_ms,7.614
e2e,e2e/split_12MiB_4conns,1,74.9666,process_peak_rss_bytes,62894080
e2e,e2e/split_12MiB_4conns,1,74.9666,report_span,0
e2e,e2e/split_12MiB_4conns,1,74.9666,requests,4
e2e,e2e/split_12MiB_4conns,1,74.9666,response_head_ms,3.417
e2e,e2e/split_12MiB_4conns,1,74.9666,response_heads,4
e2e,e2e/split_12MiB_4conns,1,74.9666,rss_delta_bytes,-3657728
e2e,e2e/split_12MiB_4conns,1,74.9666,running_reports,1
e2e,e2e/split_12MiB_4conns,1,74.9666,served_bytes,12582912
e2e,e2e/split_12MiB_4conns,1,74.9666,to_first_report,50.751
e2e,e2e/split_12MiB_4conns,1,74.9666,total,62.0806
e2e,e2e/split_12MiB_4conns,1,74.9666,unique_bytes,12582912
e2e,e2e/split_12MiB_4conns,1,74.9666,verified,1
e2e,e2e/split_12MiB_4conns,1,74.9666,writer_blocks,12
e2e,e2e/split_12MiB_4conns,1,74.9666,writer_bytes,12582912
e2e,e2e/split_12MiB_4conns,2,96.0870,avg_block_bytes,1048576
e2e,e2e/split_12MiB_4conns,2,96.0870,body_reads,777
e2e,e2e/split_12MiB_4conns,2,96.0870,body_wait_ms,118.938
e2e,e2e/split_12MiB_4conns,2,96.0870,cache_copied_bytes,12582912
e2e,e2e/split_12MiB_4conns,2,96.0870,cache_evicted_bytes,12582912
e2e,e2e/split_12MiB_4conns,2,96.0870,checksum_ms,13.691
e2e,e2e/split_12MiB_4conns,2,96.0870,cpu_ms,31.25
e2e,e2e/split_12MiB_4conns,2,96.0870,cpu_percent,32.522609718276144
e2e,e2e/split_12MiB_4conns,2,96.0870,distinct_ranges,4
e2e,e2e/split_12MiB_4conns,2,96.0870,duplicate_bytes,0
e2e,e2e/split_12MiB_4conns,2,96.0870,failed,0
e2e,e2e/split_12MiB_4conns,2,96.0870,file_bytes,12582912
e2e,e2e/split_12MiB_4conns,2,96.0870,finalize,13.707099999999997
e2e,e2e/split_12MiB_4conns,2,96.0870,fsync_calls,1
e2e,e2e/split_12MiB_4conns,2,96.0870,fsync_ms,5.102
e2e,e2e/split_12MiB_4conns,2,96.0870,prealloc_ms,7.61
e2e,e2e/split_12MiB_4conns,2,96.0870,process_peak_rss_bytes,62894080
e2e,e2e/split_12MiB_4conns,2,96.0870,report_span,0
e2e,e2e/split_12MiB_4conns,2,96.0870,requests,4
e2e,e2e/split_12MiB_4conns,2,96.0870,response_head_ms,3.996
e2e,e2e/split_12MiB_4conns,2,96.0870,response_heads,4
e2e,e2e/split_12MiB_4conns,2,96.0870,rss_delta_bytes,3981312
e2e,e2e/split_12MiB_4conns,2,96.0870,running_reports,1
e2e,e2e/split_12MiB_4conns,2,96.0870,served_bytes,12582912
e2e,e2e/split_12MiB_4conns,2,96.0870,to_first_report,67.9372
e2e,e2e/split_12MiB_4conns,2,96.0870,total,81.6443
e2e,e2e/split_12MiB_4conns,2,96.0870,unique_bytes,12582912
e2e,e2e/split_12MiB_4conns,2,96.0870,verified,1
e2e,e2e/split_12MiB_4conns,2,96.0870,writer_blocks,12
e2e,e2e/split_12MiB_4conns,2,96.0870,writer_bytes,12582912
e2e,e2e/split_12MiB_4conns,3,73.9696,avg_block_bytes,1048576
e2e,e2e/split_12MiB_4conns,3,73.9696,body_reads,776
e2e,e2e/split_12MiB_4conns,3,73.9696,body_wait_ms,68.886
e2e,e2e/split_12MiB_4conns,3,73.9696,cache_copied_bytes,12582912
e2e,e2e/split_12MiB_4conns,3,73.9696,cache_evicted_bytes,12582912
e2e,e2e/split_12MiB_4conns,3,73.9696,checksum_ms,12.401
e2e,e2e/split_12MiB_4conns,3,73.9696,cpu_ms,46.875
e2e,e2e/split_12MiB_4conns,3,73.9696,cpu_percent,63.3706279336376
e2e,e2e/split_12MiB_4conns,3,73.9696,distinct_ranges,4
e2e,e2e/split_12MiB_4conns,3,73.9696,duplicate_bytes,0
e2e,e2e/split_12MiB_4conns,3,73.9696,failed,0
e2e,e2e/split_12MiB_4conns,3,73.9696,file_bytes,12582912
e2e,e2e/split_12MiB_4conns,3,73.9696,finalize,12.4165
e2e,e2e/split_12MiB_4conns,3,73.9696,fsync_calls,1
e2e,e2e/split_12MiB_4conns,3,73.9696,fsync_ms,3.823
e2e,e2e/split_12MiB_4conns,3,73.9696,prealloc_ms,9.513
e2e,e2e/split_12MiB_4conns,3,73.9696,process_peak_rss_bytes,62894080
e2e,e2e/split_12MiB_4conns,3,73.9696,report_span,0
e2e,e2e/split_12MiB_4conns,3,73.9696,requests,4
e2e,e2e/split_12MiB_4conns,3,73.9696,response_head_ms,4.049
e2e,e2e/split_12MiB_4conns,3,73.9696,response_heads,4
e2e,e2e/split_12MiB_4conns,3,73.9696,rss_delta_bytes,-1150976
e2e,e2e/split_12MiB_4conns,3,73.9696,running_reports,1
e2e,e2e/split_12MiB_4conns,3,73.9696,served_bytes,12582912
e2e,e2e/split_12MiB_4conns,3,73.9696,to_first_report,46.5741
e2e,e2e/split_12MiB_4conns,3,73.9696,total,58.9906
e2e,e2e/split_12MiB_4conns,3,73.9696,unique_bytes,12582912
e2e,e2e/split_12MiB_4conns,3,73.9696,verified,1
e2e,e2e/split_12MiB_4conns,3,73.9696,writer_blocks,12
e2e,e2e/split_12MiB_4conns,3,73.9696,writer_bytes,12582912
e2e,e2e/split_12MiB_4conns,4,78.7643,avg_block_bytes,1048576
e2e,e2e/split_12MiB_4conns,4,78.7643,body_reads,774
e2e,e2e/split_12MiB_4conns,4,78.7643,body_wait_ms,92.794
e2e,e2e/split_12MiB_4conns,4,78.7643,cache_copied_bytes,12582912
e2e,e2e/split_12MiB_4conns,4,78.7643,cache_evicted_bytes,12582912
e2e,e2e/split_12MiB_4conns,4,78.7643,checksum_ms,12.718
e2e,e2e/split_12MiB_4conns,4,78.7643,cpu_ms,93.75
e2e,e2e/split_12MiB_4conns,4,78.7643,cpu_percent,119.02600543647314
e2e,e2e/split_12MiB_4conns,4,78.7643,distinct_ranges,4
e2e,e2e/split_12MiB_4conns,4,78.7643,duplicate_bytes,0
e2e,e2e/split_12MiB_4conns,4,78.7643,failed,0
e2e,e2e/split_12MiB_4conns,4,78.7643,file_bytes,12582912
e2e,e2e/split_12MiB_4conns,4,78.7643,finalize,12.733099999999986
e2e,e2e/split_12MiB_4conns,4,78.7643,fsync_calls,1
e2e,e2e/split_12MiB_4conns,4,78.7643,fsync_ms,4.677
e2e,e2e/split_12MiB_4conns,4,78.7643,prealloc_ms,8.184
e2e,e2e/split_12MiB_4conns,4,78.7643,process_peak_rss_bytes,62894080
e2e,e2e/split_12MiB_4conns,4,78.7643,report_span,0
e2e,e2e/split_12MiB_4conns,4,78.7643,requests,4
e2e,e2e/split_12MiB_4conns,4,78.7643,response_head_ms,3.557
e2e,e2e/split_12MiB_4conns,4,78.7643,response_heads,4
e2e,e2e/split_12MiB_4conns,4,78.7643,rss_delta_bytes,3674112
e2e,e2e/split_12MiB_4conns,4,78.7643,running_reports,1
e2e,e2e/split_12MiB_4conns,4,78.7643,served_bytes,12582912
e2e,e2e/split_12MiB_4conns,4,78.7643,to_first_report,53.490500000000004
e2e,e2e/split_12MiB_4conns,4,78.7643,total,66.22359999999999
e2e,e2e/split_12MiB_4conns,4,78.7643,unique_bytes,12582912
e2e,e2e/split_12MiB_4conns,4,78.7643,verified,1
e2e,e2e/split_12MiB_4conns,4,78.7643,writer_blocks,12
e2e,e2e/split_12MiB_4conns,4,78.7643,writer_bytes,12582912
e2e,e2e/split_12MiB_4conns,5,77.9030,avg_block_bytes,1048576
e2e,e2e/split_12MiB_4conns,5,77.9030,body_reads,778
e2e,e2e/split_12MiB_4conns,5,77.9030,body_wait_ms,110.923
e2e,e2e/split_12MiB_4conns,5,77.9030,cache_copied_bytes,12582912
e2e,e2e/split_12MiB_4conns,5,77.9030,cache_evicted_bytes,12582912
e2e,e2e/split_12MiB_4conns,5,77.9030,checksum_ms,11.757
e2e,e2e/split_12MiB_4conns,5,77.9030,cpu_ms,31.25
e2e,e2e/split_12MiB_4conns,5,77.9030,cpu_percent,40.11398790803948
e2e,e2e/split_12MiB_4conns,5,77.9030,distinct_ranges,4
e2e,e2e/split_12MiB_4conns,5,77.9030,duplicate_bytes,0
e2e,e2e/split_12MiB_4conns,5,77.9030,failed,0
e2e,e2e/split_12MiB_4conns,5,77.9030,file_bytes,12582912
e2e,e2e/split_12MiB_4conns,5,77.9030,finalize,11.768499999999989
e2e,e2e/split_12MiB_4conns,5,77.9030,fsync_calls,1
e2e,e2e/split_12MiB_4conns,5,77.9030,fsync_ms,4.14
e2e,e2e/split_12MiB_4conns,5,77.9030,prealloc_ms,7.275
e2e,e2e/split_12MiB_4conns,5,77.9030,process_peak_rss_bytes,62894080
e2e,e2e/split_12MiB_4conns,5,77.9030,report_span,0
e2e,e2e/split_12MiB_4conns,5,77.9030,requests,4
e2e,e2e/split_12MiB_4conns,5,77.9030,response_head_ms,3.423
e2e,e2e/split_12MiB_4conns,5,77.9030,response_heads,4
e2e,e2e/split_12MiB_4conns,5,77.9030,rss_delta_bytes,-2330624
e2e,e2e/split_12MiB_4conns,5,77.9030,running_reports,1
e2e,e2e/split_12MiB_4conns,5,77.9030,served_bytes,12582912
e2e,e2e/split_12MiB_4conns,5,77.9030,to_first_report,53.4769
e2e,e2e/split_12MiB_4conns,5,77.9030,total,65.24539999999999
e2e,e2e/split_12MiB_4conns,5,77.9030,unique_bytes,12582912
e2e,e2e/split_12MiB_4conns,5,77.9030,verified,1
e2e,e2e/split_12MiB_4conns,5,77.9030,writer_blocks,12
e2e,e2e/split_12MiB_4conns,5,77.9030,writer_bytes,12582912
e2e,e2e/split_12MiB_4conns,6,61.8824,avg_block_bytes,1048576
e2e,e2e/split_12MiB_4conns,6,61.8824,body_reads,775
e2e,e2e/split_12MiB_4conns,6,61.8824,body_wait_ms,19.348
e2e,e2e/split_12MiB_4conns,6,61.8824,cache_copied_bytes,12582912
e2e,e2e/split_12MiB_4conns,6,61.8824,cache_evicted_bytes,12582912
e2e,e2e/split_12MiB_4conns,6,61.8824,checksum_ms,11.152
e2e,e2e/split_12MiB_4conns,6,61.8824,cpu_ms,46.875
e2e,e2e/split_12MiB_4conns,6,61.8824,cpu_percent,75.74851654105207
e2e,e2e/split_12MiB_4conns,6,61.8824,distinct_ranges,5
e2e,e2e/split_12MiB_4conns,6,61.8824,duplicate_bytes,0
e2e,e2e/split_12MiB_4conns,6,61.8824,failed,0
e2e,e2e/split_12MiB_4conns,6,61.8824,file_bytes,12582912
e2e,e2e/split_12MiB_4conns,6,61.8824,finalize,11.1736
e2e,e2e/split_12MiB_4conns,6,61.8824,fsync_calls,1
e2e,e2e/split_12MiB_4conns,6,61.8824,fsync_ms,4.791
e2e,e2e/split_12MiB_4conns,6,61.8824,prealloc_ms,9.03
e2e,e2e/split_12MiB_4conns,6,61.8824,process_peak_rss_bytes,62894080
e2e,e2e/split_12MiB_4conns,6,61.8824,report_span,0
e2e,e2e/split_12MiB_4conns,6,61.8824,requests,5
e2e,e2e/split_12MiB_4conns,6,61.8824,response_head_ms,3.632
e2e,e2e/split_12MiB_4conns,6,61.8824,response_heads,5
e2e,e2e/split_12MiB_4conns,6,61.8824,rss_delta_bytes,2912256
e2e,e2e/split_12MiB_4conns,6,61.8824,running_reports,1
e2e,e2e/split_12MiB_4conns,6,61.8824,served_bytes,12582912
e2e,e2e/split_12MiB_4conns,6,61.8824,to_first_report,37.2527
e2e,e2e/split_12MiB_4conns,6,61.8824,total,48.4263
e2e,e2e/split_12MiB_4conns,6,61.8824,unique_bytes,12582912
e2e,e2e/split_12MiB_4conns,6,61.8824,verified,1
e2e,e2e/split_12MiB_4conns,6,61.8824,writer_blocks,12
e2e,e2e/split_12MiB_4conns,6,61.8824,writer_bytes,12582912
e2e,e2e/split_12MiB_4conns,7,95.2271,avg_block_bytes,1048576
e2e,e2e/split_12MiB_4conns,7,95.2271,body_reads,776
e2e,e2e/split_12MiB_4conns,7,95.2271,body_wait_ms,105.828
e2e,e2e/split_12MiB_4conns,7,95.2271,cache_copied_bytes,12582912
e2e,e2e/split_12MiB_4conns,7,95.2271,cache_evicted_bytes,12582912
e2e,e2e/split_12MiB_4conns,7,95.2271,checksum_ms,12.127
e2e,e2e/split_12MiB_4conns,7,95.2271,cpu_ms,140.625
e2e,e2e/split_12MiB_4conns,7,95.2271,cpu_percent,147.67329888235597
e2e,e2e/split_12MiB_4conns,7,95.2271,distinct_ranges,4
e2e,e2e/split_12MiB_4conns,7,95.2271,duplicate_bytes,0
e2e,e2e/split_12MiB_4conns,7,95.2271,failed,0
e2e,e2e/split_12MiB_4conns,7,95.2271,file_bytes,12582912
e2e,e2e/split_12MiB_4conns,7,95.2271,finalize,12.136899999999997
e2e,e2e/split_12MiB_4conns,7,95.2271,fsync_calls,1
e2e,e2e/split_12MiB_4conns,7,95.2271,fsync_ms,4.526
e2e,e2e/split_12MiB_4conns,7,95.2271,prealloc_ms,7.923
e2e,e2e/split_12MiB_4conns,7,95.2271,process_peak_rss_bytes,62894080
e2e,e2e/split_12MiB_4conns,7,95.2271,report_span,0
e2e,e2e/split_12MiB_4conns,7,95.2271,requests,4
e2e,e2e/split_12MiB_4conns,7,95.2271,response_head_ms,4.146
e2e,e2e/split_12MiB_4conns,7,95.2271,response_heads,4
e2e,e2e/split_12MiB_4conns,7,95.2271,rss_delta_bytes,-1814528
e2e,e2e/split_12MiB_4conns,7,95.2271,running_reports,1
e2e,e2e/split_12MiB_4conns,7,95.2271,served_bytes,12582912
e2e,e2e/split_12MiB_4conns,7,95.2271,to_first_report,69.1653
e2e,e2e/split_12MiB_4conns,7,95.2271,total,81.3022
e2e,e2e/split_12MiB_4conns,7,95.2271,unique_bytes,12582912
e2e,e2e/split_12MiB_4conns,7,95.2271,verified,1
e2e,e2e/split_12MiB_4conns,7,95.2271,writer_blocks,12
e2e,e2e/split_12MiB_4conns,7,95.2271,writer_bytes,12582912
e2e,e2e/split_12MiB_4conns,8,62.1558,avg_block_bytes,1048576
e2e,e2e/split_12MiB_4conns,8,62.1558,body_reads,778
e2e,e2e/split_12MiB_4conns,8,62.1558,body_wait_ms,52.968
e2e,e2e/split_12MiB_4conns,8,62.1558,cache_copied_bytes,12582912
e2e,e2e/split_12MiB_4conns,8,62.1558,cache_evicted_bytes,12582912
e2e,e2e/split_12MiB_4conns,8,62.1558,checksum_ms,11.937
e2e,e2e/split_12MiB_4conns,8,62.1558,cpu_ms,31.25
e2e,e2e/split_12MiB_4conns,8,62.1558,cpu_percent,50.27688486030266
e2e,e2e/split_12MiB_4conns,8,62.1558,distinct_ranges,4
e2e,e2e/split_12MiB_4conns,8,62.1558,duplicate_bytes,0
e2e,e2e/split_12MiB_4conns,8,62.1558,failed,0
e2e,e2e/split_12MiB_4conns,8,62.1558,file_bytes,12582912
e2e,e2e/split_12MiB_4conns,8,62.1558,finalize,11.944499999999998
e2e,e2e/split_12MiB_4conns,8,62.1558,fsync_calls,1
e2e,e2e/split_12MiB_4conns,8,62.1558,fsync_ms,4.715
e2e,e2e/split_12MiB_4conns,8,62.1558,prealloc_ms,7.294
e2e,e2e/split_12MiB_4conns,8,62.1558,process_peak_rss_bytes,62894080
e2e,e2e/split_12MiB_4conns,8,62.1558,report_span,0
e2e,e2e/split_12MiB_4conns,8,62.1558,requests,4
e2e,e2e/split_12MiB_4conns,8,62.1558,response_head_ms,4.4
e2e,e2e/split_12MiB_4conns,8,62.1558,response_heads,4
e2e,e2e/split_12MiB_4conns,8,62.1558,rss_delta_bytes,1605632
e2e,e2e/split_12MiB_4conns,8,62.1558,running_reports,1
e2e,e2e/split_12MiB_4conns,8,62.1558,served_bytes,12582912
e2e,e2e/split_12MiB_4conns,8,62.1558,to_first_report,36.2239
e2e,e2e/split_12MiB_4conns,8,62.1558,total,48.1684
e2e,e2e/split_12MiB_4conns,8,62.1558,unique_bytes,12582912
e2e,e2e/split_12MiB_4conns,8,62.1558,verified,1
e2e,e2e/split_12MiB_4conns,8,62.1558,writer_blocks,12
e2e,e2e/split_12MiB_4conns,8,62.1558,writer_bytes,12582912
e2e,e2e/split_12MiB_4conns,9,74.2782,avg_block_bytes,1048576
e2e,e2e/split_12MiB_4conns,9,74.2782,body_reads,774
e2e,e2e/split_12MiB_4conns,9,74.2782,body_wait_ms,54.988
e2e,e2e/split_12MiB_4conns,9,74.2782,cache_copied_bytes,12582912
e2e,e2e/split_12MiB_4conns,9,74.2782,cache_evicted_bytes,12582912
e2e,e2e/split_12MiB_4conns,9,74.2782,checksum_ms,12.14
e2e,e2e/split_12MiB_4conns,9,74.2782,cpu_ms,93.75
e2e,e2e/split_12MiB_4conns,9,74.2782,cpu_percent,126.21469017827573
e2e,e2e/split_12MiB_4conns,9,74.2782,distinct_ranges,4
e2e,e2e/split_12MiB_4conns,9,74.2782,duplicate_bytes,0
e2e,e2e/split_12MiB_4conns,9,74.2782,failed,0
e2e,e2e/split_12MiB_4conns,9,74.2782,file_bytes,12582912
e2e,e2e/split_12MiB_4conns,9,74.2782,finalize,12.173900000000003
e2e,e2e/split_12MiB_4conns,9,74.2782,fsync_calls,1
e2e,e2e/split_12MiB_4conns,9,74.2782,fsync_ms,4.248
e2e,e2e/split_12MiB_4conns,9,74.2782,prealloc_ms,6.942
e2e,e2e/split_12MiB_4conns,9,74.2782,process_peak_rss_bytes,62894080
e2e,e2e/split_12MiB_4conns,9,74.2782,report_span,0
e2e,e2e/split_12MiB_4conns,9,74.2782,requests,4
e2e,e2e/split_12MiB_4conns,9,74.2782,response_head_ms,3.26
e2e,e2e/split_12MiB_4conns,9,74.2782,response_heads,4
e2e,e2e/split_12MiB_4conns,9,74.2782,rss_delta_bytes,-4235264
e2e,e2e/split_12MiB_4conns,9,74.2782,running_reports,1
e2e,e2e/split_12MiB_4conns,9,74.2782,served_bytes,12582912
e2e,e2e/split_12MiB_4conns,9,74.2782,to_first_report,48.913
e2e,e2e/split_12MiB_4conns,9,74.2782,total,61.0869
e2e,e2e/split_12MiB_4conns,9,74.2782,unique_bytes,12582912
e2e,e2e/split_12MiB_4conns,9,74.2782,verified,1
e2e,e2e/split_12MiB_4conns,9,74.2782,writer_blocks,12
e2e,e2e/split_12MiB_4conns,9,74.2782,writer_bytes,12582912
e2e,e2e/large_64MiB_4conns,0,280.6931,avg_block_bytes,1048576
e2e,e2e/large_64MiB_4conns,0,280.6931,body_reads,4105
e2e,e2e/large_64MiB_4conns,0,280.6931,body_wait_ms,319.673
e2e,e2e/large_64MiB_4conns,0,280.6931,cache_copied_bytes,67108864
e2e,e2e/large_64MiB_4conns,0,280.6931,cache_evicted_bytes,67108864
e2e,e2e/large_64MiB_4conns,0,280.6931,checksum_ms,0
e2e,e2e/large_64MiB_4conns,0,280.6931,cpu_ms,93.75
e2e,e2e/large_64MiB_4conns,0,280.6931,cpu_percent,33.39946724732457
e2e,e2e/large_64MiB_4conns,0,280.6931,distinct_ranges,4
e2e,e2e/large_64MiB_4conns,0,280.6931,duplicate_bytes,0
e2e,e2e/large_64MiB_4conns,0,280.6931,failed,0
e2e,e2e/large_64MiB_4conns,0,280.6931,file_bytes,67108864
e2e,e2e/large_64MiB_4conns,0,280.6931,fsync_calls,1
e2e,e2e/large_64MiB_4conns,0,280.6931,fsync_ms,16.038
e2e,e2e/large_64MiB_4conns,0,280.6931,prealloc_ms,42.264
e2e,e2e/large_64MiB_4conns,0,280.6931,process_peak_rss_bytes,155512832
e2e,e2e/large_64MiB_4conns,0,280.6931,requests,4
e2e,e2e/large_64MiB_4conns,0,280.6931,response_head_ms,4.619
e2e,e2e/large_64MiB_4conns,0,280.6931,response_heads,4
e2e,e2e/large_64MiB_4conns,0,280.6931,rss_delta_bytes,147456
e2e,e2e/large_64MiB_4conns,0,280.6931,running_reports,0
e2e,e2e/large_64MiB_4conns,0,280.6931,served_bytes,67108864
e2e,e2e/large_64MiB_4conns,0,280.6931,total,244.861
e2e,e2e/large_64MiB_4conns,0,280.6931,unique_bytes,67108864
e2e,e2e/large_64MiB_4conns,0,280.6931,verified,1
e2e,e2e/large_64MiB_4conns,0,280.6931,writer_blocks,64
e2e,e2e/large_64MiB_4conns,0,280.6931,writer_bytes,67108864
e2e,e2e/large_64MiB_4conns,1,263.2716,avg_block_bytes,1048576
e2e,e2e/large_64MiB_4conns,1,263.2716,body_reads,4107
e2e,e2e/large_64MiB_4conns,1,263.2716,body_wait_ms,294.356
e2e,e2e/large_64MiB_4conns,1,263.2716,cache_copied_bytes,67108864
e2e,e2e/large_64MiB_4conns,1,263.2716,cache_evicted_bytes,67108864
e2e,e2e/large_64MiB_4conns,1,263.2716,checksum_ms,0
e2e,e2e/large_64MiB_4conns,1,263.2716,cpu_ms,125
e2e,e2e/large_64MiB_4conns,1,263.2716,cpu_percent,47.47948506409351
e2e,e2e/large_64MiB_4conns,1,263.2716,distinct_ranges,4
e2e,e2e/large_64MiB_4conns,1,263.2716,duplicate_bytes,0
e2e,e2e/large_64MiB_4conns,1,263.2716,failed,0
e2e,e2e/large_64MiB_4conns,1,263.2716,file_bytes,67108864
e2e,e2e/large_64MiB_4conns,1,263.2716,finalize,0.018900000000002137
e2e,e2e/large_64MiB_4conns,1,263.2716,fsync_calls,1
e2e,e2e/large_64MiB_4conns,1,263.2716,fsync_ms,18.306
e2e,e2e/large_64MiB_4conns,1,263.2716,prealloc_ms,49.625
e2e,e2e/large_64MiB_4conns,1,263.2716,process_peak_rss_bytes,155721728
e2e,e2e/large_64MiB_4conns,1,263.2716,report_span,0
e2e,e2e/large_64MiB_4conns,1,263.2716,requests,4
e2e,e2e/large_64MiB_4conns,1,263.2716,response_head_ms,4.062
e2e,e2e/large_64MiB_4conns,1,263.2716,response_heads,4
e2e,e2e/large_64MiB_4conns,1,263.2716,rss_delta_bytes,122880
e2e,e2e/large_64MiB_4conns,1,263.2716,running_reports,1
e2e,e2e/large_64MiB_4conns,1,263.2716,served_bytes,67108864
e2e,e2e/large_64MiB_4conns,1,263.2716,to_first_report,235.3947
e2e,e2e/large_64MiB_4conns,1,263.2716,total,235.4136
e2e,e2e/large_64MiB_4conns,1,263.2716,unique_bytes,67108864
e2e,e2e/large_64MiB_4conns,1,263.2716,verified,1
e2e,e2e/large_64MiB_4conns,1,263.2716,writer_blocks,64
e2e,e2e/large_64MiB_4conns,1,263.2716,writer_bytes,67108864
e2e,e2e/large_64MiB_4conns,2,187.0996,avg_block_bytes,1048576
e2e,e2e/large_64MiB_4conns,2,187.0996,body_reads,4105
e2e,e2e/large_64MiB_4conns,2,187.0996,body_wait_ms,167.393
e2e,e2e/large_64MiB_4conns,2,187.0996,cache_copied_bytes,67108864
e2e,e2e/large_64MiB_4conns,2,187.0996,cache_evicted_bytes,67108864
e2e,e2e/large_64MiB_4conns,2,187.0996,checksum_ms,0
e2e,e2e/large_64MiB_4conns,2,187.0996,cpu_ms,109.375
e2e,e2e/large_64MiB_4conns,2,187.0996,cpu_percent,58.458168804209095
e2e,e2e/large_64MiB_4conns,2,187.0996,distinct_ranges,4
e2e,e2e/large_64MiB_4conns,2,187.0996,duplicate_bytes,0
e2e,e2e/large_64MiB_4conns,2,187.0996,failed,0
e2e,e2e/large_64MiB_4conns,2,187.0996,file_bytes,67108864
e2e,e2e/large_64MiB_4conns,2,187.0996,finalize,0.002399999999965985
e2e,e2e/large_64MiB_4conns,2,187.0996,fsync_calls,1
e2e,e2e/large_64MiB_4conns,2,187.0996,fsync_ms,19.276
e2e,e2e/large_64MiB_4conns,2,187.0996,prealloc_ms,44.204
e2e,e2e/large_64MiB_4conns,2,187.0996,process_peak_rss_bytes,157503488
e2e,e2e/large_64MiB_4conns,2,187.0996,report_span,0
e2e,e2e/large_64MiB_4conns,2,187.0996,requests,4
e2e,e2e/large_64MiB_4conns,2,187.0996,response_head_ms,4.176
e2e,e2e/large_64MiB_4conns,2,187.0996,response_heads,4
e2e,e2e/large_64MiB_4conns,2,187.0996,rss_delta_bytes,1703936
e2e,e2e/large_64MiB_4conns,2,187.0996,running_reports,1
e2e,e2e/large_64MiB_4conns,2,187.0996,served_bytes,67108864
e2e,e2e/large_64MiB_4conns,2,187.0996,to_first_report,159.31310000000002
e2e,e2e/large_64MiB_4conns,2,187.0996,total,159.3155
e2e,e2e/large_64MiB_4conns,2,187.0996,unique_bytes,67108864
e2e,e2e/large_64MiB_4conns,2,187.0996,verified,1
e2e,e2e/large_64MiB_4conns,2,187.0996,writer_blocks,64
e2e,e2e/large_64MiB_4conns,2,187.0996,writer_bytes,67108864
e2e,e2e/large_64MiB_4conns,3,367.3722,avg_block_bytes,1048576
e2e,e2e/large_64MiB_4conns,3,367.3722,body_reads,4106
e2e,e2e/large_64MiB_4conns,3,367.3722,body_wait_ms,495.83
e2e,e2e/large_64MiB_4conns,3,367.3722,cache_copied_bytes,67108864
e2e,e2e/large_64MiB_4conns,3,367.3722,cache_evicted_bytes,67108864
e2e,e2e/large_64MiB_4conns,3,367.3722,checksum_ms,0
e2e,e2e/large_64MiB_4conns,3,367.3722,cpu_ms,93.75
e2e,e2e/large_64MiB_4conns,3,367.3722,cpu_percent,25.519078471370456
e2e,e2e/large_64MiB_4conns,3,367.3722,distinct_ranges,4
e2e,e2e/large_64MiB_4conns,3,367.3722,duplicate_bytes,0
e2e,e2e/large_64MiB_4conns,3,367.3722,failed,0
e2e,e2e/large_64MiB_4conns,3,367.3722,file_bytes,67108864
e2e,e2e/large_64MiB_4conns,3,367.3722,finalize,0.006900000000086948
e2e,e2e/large_64MiB_4conns,3,367.3722,fsync_calls,1
e2e,e2e/large_64MiB_4conns,3,367.3722,fsync_ms,27.927
e2e,e2e/large_64MiB_4conns,3,367.3722,prealloc_ms,34.249
e2e,e2e/large_64MiB_4conns,3,367.3722,process_peak_rss_bytes,158072832
e2e,e2e/large_64MiB_4conns,3,367.3722,report_span,91.80499999999995
e2e,e2e/large_64MiB_4conns,3,367.3722,requests,4
e2e,e2e/large_64MiB_4conns,3,367.3722,response_head_ms,3.777
e2e,e2e/large_64MiB_4conns,3,367.3722,response_heads,4
e2e,e2e/large_64MiB_4conns,3,367.3722,rss_delta_bytes,491520
e2e,e2e/large_64MiB_4conns,3,367.3722,running_reports,2
e2e,e2e/large_64MiB_4conns,3,367.3722,served_bytes,67108864
e2e,e2e/large_64MiB_4conns,3,367.3722,to_first_report,241.4504
e2e,e2e/large_64MiB_4conns,3,367.3722,total,333.26230000000004
e2e,e2e/large_64MiB_4conns,3,367.3722,unique_bytes,67108864
e2e,e2e/large_64MiB_4conns,3,367.3722,verified,1
e2e,e2e/large_64MiB_4conns,3,367.3722,writer_blocks,64
e2e,e2e/large_64MiB_4conns,3,367.3722,writer_bytes,67108864
e2e,e2e/large_64MiB_4conns,4,218.2842,avg_block_bytes,1048576
e2e,e2e/large_64MiB_4conns,4,218.2842,body_reads,4104
e2e,e2e/large_64MiB_4conns,4,218.2842,body_wait_ms,228.074
e2e,e2e/large_64MiB_4conns,4,218.2842,cache_copied_bytes,67108864
e2e,e2e/large_64MiB_4conns,4,218.2842,cache_evicted_bytes,67108864
e2e,e2e/large_64MiB_4conns,4,218.2842,checksum_ms,0
e2e,e2e/large_64MiB_4conns,4,218.2842,cpu_ms,109.375
e2e,e2e/large_64MiB_4conns,4,218.2842,cpu_percent,50.10669576634498
e2e,e2e/large_64MiB_4conns,4,218.2842,distinct_ranges,4
e2e,e2e/large_64MiB_4conns,4,218.2842,duplicate_bytes,0
e2e,e2e/large_64MiB_4conns,4,218.2842,failed,0
e2e,e2e/large_64MiB_4conns,4,218.2842,file_bytes,67108864
e2e,e2e/large_64MiB_4conns,4,218.2842,finalize,0.015799999999984493
e2e,e2e/large_64MiB_4conns,4,218.2842,fsync_calls,1
e2e,e2e/large_64MiB_4conns,4,218.2842,fsync_ms,18.55
e2e,e2e/large_64MiB_4conns,4,218.2842,prealloc_ms,34.289
e2e,e2e/large_64MiB_4conns,4,218.2842,process_peak_rss_bytes,158552064
e2e,e2e/large_64MiB_4conns,4,218.2842,report_span,0
e2e,e2e/large_64MiB_4conns,4,218.2842,requests,4
e2e,e2e/large_64MiB_4conns,4,218.2842,response_head_ms,4.133
e2e,e2e/large_64MiB_4conns,4,218.2842,response_heads,4
e2e,e2e/large_64MiB_4conns,4,218.2842,rss_delta_bytes,385024
e2e,e2e/large_64MiB_4conns,4,218.2842,running_reports,1
e2e,e2e/large_64MiB_4conns,4,218.2842,served_bytes,67108864
e2e,e2e/large_64MiB_4conns,4,218.2842,to_first_report,190.9966
e2e,e2e/large_64MiB_4conns,4,218.2842,total,191.01239999999999
e2e,e2e/large_64MiB_4conns,4,218.2842,unique_bytes,67108864
e2e,e2e/large_64MiB_4conns,4,218.2842,verified,1
e2e,e2e/large_64MiB_4conns,4,218.2842,writer_blocks,64
e2e,e2e/large_64MiB_4conns,4,218.2842,writer_bytes,67108864
e2e,e2e/large_64MiB_4conns,5,248.4364,avg_block_bytes,1048576
e2e,e2e/large_64MiB_4conns,5,248.4364,body_reads,4105
e2e,e2e/large_64MiB_4conns,5,248.4364,body_wait_ms,282.215
e2e,e2e/large_64MiB_4conns,5,248.4364,cache_copied_bytes,67108864
e2e,e2e/large_64MiB_4conns,5,248.4364,cache_evicted_bytes,67108864
e2e,e2e/large_64MiB_4conns,5,248.4364,checksum_ms,0
e2e,e2e/large_64MiB_4conns,5,248.4364,cpu_ms,187.5
e2e,e2e/large_64MiB_4conns,5,248.4364,cpu_percent,75.4720322786838
e2e,e2e/large_64MiB_4conns,5,248.4364,distinct_ranges,4
e2e,e2e/large_64MiB_4conns,5,248.4364,duplicate_bytes,0
e2e,e2e/large_64MiB_4conns,5,248.4364,failed,0
e2e,e2e/large_64MiB_4conns,5,248.4364,file_bytes,67108864
e2e,e2e/large_64MiB_4conns,5,248.4364,finalize,0.0013999999999896318
e2e,e2e/large_64MiB_4conns,5,248.4364,fsync_calls,1
e2e,e2e/large_64MiB_4conns,5,248.4364,fsync_ms,18.046
e2e,e2e/large_64MiB_4conns,5,248.4364,prealloc_ms,48.098
e2e,e2e/large_64MiB_4conns,5,248.4364,process_peak_rss_bytes,158552064
e2e,e2e/large_64MiB_4conns,5,248.4364,report_span,0
e2e,e2e/large_64MiB_4conns,5,248.4364,requests,4
e2e,e2e/large_64MiB_4conns,5,248.4364,response_head_ms,3.89
e2e,e2e/large_64MiB_4conns,5,248.4364,response_heads,4
e2e,e2e/large_64MiB_4conns,5,248.4364,rss_delta_bytes,-2433024
e2e,e2e/large_64MiB_4conns,5,248.4364,running_reports,1
e2e,e2e/large_64MiB_4conns,5,248.4364,served_bytes,67108864
e2e,e2e/large_64MiB_4conns,5,248.4364,to_first_report,218.3845
e2e,e2e/large_64MiB_4conns,5,248.4364,total,218.3859
e2e,e2e/large_64MiB_4conns,5,248.4364,unique_bytes,67108864
e2e,e2e/large_64MiB_4conns,5,248.4364,verified,1
e2e,e2e/large_64MiB_4conns,5,248.4364,writer_blocks,64
e2e,e2e/large_64MiB_4conns,5,248.4364,writer_bytes,67108864
e2e,e2e/large_64MiB_4conns,6,235.0896,avg_block_bytes,1048576
e2e,e2e/large_64MiB_4conns,6,235.0896,body_reads,4108
e2e,e2e/large_64MiB_4conns,6,235.0896,body_wait_ms,252.916
e2e,e2e/large_64MiB_4conns,6,235.0896,cache_copied_bytes,67108864
e2e,e2e/large_64MiB_4conns,6,235.0896,cache_evicted_bytes,67108864
e2e,e2e/large_64MiB_4conns,6,235.0896,checksum_ms,0
e2e,e2e/large_64MiB_4conns,6,235.0896,cpu_ms,171.875
e2e,e2e/large_64MiB_4conns,6,235.0896,cpu_percent,73.11042257930593
e2e,e2e/large_64MiB_4conns,6,235.0896,distinct_ranges,4
e2e,e2e/large_64MiB_4conns,6,235.0896,duplicate_bytes,0
e2e,e2e/large_64MiB_4conns,6,235.0896,failed,0
e2e,e2e/large_64MiB_4conns,6,235.0896,file_bytes,67108864
e2e,e2e/large_64MiB_4conns,6,235.0896,finalize,0.02600000000001046
e2e,e2e/large_64MiB_4conns,6,235.0896,fsync_calls,1
e2e,e2e/large_64MiB_4conns,6,235.0896,fsync_ms,19.911
e2e,e2e/large_64MiB_4conns,6,235.0896,prealloc_ms,35.486
e2e,e2e/large_64MiB_4conns,6,235.0896,process_peak_rss_bytes,158552064
e2e,e2e/large_64MiB_4conns,6,235.0896,report_span,0
e2e,e2e/large_64MiB_4conns,6,235.0896,requests,4
e2e,e2e/large_64MiB_4conns,6,235.0896,response_head_ms,4.338
e2e,e2e/large_64MiB_4conns,6,235.0896,response_heads,4
e2e,e2e/large_64MiB_4conns,6,235.0896,rss_delta_bytes,-32768
e2e,e2e/large_64MiB_4conns,6,235.0896,running_reports,1
e2e,e2e/large_64MiB_4conns,6,235.0896,served_bytes,67108864
e2e,e2e/large_64MiB_4conns,6,235.0896,to_first_report,203.815
e2e,e2e/large_64MiB_4conns,6,235.0896,total,203.841
e2e,e2e/large_64MiB_4conns,6,235.0896,unique_bytes,67108864
e2e,e2e/large_64MiB_4conns,6,235.0896,verified,1
e2e,e2e/large_64MiB_4conns,6,235.0896,writer_blocks,64
e2e,e2e/large_64MiB_4conns,6,235.0896,writer_bytes,67108864
e2e,e2e/large_64MiB_4conns,7,259.2741,avg_block_bytes,1048576
e2e,e2e/large_64MiB_4conns,7,259.2741,body_reads,4114
e2e,e2e/large_64MiB_4conns,7,259.2741,body_wait_ms,150.667
e2e,e2e/large_64MiB_4conns,7,259.2741,cache_copied_bytes,67108864
e2e,e2e/large_64MiB_4conns,7,259.2741,cache_evicted_bytes,67108864
e2e,e2e/large_64MiB_4conns,7,259.2741,checksum_ms,0
e2e,e2e/large_64MiB_4conns,7,259.2741,cpu_ms,218.75
e2e,e2e/large_64MiB_4conns,7,259.2741,cpu_percent,84.37017041038807
e2e,e2e/large_64MiB_4conns,7,259.2741,distinct_ranges,5
e2e,e2e/large_64MiB_4conns,7,259.2741,duplicate_bytes,0
e2e,e2e/large_64MiB_4conns,7,259.2741,failed,0
e2e,e2e/large_64MiB_4conns,7,259.2741,file_bytes,67108864
e2e,e2e/large_64MiB_4conns,7,259.2741,finalize,0.015999999999991132
e2e,e2e/large_64MiB_4conns,7,259.2741,fsync_calls,1
e2e,e2e/large_64MiB_4conns,7,259.2741,fsync_ms,18.743
e2e,e2e/large_64MiB_4conns,7,259.2741,prealloc_ms,35.181
e2e,e2e/large_64MiB_4conns,7,259.2741,process_peak_rss_bytes,160522240
e2e,e2e/large_64MiB_4conns,7,259.2741,report_span,0
e2e,e2e/large_64MiB_4conns,7,259.2741,requests,5
e2e,e2e/large_64MiB_4conns,7,259.2741,response_head_ms,5.478
e2e,e2e/large_64MiB_4conns,7,259.2741,response_heads,5
e2e,e2e/large_64MiB_4conns,7,259.2741,rss_delta_bytes,4141056
e2e,e2e/large_64MiB_4conns,7,259.2741,running_reports,1
e2e,e2e/large_64MiB_4conns,7,259.2741,served_bytes,67108864
e2e,e2e/large_64MiB_4conns,7,259.2741,to_first_report,225.39770000000001
e2e,e2e/large_64MiB_4conns,7,259.2741,total,225.4137
e2e,e2e/large_64MiB_4conns,7,259.2741,unique_bytes,67108864
e2e,e2e/large_64MiB_4conns,7,259.2741,verified,1
e2e,e2e/large_64MiB_4conns,7,259.2741,writer_blocks,64
e2e,e2e/large_64MiB_4conns,7,259.2741,writer_bytes,67108864
e2e,e2e/large_64MiB_4conns,8,244.0777,avg_block_bytes,1048576
e2e,e2e/large_64MiB_4conns,8,244.0777,body_reads,4106
e2e,e2e/large_64MiB_4conns,8,244.0777,body_wait_ms,150.029
e2e,e2e/large_64MiB_4conns,8,244.0777,cache_copied_bytes,67108864
e2e,e2e/large_64MiB_4conns,8,244.0777,cache_evicted_bytes,67108864
e2e,e2e/large_64MiB_4conns,8,244.0777,checksum_ms,0
e2e,e2e/large_64MiB_4conns,8,244.0777,cpu_ms,359.375
e2e,e2e/large_64MiB_4conns,8,244.0777,cpu_percent,147.23794922682407
e2e,e2e/large_64MiB_4conns,8,244.0777,distinct_ranges,4
e2e,e2e/large_64MiB_4conns,8,244.0777,duplicate_bytes,0
e2e,e2e/large_64MiB_4conns,8,244.0777,failed,0
e2e,e2e/large_64MiB_4conns,8,244.0777,file_bytes,67108864
e2e,e2e/large_64MiB_4conns,8,244.0777,finalize,0.0020000000000095497
e2e,e2e/large_64MiB_4conns,8,244.0777,fsync_calls,1
e2e,e2e/large_64MiB_4conns,8,244.0777,fsync_ms,18.321
e2e,e2e/large_64MiB_4conns,8,244.0777,prealloc_ms,43.27
e2e,e2e/large_64MiB_4conns,8,244.0777,process_peak_rss_bytes,160522240
e2e,e2e/large_64MiB_4conns,8,244.0777,report_span,0
e2e,e2e/large_64MiB_4conns,8,244.0777,requests,4
e2e,e2e/large_64MiB_4conns,8,244.0777,response_head_ms,3.526
e2e,e2e/large_64MiB_4conns,8,244.0777,response_heads,4
e2e,e2e/large_64MiB_4conns,8,244.0777,rss_delta_bytes,-2392064
e2e,e2e/large_64MiB_4conns,8,244.0777,running_reports,1
e2e,e2e/large_64MiB_4conns,8,244.0777,served_bytes,67108864
e2e,e2e/large_64MiB_4conns,8,244.0777,to_first_report,213.3945
e2e,e2e/large_64MiB_4conns,8,244.0777,total,213.3965
e2e,e2e/large_64MiB_4conns,8,244.0777,unique_bytes,67108864
e2e,e2e/large_64MiB_4conns,8,244.0777,verified,1
e2e,e2e/large_64MiB_4conns,8,244.0777,writer_blocks,64
e2e,e2e/large_64MiB_4conns,8,244.0777,writer_bytes,67108864
e2e,e2e/large_64MiB_4conns,9,340.8702,avg_block_bytes,1048576
e2e,e2e/large_64MiB_4conns,9,340.8702,body_reads,4111
e2e,e2e/large_64MiB_4conns,9,340.8702,body_wait_ms,223.868
e2e,e2e/large_64MiB_4conns,9,340.8702,cache_copied_bytes,67108864
e2e,e2e/large_64MiB_4conns,9,340.8702,cache_evicted_bytes,67108864
e2e,e2e/large_64MiB_4conns,9,340.8702,checksum_ms,0
e2e,e2e/large_64MiB_4conns,9,340.8702,cpu_ms,437.5
e2e,e2e/large_64MiB_4conns,9,340.8702,cpu_percent,128.34797527035218
e2e,e2e/large_64MiB_4conns,9,340.8702,distinct_ranges,5
e2e,e2e/large_64MiB_4conns,9,340.8702,duplicate_bytes,0
e2e,e2e/large_64MiB_4conns,9,340.8702,failed,0
e2e,e2e/large_64MiB_4conns,9,340.8702,file_bytes,67108864
e2e,e2e/large_64MiB_4conns,9,340.8702,finalize,0.014699999999947977
e2e,e2e/large_64MiB_4conns,9,340.8702,fsync_calls,1
e2e,e2e/large_64MiB_4conns,9,340.8702,fsync_ms,28.801
e2e,e2e/large_64MiB_4conns,9,340.8702,prealloc_ms,37.717
e2e,e2e/large_64MiB_4conns,9,340.8702,process_peak_rss_bytes,162889728
e2e,e2e/large_64MiB_4conns,9,340.8702,report_span,67.21530000000001
e2e,e2e/large_64MiB_4conns,9,340.8702,requests,5
e2e,e2e/large_64MiB_4conns,9,340.8702,response_head_ms,6.848
e2e,e2e/large_64MiB_4conns,9,340.8702,response_heads,5
e2e,e2e/large_64MiB_4conns,9,340.8702,rss_delta_bytes,4681728
e2e,e2e/large_64MiB_4conns,9,340.8702,running_reports,2
e2e,e2e/large_64MiB_4conns,9,340.8702,served_bytes,67108864
e2e,e2e/large_64MiB_4conns,9,340.8702,to_first_report,242.1655
e2e,e2e/large_64MiB_4conns,9,340.8702,total,309.39549999999997
e2e,e2e/large_64MiB_4conns,9,340.8702,unique_bytes,67108864
e2e,e2e/large_64MiB_4conns,9,340.8702,verified,1
e2e,e2e/large_64MiB_4conns,9,340.8702,writer_blocks,64
e2e,e2e/large_64MiB_4conns,9,340.8702,writer_bytes,67108864
e2e,e2e/unknown_length_12MiB,0,71.9063,avg_block_bytes,15363.750915750916
e2e,e2e/unknown_length_12MiB,0,71.9063,body_reads,820
e2e,e2e/unknown_length_12MiB,0,71.9063,body_wait_ms,0.458
e2e,e2e/unknown_length_12MiB,0,71.9063,cache_copied_bytes,0
e2e,e2e/unknown_length_12MiB,0,71.9063,cache_evicted_bytes,0
e2e,e2e/unknown_length_12MiB,0,71.9063,checksum_ms,12.699
e2e,e2e/unknown_length_12MiB,0,71.9063,cpu_ms,140.625
e2e,e2e/unknown_length_12MiB,0,71.9063,cpu_percent,195.5670087321973
e2e,e2e/unknown_length_12MiB,0,71.9063,distinct_ranges,1
e2e,e2e/unknown_length_12MiB,0,71.9063,duplicate_bytes,0
e2e,e2e/unknown_length_12MiB,0,71.9063,failed,0
e2e,e2e/unknown_length_12MiB,0,71.9063,file_bytes,12582912
e2e,e2e/unknown_length_12MiB,0,71.9063,finalize,19.8241
e2e,e2e/unknown_length_12MiB,0,71.9063,fsync_calls,2
e2e,e2e/unknown_length_12MiB,0,71.9063,fsync_ms,4.809
e2e,e2e/unknown_length_12MiB,0,71.9063,prealloc_ms,0.721
e2e,e2e/unknown_length_12MiB,0,71.9063,process_peak_rss_bytes,162889728
e2e,e2e/unknown_length_12MiB,0,71.9063,report_span,23.7534
e2e,e2e/unknown_length_12MiB,0,71.9063,requests,1
e2e,e2e/unknown_length_12MiB,0,71.9063,response_head_ms,0.862
e2e,e2e/unknown_length_12MiB,0,71.9063,response_heads,1
e2e,e2e/unknown_length_12MiB,0,71.9063,rss_delta_bytes,-6156288
e2e,e2e/unknown_length_12MiB,0,71.9063,running_reports,46
e2e,e2e/unknown_length_12MiB,0,71.9063,served_bytes,12582912
e2e,e2e/unknown_length_12MiB,0,71.9063,to_first_report,12.9978
e2e,e2e/unknown_length_12MiB,0,71.9063,total,56.5753
e2e,e2e/unknown_length_12MiB,0,71.9063,unique_bytes,12582912
e2e,e2e/unknown_length_12MiB,0,71.9063,verified,1
e2e,e2e/unknown_length_12MiB,0,71.9063,writer_blocks,819
e2e,e2e/unknown_length_12MiB,0,71.9063,writer_bytes,12582912
e2e,e2e/unknown_length_12MiB,1,75.0171,avg_block_bytes,15496.197044334975
e2e,e2e/unknown_length_12MiB,1,75.0171,body_reads,813
e2e,e2e/unknown_length_12MiB,1,75.0171,body_wait_ms,16.532
e2e,e2e/unknown_length_12MiB,1,75.0171,cache_copied_bytes,0
e2e,e2e/unknown_length_12MiB,1,75.0171,cache_evicted_bytes,0
e2e,e2e/unknown_length_12MiB,1,75.0171,checksum_ms,11.556
e2e,e2e/unknown_length_12MiB,1,75.0171,cpu_ms,93.75
e2e,e2e/unknown_length_12MiB,1,75.0171,cpu_percent,124.9715064965188
e2e,e2e/unknown_length_12MiB,1,75.0171,distinct_ranges,1
e2e,e2e/unknown_length_12MiB,1,75.0171,duplicate_bytes,0
e2e,e2e/unknown_length_12MiB,1,75.0171,failed,0
e2e,e2e/unknown_length_12MiB,1,75.0171,file_bytes,12582912
e2e,e2e/unknown_length_12MiB,1,75.0171,finalize,18.546
e2e,e2e/unknown_length_12MiB,1,75.0171,fsync_calls,2
e2e,e2e/unknown_length_12MiB,1,75.0171,fsync_ms,5.001
e2e,e2e/unknown_length_12MiB,1,75.0171,prealloc_ms,0.775
e2e,e2e/unknown_length_12MiB,1,75.0171,process_peak_rss_bytes,162889728
e2e,e2e/unknown_length_12MiB,1,75.0171,report_span,37.5257
e2e,e2e/unknown_length_12MiB,1,75.0171,requests,1
e2e,e2e/unknown_length_12MiB,1,75.0171,response_head_ms,0.779
e2e,e2e/unknown_length_12MiB,1,75.0171,response_heads,1
e2e,e2e/unknown_length_12MiB,1,75.0171,rss_delta_bytes,-45056
e2e,e2e/unknown_length_12MiB,1,75.0171,running_reports,46
e2e,e2e/unknown_length_12MiB,1,75.0171,served_bytes,12582912
e2e,e2e/unknown_length_12MiB,1,75.0171,to_first_report,6.523000000000001
e2e,e2e/unknown_length_12MiB,1,75.0171,total,62.5947
e2e,e2e/unknown_length_12MiB,1,75.0171,unique_bytes,12582912
e2e,e2e/unknown_length_12MiB,1,75.0171,verified,1
e2e,e2e/unknown_length_12MiB,1,75.0171,writer_blocks,812
e2e,e2e/unknown_length_12MiB,1,75.0171,writer_bytes,12582912
e2e,e2e/unknown_length_12MiB,2,63.8412,avg_block_bytes,15768.060150375939
e2e,e2e/unknown_length_12MiB,2,63.8412,body_reads,799
e2e,e2e/unknown_length_12MiB,2,63.8412,body_wait_ms,0.315
e2e,e2e/unknown_length_12MiB,2,63.8412,cache_copied_bytes,0
e2e,e2e/unknown_length_12MiB,2,63.8412,cache_evicted_bytes,0
e2e,e2e/unknown_length_12MiB,2,63.8412,checksum_ms,12.453
e2e,e2e/unknown_length_12MiB,2,63.8412,cpu_ms,140.625
e2e,e2e/unknown_length_12MiB,2,63.8412,cpu_percent,220.27311516700814
e2e,e2e/unknown_length_12MiB,2,63.8412,distinct_ranges,1
e2e,e2e/unknown_length_12MiB,2,63.8412,duplicate_bytes,0
e2e,e2e/unknown_length_12MiB,2,63.8412,failed,0
e2e,e2e/unknown_length_12MiB,2,63.8412,file_bytes,12582912
e2e,e2e/unknown_length_12MiB,2,63.8412,finalize,19.223600000000005
e2e,e2e/unknown_length_12MiB,2,63.8412,fsync_calls,2
e2e,e2e/unknown_length_12MiB,2,63.8412,fsync_ms,4.822
e2e,e2e/unknown_length_12MiB,2,63.8412,prealloc_ms,0.632
e2e,e2e/unknown_length_12MiB,2,63.8412,process_peak_rss_bytes,162889728
e2e,e2e/unknown_length_12MiB,2,63.8412,report_span,22.3031
e2e,e2e/unknown_length_12MiB,2,63.8412,requests,1
e2e,e2e/unknown_length_12MiB,2,63.8412,response_head_ms,0.626
e2e,e2e/unknown_length_12MiB,2,63.8412,response_heads,1
e2e,e2e/unknown_length_12MiB,2,63.8412,rss_delta_bytes,-86016
e2e,e2e/unknown_length_12MiB,2,63.8412,running_reports,46
e2e,e2e/unknown_length_12MiB,2,63.8412,served_bytes,12582912
e2e,e2e/unknown_length_12MiB,2,63.8412,to_first_report,9.8386
e2e,e2e/unknown_length_12MiB,2,63.8412,total,51.365300000000005
e2e,e2e/unknown_length_12MiB,2,63.8412,unique_bytes,12582912
e2e,e2e/unknown_length_12MiB,2,63.8412,verified,1
e2e,e2e/unknown_length_12MiB,2,63.8412,writer_blocks,798
e2e,e2e/unknown_length_12MiB,2,63.8412,writer_bytes,12582912
e2e,e2e/unknown_length_12MiB,3,66.9907,avg_block_bytes,15748.325406758448
e2e,e2e/unknown_length_12MiB,3,66.9907,body_reads,800
e2e,e2e/unknown_length_12MiB,3,66.9907,body_wait_ms,0.266
e2e,e2e/unknown_length_12MiB,3,66.9907,cache_copied_bytes,0
e2e,e2e/unknown_length_12MiB,3,66.9907,cache_evicted_bytes,0
e2e,e2e/unknown_length_12MiB,3,66.9907,checksum_ms,14.279
e2e,e2e/unknown_length_12MiB,3,66.9907,cpu_ms,125
e2e,e2e/unknown_length_12MiB,3,66.9907,cpu_percent,186.59306441043307
e2e,e2e/unknown_length_12MiB,3,66.9907,distinct_ranges,1
e2e,e2e/unknown_length_12MiB,3,66.9907,duplicate_bytes,0
e2e,e2e/unknown_length_12MiB,3,66.9907,failed,0
e2e,e2e/unknown_length_12MiB,3,66.9907,file_bytes,12582912
e2e,e2e/unknown_length_12MiB,3,66.9907,finalize,21.0113
e2e,e2e/unknown_length_12MiB,3,66.9907,fsync_calls,2
e2e,e2e/unknown_length_12MiB,3,66.9907,fsync_ms,4.647
e2e,e2e/unknown_length_12MiB,3,66.9907,prealloc_ms,0.562
e2e,e2e/unknown_length_12MiB,3,66.9907,process_peak_rss_bytes,162889728
e2e,e2e/unknown_length_12MiB,3,66.9907,report_span,22.8881
e2e,e2e/unknown_length_12MiB,3,66.9907,requests,1
e2e,e2e/unknown_length_12MiB,3,66.9907,response_head_ms,0.939
e2e,e2e/unknown_length_12MiB,3,66.9907,response_heads,1
e2e,e2e/unknown_length_12MiB,3,66.9907,rss_delta_bytes,28672
e2e,e2e/unknown_length_12MiB,3,66.9907,running_reports,46
e2e,e2e/unknown_length_12MiB,3,66.9907,served_bytes,12582912
e2e,e2e/unknown_length_12MiB,3,66.9907,to_first_report,8.4172
e2e,e2e/unknown_length_12MiB,3,66.9907,total,52.3166
e2e,e2e/unknown_length_12MiB,3,66.9907,unique_bytes,12582912
e2e,e2e/unknown_length_12MiB,3,66.9907,verified,1
e2e,e2e/unknown_length_12MiB,3,66.9907,writer_blocks,799
e2e,e2e/unknown_length_12MiB,3,66.9907,writer_bytes,12582912
e2e,e2e/unknown_length_12MiB,4,64.3691,avg_block_bytes,15748.325406758448
e2e,e2e/unknown_length_12MiB,4,64.3691,body_reads,800
e2e,e2e/unknown_length_12MiB,4,64.3691,body_wait_ms,0.357
e2e,e2e/unknown_length_12MiB,4,64.3691,cache_copied_bytes,0
e2e,e2e/unknown_length_12MiB,4,64.3691,cache_evicted_bytes,0
e2e,e2e/unknown_length_12MiB,4,64.3691,checksum_ms,12.873
e2e,e2e/unknown_length_12MiB,4,64.3691,cpu_ms,109.375
e2e,e2e/unknown_length_12MiB,4,64.3691,cpu_percent,169.91848573306135
e2e,e2e/unknown_length_12MiB,4,64.3691,distinct_ranges,1
e2e,e2e/unknown_length_12MiB,4,64.3691,duplicate_bytes,0
e2e,e2e/unknown_length_12MiB,4,64.3691,failed,0
e2e,e2e/unknown_length_12MiB,4,64.3691,file_bytes,12582912
e2e,e2e/unknown_length_12MiB,4,64.3691,finalize,19.772100000000002
e2e,e2e/unknown_length_12MiB,4,64.3691,fsync_calls,2
e2e,e2e/unknown_length_12MiB,4,64.3691,fsync_ms,4.725
e2e,e2e/unknown_length_12MiB,4,64.3691,prealloc_ms,0.653
e2e,e2e/unknown_length_12MiB,4,64.3691,process_peak_rss_bytes,162889728
e2e,e2e/unknown_length_12MiB,4,64.3691,report_span,26.819499999999998
e2e,e2e/unknown_length_12MiB,4,64.3691,requests,1
e2e,e2e/unknown_length_12MiB,4,64.3691,response_head_ms,0.63
e2e,e2e/unknown_length_12MiB,4,64.3691,response_heads,1
e2e,e2e/unknown_length_12MiB,4,64.3691,rss_delta_bytes,36864
e2e,e2e/unknown_length_12MiB,4,64.3691,running_reports,46
e2e,e2e/unknown_length_12MiB,4,64.3691,served_bytes,12582912
e2e,e2e/unknown_length_12MiB,4,64.3691,to_first_report,3.1599000000000004
e2e,e2e/unknown_length_12MiB,4,64.3691,total,49.7515
e2e,e2e/unknown_length_12MiB,4,64.3691,unique_bytes,12582912
e2e,e2e/unknown_length_12MiB,4,64.3691,verified,1
e2e,e2e/unknown_length_12MiB,4,64.3691,writer_blocks,799
e2e,e2e/unknown_length_12MiB,4,64.3691,writer_bytes,12582912
e2e,e2e/unknown_length_12MiB,5,101.2408,avg_block_bytes,14997.511323003575
e2e,e2e/unknown_length_12MiB,5,101.2408,body_reads,840
e2e,e2e/unknown_length_12MiB,5,101.2408,body_wait_ms,28.151
e2e,e2e/unknown_length_12MiB,5,101.2408,cache_copied_bytes,0
e2e,e2e/unknown_length_12MiB,5,101.2408,cache_evicted_bytes,0
e2e,e2e/unknown_length_12MiB,5,101.2408,checksum_ms,12.847
e2e,e2e/unknown_length_12MiB,5,101.2408,cpu_ms,171.875
e2e,e2e/unknown_length_12MiB,5,101.2408,cpu_percent,169.76851229938916
e2e,e2e/unknown_length_12MiB,5,101.2408,distinct_ranges,1
e2e,e2e/unknown_length_12MiB,5,101.2408,duplicate_bytes,0
e2e,e2e/unknown_length_12MiB,5,101.2408,failed,0
e2e,e2e/unknown_length_12MiB,5,101.2408,file_bytes,12582912
e2e,e2e/unknown_length_12MiB,5,101.2408,finalize,20.043000000000006
e2e,e2e/unknown_length_12MiB,5,101.2408,fsync_calls,2
e2e,e2e/unknown_length_12MiB,5,101.2408,fsync_ms,5.099
e2e,e2e/unknown_length_12MiB,5,101.2408,prealloc_ms,0.634
e2e,e2e/unknown_length_12MiB,5,101.2408,process_peak_rss_bytes,162889728
e2e,e2e/unknown_length_12MiB,5,101.2408,report_span,50.975199999999994
e2e,e2e/unknown_length_12MiB,5,101.2408,requests,1
e2e,e2e/unknown_length_12MiB,5,101.2408,response_head_ms,1.133
e2e,e2e/unknown_length_12MiB,5,101.2408,response_heads,1
e2e,e2e/unknown_length_12MiB,5,101.2408,rss_delta_bytes,192512
e2e,e2e/unknown_length_12MiB,5,101.2408,running_reports,47
e2e,e2e/unknown_length_12MiB,5,101.2408,served_bytes,12582912
e2e,e2e/unknown_length_12MiB,5,101.2408,to_first_report,15.9001
e2e,e2e/unknown_length_12MiB,5,101.2408,total,86.9183
e2e,e2e/unknown_length_12MiB,5,101.2408,unique_bytes,12582912
e2e,e2e/unknown_length_12MiB,5,101.2408,verified,1
e2e,e2e/unknown_length_12MiB,5,101.2408,writer_blocks,839
e2e,e2e/unknown_length_12MiB,5,101.2408,writer_bytes,12582912
e2e,e2e/unknown_length_12MiB,6,68.2693,avg_block_bytes,15768.060150375939
e2e,e2e/unknown_length_12MiB,6,68.2693,body_reads,799
e2e,e2e/unknown_length_12MiB,6,68.2693,body_wait_ms,0.288
e2e,e2e/unknown_length_12MiB,6,68.2693,cache_copied_bytes,0
e2e,e2e/unknown_length_12MiB,6,68.2693,cache_evicted_bytes,0
e2e,e2e/unknown_length_12MiB,6,68.2693,checksum_ms,13.92
e2e,e2e/unknown_length_12MiB,6,68.2693,cpu_ms,109.375
e2e,e2e/unknown_length_12MiB,6,68.2693,cpu_percent,160.2111051380342
e2e,e2e/unknown_length_12MiB,6,68.2693,distinct_ranges,1
e2e,e2e/unknown_length_12MiB,6,68.2693,duplicate_bytes,0
e2e,e2e/unknown_length_12MiB,6,68.2693,failed,0
e2e,e2e/unknown_length_12MiB,6,68.2693,file_bytes,12582912
e2e,e2e/unknown_length_12MiB,6,68.2693,finalize,21.6344
e2e,e2e/unknown_length_12MiB,6,68.2693,fsync_calls,2
e2e,e2e/unknown_length_12MiB,6,68.2693,fsync_ms,5.154
e2e,e2e/unknown_length_12MiB,6,68.2693,prealloc_ms,0.583
e2e,e2e/unknown_length_12MiB,6,68.2693,process_peak_rss_bytes,162889728
e2e,e2e/unknown_length_12MiB,6,68.2693,report_span,23.091599999999996
e2e,e2e/unknown_length_12MiB,6,68.2693,requests,1
e2e,e2e/unknown_length_12MiB,6,68.2693,response_head_ms,0.965
e2e,e2e/unknown_length_12MiB,6,68.2693,response_heads,1
e2e,e2e/unknown_length_12MiB,6,68.2693,rss_delta_bytes,-413696
e2e,e2e/unknown_length_12MiB,6,68.2693,running_reports,46
e2e,e2e/unknown_length_12MiB,6,68.2693,served_bytes,12582912
e2e,e2e/unknown_length_12MiB,6,68.2693,to_first_report,9.91
e2e,e2e/unknown_length_12MiB,6,68.2693,total,54.635999999999996
e2e,e2e/unknown_length_12MiB,6,68.2693,unique_bytes,12582912
e2e,e2e/unknown_length_12MiB,6,68.2693,verified,1
e2e,e2e/unknown_length_12MiB,6,68.2693,writer_blocks,798
e2e,e2e/unknown_length_12MiB,6,68.2693,writer_bytes,12582912
e2e,e2e/unknown_length_12MiB,7,64.6158,avg_block_bytes,15748.325406758448
e2e,e2e/unknown_length_12MiB,7,64.6158,body_reads,800
e2e,e2e/unknown_length_12MiB,7,64.6158,body_wait_ms,0.319
e2e,e2e/unknown_length_12MiB,7,64.6158,cache_copied_bytes,0
e2e,e2e/unknown_length_12MiB,7,64.6158,cache_evicted_bytes,0
e2e,e2e/unknown_length_12MiB,7,64.6158,checksum_ms,13.279
e2e,e2e/unknown_length_12MiB,7,64.6158,cpu_ms,125
e2e,e2e/unknown_length_12MiB,7,64.6158,cpu_percent,193.4511373379266
e2e,e2e/unknown_length_12MiB,7,64.6158,distinct_ranges,1
e2e,e2e/unknown_length_12MiB,7,64.6158,duplicate_bytes,0
e2e,e2e/unknown_length_12MiB,7,64.6158,failed,0
e2e,e2e/unknown_length_12MiB,7,64.6158,file_bytes,12582912
e2e,e2e/unknown_length_12MiB,7,64.6158,finalize,20.6326
e2e,e2e/unknown_length_12MiB,7,64.6158,fsync_calls,2
e2e,e2e/unknown_length_12MiB,7,64.6158,fsync_ms,5.171
e2e,e2e/unknown_length_12MiB,7,64.6158,prealloc_ms,0.586
e2e,e2e/unknown_length_12MiB,7,64.6158,process_peak_rss_bytes,162889728
e2e,e2e/unknown_length_12MiB,7,64.6158,report_span,25.5623
e2e,e2e/unknown_length_12MiB,7,64.6158,requests,1
e2e,e2e/unknown_length_12MiB,7,64.6158,response_head_ms,0.696
e2e,e2e/unknown_length_12MiB,7,64.6158,response_heads,1
e2e,e2e/unknown_length_12MiB,7,64.6158,rss_delta_bytes,684032
e2e,e2e/unknown_length_12MiB,7,64.6158,running_reports,46
e2e,e2e/unknown_length_12MiB,7,64.6158,served_bytes,12582912
e2e,e2e/unknown_length_12MiB,7,64.6158,to_first_report,2.4575
e2e,e2e/unknown_length_12MiB,7,64.6158,total,48.6524
e2e,e2e/unknown_length_12MiB,7,64.6158,unique_bytes,12582912
e2e,e2e/unknown_length_12MiB,7,64.6158,verified,1
e2e,e2e/unknown_length_12MiB,7,64.6158,writer_blocks,799
e2e,e2e/unknown_length_12MiB,7,64.6158,writer_bytes,12582912
e2e,e2e/unknown_length_12MiB,8,71.5704,avg_block_bytes,15611.55334987593
e2e,e2e/unknown_length_12MiB,8,71.5704,body_reads,807
e2e,e2e/unknown_length_12MiB,8,71.5704,body_wait_ms,0.698
e2e,e2e/unknown_length_12MiB,8,71.5704,cache_copied_bytes,0
e2e,e2e/unknown_length_12MiB,8,71.5704,cache_evicted_bytes,0
e2e,e2e/unknown_length_12MiB,8,71.5704,checksum_ms,11.392
e2e,e2e/unknown_length_12MiB,8,71.5704,cpu_ms,140.625
e2e,e2e/unknown_length_12MiB,8,71.5704,cpu_percent,196.4848596626538
e2e,e2e/unknown_length_12MiB,8,71.5704,distinct_ranges,1
e2e,e2e/unknown_length_12MiB,8,71.5704,duplicate_bytes,0
e2e,e2e/unknown_length_12MiB,8,71.5704,failed,0
e2e,e2e/unknown_length_12MiB,8,71.5704,file_bytes,12582912
e2e,e2e/unknown_length_12MiB,8,71.5704,finalize,18.5833
e2e,e2e/unknown_length_12MiB,8,71.5704,fsync_calls,2
e2e,e2e/unknown_length_12MiB,8,71.5704,fsync_ms,5.235
e2e,e2e/unknown_length_12MiB,8,71.5704,prealloc_ms,0.622
e2e,e2e/unknown_length_12MiB,8,71.5704,process_peak_rss_bytes,162889728
e2e,e2e/unknown_length_12MiB,8,71.5704,report_span,23.144299999999994
e2e,e2e/unknown_length_12MiB,8,71.5704,requests,1
e2e,e2e/unknown_length_12MiB,8,71.5704,response_head_ms,0.684
e2e,e2e/unknown_length_12MiB,8,71.5704,response_heads,1
e2e,e2e/unknown_length_12MiB,8,71.5704,rss_delta_bytes,28672
e2e,e2e/unknown_length_12MiB,8,71.5704,running_reports,46
e2e,e2e/unknown_length_12MiB,8,71.5704,served_bytes,12582912
e2e,e2e/unknown_length_12MiB,8,71.5704,to_first_report,14.7702
e2e,e2e/unknown_length_12MiB,8,71.5704,total,56.4978
e2e,e2e/unknown_length_12MiB,8,71.5704,unique_bytes,12582912
e2e,e2e/unknown_length_12MiB,8,71.5704,verified,1
e2e,e2e/unknown_length_12MiB,8,71.5704,writer_blocks,806
e2e,e2e/unknown_length_12MiB,8,71.5704,writer_bytes,12582912
e2e,e2e/unknown_length_12MiB,9,68.6497,avg_block_bytes,15748.325406758448
e2e,e2e/unknown_length_12MiB,9,68.6497,body_reads,800
e2e,e2e/unknown_length_12MiB,9,68.6497,body_wait_ms,0.444
e2e,e2e/unknown_length_12MiB,9,68.6497,cache_copied_bytes,0
e2e,e2e/unknown_length_12MiB,9,68.6497,cache_evicted_bytes,0
e2e,e2e/unknown_length_12MiB,9,68.6497,checksum_ms,12.495
e2e,e2e/unknown_length_12MiB,9,68.6497,cpu_ms,140.625
e2e,e2e/unknown_length_12MiB,9,68.6497,cpu_percent,204.84430376243452
e2e,e2e/unknown_length_12MiB,9,68.6497,distinct_ranges,1
e2e,e2e/unknown_length_12MiB,9,68.6497,duplicate_bytes,0
e2e,e2e/unknown_length_12MiB,9,68.6497,failed,0
e2e,e2e/unknown_length_12MiB,9,68.6497,file_bytes,12582912
e2e,e2e/unknown_length_12MiB,9,68.6497,finalize,19.876199999999997
e2e,e2e/unknown_length_12MiB,9,68.6497,fsync_calls,2
e2e,e2e/unknown_length_12MiB,9,68.6497,fsync_ms,4.787
e2e,e2e/unknown_length_12MiB,9,68.6497,prealloc_ms,0.561
e2e,e2e/unknown_length_12MiB,9,68.6497,process_peak_rss_bytes,162889728
e2e,e2e/unknown_length_12MiB,9,68.6497,report_span,28.543900000000004
e2e,e2e/unknown_length_12MiB,9,68.6497,requests,1
e2e,e2e/unknown_length_12MiB,9,68.6497,response_head_ms,0.791
e2e,e2e/unknown_length_12MiB,9,68.6497,response_heads,1
e2e,e2e/unknown_length_12MiB,9,68.6497,rss_delta_bytes,110592
e2e,e2e/unknown_length_12MiB,9,68.6497,running_reports,46
e2e,e2e/unknown_length_12MiB,9,68.6497,served_bytes,12582912
e2e,e2e/unknown_length_12MiB,9,68.6497,to_first_report,7.8233
e2e,e2e/unknown_length_12MiB,9,68.6497,total,56.2434
e2e,e2e/unknown_length_12MiB,9,68.6497,unique_bytes,12582912
e2e,e2e/unknown_length_12MiB,9,68.6497,verified,1
e2e,e2e/unknown_length_12MiB,9,68.6497,writer_blocks,799
e2e,e2e/unknown_length_12MiB,9,68.6497,writer_bytes,12582912
e2e,e2e/delayed_response_300ms,0,696.4808,avg_block_bytes,1048576
e2e,e2e/delayed_response_300ms,0,696.4808,body_reads,775
e2e,e2e/delayed_response_300ms,0,696.4808,body_wait_ms,20.361
e2e,e2e/delayed_response_300ms,0,696.4808,cache_copied_bytes,12582912
e2e,e2e/delayed_response_300ms,0,696.4808,cache_evicted_bytes,12582912
e2e,e2e/delayed_response_300ms,0,696.4808,checksum_ms,11.297
e2e,e2e/delayed_response_300ms,0,696.4808,cpu_ms,46.875
e2e,e2e/delayed_response_300ms,0,696.4808,cpu_percent,6.7302644954462485
e2e,e2e/delayed_response_300ms,0,696.4808,distinct_ranges,4
e2e,e2e/delayed_response_300ms,0,696.4808,duplicate_bytes,0
e2e,e2e/delayed_response_300ms,0,696.4808,failed,0
e2e,e2e/delayed_response_300ms,0,696.4808,file_bytes,12582912
e2e,e2e/delayed_response_300ms,0,696.4808,finalize,11.3279
e2e,e2e/delayed_response_300ms,0,696.4808,fsync_calls,1
e2e,e2e/delayed_response_300ms,0,696.4808,fsync_ms,14.277
e2e,e2e/delayed_response_300ms,0,696.4808,prealloc_ms,17.841
e2e,e2e/delayed_response_300ms,0,696.4808,process_peak_rss_bytes,162889728
e2e,e2e/delayed_response_300ms,0,696.4808,report_span,144.0073
e2e,e2e/delayed_response_300ms,0,696.4808,requests,4
e2e,e2e/delayed_response_300ms,0,696.4808,response_head_ms,1243.835
e2e,e2e/delayed_response_300ms,0,696.4808,response_heads,4
e2e,e2e/delayed_response_300ms,0,696.4808,rss_delta_bytes,4136960
e2e,e2e/delayed_response_300ms,0,696.4808,running_reports,2
e2e,e2e/delayed_response_300ms,0,696.4808,served_bytes,12582912
e2e,e2e/delayed_response_300ms,0,696.4808,to_first_report,527.1191
e2e,e2e/delayed_response_300ms,0,696.4808,total,682.4543
e2e,e2e/delayed_response_300ms,0,696.4808,unique_bytes,12582912
e2e,e2e/delayed_response_300ms,0,696.4808,verified,1
e2e,e2e/delayed_response_300ms,0,696.4808,writer_blocks,12
e2e,e2e/delayed_response_300ms,0,696.4808,writer_bytes,12582912
e2e,e2e/delayed_response_300ms,1,690.8908,avg_block_bytes,1048576
e2e,e2e/delayed_response_300ms,1,690.8908,body_reads,773
e2e,e2e/delayed_response_300ms,1,690.8908,body_wait_ms,28.047
e2e,e2e/delayed_response_300ms,1,690.8908,cache_copied_bytes,12582912
e2e,e2e/delayed_response_300ms,1,690.8908,cache_evicted_bytes,12582912
e2e,e2e/delayed_response_300ms,1,690.8908,checksum_ms,10.941
e2e,e2e/delayed_response_300ms,1,690.8908,cpu_ms,93.75
e2e,e2e/delayed_response_300ms,1,690.8908,cpu_percent,13.569438180389723
e2e,e2e/delayed_response_300ms,1,690.8908,distinct_ranges,4
e2e,e2e/delayed_response_300ms,1,690.8908,duplicate_bytes,0
e2e,e2e/delayed_response_300ms,1,690.8908,failed,0
e2e,e2e/delayed_response_300ms,1,690.8908,file_bytes,12582912
e2e,e2e/delayed_response_300ms,1,690.8908,finalize,10.959699999999884
e2e,e2e/delayed_response_300ms,1,690.8908,fsync_calls,1
e2e,e2e/delayed_response_300ms,1,690.8908,fsync_ms,4.237
e2e,e2e/delayed_response_300ms,1,690.8908,prealloc_ms,16.825
e2e,e2e/delayed_response_300ms,1,690.8908,process_peak_rss_bytes,162889728
e2e,e2e/delayed_response_300ms,1,690.8908,report_span,132.7975
e2e,e2e/delayed_response_300ms,1,690.8908,requests,4
e2e,e2e/delayed_response_300ms,1,690.8908,response_head_ms,1258.609
e2e,e2e/delayed_response_300ms,1,690.8908,response_heads,4
e2e,e2e/delayed_response_300ms,1,690.8908,rss_delta_bytes,1044480
e2e,e2e/delayed_response_300ms,1,690.8908,running_reports,2
e2e,e2e/delayed_response_300ms,1,690.8908,served_bytes,12582912
e2e,e2e/delayed_response_300ms,1,690.8908,to_first_report,533.8633000000001
e2e,e2e/delayed_response_300ms,1,690.8908,total,677.6205
e2e,e2e/delayed_response_300ms,1,690.8908,unique_bytes,12582912
e2e,e2e/delayed_response_300ms,1,690.8908,verified,1
e2e,e2e/delayed_response_300ms,1,690.8908,writer_blocks,12
e2e,e2e/delayed_response_300ms,1,690.8908,writer_bytes,12582912
e2e,e2e/delayed_response_300ms,2,709.8665,avg_block_bytes,1048576
e2e,e2e/delayed_response_300ms,2,709.8665,body_reads,775
e2e,e2e/delayed_response_300ms,2,709.8665,body_wait_ms,96.014
e2e,e2e/delayed_response_300ms,2,709.8665,cache_copied_bytes,12582912
e2e,e2e/delayed_response_300ms,2,709.8665,cache_evicted_bytes,12582912
e2e,e2e/delayed_response_300ms,2,709.8665,checksum_ms,12.048
e2e,e2e/delayed_response_300ms,2,709.8665,cpu_ms,31.25
e2e,e2e/delayed_response_300ms,2,709.8665,cpu_percent,4.40223619511556
e2e,e2e/delayed_response_300ms,2,709.8665,distinct_ranges,4
e2e,e2e/delayed_response_300ms,2,709.8665,duplicate_bytes,0
e2e,e2e/delayed_response_300ms,2,709.8665,failed,0
e2e,e2e/delayed_response_300ms,2,709.8665,file_bytes,12582912
e2e,e2e/delayed_response_300ms,2,709.8665,finalize,12.075099999999907
e2e,e2e/delayed_response_300ms,2,709.8665,fsync_calls,1
e2e,e2e/delayed_response_300ms,2,709.8665,fsync_ms,13.644
e2e,e2e/delayed_response_300ms,2,709.8665,prealloc_ms,17.085
e2e,e2e/delayed_response_300ms,2,709.8665,process_peak_rss_bytes,162889728
e2e,e2e/delayed_response_300ms,2,709.8665,report_span,155.20410000000004
e2e,e2e/delayed_response_300ms,2,709.8665,requests,4
e2e,e2e/delayed_response_300ms,2,709.8665,response_head_ms,1234.482
e2e,e2e/delayed_response_300ms,2,709.8665,response_heads,4
e2e,e2e/delayed_response_300ms,2,709.8665,rss_delta_bytes,-4096
e2e,e2e/delayed_response_300ms,2,709.8665,running_reports,2
e2e,e2e/delayed_response_300ms,2,709.8665,served_bytes,12582912
e2e,e2e/delayed_response_300ms,2,709.8665,to_first_report,529.634
e2e,e2e/delayed_response_300ms,2,709.8665,total,696.9132
e2e,e2e/delayed_response_300ms,2,709.8665,unique_bytes,12582912
e2e,e2e/delayed_response_300ms,2,709.8665,verified,1
e2e,e2e/delayed_response_300ms,2,709.8665,writer_blocks,12
e2e,e2e/delayed_response_300ms,2,709.8665,writer_bytes,12582912
e2e,e2e/delayed_response_300ms,3,727.7271,avg_block_bytes,1048576
e2e,e2e/delayed_response_300ms,3,727.7271,body_reads,776
e2e,e2e/delayed_response_300ms,3,727.7271,body_wait_ms,36.387
e2e,e2e/delayed_response_300ms,3,727.7271,cache_copied_bytes,12582912
e2e,e2e/delayed_response_300ms,3,727.7271,cache_evicted_bytes,12582912
e2e,e2e/delayed_response_300ms,3,727.7271,checksum_ms,11.246
e2e,e2e/delayed_response_300ms,3,727.7271,cpu_ms,62.5
e2e,e2e/delayed_response_300ms,3,727.7271,cpu_percent,8.58838429955405
e2e,e2e/delayed_response_300ms,3,727.7271,distinct_ranges,5
e2e,e2e/delayed_response_300ms,3,727.7271,duplicate_bytes,0
e2e,e2e/delayed_response_300ms,3,727.7271,failed,0
e2e,e2e/delayed_response_300ms,3,727.7271,file_bytes,12582912
e2e,e2e/delayed_response_300ms,3,727.7271,finalize,11.255899999999997
e2e,e2e/delayed_response_300ms,3,727.7271,fsync_calls,1
e2e,e2e/delayed_response_300ms,3,727.7271,fsync_ms,13.5
e2e,e2e/delayed_response_300ms,3,727.7271,prealloc_ms,17.876
e2e,e2e/delayed_response_300ms,3,727.7271,process_peak_rss_bytes,162889728
e2e,e2e/delayed_response_300ms,3,727.7271,report_span,157.43309999999997
e2e,e2e/delayed_response_300ms,3,727.7271,requests,5
e2e,e2e/delayed_response_300ms,3,727.7271,response_head_ms,1575.753
e2e,e2e/delayed_response_300ms,3,727.7271,response_heads,5
e2e,e2e/delayed_response_300ms,3,727.7271,rss_delta_bytes,147456
e2e,e2e/delayed_response_300ms,3,727.7271,running_reports,2
e2e,e2e/delayed_response_300ms,3,727.7271,served_bytes,12582912
e2e,e2e/delayed_response_300ms,3,727.7271,to_first_report,545.3814
e2e,e2e/delayed_response_300ms,3,727.7271,total,714.0704
e2e,e2e/delayed_response_300ms,3,727.7271,unique_bytes,12582912
e2e,e2e/delayed_response_300ms,3,727.7271,verified,1
e2e,e2e/delayed_response_300ms,3,727.7271,writer_blocks,12
e2e,e2e/delayed_response_300ms,3,727.7271,writer_bytes,12582912
e2e,e2e/delayed_response_300ms,4,672.7361,avg_block_bytes,1048576
e2e,e2e/delayed_response_300ms,4,672.7361,body_reads,776
e2e,e2e/delayed_response_300ms,4,672.7361,body_wait_ms,5.757
e2e,e2e/delayed_response_300ms,4,672.7361,cache_copied_bytes,12582912
e2e,e2e/delayed_response_300ms,4,672.7361,cache_evicted_bytes,12582912
e2e,e2e/delayed_response_300ms,4,672.7361,checksum_ms,11.339
e2e,e2e/delayed_response_300ms,4,672.7361,cpu_ms,109.375
e2e,e2e/delayed_response_300ms,4,672.7361,cpu_percent,16.258232611569383
e2e,e2e/delayed_response_300ms,4,672.7361,distinct_ranges,4
e2e,e2e/delayed_response_300ms,4,672.7361,duplicate_bytes,0
e2e,e2e/delayed_response_300ms,4,672.7361,failed,0
e2e,e2e/delayed_response_300ms,4,672.7361,file_bytes,12582912
e2e,e2e/delayed_response_300ms,4,672.7361,finalize,11.36480000000006
e2e,e2e/delayed_response_300ms,4,672.7361,fsync_calls,1
e2e,e2e/delayed_response_300ms,4,672.7361,fsync_ms,13.237
e2e,e2e/delayed_response_300ms,4,672.7361,prealloc_ms,18.027
e2e,e2e/delayed_response_300ms,4,672.7361,process_peak_rss_bytes,162889728
e2e,e2e/delayed_response_300ms,4,672.7361,report_span,111.25769999999989
e2e,e2e/delayed_response_300ms,4,672.7361,requests,4
e2e,e2e/delayed_response_300ms,4,672.7361,response_head_ms,1227.701
e2e,e2e/delayed_response_300ms,4,672.7361,response_heads,4
e2e,e2e/delayed_response_300ms,4,672.7361,rss_delta_bytes,16384
e2e,e2e/delayed_response_300ms,4,672.7361,running_reports,2
e2e,e2e/delayed_response_300ms,4,672.7361,served_bytes,12582912
e2e,e2e/delayed_response_300ms,4,672.7361,to_first_report,536.9791
e2e,e2e/delayed_response_300ms,4,672.7361,total,659.6016
e2e,e2e/delayed_response_300ms,4,672.7361,unique_bytes,12582912
e2e,e2e/delayed_response_300ms,4,672.7361,verified,1
e2e,e2e/delayed_response_300ms,4,672.7361,writer_blocks,12
e2e,e2e/delayed_response_300ms,4,672.7361,writer_bytes,12582912
e2e,e2e/delayed_response_300ms,5,723.2716,avg_block_bytes,1048576
e2e,e2e/delayed_response_300ms,5,723.2716,body_reads,776
e2e,e2e/delayed_response_300ms,5,723.2716,body_wait_ms,135.18
e2e,e2e/delayed_response_300ms,5,723.2716,cache_copied_bytes,12582912
e2e,e2e/delayed_response_300ms,5,723.2716,cache_evicted_bytes,12582912
e2e,e2e/delayed_response_300ms,5,723.2716,checksum_ms,12.008
e2e,e2e/delayed_response_300ms,5,723.2716,cpu_ms,78.125
e2e,e2e/delayed_response_300ms,5,723.2716,cpu_percent,10.801613114630797
e2e,e2e/delayed_response_300ms,5,723.2716,distinct_ranges,4
e2e,e2e/delayed_response_300ms,5,723.2716,duplicate_bytes,0
e2e,e2e/delayed_response_300ms,5,723.2716,failed,0
e2e,e2e/delayed_response_300ms,5,723.2716,file_bytes,12582912
e2e,e2e/delayed_response_300ms,5,723.2716,finalize,12.040100000000052
e2e,e2e/delayed_response_300ms,5,723.2716,fsync_calls,1
e2e,e2e/delayed_response_300ms,5,723.2716,fsync_ms,13.95
e2e,e2e/delayed_response_300ms,5,723.2716,prealloc_ms,17.909
e2e,e2e/delayed_response_300ms,5,723.2716,process_peak_rss_bytes,162889728
e2e,e2e/delayed_response_300ms,5,723.2716,report_span,155.30460000000005
e2e,e2e/delayed_response_300ms,5,723.2716,requests,4
e2e,e2e/delayed_response_300ms,5,723.2716,response_head_ms,1228.668
e2e,e2e/delayed_response_300ms,5,723.2716,response_heads,4
e2e,e2e/delayed_response_300ms,5,723.2716,rss_delta_bytes,520192
e2e,e2e/delayed_response_300ms,5,723.2716,running_reports,2
e2e,e2e/delayed_response_300ms,5,723.2716,served_bytes,12582912
e2e,e2e/delayed_response_300ms,5,723.2716,to_first_report,542.3063
e2e,e2e/delayed_response_300ms,5,723.2716,total,709.6510000000001
e2e,e2e/delayed_response_300ms,5,723.2716,unique_bytes,12582912
e2e,e2e/delayed_response_300ms,5,723.2716,verified,1
e2e,e2e/delayed_response_300ms,5,723.2716,writer_blocks,12
e2e,e2e/delayed_response_300ms,5,723.2716,writer_bytes,12582912
e2e,e2e/delayed_response_300ms,6,706.5244,avg_block_bytes,1048576
e2e,e2e/delayed_response_300ms,6,706.5244,body_reads,777
e2e,e2e/delayed_response_300ms,6,706.5244,body_wait_ms,33.357
e2e,e2e/delayed_response_300ms,6,706.5244,cache_copied_bytes,12582912
e2e,e2e/delayed_response_300ms,6,706.5244,cache_evicted_bytes,12582912
e2e,e2e/delayed_response_300ms,6,706.5244,checksum_ms,11.432
e2e,e2e/delayed_response_300ms,6,706.5244,cpu_ms,46.875
e2e,e2e/delayed_response_300ms,6,706.5244,cpu_percent,6.634590397727241
e2e,e2e/delayed_response_300ms,6,706.5244,distinct_ranges,4
e2e,e2e/delayed_response_300ms,6,706.5244,duplicate_bytes,0
e2e,e2e/delayed_response_300ms,6,706.5244,failed,0
e2e,e2e/delayed_response_300ms,6,706.5244,file_bytes,12582912
e2e,e2e/delayed_response_300ms,6,706.5244,finalize,11.462300000000027
e2e,e2e/delayed_response_300ms,6,706.5244,fsync_calls,1
e2e,e2e/delayed_response_300ms,6,706.5244,fsync_ms,14.41
e2e,e2e/delayed_response_300ms,6,706.5244,prealloc_ms,17.556
e2e,e2e/delayed_response_300ms,6,706.5244,process_peak_rss_bytes,162889728
e2e,e2e/delayed_response_300ms,6,706.5244,report_span,144.30700000000002
e2e,e2e/delayed_response_300ms,6,706.5244,requests,4
e2e,e2e/delayed_response_300ms,6,706.5244,response_head_ms,1255.189
e2e,e2e/delayed_response_300ms,6,706.5244,response_heads,4
e2e,e2e/delayed_response_300ms,6,706.5244,rss_delta_bytes,-4096
e2e,e2e/delayed_response_300ms,6,706.5244,running_reports,2
e2e,e2e/delayed_response_300ms,6,706.5244,served_bytes,12582912
e2e,e2e/delayed_response_300ms,6,706.5244,to_first_report,537.0350999999999
e2e,e2e/delayed_response_300ms,6,706.5244,total,692.8044
e2e,e2e/delayed_response_300ms,6,706.5244,unique_bytes,12582912
e2e,e2e/delayed_response_300ms,6,706.5244,verified,1
e2e,e2e/delayed_response_300ms,6,706.5244,writer_blocks,12
e2e,e2e/delayed_response_300ms,6,706.5244,writer_bytes,12582912
e2e,e2e/delayed_response_300ms,7,716.0369,avg_block_bytes,1048576
e2e,e2e/delayed_response_300ms,7,716.0369,body_reads,776
e2e,e2e/delayed_response_300ms,7,716.0369,body_wait_ms,47.51
e2e,e2e/delayed_response_300ms,7,716.0369,cache_copied_bytes,12582912
e2e,e2e/delayed_response_300ms,7,716.0369,cache_evicted_bytes,12582912
e2e,e2e/delayed_response_300ms,7,716.0369,checksum_ms,11.44
e2e,e2e/delayed_response_300ms,7,716.0369,cpu_ms,93.75
e2e,e2e/delayed_response_300ms,7,716.0369,cpu_percent,13.09290065916994
e2e,e2e/delayed_response_300ms,7,716.0369,distinct_ranges,4
e2e,e2e/delayed_response_300ms,7,716.0369,duplicate_bytes,0
e2e,e2e/delayed_response_300ms,7,716.0369,failed,0
e2e,e2e/delayed_response_300ms,7,716.0369,file_bytes,12582912
e2e,e2e/delayed_response_300ms,7,716.0369,finalize,11.455699999999979
e2e,e2e/delayed_response_300ms,7,716.0369,fsync_calls,1
e2e,e2e/delayed_response_300ms,7,716.0369,fsync_ms,13.625
e2e,e2e/delayed_response_300ms,7,716.0369,prealloc_ms,18.784
e2e,e2e/delayed_response_300ms,7,716.0369,process_peak_rss_bytes,162889728
e2e,e2e/delayed_response_300ms,7,716.0369,report_span,140.3579000000001
e2e,e2e/delayed_response_300ms,7,716.0369,requests,4
e2e,e2e/delayed_response_300ms,7,716.0369,response_head_ms,1241.08
e2e,e2e/delayed_response_300ms,7,716.0369,response_heads,4
e2e,e2e/delayed_response_300ms,7,716.0369,rss_delta_bytes,1048576
e2e,e2e/delayed_response_300ms,7,716.0369,running_reports,2
e2e,e2e/delayed_response_300ms,7,716.0369,served_bytes,12582912
e2e,e2e/delayed_response_300ms,7,716.0369,to_first_report,549.9250999999999
e2e,e2e/delayed_response_300ms,7,716.0369,total,701.7387
e2e,e2e/delayed_response_300ms,7,716.0369,unique_bytes,12582912
e2e,e2e/delayed_response_300ms,7,716.0369,verified,1
e2e,e2e/delayed_response_300ms,7,716.0369,writer_blocks,12
e2e,e2e/delayed_response_300ms,7,716.0369,writer_bytes,12582912
e2e,e2e/delayed_response_300ms,8,698.9040,avg_block_bytes,1048576
e2e,e2e/delayed_response_300ms,8,698.9040,body_reads,777
e2e,e2e/delayed_response_300ms,8,698.9040,body_wait_ms,97.39
e2e,e2e/delayed_response_300ms,8,698.9040,cache_copied_bytes,12582912
e2e,e2e/delayed_response_300ms,8,698.9040,cache_evicted_bytes,12582912
e2e,e2e/delayed_response_300ms,8,698.9040,checksum_ms,13.355
e2e,e2e/delayed_response_300ms,8,698.9040,cpu_ms,62.5
e2e,e2e/delayed_response_300ms,8,698.9040,cpu_percent,8.94257294277898
e2e,e2e/delayed_response_300ms,8,698.9040,distinct_ranges,4
e2e,e2e/delayed_response_300ms,8,698.9040,duplicate_bytes,0
e2e,e2e/delayed_response_300ms,8,698.9040,failed,0
e2e,e2e/delayed_response_300ms,8,698.9040,file_bytes,12582912
e2e,e2e/delayed_response_300ms,8,698.9040,finalize,13.368599999999901
e2e,e2e/delayed_response_300ms,8,698.9040,fsync_calls,1
e2e,e2e/delayed_response_300ms,8,698.9040,fsync_ms,4.279
e2e,e2e/delayed_response_300ms,8,698.9040,prealloc_ms,17.192
e2e,e2e/delayed_response_300ms,8,698.9040,process_peak_rss_bytes,162889728
e2e,e2e/delayed_response_300ms,8,698.9040,report_span,132.98640000000012
e2e,e2e/delayed_response_300ms,8,698.9040,requests,4
e2e,e2e/delayed_response_300ms,8,698.9040,response_head_ms,1234.275
e2e,e2e/delayed_response_300ms,8,698.9040,response_heads,4
e2e,e2e/delayed_response_300ms,8,698.9040,rss_delta_bytes,45056
e2e,e2e/delayed_response_300ms,8,698.9040,running_reports,2
e2e,e2e/delayed_response_300ms,8,698.9040,served_bytes,12582912
e2e,e2e/delayed_response_300ms,8,698.9040,to_first_report,539.9771
e2e,e2e/delayed_response_300ms,8,698.9040,total,686.3321
e2e,e2e/delayed_response_300ms,8,698.9040,unique_bytes,12582912
e2e,e2e/delayed_response_300ms,8,698.9040,verified,1
e2e,e2e/delayed_response_300ms,8,698.9040,writer_blocks,12
e2e,e2e/delayed_response_300ms,8,698.9040,writer_bytes,12582912
e2e,e2e/delayed_response_300ms,9,710.5020,avg_block_bytes,1048576
e2e,e2e/delayed_response_300ms,9,710.5020,body_reads,778
e2e,e2e/delayed_response_300ms,9,710.5020,body_wait_ms,76.888
e2e,e2e/delayed_response_300ms,9,710.5020,cache_copied_bytes,12582912
e2e,e2e/delayed_response_300ms,9,710.5020,cache_evicted_bytes,12582912
e2e,e2e/delayed_response_300ms,9,710.5020,checksum_ms,12.148
e2e,e2e/delayed_response_300ms,9,710.5020,cpu_ms,46.875
e2e,e2e/delayed_response_300ms,9,710.5020,cpu_percent,6.597448001553832
e2e,e2e/delayed_response_300ms,9,710.5020,distinct_ranges,4
e2e,e2e/delayed_response_300ms,9,710.5020,duplicate_bytes,0
e2e,e2e/delayed_response_300ms,9,710.5020,failed,0
e2e,e2e/delayed_response_300ms,9,710.5020,file_bytes,12582912
e2e,e2e/delayed_response_300ms,9,710.5020,finalize,12.16859999999997
e2e,e2e/delayed_response_300ms,9,710.5020,fsync_calls,1
e2e,e2e/delayed_response_300ms,9,710.5020,fsync_ms,14.03
e2e,e2e/delayed_response_300ms,9,710.5020,prealloc_ms,17.904
e2e,e2e/delayed_response_300ms,9,710.5020,process_peak_rss_bytes,162889728
e2e,e2e/delayed_response_300ms,9,710.5020,report_span,140.43849999999998
e2e,e2e/delayed_response_300ms,9,710.5020,requests,4
e2e,e2e/delayed_response_300ms,9,710.5020,response_head_ms,1236.379
e2e,e2e/delayed_response_300ms,9,710.5020,response_heads,4
e2e,e2e/delayed_response_300ms,9,710.5020,rss_delta_bytes,131072
e2e,e2e/delayed_response_300ms,9,710.5020,running_reports,2
e2e,e2e/delayed_response_300ms,9,710.5020,served_bytes,12582912
e2e,e2e/delayed_response_300ms,9,710.5020,to_first_report,543.9781
e2e,e2e/delayed_response_300ms,9,710.5020,total,696.5852
e2e,e2e/delayed_response_300ms,9,710.5020,unique_bytes,12582912
e2e,e2e/delayed_response_300ms,9,710.5020,verified,1
e2e,e2e/delayed_response_300ms,9,710.5020,writer_blocks,12
e2e,e2e/delayed_response_300ms,9,710.5020,writer_bytes,12582912
e2e,e2e/cut_stream_12MiB,0,1471.5347,avg_block_bytes,0
e2e,e2e/cut_stream_12MiB,0,1471.5347,body_reads,5
e2e,e2e/cut_stream_12MiB,0,1471.5347,body_wait_ms,0.904
e2e,e2e/cut_stream_12MiB,0,1471.5347,cache_copied_bytes,0
e2e,e2e/cut_stream_12MiB,0,1471.5347,cache_evicted_bytes,0
e2e,e2e/cut_stream_12MiB,0,1471.5347,checksum_ms,0
e2e,e2e/cut_stream_12MiB,0,1471.5347,cpu_ms,15.625
e2e,e2e/cut_stream_12MiB,0,1471.5347,cpu_percent,1.0618166190712324
e2e,e2e/cut_stream_12MiB,0,1471.5347,distinct_ranges,5
e2e,e2e/cut_stream_12MiB,0,1471.5347,duplicate_bytes,65536
e2e,e2e/cut_stream_12MiB,0,1471.5347,failed,1
e2e,e2e/cut_stream_12MiB,0,1471.5347,file_bytes,12582912
e2e,e2e/cut_stream_12MiB,0,1471.5347,fsync_calls,1
e2e,e2e/cut_stream_12MiB,0,1471.5347,fsync_ms,9.869
e2e,e2e/cut_stream_12MiB,0,1471.5347,prealloc_ms,9.719
e2e,e2e/cut_stream_12MiB,0,1471.5347,process_peak_rss_bytes,162889728
e2e,e2e/cut_stream_12MiB,0,1471.5347,requests,5
e2e,e2e/cut_stream_12MiB,0,1471.5347,response_head_ms,5.786
e2e,e2e/cut_stream_12MiB,0,1471.5347,response_heads,5
e2e,e2e/cut_stream_12MiB,0,1471.5347,rss_delta_bytes,32768
e2e,e2e/cut_stream_12MiB,0,1471.5347,running_reports,0
e2e,e2e/cut_stream_12MiB,0,1471.5347,served_bytes,327680
e2e,e2e/cut_stream_12MiB,0,1471.5347,total,1466.3501999999999
e2e,e2e/cut_stream_12MiB,0,1471.5347,unique_bytes,262144
e2e,e2e/cut_stream_12MiB,0,1471.5347,verified,0
e2e,e2e/cut_stream_12MiB,0,1471.5347,writer_blocks,0
e2e,e2e/cut_stream_12MiB,0,1471.5347,writer_bytes,0
e2e,e2e/cut_stream_12MiB,1,1533.2169,avg_block_bytes,0
e2e,e2e/cut_stream_12MiB,1,1533.2169,body_reads,5
e2e,e2e/cut_stream_12MiB,1,1533.2169,body_wait_ms,0.635
e2e,e2e/cut_stream_12MiB,1,1533.2169,cache_copied_bytes,0
e2e,e2e/cut_stream_12MiB,1,1533.2169,cache_evicted_bytes,0
e2e,e2e/cut_stream_12MiB,1,1533.2169,checksum_ms,0
e2e,e2e/cut_stream_12MiB,1,1533.2169,cpu_ms,15.625
e2e,e2e/cut_stream_12MiB,1,1533.2169,cpu_percent,1.0190991242008878
e2e,e2e/cut_stream_12MiB,1,1533.2169,distinct_ranges,5
e2e,e2e/cut_stream_12MiB,1,1533.2169,duplicate_bytes,65536
e2e,e2e/cut_stream_12MiB,1,1533.2169,failed,1
e2e,e2e/cut_stream_12MiB,1,1533.2169,file_bytes,12582912
e2e,e2e/cut_stream_12MiB,1,1533.2169,fsync_calls,1
e2e,e2e/cut_stream_12MiB,1,1533.2169,fsync_ms,9.931
e2e,e2e/cut_stream_12MiB,1,1533.2169,prealloc_ms,6.491
e2e,e2e/cut_stream_12MiB,1,1533.2169,process_peak_rss_bytes,162889728
e2e,e2e/cut_stream_12MiB,1,1533.2169,requests,5
e2e,e2e/cut_stream_12MiB,1,1533.2169,response_head_ms,5.954
e2e,e2e/cut_stream_12MiB,1,1533.2169,response_heads,5
e2e,e2e/cut_stream_12MiB,1,1533.2169,rss_delta_bytes,16384
e2e,e2e/cut_stream_12MiB,1,1533.2169,running_reports,0
e2e,e2e/cut_stream_12MiB,1,1533.2169,served_bytes,327680
e2e,e2e/cut_stream_12MiB,1,1533.2169,total,1528.2659999999998
e2e,e2e/cut_stream_12MiB,1,1533.2169,unique_bytes,262144
e2e,e2e/cut_stream_12MiB,1,1533.2169,verified,0
e2e,e2e/cut_stream_12MiB,1,1533.2169,writer_blocks,0
e2e,e2e/cut_stream_12MiB,1,1533.2169,writer_bytes,0
e2e,e2e/cut_stream_12MiB,2,1041.4583,avg_block_bytes,0
e2e,e2e/cut_stream_12MiB,2,1041.4583,body_reads,5
e2e,e2e/cut_stream_12MiB,2,1041.4583,body_wait_ms,0.48
e2e,e2e/cut_stream_12MiB,2,1041.4583,cache_copied_bytes,0
e2e,e2e/cut_stream_12MiB,2,1041.4583,cache_evicted_bytes,0
e2e,e2e/cut_stream_12MiB,2,1041.4583,checksum_ms,0
e2e,e2e/cut_stream_12MiB,2,1041.4583,cpu_ms,31.25
e2e,e2e/cut_stream_12MiB,2,1041.4583,cpu_percent,3.0006002160624194
e2e,e2e/cut_stream_12MiB,2,1041.4583,distinct_ranges,5
e2e,e2e/cut_stream_12MiB,2,1041.4583,duplicate_bytes,65536
e2e,e2e/cut_stream_12MiB,2,1041.4583,failed,1
e2e,e2e/cut_stream_12MiB,2,1041.4583,file_bytes,12582912
e2e,e2e/cut_stream_12MiB,2,1041.4583,fsync_calls,1
e2e,e2e/cut_stream_12MiB,2,1041.4583,fsync_ms,10.309
e2e,e2e/cut_stream_12MiB,2,1041.4583,prealloc_ms,8.005
e2e,e2e/cut_stream_12MiB,2,1041.4583,process_peak_rss_bytes,162889728
e2e,e2e/cut_stream_12MiB,2,1041.4583,requests,5
e2e,e2e/cut_stream_12MiB,2,1041.4583,response_head_ms,5.969
e2e,e2e/cut_stream_12MiB,2,1041.4583,response_heads,5
e2e,e2e/cut_stream_12MiB,2,1041.4583,rss_delta_bytes,16384
e2e,e2e/cut_stream_12MiB,2,1041.4583,running_reports,0
e2e,e2e/cut_stream_12MiB,2,1041.4583,served_bytes,327680
e2e,e2e/cut_stream_12MiB,2,1041.4583,total,1036.3575
e2e,e2e/cut_stream_12MiB,2,1041.4583,unique_bytes,262144
e2e,e2e/cut_stream_12MiB,2,1041.4583,verified,0
e2e,e2e/cut_stream_12MiB,2,1041.4583,writer_blocks,0
e2e,e2e/cut_stream_12MiB,2,1041.4583,writer_bytes,0
e2e,e2e/cut_stream_12MiB,3,1261.6382,avg_block_bytes,0
e2e,e2e/cut_stream_12MiB,3,1261.6382,body_reads,5
e2e,e2e/cut_stream_12MiB,3,1261.6382,body_wait_ms,0.714
e2e,e2e/cut_stream_12MiB,3,1261.6382,cache_copied_bytes,0
e2e,e2e/cut_stream_12MiB,3,1261.6382,cache_evicted_bytes,0
e2e,e2e/cut_stream_12MiB,3,1261.6382,checksum_ms,0
e2e,e2e/cut_stream_12MiB,3,1261.6382,cpu_ms,0
e2e,e2e/cut_stream_12MiB,3,1261.6382,cpu_percent,0
e2e,e2e/cut_stream_12MiB,3,1261.6382,distinct_ranges,4
e2e,e2e/cut_stream_12MiB,3,1261.6382,duplicate_bytes,65536
e2e,e2e/cut_stream_12MiB,3,1261.6382,failed,1
e2e,e2e/cut_stream_12MiB,3,1261.6382,file_bytes,12582912
e2e,e2e/cut_stream_12MiB,3,1261.6382,fsync_calls,1
e2e,e2e/cut_stream_12MiB,3,1261.6382,fsync_ms,9.977
e2e,e2e/cut_stream_12MiB,3,1261.6382,prealloc_ms,7.588
e2e,e2e/cut_stream_12MiB,3,1261.6382,process_peak_rss_bytes,162889728
e2e,e2e/cut_stream_12MiB,3,1261.6382,requests,5
e2e,e2e/cut_stream_12MiB,3,1261.6382,response_head_ms,5.215
e2e,e2e/cut_stream_12MiB,3,1261.6382,response_heads,5
e2e,e2e/cut_stream_12MiB,3,1261.6382,rss_delta_bytes,16384
e2e,e2e/cut_stream_12MiB,3,1261.6382,running_reports,0
e2e,e2e/cut_stream_12MiB,3,1261.6382,served_bytes,327680
e2e,e2e/cut_stream_12MiB,3,1261.6382,total,1256.1880999999998
e2e,e2e/cut_stream_12MiB,3,1261.6382,unique_bytes,262144
e2e,e2e/cut_stream_12MiB,3,1261.6382,verified,0
e2e,e2e/cut_stream_12MiB,3,1261.6382,writer_blocks,0
e2e,e2e/cut_stream_12MiB,3,1261.6382,writer_bytes,0
e2e,e2e/cut_stream_12MiB,4,1420.4542,avg_block_bytes,0
e2e,e2e/cut_stream_12MiB,4,1420.4542,body_reads,5
e2e,e2e/cut_stream_12MiB,4,1420.4542,body_wait_ms,0.615
e2e,e2e/cut_stream_12MiB,4,1420.4542,cache_copied_bytes,0
e2e,e2e/cut_stream_12MiB,4,1420.4542,cache_evicted_bytes,0
e2e,e2e/cut_stream_12MiB,4,1420.4542,checksum_ms,0
e2e,e2e/cut_stream_12MiB,4,1420.4542,cpu_ms,15.625
e2e,e2e/cut_stream_12MiB,4,1420.4542,cpu_percent,1.100000267520065
e2e,e2e/cut_stream_12MiB,4,1420.4542,distinct_ranges,4
e2e,e2e/cut_stream_12MiB,4,1420.4542,duplicate_bytes,65536
e2e,e2e/cut_stream_12MiB,4,1420.4542,failed,1
e2e,e2e/cut_stream_12MiB,4,1420.4542,file_bytes,12582912
e2e,e2e/cut_stream_12MiB,4,1420.4542,fsync_calls,1
e2e,e2e/cut_stream_12MiB,4,1420.4542,fsync_ms,9.829
e2e,e2e/cut_stream_12MiB,4,1420.4542,prealloc_ms,6.731
e2e,e2e/cut_stream_12MiB,4,1420.4542,process_peak_rss_bytes,162889728
e2e,e2e/cut_stream_12MiB,4,1420.4542,requests,5
e2e,e2e/cut_stream_12MiB,4,1420.4542,response_head_ms,5.87
e2e,e2e/cut_stream_12MiB,4,1420.4542,response_heads,5
e2e,e2e/cut_stream_12MiB,4,1420.4542,rss_delta_bytes,12288
e2e,e2e/cut_stream_12MiB,4,1420.4542,running_reports,0
e2e,e2e/cut_stream_12MiB,4,1420.4542,served_bytes,327680
e2e,e2e/cut_stream_12MiB,4,1420.4542,total,1415.5745
e2e,e2e/cut_stream_12MiB,4,1420.4542,unique_bytes,262144
e2e,e2e/cut_stream_12MiB,4,1420.4542,verified,0
e2e,e2e/cut_stream_12MiB,4,1420.4542,writer_blocks,0
e2e,e2e/cut_stream_12MiB,4,1420.4542,writer_bytes,0
e2e,e2e/cut_stream_12MiB,5,1213.7301,avg_block_bytes,0
e2e,e2e/cut_stream_12MiB,5,1213.7301,body_reads,5
e2e,e2e/cut_stream_12MiB,5,1213.7301,body_wait_ms,1.184
e2e,e2e/cut_stream_12MiB,5,1213.7301,cache_copied_bytes,0
e2e,e2e/cut_stream_12MiB,5,1213.7301,cache_evicted_bytes,0
e2e,e2e/cut_stream_12MiB,5,1213.7301,checksum_ms,0
e2e,e2e/cut_stream_12MiB,5,1213.7301,cpu_ms,46.875
e2e,e2e/cut_stream_12MiB,5,1213.7301,cpu_percent,3.862061260571852
e2e,e2e/cut_stream_12MiB,5,1213.7301,distinct_ranges,4
e2e,e2e/cut_stream_12MiB,5,1213.7301,duplicate_bytes,65536
e2e,e2e/cut_stream_12MiB,5,1213.7301,failed,1
e2e,e2e/cut_stream_12MiB,5,1213.7301,file_bytes,12582912
e2e,e2e/cut_stream_12MiB,5,1213.7301,fsync_calls,1
e2e,e2e/cut_stream_12MiB,5,1213.7301,fsync_ms,9.675
e2e,e2e/cut_stream_12MiB,5,1213.7301,prealloc_ms,7.056
e2e,e2e/cut_stream_12MiB,5,1213.7301,process_peak_rss_bytes,162889728
e2e,e2e/cut_stream_12MiB,5,1213.7301,requests,5
e2e,e2e/cut_stream_12MiB,5,1213.7301,response_head_ms,4.888
e2e,e2e/cut_stream_12MiB,5,1213.7301,response_heads,5
e2e,e2e/cut_stream_12MiB,5,1213.7301,rss_delta_bytes,16384
e2e,e2e/cut_stream_12MiB,5,1213.7301,running_reports,0
e2e,e2e/cut_stream_12MiB,5,1213.7301,served_bytes,327680
e2e,e2e/cut_stream_12MiB,5,1213.7301,total,1207.7981
e2e,e2e/cut_stream_12MiB,5,1213.7301,unique_bytes,262144
e2e,e2e/cut_stream_12MiB,5,1213.7301,verified,0
e2e,e2e/cut_stream_12MiB,5,1213.7301,writer_blocks,0
e2e,e2e/cut_stream_12MiB,5,1213.7301,writer_bytes,0
e2e,e2e/cut_stream_12MiB,6,1218.5930,avg_block_bytes,0
e2e,e2e/cut_stream_12MiB,6,1218.5930,body_reads,5
e2e,e2e/cut_stream_12MiB,6,1218.5930,body_wait_ms,0.56
e2e,e2e/cut_stream_12MiB,6,1218.5930,cache_copied_bytes,0
e2e,e2e/cut_stream_12MiB,6,1218.5930,cache_evicted_bytes,0
e2e,e2e/cut_stream_12MiB,6,1218.5930,checksum_ms,0
e2e,e2e/cut_stream_12MiB,6,1218.5930,cpu_ms,15.625
e2e,e2e/cut_stream_12MiB,6,1218.5930,cpu_percent,1.282216457832927
e2e,e2e/cut_stream_12MiB,6,1218.5930,distinct_ranges,5
e2e,e2e/cut_stream_12MiB,6,1218.5930,duplicate_bytes,65536
e2e,e2e/cut_stream_12MiB,6,1218.5930,failed,1
e2e,e2e/cut_stream_12MiB,6,1218.5930,file_bytes,12582912
e2e,e2e/cut_stream_12MiB,6,1218.5930,fsync_calls,1
e2e,e2e/cut_stream_12MiB,6,1218.5930,fsync_ms,9.742
e2e,e2e/cut_stream_12MiB,6,1218.5930,prealloc_ms,9.255
e2e,e2e/cut_stream_12MiB,6,1218.5930,process_peak_rss_bytes,162889728
e2e,e2e/cut_stream_12MiB,6,1218.5930,requests,5
e2e,e2e/cut_stream_12MiB,6,1218.5930,response_head_ms,6.318
e2e,e2e/cut_stream_12MiB,6,1218.5930,response_heads,5
e2e,e2e/cut_stream_12MiB,6,1218.5930,rss_delta_bytes,12288
e2e,e2e/cut_stream_12MiB,6,1218.5930,running_reports,0
e2e,e2e/cut_stream_12MiB,6,1218.5930,served_bytes,327680
e2e,e2e/cut_stream_12MiB,6,1218.5930,total,1213.2133999999999
e2e,e2e/cut_stream_12MiB,6,1218.5930,unique_bytes,262144
e2e,e2e/cut_stream_12MiB,6,1218.5930,verified,0
e2e,e2e/cut_stream_12MiB,6,1218.5930,writer_blocks,0
e2e,e2e/cut_stream_12MiB,6,1218.5930,writer_bytes,0
e2e,e2e/cut_stream_12MiB,7,1277.5814,avg_block_bytes,0
e2e,e2e/cut_stream_12MiB,7,1277.5814,body_reads,5
e2e,e2e/cut_stream_12MiB,7,1277.5814,body_wait_ms,0.427
e2e,e2e/cut_stream_12MiB,7,1277.5814,cache_copied_bytes,0
e2e,e2e/cut_stream_12MiB,7,1277.5814,cache_evicted_bytes,0
e2e,e2e/cut_stream_12MiB,7,1277.5814,checksum_ms,0
e2e,e2e/cut_stream_12MiB,7,1277.5814,cpu_ms,15.625
e2e,e2e/cut_stream_12MiB,7,1277.5814,cpu_percent,1.223014048263383
e2e,e2e/cut_stream_12MiB,7,1277.5814,distinct_ranges,5
e2e,e2e/cut_stream_12MiB,7,1277.5814,duplicate_bytes,65536
e2e,e2e/cut_stream_12MiB,7,1277.5814,failed,1
e2e,e2e/cut_stream_12MiB,7,1277.5814,file_bytes,12582912
e2e,e2e/cut_stream_12MiB,7,1277.5814,fsync_calls,1
e2e,e2e/cut_stream_12MiB,7,1277.5814,fsync_ms,9.757
e2e,e2e/cut_stream_12MiB,7,1277.5814,prealloc_ms,7.623
e2e,e2e/cut_stream_12MiB,7,1277.5814,process_peak_rss_bytes,162889728
e2e,e2e/cut_stream_12MiB,7,1277.5814,requests,5
e2e,e2e/cut_stream_12MiB,7,1277.5814,response_head_ms,4.631
e2e,e2e/cut_stream_12MiB,7,1277.5814,response_heads,5
e2e,e2e/cut_stream_12MiB,7,1277.5814,rss_delta_bytes,12288
e2e,e2e/cut_stream_12MiB,7,1277.5814,running_reports,0
e2e,e2e/cut_stream_12MiB,7,1277.5814,served_bytes,327680
e2e,e2e/cut_stream_12MiB,7,1277.5814,total,1272.2662
e2e,e2e/cut_stream_12MiB,7,1277.5814,unique_bytes,262144
e2e,e2e/cut_stream_12MiB,7,1277.5814,verified,0
e2e,e2e/cut_stream_12MiB,7,1277.5814,writer_blocks,0
e2e,e2e/cut_stream_12MiB,7,1277.5814,writer_bytes,0
e2e,e2e/cut_stream_12MiB,8,1219.1617,avg_block_bytes,0
e2e,e2e/cut_stream_12MiB,8,1219.1617,body_reads,5
e2e,e2e/cut_stream_12MiB,8,1219.1617,body_wait_ms,0.744
e2e,e2e/cut_stream_12MiB,8,1219.1617,cache_copied_bytes,0
e2e,e2e/cut_stream_12MiB,8,1219.1617,cache_evicted_bytes,0
e2e,e2e/cut_stream_12MiB,8,1219.1617,checksum_ms,0
e2e,e2e/cut_stream_12MiB,8,1219.1617,cpu_ms,15.625
e2e,e2e/cut_stream_12MiB,8,1219.1617,cpu_percent,1.2816183448020062
e2e,e2e/cut_stream_12MiB,8,1219.1617,distinct_ranges,4
e2e,e2e/cut_stream_12MiB,8,1219.1617,duplicate_bytes,65536
e2e,e2e/cut_stream_12MiB,8,1219.1617,failed,1
e2e,e2e/cut_stream_12MiB,8,1219.1617,file_bytes,12582912
e2e,e2e/cut_stream_12MiB,8,1219.1617,fsync_calls,1
e2e,e2e/cut_stream_12MiB,8,1219.1617,fsync_ms,9.828
e2e,e2e/cut_stream_12MiB,8,1219.1617,prealloc_ms,8.374
e2e,e2e/cut_stream_12MiB,8,1219.1617,process_peak_rss_bytes,162889728
e2e,e2e/cut_stream_12MiB,8,1219.1617,requests,5
e2e,e2e/cut_stream_12MiB,8,1219.1617,response_head_ms,5.795
e2e,e2e/cut_stream_12MiB,8,1219.1617,response_heads,5
e2e,e2e/cut_stream_12MiB,8,1219.1617,rss_delta_bytes,12288
e2e,e2e/cut_stream_12MiB,8,1219.1617,running_reports,0
e2e,e2e/cut_stream_12MiB,8,1219.1617,served_bytes,327680
e2e,e2e/cut_stream_12MiB,8,1219.1617,total,1214.0916
e2e,e2e/cut_stream_12MiB,8,1219.1617,unique_bytes,262144
e2e,e2e/cut_stream_12MiB,8,1219.1617,verified,0
e2e,e2e/cut_stream_12MiB,8,1219.1617,writer_blocks,0
e2e,e2e/cut_stream_12MiB,8,1219.1617,writer_bytes,0
e2e,e2e/cut_stream_12MiB,9,1071.7354,avg_block_bytes,0
e2e,e2e/cut_stream_12MiB,9,1071.7354,body_reads,5
e2e,e2e/cut_stream_12MiB,9,1071.7354,body_wait_ms,0.598
e2e,e2e/cut_stream_12MiB,9,1071.7354,cache_copied_bytes,0
e2e,e2e/cut_stream_12MiB,9,1071.7354,cache_evicted_bytes,0
e2e,e2e/cut_stream_12MiB,9,1071.7354,checksum_ms,0
e2e,e2e/cut_stream_12MiB,9,1071.7354,cpu_ms,46.875
e2e,e2e/cut_stream_12MiB,9,1071.7354,cpu_percent,4.373747475356324
e2e,e2e/cut_stream_12MiB,9,1071.7354,distinct_ranges,4
e2e,e2e/cut_stream_12MiB,9,1071.7354,duplicate_bytes,65536
e2e,e2e/cut_stream_12MiB,9,1071.7354,failed,1
e2e,e2e/cut_stream_12MiB,9,1071.7354,file_bytes,12582912
e2e,e2e/cut_stream_12MiB,9,1071.7354,fsync_calls,1
e2e,e2e/cut_stream_12MiB,9,1071.7354,fsync_ms,9.93
e2e,e2e/cut_stream_12MiB,9,1071.7354,prealloc_ms,7.63
e2e,e2e/cut_stream_12MiB,9,1071.7354,process_peak_rss_bytes,162889728
e2e,e2e/cut_stream_12MiB,9,1071.7354,requests,5
e2e,e2e/cut_stream_12MiB,9,1071.7354,response_head_ms,5.445
e2e,e2e/cut_stream_12MiB,9,1071.7354,response_heads,5
e2e,e2e/cut_stream_12MiB,9,1071.7354,rss_delta_bytes,16384
e2e,e2e/cut_stream_12MiB,9,1071.7354,running_reports,0
e2e,e2e/cut_stream_12MiB,9,1071.7354,served_bytes,327680
e2e,e2e/cut_stream_12MiB,9,1071.7354,total,1067.0413
e2e,e2e/cut_stream_12MiB,9,1071.7354,unique_bytes,262144
e2e,e2e/cut_stream_12MiB,9,1071.7354,verified,0
e2e,e2e/cut_stream_12MiB,9,1071.7354,writer_blocks,0
e2e,e2e/cut_stream_12MiB,9,1071.7354,writer_bytes,0
e2e,e2e/slow_tail_12MiB,0,397.1382,avg_block_bytes,1048576
e2e,e2e/slow_tail_12MiB,0,397.1382,body_reads,787
e2e,e2e/slow_tail_12MiB,0,397.1382,body_wait_ms,482.789
e2e,e2e/slow_tail_12MiB,0,397.1382,cache_copied_bytes,12582912
e2e,e2e/slow_tail_12MiB,0,397.1382,cache_evicted_bytes,12582912
e2e,e2e/slow_tail_12MiB,0,397.1382,checksum_ms,13.062
e2e,e2e/slow_tail_12MiB,0,397.1382,cpu_ms,46.875
e2e,e2e/slow_tail_12MiB,0,397.1382,cpu_percent,11.803195965535423
e2e,e2e/slow_tail_12MiB,0,397.1382,distinct_ranges,4
e2e,e2e/slow_tail_12MiB,0,397.1382,duplicate_bytes,0
e2e,e2e/slow_tail_12MiB,0,397.1382,failed,0
e2e,e2e/slow_tail_12MiB,0,397.1382,file_bytes,12582912
e2e,e2e/slow_tail_12MiB,0,397.1382,finalize,13.087199999999996
e2e,e2e/slow_tail_12MiB,0,397.1382,fsync_calls,1
e2e,e2e/slow_tail_12MiB,0,397.1382,fsync_ms,10.963
e2e,e2e/slow_tail_12MiB,0,397.1382,prealloc_ms,9.067
e2e,e2e/slow_tail_12MiB,0,397.1382,process_peak_rss_bytes,162889728
e2e,e2e/slow_tail_12MiB,0,397.1382,report_span,151.6319
e2e,e2e/slow_tail_12MiB,0,397.1382,requests,4
e2e,e2e/slow_tail_12MiB,0,397.1382,response_head_ms,4.455
e2e,e2e/slow_tail_12MiB,0,397.1382,response_heads,4
e2e,e2e/slow_tail_12MiB,0,397.1382,rss_delta_bytes,-5623808
e2e,e2e/slow_tail_12MiB,0,397.1382,running_reports,2
e2e,e2e/slow_tail_12MiB,0,397.1382,served_bytes,12582912
e2e,e2e/slow_tail_12MiB,0,397.1382,to_first_report,218.732
e2e,e2e/slow_tail_12MiB,0,397.1382,total,383.4511
e2e,e2e/slow_tail_12MiB,0,397.1382,unique_bytes,12582912
e2e,e2e/slow_tail_12MiB,0,397.1382,verified,1
e2e,e2e/slow_tail_12MiB,0,397.1382,writer_blocks,12
e2e,e2e/slow_tail_12MiB,0,397.1382,writer_bytes,12582912
e2e,e2e/slow_tail_12MiB,1,394.2769,avg_block_bytes,1048576
e2e,e2e/slow_tail_12MiB,1,394.2769,body_reads,777
e2e,e2e/slow_tail_12MiB,1,394.2769,body_wait_ms,422.684
e2e,e2e/slow_tail_12MiB,1,394.2769,cache_copied_bytes,12582912
e2e,e2e/slow_tail_12MiB,1,394.2769,cache_evicted_bytes,12582912
e2e,e2e/slow_tail_12MiB,1,394.2769,checksum_ms,14.135
e2e,e2e/slow_tail_12MiB,1,394.2769,cpu_ms,46.875
e2e,e2e/slow_tail_12MiB,1,394.2769,cpu_percent,11.88885273268609
e2e,e2e/slow_tail_12MiB,1,394.2769,distinct_ranges,4
e2e,e2e/slow_tail_12MiB,1,394.2769,duplicate_bytes,0
e2e,e2e/slow_tail_12MiB,1,394.2769,failed,0
e2e,e2e/slow_tail_12MiB,1,394.2769,file_bytes,12582912
e2e,e2e/slow_tail_12MiB,1,394.2769,finalize,14.161000000000058
e2e,e2e/slow_tail_12MiB,1,394.2769,fsync_calls,1
e2e,e2e/slow_tail_12MiB,1,394.2769,fsync_ms,13.745
e2e,e2e/slow_tail_12MiB,1,394.2769,prealloc_ms,9.606
e2e,e2e/slow_tail_12MiB,1,394.2769,process_peak_rss_bytes,162889728
e2e,e2e/slow_tail_12MiB,1,394.2769,report_span,139.31649999999996
e2e,e2e/slow_tail_12MiB,1,394.2769,requests,4
e2e,e2e/slow_tail_12MiB,1,394.2769,response_head_ms,4.973
e2e,e2e/slow_tail_12MiB,1,394.2769,response_heads,4
e2e,e2e/slow_tail_12MiB,1,394.2769,rss_delta_bytes,4087808
e2e,e2e/slow_tail_12MiB,1,394.2769,running_reports,2
e2e,e2e/slow_tail_12MiB,1,394.2769,served_bytes,12582912
e2e,e2e/slow_tail_12MiB,1,394.2769,to_first_report,226.40550000000002
e2e,e2e/slow_tail_12MiB,1,394.2769,total,379.88300000000004
e2e,e2e/slow_tail_12MiB,1,394.2769,unique_bytes,12582912
e2e,e2e/slow_tail_12MiB,1,394.2769,verified,1
e2e,e2e/slow_tail_12MiB,1,394.2769,writer_blocks,12
e2e,e2e/slow_tail_12MiB,1,394.2769,writer_bytes,12582912
e2e,e2e/slow_tail_12MiB,2,389.9120,avg_block_bytes,1048576
e2e,e2e/slow_tail_12MiB,2,389.9120,body_reads,778
e2e,e2e/slow_tail_12MiB,2,389.9120,body_wait_ms,455.644
e2e,e2e/slow_tail_12MiB,2,389.9120,cache_copied_bytes,12582912
e2e,e2e/slow_tail_12MiB,2,389.9120,cache_evicted_bytes,12582912
e2e,e2e/slow_tail_12MiB,2,389.9120,checksum_ms,12.784
e2e,e2e/slow_tail_12MiB,2,389.9120,cpu_ms,31.25
e2e,e2e/slow_tail_12MiB,2,389.9120,cpu_percent,8.014628941915099
e2e,e2e/slow_tail_12MiB,2,389.9120,distinct_ranges,4
e2e,e2e/slow_tail_12MiB,2,389.9120,duplicate_bytes,0
e2e,e2e/slow_tail_12MiB,2,389.9120,failed,0
e2e,e2e/slow_tail_12MiB,2,389.9120,file_bytes,12582912
e2e,e2e/slow_tail_12MiB,2,389.9120,finalize,12.80989999999997
e2e,e2e/slow_tail_12MiB,2,389.9120,fsync_calls,1
e2e,e2e/slow_tail_12MiB,2,389.9120,fsync_ms,13.211
e2e,e2e/slow_tail_12MiB,2,389.9120,prealloc_ms,7.404
e2e,e2e/slow_tail_12MiB,2,389.9120,process_peak_rss_bytes,162889728
e2e,e2e/slow_tail_12MiB,2,389.9120,report_span,139.61100000000002
e2e,e2e/slow_tail_12MiB,2,389.9120,requests,4
e2e,e2e/slow_tail_12MiB,2,389.9120,response_head_ms,4.683
e2e,e2e/slow_tail_12MiB,2,389.9120,response_heads,4
e2e,e2e/slow_tail_12MiB,2,389.9120,rss_delta_bytes,5218304
e2e,e2e/slow_tail_12MiB,2,389.9120,running_reports,2
e2e,e2e/slow_tail_12MiB,2,389.9120,served_bytes,12582912
e2e,e2e/slow_tail_12MiB,2,389.9120,to_first_report,222.6731
e2e,e2e/slow_tail_12MiB,2,389.9120,total,375.094
e2e,e2e/slow_tail_12MiB,2,389.9120,unique_bytes,12582912
e2e,e2e/slow_tail_12MiB,2,389.9120,verified,1
e2e,e2e/slow_tail_12MiB,2,389.9120,writer_blocks,12
e2e,e2e/slow_tail_12MiB,2,389.9120,writer_bytes,12582912
e2e,e2e/slow_tail_12MiB,3,391.0076,avg_block_bytes,1048576
e2e,e2e/slow_tail_12MiB,3,391.0076,body_reads,776
e2e,e2e/slow_tail_12MiB,3,391.0076,body_wait_ms,364.071
e2e,e2e/slow_tail_12MiB,3,391.0076,cache_copied_bytes,12582912
e2e,e2e/slow_tail_12MiB,3,391.0076,cache_evicted_bytes,12582912
e2e,e2e/slow_tail_12MiB,3,391.0076,checksum_ms,11.153
e2e,e2e/slow_tail_12MiB,3,391.0076,cpu_ms,31.25
e2e,e2e/slow_tail_12MiB,3,391.0076,cpu_percent,7.9921720191627985
e2e,e2e/slow_tail_12MiB,3,391.0076,distinct_ranges,4
e2e,e2e/slow_tail_12MiB,3,391.0076,duplicate_bytes,0
e2e,e2e/slow_tail_12MiB,3,391.0076,failed,0
e2e,e2e/slow_tail_12MiB,3,391.0076,file_bytes,12582912
e2e,e2e/slow_tail_12MiB,3,391.0076,finalize,11.160399999999981
e2e,e2e/slow_tail_12MiB,3,391.0076,fsync_calls,1
e2e,e2e/slow_tail_12MiB,3,391.0076,fsync_ms,1.278
e2e,e2e/slow_tail_12MiB,3,391.0076,prealloc_ms,7.645
e2e,e2e/slow_tail_12MiB,3,391.0076,process_peak_rss_bytes,162889728
e2e,e2e/slow_tail_12MiB,3,391.0076,report_span,143.22550000000004
e2e,e2e/slow_tail_12MiB,3,391.0076,requests,4
e2e,e2e/slow_tail_12MiB,3,391.0076,response_head_ms,4.065
e2e,e2e/slow_tail_12MiB,3,391.0076,response_heads,4
e2e,e2e/slow_tail_12MiB,3,391.0076,rss_delta_bytes,3538944
e2e,e2e/slow_tail_12MiB,3,391.0076,running_reports,2
e2e,e2e/slow_tail_12MiB,3,391.0076,served_bytes,12582912
e2e,e2e/slow_tail_12MiB,3,391.0076,to_first_report,223.4141
e2e,e2e/slow_tail_12MiB,3,391.0076,total,377.8
e2e,e2e/slow_tail_12MiB,3,391.0076,unique_bytes,12582912
e2e,e2e/slow_tail_12MiB,3,391.0076,verified,1
e2e,e2e/slow_tail_12MiB,3,391.0076,writer_blocks,12
e2e,e2e/slow_tail_12MiB,3,391.0076,writer_bytes,12582912
e2e,e2e/slow_tail_12MiB,4,389.0485,avg_block_bytes,1048576
e2e,e2e/slow_tail_12MiB,4,389.0485,body_reads,778
e2e,e2e/slow_tail_12MiB,4,389.0485,body_wait_ms,424.543
e2e,e2e/slow_tail_12MiB,4,389.0485,cache_copied_bytes,12582912
e2e,e2e/slow_tail_12MiB,4,389.0485,cache_evicted_bytes,12582912
e2e,e2e/slow_tail_12MiB,4,389.0485,checksum_ms,11.752
e2e,e2e/slow_tail_12MiB,4,389.0485,cpu_ms,15.625
e2e,e2e/slow_tail_12MiB,4,389.0485,cpu_percent,4.016208776026639
e2e,e2e/slow_tail_12MiB,4,389.0485,distinct_ranges,4
e2e,e2e/slow_tail_12MiB,4,389.0485,duplicate_bytes,5242880
e2e,e2e/slow_tail_12MiB,4,389.0485,failed,0
e2e,e2e/slow_tail_12MiB,4,389.0485,file_bytes,12582912
e2e,e2e/slow_tail_12MiB,4,389.0485,finalize,11.75630000000001
e2e,e2e/slow_tail_12MiB,4,389.0485,fsync_calls,1
e2e,e2e/slow_tail_12MiB,4,389.0485,fsync_ms,13.656
e2e,e2e/slow_tail_12MiB,4,389.0485,prealloc_ms,7.672
e2e,e2e/slow_tail_12MiB,4,389.0485,process_peak_rss_bytes,162889728
e2e,e2e/slow_tail_12MiB,4,389.0485,report_span,140.68329999999997
e2e,e2e/slow_tail_12MiB,4,389.0485,requests,4
e2e,e2e/slow_tail_12MiB,4,389.0485,response_head_ms,4.123
e2e,e2e/slow_tail_12MiB,4,389.0485,response_heads,4
e2e,e2e/slow_tail_12MiB,4,389.0485,rss_delta_bytes,1728512
e2e,e2e/slow_tail_12MiB,4,389.0485,running_reports,2
e2e,e2e/slow_tail_12MiB,4,389.0485,served_bytes,12582912
e2e,e2e/slow_tail_12MiB,4,389.0485,to_first_report,223.9746
e2e,e2e/slow_tail_12MiB,4,389.0485,total,376.4142
e2e,e2e/slow_tail_12MiB,4,389.0485,unique_bytes,7340032
e2e,e2e/slow_tail_12MiB,4,389.0485,verified,1
e2e,e2e/slow_tail_12MiB,4,389.0485,writer_blocks,12
e2e,e2e/slow_tail_12MiB,4,389.0485,writer_bytes,12582912
e2e,e2e/slow_tail_12MiB,5,383.3724,avg_block_bytes,1048576
e2e,e2e/slow_tail_12MiB,5,383.3724,body_reads,780
e2e,e2e/slow_tail_12MiB,5,383.3724,body_wait_ms,458.466
e2e,e2e/slow_tail_12MiB,5,383.3724,cache_copied_bytes,12582912
e2e,e2e/slow_tail_12MiB,5,383.3724,cache_evicted_bytes,12582912
e2e,e2e/slow_tail_12MiB,5,383.3724,checksum_ms,13.178
e2e,e2e/slow_tail_12MiB,5,383.3724,cpu_ms,46.875
e2e,e2e/slow_tail_12MiB,5,383.3724,cpu_percent,12.22701477727661
e2e,e2e/slow_tail_12MiB,5,383.3724,distinct_ranges,4
e2e,e2e/slow_tail_12MiB,5,383.3724,duplicate_bytes,0
e2e,e2e/slow_tail_12MiB,5,383.3724,failed,0
e2e,e2e/slow_tail_12MiB,5,383.3724,file_bytes,12582912
e2e,e2e/slow_tail_12MiB,5,383.3724,finalize,13.199100000000044
e2e,e2e/slow_tail_12MiB,5,383.3724,fsync_calls,1
e2e,e2e/slow_tail_12MiB,5,383.3724,fsync_ms,4.013
e2e,e2e/slow_tail_12MiB,5,383.3724,prealloc_ms,7.784
e2e,e2e/slow_tail_12MiB,5,383.3724,process_peak_rss_bytes,162889728
e2e,e2e/slow_tail_12MiB,5,383.3724,report_span,130.70659999999995
e2e,e2e/slow_tail_12MiB,5,383.3724,requests,4
e2e,e2e/slow_tail_12MiB,5,383.3724,response_head_ms,5.021
e2e,e2e/slow_tail_12MiB,5,383.3724,response_heads,4
e2e,e2e/slow_tail_12MiB,5,383.3724,rss_delta_bytes,-3698688
e2e,e2e/slow_tail_12MiB,5,383.3724,running_reports,2
e2e,e2e/slow_tail_12MiB,5,383.3724,served_bytes,12582912
e2e,e2e/slow_tail_12MiB,5,383.3724,to_first_report,225.7743
e2e,e2e/slow_tail_12MiB,5,383.3724,total,369.68
e2e,e2e/slow_tail_12MiB,5,383.3724,unique_bytes,12582912
e2e,e2e/slow_tail_12MiB,5,383.3724,verified,1
e2e,e2e/slow_tail_12MiB,5,383.3724,writer_blocks,12
e2e,e2e/slow_tail_12MiB,5,383.3724,writer_bytes,12582912
e2e,e2e/slow_tail_12MiB,6,396.6897,avg_block_bytes,1048576
e2e,e2e/slow_tail_12MiB,6,396.6897,body_reads,782
e2e,e2e/slow_tail_12MiB,6,396.6897,body_wait_ms,445.44
e2e,e2e/slow_tail_12MiB,6,396.6897,cache_copied_bytes,12582912
e2e,e2e/slow_tail_12MiB,6,396.6897,cache_evicted_bytes,12582912
e2e,e2e/slow_tail_12MiB,6,396.6897,checksum_ms,11.238
e2e,e2e/slow_tail_12MiB,6,396.6897,cpu_ms,31.25
e2e,e2e/slow_tail_12MiB,6,396.6897,cpu_percent,7.877693824669509
e2e,e2e/slow_tail_12MiB,6,396.6897,distinct_ranges,4
e2e,e2e/slow_tail_12MiB,6,396.6897,duplicate_bytes,0
e2e,e2e/slow_tail_12MiB,6,396.6897,failed,0
e2e,e2e/slow_tail_12MiB,6,396.6897,file_bytes,12582912
e2e,e2e/slow_tail_12MiB,6,396.6897,finalize,11.2543
e2e,e2e/slow_tail_12MiB,6,396.6897,fsync_calls,1
e2e,e2e/slow_tail_12MiB,6,396.6897,fsync_ms,14.343
e2e,e2e/slow_tail_12MiB,6,396.6897,prealloc_ms,7.346
e2e,e2e/slow_tail_12MiB,6,396.6897,process_peak_rss_bytes,162889728
e2e,e2e/slow_tail_12MiB,6,396.6897,report_span,154.7395
e2e,e2e/slow_tail_12MiB,6,396.6897,requests,4
e2e,e2e/slow_tail_12MiB,6,396.6897,response_head_ms,4.455
e2e,e2e/slow_tail_12MiB,6,396.6897,response_heads,4
e2e,e2e/slow_tail_12MiB,6,396.6897,rss_delta_bytes,3448832
e2e,e2e/slow_tail_12MiB,6,396.6897,running_reports,2
e2e,e2e/slow_tail_12MiB,6,396.6897,served_bytes,12582912
e2e,e2e/slow_tail_12MiB,6,396.6897,to_first_report,216.52560000000003
e2e,e2e/slow_tail_12MiB,6,396.6897,total,382.5194
e2e,e2e/slow_tail_12MiB,6,396.6897,unique_bytes,12582912
e2e,e2e/slow_tail_12MiB,6,396.6897,verified,1
e2e,e2e/slow_tail_12MiB,6,396.6897,writer_blocks,12
e2e,e2e/slow_tail_12MiB,6,396.6897,writer_bytes,12582912
e2e,e2e/slow_tail_12MiB,7,403.9837,avg_block_bytes,1048576
e2e,e2e/slow_tail_12MiB,7,403.9837,body_reads,783
e2e,e2e/slow_tail_12MiB,7,403.9837,body_wait_ms,415.399
e2e,e2e/slow_tail_12MiB,7,403.9837,cache_copied_bytes,12582912
e2e,e2e/slow_tail_12MiB,7,403.9837,cache_evicted_bytes,12582912
e2e,e2e/slow_tail_12MiB,7,403.9837,checksum_ms,11.702
e2e,e2e/slow_tail_12MiB,7,403.9837,cpu_ms,31.25
e2e,e2e/slow_tail_12MiB,7,403.9837,cpu_percent,7.735460613881203
e2e,e2e/slow_tail_12MiB,7,403.9837,distinct_ranges,4
e2e,e2e/slow_tail_12MiB,7,403.9837,duplicate_bytes,0
e2e,e2e/slow_tail_12MiB,7,403.9837,failed,0
e2e,e2e/slow_tail_12MiB,7,403.9837,file_bytes,12582912
e2e,e2e/slow_tail_12MiB,7,403.9837,finalize,11.726900000000057
e2e,e2e/slow_tail_12MiB,7,403.9837,fsync_calls,1
e2e,e2e/slow_tail_12MiB,7,403.9837,fsync_ms,11.47
e2e,e2e/slow_tail_12MiB,7,403.9837,prealloc_ms,7.605
e2e,e2e/slow_tail_12MiB,7,403.9837,process_peak_rss_bytes,162889728
e2e,e2e/slow_tail_12MiB,7,403.9837,report_span,168.51749999999996
e2e,e2e/slow_tail_12MiB,7,403.9837,requests,4
e2e,e2e/slow_tail_12MiB,7,403.9837,response_head_ms,4.325
e2e,e2e/slow_tail_12MiB,7,403.9837,response_heads,4
e2e,e2e/slow_tail_12MiB,7,403.9837,rss_delta_bytes,-2289664
e2e,e2e/slow_tail_12MiB,7,403.9837,running_reports,2
e2e,e2e/slow_tail_12MiB,7,403.9837,served_bytes,12582912
e2e,e2e/slow_tail_12MiB,7,403.9837,to_first_report,210.8178
e2e,e2e/slow_tail_12MiB,7,403.9837,total,391.0622
e2e,e2e/slow_tail_12MiB,7,403.9837,unique_bytes,12582912
e2e,e2e/slow_tail_12MiB,7,403.9837,verified,1
e2e,e2e/slow_tail_12MiB,7,403.9837,writer_blocks,12
e2e,e2e/slow_tail_12MiB,7,403.9837,writer_bytes,12582912
e2e,e2e/slow_tail_12MiB,8,393.0068,avg_block_bytes,1048576
e2e,e2e/slow_tail_12MiB,8,393.0068,body_reads,778
e2e,e2e/slow_tail_12MiB,8,393.0068,body_wait_ms,434.916
e2e,e2e/slow_tail_12MiB,8,393.0068,cache_copied_bytes,12582912
e2e,e2e/slow_tail_12MiB,8,393.0068,cache_evicted_bytes,12582912
e2e,e2e/slow_tail_12MiB,8,393.0068,checksum_ms,11.915
e2e,e2e/slow_tail_12MiB,8,393.0068,cpu_ms,46.875
e2e,e2e/slow_tail_12MiB,8,393.0068,cpu_percent,11.92727454079675
e2e,e2e/slow_tail_12MiB,8,393.0068,distinct_ranges,4
e2e,e2e/slow_tail_12MiB,8,393.0068,duplicate_bytes,0
e2e,e2e/slow_tail_12MiB,8,393.0068,failed,0
e2e,e2e/slow_tail_12MiB,8,393.0068,file_bytes,12582912
e2e,e2e/slow_tail_12MiB,8,393.0068,finalize,11.927900000000022
e2e,e2e/slow_tail_12MiB,8,393.0068,fsync_calls,1
e2e,e2e/slow_tail_12MiB,8,393.0068,fsync_ms,13.541
e2e,e2e/slow_tail_12MiB,8,393.0068,prealloc_ms,7.705
e2e,e2e/slow_tail_12MiB,8,393.0068,process_peak_rss_bytes,162889728
e2e,e2e/slow_tail_12MiB,8,393.0068,report_span,155.0624
e2e,e2e/slow_tail_12MiB,8,393.0068,requests,4
e2e,e2e/slow_tail_12MiB,8,393.0068,response_head_ms,5.598
e2e,e2e/slow_tail_12MiB,8,393.0068,response_heads,4
e2e,e2e/slow_tail_12MiB,8,393.0068,rss_delta_bytes,2863104
e2e,e2e/slow_tail_12MiB,8,393.0068,running_reports,2
e2e,e2e/slow_tail_12MiB,8,393.0068,served_bytes,12582912
e2e,e2e/slow_tail_12MiB,8,393.0068,to_first_report,213.34439999999998
e2e,e2e/slow_tail_12MiB,8,393.0068,total,380.3347
e2e,e2e/slow_tail_12MiB,8,393.0068,unique_bytes,12582912
e2e,e2e/slow_tail_12MiB,8,393.0068,verified,1
e2e,e2e/slow_tail_12MiB,8,393.0068,writer_blocks,12
e2e,e2e/slow_tail_12MiB,8,393.0068,writer_bytes,12582912
e2e,e2e/slow_tail_12MiB,9,391.5199,avg_block_bytes,1048576
e2e,e2e/slow_tail_12MiB,9,391.5199,body_reads,778
e2e,e2e/slow_tail_12MiB,9,391.5199,body_wait_ms,341.247
e2e,e2e/slow_tail_12MiB,9,391.5199,cache_copied_bytes,12582912
e2e,e2e/slow_tail_12MiB,9,391.5199,cache_evicted_bytes,12582912
e2e,e2e/slow_tail_12MiB,9,391.5199,checksum_ms,11.175
e2e,e2e/slow_tail_12MiB,9,391.5199,cpu_ms,46.875
e2e,e2e/slow_tail_12MiB,9,391.5199,cpu_percent,11.972571509136575
e2e,e2e/slow_tail_12MiB,9,391.5199,distinct_ranges,5
e2e,e2e/slow_tail_12MiB,9,391.5199,duplicate_bytes,0
e2e,e2e/slow_tail_12MiB,9,391.5199,failed,0
e2e,e2e/slow_tail_12MiB,9,391.5199,file_bytes,12582912
e2e,e2e/slow_tail_12MiB,9,391.5199,finalize,11.197100000000034
e2e,e2e/slow_tail_12MiB,9,391.5199,fsync_calls,1
e2e,e2e/slow_tail_12MiB,9,391.5199,fsync_ms,13.316
e2e,e2e/slow_tail_12MiB,9,391.5199,prealloc_ms,8.569
e2e,e2e/slow_tail_12MiB,9,391.5199,process_peak_rss_bytes,162889728
e2e,e2e/slow_tail_12MiB,9,391.5199,report_span,140.46289999999996
e2e,e2e/slow_tail_12MiB,9,391.5199,requests,5
e2e,e2e/slow_tail_12MiB,9,391.5199,response_head_ms,5.492
e2e,e2e/slow_tail_12MiB,9,391.5199,response_heads,5
e2e,e2e/slow_tail_12MiB,9,391.5199,rss_delta_bytes,61440
e2e,e2e/slow_tail_12MiB,9,391.5199,running_reports,2
e2e,e2e/slow_tail_12MiB,9,391.5199,served_bytes,12582912
e2e,e2e/slow_tail_12MiB,9,391.5199,to_first_report,226.8998
e2e,e2e/slow_tail_12MiB,9,391.5199,total,378.5598
e2e,e2e/slow_tail_12MiB,9,391.5199,unique_bytes,12582912
e2e,e2e/slow_tail_12MiB,9,391.5199,verified,1
e2e,e2e/slow_tail_12MiB,9,391.5199,writer_blocks,12
e2e,e2e/slow_tail_12MiB,9,391.5199,writer_bytes,12582912
