+ rustup toolchain install 1.98.1 --profile minimal --component llvm-tools-preview
info: syncing channel updates for 1.98.1-x86_64-unknown-linux-gnu
info: latest update on 2026-09-03 for version 1.98.1 (48a229cea 2026-09-01)
info: downloading 4 components

  1.98.1-x86_64-unknown-linux-gnu installed - rustc 1.98.1 (48a229cea 2026-09-01)

info: default toolchain set to 1.98.1-x86_64-unknown-linux-gnu
info: checking for self-update (current version: 1.29.1)
+ rustup run 1.98.1 cargo install cargo-tarpaulin --version 0.37.2 --locked
    Updating crates.io index
 Downloading crates ...
  Downloaded cargo-tarpaulin v0.37.2
  Installing cargo-tarpaulin v0.37.2
    Updating crates.io index
    Updating crates.io index
 Downloading crates ...
  Downloaded adler2 v2.0.1
  Downloaded adler32 v1.2.0
  Downloaded anstyle v1.0.14
  Downloaded cfg-if v1.0.4
  Downloaded base64 v0.22.1
  Downloaded anstyle-query v1.1.5
  Downloaded bytes v1.11.1
  Downloaded coveralls-api v0.7.1
  Downloaded clap v4.6.1
  Downloaded atomic-waker v1.1.2
  Downloaded heck v0.5.0
  Downloaded tower-service v0.3.3
  Downloaded try-lock v0.2.5
  Downloaded clap_derive v4.6.1
  Downloaded cfg_aliases v0.2.1
  Downloaded toml_datetime v1.1.1+spec-1.1.0
  Downloaded toml_writer v1.1.2+spec-1.1.0
  Downloaded colorchoice v1.0.5
  Downloaded hex v0.4.3
  Downloaded tower-layer v0.3.3
  Downloaded want v0.3.1
  Downloaded bitflags v2.11.1
  Downloaded thread_local v1.1.9
  Downloaded autocfg v1.5.0
  Downloaded glob v0.3.4
  Downloaded sync_wrapper v1.0.2
  Downloaded thiserror v1.0.69
  Downloaded clap_lex v1.1.0
  Downloaded foreign-types v0.3.2
  Downloaded openssl-macros v0.1.1
  Downloaded zerofrom v0.1.7
  Downloaded futures-core v0.3.32
  Downloaded futures-sink v0.3.32
  Downloaded openssl-probe v0.2.1
  Downloaded tokio-native-tls v0.3.1
  Downloaded utf8_iter v1.0.4
  Downloaded zerofrom-derive v0.1.7
  Downloaded equivalent v1.0.2
  Downloaded serde_spanned v1.1.1
  Downloaded foreign-types-shared v0.1.1
  Downloaded same-file v1.0.6
  Downloaded stable_deref_trait v1.2.1
  Downloaded itoa v1.0.18
  Downloaded errno v0.3.14
  Downloaded futures-io v0.3.32
  Downloaded idna_adapter v1.2.1
  Downloaded humantime-serde v1.1.1
  Downloaded lazy_static v1.5.0
  Downloaded is_terminal_polyfill v1.70.2
  Downloaded leb128 v0.2.6
  Downloaded tinystr v0.8.3
  Downloaded utf8parse v0.2.2
  Downloaded form_urlencoded v1.2.2
  Downloaded num_cpus v1.17.0
  Downloaded percent-encoding v2.3.2
  Downloaded mime v0.3.17
  Downloaded thiserror v2.0.18
  Downloaded md5 v0.8.1
  Downloaded cargo-platform v0.3.3
  Downloaded humantime v2.3.0
  Downloaded cargo_metadata v0.23.1
  Downloaded anyhow v1.0.102
  Downloaded camino v1.2.2
  Downloaded http-body v1.0.1
  Downloaded rustc-hash v2.1.2
  Downloaded yoke-derive v0.8.2
  Downloaded matchers v0.2.0
  Downloaded potential_utf v0.1.5
  Downloaded gzip-header v1.1.0
  Downloaded anstream v1.0.0
  Downloaded anstyle-parse v1.0.0
  Downloaded http-body-util v0.1.3
  Downloaded synstructure v0.13.2
  Downloaded rustc_version v0.4.1
  Downloaded shlex v1.3.0
  Downloaded thiserror-impl v1.0.69
  Downloaded pkg-config v0.3.33
  Downloaded displaydoc v0.2.5
  Downloaded serde_urlencoded v0.7.1
  Downloaded futures-task v0.3.32
  Downloaded native-tls v0.2.18
  Downloaded thiserror-impl v2.0.18
  Downloaded hyper-tls v0.6.0
  Downloaded walkdir v2.5.0
  Downloaded zerovec-derive v0.11.3
  Downloaded tracing-log v0.2.0
  Downloaded mime_guess v2.0.5
  Downloaded find-msvc-tools v0.1.9
  Downloaded iana-time-zone v0.1.65
  Downloaded litemap v0.8.2
  Downloaded ipnet v2.12.0
  Downloaded simd-adler32 v0.3.9
  Downloaded strsim v0.11.1
  Downloaded unicase v2.9.0
  Downloaded jobserver v0.1.34
  Downloaded zmij v1.0.21
  Downloaded slab v0.4.12
  Downloaded once_cell v1.21.4
  Downloaded toml_parser v1.1.3+spec-1.1.0
  Downloaded futures-channel v0.3.32
  Downloaded zeroize v1.8.2
  Downloaded nu-ansi-term v0.50.3
  Downloaded crc32fast v1.5.0
  Downloaded writeable v0.6.3
  Downloaded yoke v0.8.2
  Downloaded rustc-demangle v0.1.28
  Downloaded httparse v1.10.1
  Downloaded num-traits v0.2.19
  Downloaded llvm_profparser v0.13.1
  Downloaded pin-project-lite v0.2.17
  Downloaded rustls-pki-types v1.14.1
  Downloaded icu_provider v2.2.0
  Downloaded indexmap v1.8.2
  Downloaded twox-hash v2.1.2
  Downloaded quote v1.0.47
  Downloaded deflate v1.0.0
  Downloaded log v0.4.29
  Downloaded semver v1.0.28
  Downloaded icu_properties v2.2.0
  Downloaded tracing-attributes v0.1.31
  Downloaded miniz_oxide v0.8.9
  Downloaded smallvec v1.15.1
  Downloaded icu_normalizer_data v2.2.0
  Downloaded cargo-config2 v0.1.45
  Downloaded toml v1.1.4+spec-1.1.0
  Downloaded icu_locale_core v2.2.0
  Downloaded icu_normalizer v2.2.0
  Downloaded cc v1.2.61
  Downloaded flate2 v1.1.9
  Downloaded hashbrown v0.11.2
  Downloaded icu_collections v2.2.0
  Downloaded ryu v1.0.23
  Downloaded minimal-lexical v0.2.1
  Downloaded memchr v2.8.0
  Downloaded http v1.4.0
  Downloaded indexmap v2.14.0
  Downloaded mio v1.2.0
  Downloaded sharded-slab v0.1.7
  Downloaded unicode-ident v1.0.24
  Downloaded serde_derive v1.0.229
  Downloaded socket2 v0.6.3
  Downloaded hyper-util v0.1.20
  Downloaded ruzstd v0.8.2
  Downloaded nom v7.1.3
  Downloaded aho-corasick v1.1.4
  Downloaded tracing-core v0.1.36
  Downloaded proc-macro2 v1.0.107
  Downloaded serde_core v1.0.229
  Downloaded idna v1.1.0
  Downloaded iri-string v0.7.12
  Downloaded clap_builder v4.6.0
  Downloaded hyper v1.9.0
  Downloaded futures-util v0.3.32
  Downloaded icu_properties_data v2.2.0
  Downloaded hashbrown v0.17.0
  Downloaded openssl-sys v0.9.116
  Downloaded serde v1.0.229
  Downloaded procfs v0.18.0
  Downloaded zerotrie v0.2.4
  Downloaded url v2.5.8
  Downloaded tower v0.5.3
  Downloaded chrono v0.4.45
  Downloaded git2 v0.21.0
  Downloaded procfs-core v0.18.0
  Downloaded ruzstd v0.9.0
  Downloaded gimli v0.34.0
  Downloaded nix v0.31.3
  Downloaded tower-http v0.6.8
  Downloaded rustix v1.1.4
  Downloaded object v0.40.0
  Downloaded zerovec v0.11.6
  Downloaded regex v1.13.1
  Downloaded reqwest v0.12.28
  Downloaded regex-automata v0.4.16
  Downloaded serde_json v1.0.151
  Downloaded winnow v1.0.2
  Downloaded libc v0.2.189
  Downloaded libz-sys v1.1.28
  Downloaded tracing-subscriber v0.3.23
  Downloaded quick-xml v0.41.0
  Downloaded vcpkg v0.2.15
  Downloaded wasmparser v0.247.0
  Downloaded syn v3.0.3
  Downloaded syn v2.0.117
  Downloaded openssl v0.10.80
  Downloaded libgit2-sys v0.18.5+1.9.4
  Downloaded object v0.39.1
  Downloaded regex-syntax v0.8.11
  Downloaded tracing v0.1.44
  Downloaded tokio v1.52.1
  Downloaded linux-raw-sys v0.12.1
   Compiling quote v1.0.47
   Compiling proc-macro2 v1.0.107
<jemalloc>: MADV_DONTNEED does not work (memset will be used instead)
<jemalloc>: (This is the expected behaviour if you are running under QEMU)
<jemalloc>: MADV_DONTNEED does not work (memset will be used instead)
<jemalloc>: (This is the expected behaviour if you are running under QEMU)
   Compiling unicode-ident v1.0.24
<jemalloc>: MADV_DONTNEED does not work (memset will be used instead)
<jemalloc>: (This is the expected behaviour if you are running under QEMU)
   Compiling libc v0.2.189
<jemalloc>: MADV_DONTNEED does not work (memset will be used instead)
<jemalloc>: (This is the expected behaviour if you are running under QEMU)
<jemalloc>: MADV_DONTNEED does not work (memset will be used instead)
<jemalloc>: (This is the expected behaviour if you are running under QEMU)
<jemalloc>: MADV_DONTNEED does not work (memset will be used instead)
<jemalloc>: (This is the expected behaviour if you are running under QEMU)
<jemalloc>: MADV_DONTNEED does not work (memset will be used instead)
<jemalloc>: (This is the expected behaviour if you are running under QEMU)
<jemalloc>: MADV_DONTNEED does not work (memset will be used instead)
<jemalloc>: (This is the expected behaviour if you are running under QEMU)
   Compiling syn v2.0.117
<jemalloc>: MADV_DONTNEED does not work (memset will be used instead)
<jemalloc>: (This is the expected behaviour if you are running under QEMU)
   Compiling jobserver v0.1.34
<jemalloc>: MADV_DONTNEED does not work (memset will be used instead)
<jemalloc>: (This is the expected behaviour if you are running under QEMU)
<jemalloc>: MADV_DONTNEED does not work (memset will be used instead)
<jemalloc>: (This is the expected behaviour if you are running under QEMU)
   Compiling memchr v2.8.0
<jemalloc>: MADV_DONTNEED does not work (memset will be used instead)
<jemalloc>: (This is the expected behaviour if you are running under QEMU)
   Compiling shlex v1.3.0
<jemalloc>: MADV_DONTNEED does not work (memset will be used instead)
<jemalloc>: (This is the expected behaviour if you are running under QEMU)
   Compiling find-msvc-tools v0.1.9
<jemalloc>: MADV_DONTNEED does not work (memset will be used instead)
<jemalloc>: (This is the expected behaviour if you are running under QEMU)
   Compiling cc v1.2.61
<jemalloc>: MADV_DONTNEED does not work (memset will be used instead)
<jemalloc>: (This is the expected behaviour if you are running under QEMU)
   Compiling synstructure v0.13.2
<jemalloc>: MADV_DONTNEED does not work (memset will be used instead)
<jemalloc>: (This is the expected behaviour if you are running under QEMU)
   Compiling pkg-config v0.3.33
<jemalloc>: MADV_DONTNEED does not work (memset will be used instead)
<jemalloc>: (This is the expected behaviour if you are running under QEMU)
   Compiling serde_core v1.0.229
<jemalloc>: MADV_DONTNEED does not work (memset will be used instead)
<jemalloc>: (This is the expected behaviour if you are running under QEMU)
   Compiling vcpkg v0.2.15
<jemalloc>: MADV_DONTNEED does not work (memset will be used instead)
<jemalloc>: (This is the expected behaviour if you are running under QEMU)
   Compiling cfg-if v1.0.4
<jemalloc>: MADV_DONTNEED does not work (memset will be used instead)
<jemalloc>: (This is the expected behaviour if you are running under QEMU)
<jemalloc>: MADV_DONTNEED does not work (memset will be used instead)
<jemalloc>: (This is the expected behaviour if you are running under QEMU)
   Compiling zerofrom-derive v0.1.7
<jemalloc>: MADV_DONTNEED does not work (memset will be used instead)
<jemalloc>: (This is the expected behaviour if you are running under QEMU)
   Compiling zerofrom v0.1.7
<jemalloc>: MADV_DONTNEED does not work (memset will be used instead)
<jemalloc>: (This is the expected behaviour if you are running under QEMU)
   Compiling yoke-derive v0.8.2
<jemalloc>: MADV_DONTNEED does not work (memset will be used instead)
<jemalloc>: (This is the expected behaviour if you are running under QEMU)
   Compiling stable_deref_trait v1.2.1
<jemalloc>: MADV_DONTNEED does not work (memset will be used instead)
<jemalloc>: (This is the expected behaviour if you are running under QEMU)
   Compiling bitflags v2.11.1
<jemalloc>: MADV_DONTNEED does not work (memset will be used instead)
<jemalloc>: (This is the expected behaviour if you are running under QEMU)
   Compiling yoke v0.8.2
<jemalloc>: MADV_DONTNEED does not work (memset will be used instead)
<jemalloc>: (This is the expected behaviour if you are running under QEMU)
   Compiling pin-project-lite v0.2.17
<jemalloc>: MADV_DONTNEED does not work (memset will be used instead)
<jemalloc>: (This is the expected behaviour if you are running under QEMU)
   Compiling zerovec-derive v0.11.3
<jemalloc>: MADV_DONTNEED does not work (memset will be used instead)
<jemalloc>: (This is the expected behaviour if you are running under QEMU)
   Compiling displaydoc v0.2.5
<jemalloc>: MADV_DONTNEED does not work (memset will be used instead)
<jemalloc>: (This is the expected behaviour if you are running under QEMU)
   Compiling itoa v1.0.18
<jemalloc>: MADV_DONTNEED does not work (memset will be used instead)
<jemalloc>: (This is the expected behaviour if you are running under QEMU)
   Compiling zerovec v0.11.6
<jemalloc>: MADV_DONTNEED does not work (memset will be used instead)
<jemalloc>: (This is the expected behaviour if you are running under QEMU)
   Compiling bytes v1.11.1
<jemalloc>: MADV_DONTNEED does not work (memset will be used instead)
<jemalloc>: (This is the expected behaviour if you are running under QEMU)
   Compiling autocfg v1.5.0
<jemalloc>: MADV_DONTNEED does not work (memset will be used instead)
<jemalloc>: (This is the expected behaviour if you are running under QEMU)
   Compiling futures-core v0.3.32
<jemalloc>: MADV_DONTNEED does not work (memset will be used instead)
<jemalloc>: (This is the expected behaviour if you are running under QEMU)
   Compiling openssl-sys v0.9.116
<jemalloc>: MADV_DONTNEED does not work (memset will be used instead)
<jemalloc>: (This is the expected behaviour if you are running under QEMU)
   Compiling syn v3.0.3
<jemalloc>: MADV_DONTNEED does not work (memset will be used instead)
<jemalloc>: (This is the expected behaviour if you are running under QEMU)
   Compiling serde v1.0.229
<jemalloc>: MADV_DONTNEED does not work (memset will be used instead)
<jemalloc>: (This is the expected behaviour if you are running under QEMU)
   Compiling crc32fast v1.5.0
<jemalloc>: MADV_DONTNEED does not work (memset will be used instead)
<jemalloc>: (This is the expected behaviour if you are running under QEMU)
   Compiling smallvec v1.15.1
<jemalloc>: MADV_DONTNEED does not work (memset will be used instead)
<jemalloc>: (This is the expected behaviour if you are running under QEMU)
   Compiling tinystr v0.8.3
<jemalloc>: MADV_DONTNEED does not work (memset will be used instead)
<jemalloc>: (This is the expected behaviour if you are running under QEMU)
   Compiling socket2 v0.6.3
<jemalloc>: MADV_DONTNEED does not work (memset will be used instead)
<jemalloc>: (This is the expected behaviour if you are running under QEMU)
   Compiling serde_derive v1.0.229
<jemalloc>: MADV_DONTNEED does not work (memset will be used instead)
<jemalloc>: (This is the expected behaviour if you are running under QEMU)
   Compiling mio v1.2.0
<jemalloc>: MADV_DONTNEED does not work (memset will be used instead)
<jemalloc>: (This is the expected behaviour if you are running under QEMU)
   Compiling writeable v0.6.3
<jemalloc>: MADV_DONTNEED does not work (memset will be used instead)
<jemalloc>: (This is the expected behaviour if you are running under QEMU)
   Compiling futures-sink v0.3.32
<jemalloc>: MADV_DONTNEED does not work (memset will be used instead)
<jemalloc>: (This is the expected behaviour if you are running under QEMU)
   Compiling once_cell v1.21.4
   Compiling litemap v0.8.2
<jemalloc>: MADV_DONTNEED does not work (memset will be used instead)
<jemalloc>: (This is the expected behaviour if you are running under QEMU)
<jemalloc>: MADV_DONTNEED does not work (memset will be used instead)
<jemalloc>: (This is the expected behaviour if you are running under QEMU)
   Compiling icu_locale_core v2.2.0
<jemalloc>: MADV_DONTNEED does not work (memset will be used instead)
<jemalloc>: (This is the expected behaviour if you are running under QEMU)
   Compiling tracing-core v0.1.36
<jemalloc>: MADV_DONTNEED does not work (memset will be used instead)
<jemalloc>: (This is the expected behaviour if you are running under QEMU)
<jemalloc>: MADV_DONTNEED does not work (memset will be used instead)
<jemalloc>: (This is the expected behaviour if you are running under QEMU)
   Compiling tokio v1.52.1
<jemalloc>: MADV_DONTNEED does not work (memset will be used instead)
<jemalloc>: (This is the expected behaviour if you are running under QEMU)
<jemalloc>: MADV_DONTNEED does not work (memset will be used instead)
<jemalloc>: (This is the expected behaviour if you are running under QEMU)
   Compiling http v1.4.0
<jemalloc>: MADV_DONTNEED does not work (memset will be used instead)
<jemalloc>: (This is the expected behaviour if you are running under QEMU)
   Compiling potential_utf v0.1.5
<jemalloc>: MADV_DONTNEED does not work (memset will be used instead)
<jemalloc>: (This is the expected behaviour if you are running under QEMU)
   Compiling zerotrie v0.2.4
<jemalloc>: MADV_DONTNEED does not work (memset will be used instead)
<jemalloc>: (This is the expected behaviour if you are running under QEMU)
   Compiling log v0.4.29
<jemalloc>: MADV_DONTNEED does not work (memset will be used instead)
<jemalloc>: (This is the expected behaviour if you are running under QEMU)
   Compiling utf8_iter v1.0.4
<jemalloc>: MADV_DONTNEED does not work (memset will be used instead)
<jemalloc>: (This is the expected behaviour if you are running under QEMU)
   Compiling icu_properties_data v2.2.0
<jemalloc>: MADV_DONTNEED does not work (memset will be used instead)
<jemalloc>: (This is the expected behaviour if you are running under QEMU)
   Compiling icu_normalizer_data v2.2.0
<jemalloc>: MADV_DONTNEED does not work (memset will be used instead)
<jemalloc>: (This is the expected behaviour if you are running under QEMU)
   Compiling icu_collections v2.2.0
<jemalloc>: MADV_DONTNEED does not work (memset will be used instead)
<jemalloc>: (This is the expected behaviour if you are running under QEMU)
   Compiling icu_provider v2.2.0
<jemalloc>: MADV_DONTNEED does not work (memset will be used instead)
<jemalloc>: (This is the expected behaviour if you are running under QEMU)
   Compiling http-body v1.0.1
<jemalloc>: MADV_DONTNEED does not work (memset will be used instead)
<jemalloc>: (This is the expected behaviour if you are running under QEMU)
   Compiling tracing-attributes v0.1.31
<jemalloc>: MADV_DONTNEED does not work (memset will be used instead)
<jemalloc>: (This is the expected behaviour if you are running under QEMU)
   Compiling openssl v0.10.80
<jemalloc>: MADV_DONTNEED does not work (memset will be used instead)
<jemalloc>: (This is the expected behaviour if you are running under QEMU)
   Compiling foreign-types-shared v0.1.1
<jemalloc>: MADV_DONTNEED does not work (memset will be used instead)
<jemalloc>: (This is the expected behaviour if you are running under QEMU)
   Compiling percent-encoding v2.3.2
<jemalloc>: MADV_DONTNEED does not work (memset will be used instead)
<jemalloc>: (This is the expected behaviour if you are running under QEMU)
   Compiling slab v0.4.12
<jemalloc>: MADV_DONTNEED does not work (memset will be used instead)
<jemalloc>: (This is the expected behaviour if you are running under QEMU)
   Compiling futures-task v0.3.32
<jemalloc>: MADV_DONTNEED does not work (memset will be used instead)
<jemalloc>: (This is the expected behaviour if you are running under QEMU)
   Compiling futures-io v0.3.32
<jemalloc>: MADV_DONTNEED does not work (memset will be used instead)
<jemalloc>: (This is the expected behaviour if you are running under QEMU)
   Compiling httparse v1.10.1
<jemalloc>: MADV_DONTNEED does not work (memset will be used instead)
<jemalloc>: (This is the expected behaviour if you are running under QEMU)
   Compiling futures-util v0.3.32
<jemalloc>: MADV_DONTNEED does not work (memset will be used instead)
<jemalloc>: (This is the expected behaviour if you are running under QEMU)
   Compiling tracing v0.1.44
<jemalloc>: MADV_DONTNEED does not work (memset will be used instead)
<jemalloc>: (This is the expected behaviour if you are running under QEMU)
   Compiling foreign-types v0.3.2
<jemalloc>: MADV_DONTNEED does not work (memset will be used instead)
<jemalloc>: (This is the expected behaviour if you are running under QEMU)
<jemalloc>: MADV_DONTNEED does not work (memset will be used instead)
<jemalloc>: (This is the expected behaviour if you are running under QEMU)
<jemalloc>: MADV_DONTNEED does not work (memset will be used instead)
<jemalloc>: (This is the expected behaviour if you are running under QEMU)
<jemalloc>: MADV_DONTNEED does not work (memset will be used instead)
<jemalloc>: (This is the expected behaviour if you are running under QEMU)
   Compiling num-traits v0.2.19
<jemalloc>: MADV_DONTNEED does not work (memset will be used instead)
<jemalloc>: (This is the expected behaviour if you are running under QEMU)
   Compiling openssl-macros v0.1.1
<jemalloc>: MADV_DONTNEED does not work (memset will be used instead)
<jemalloc>: (This is the expected behaviour if you are running under QEMU)
   Compiling adler2 v2.0.1
<jemalloc>: MADV_DONTNEED does not work (memset will be used instead)
<jemalloc>: (This is the expected behaviour if you are running under QEMU)
   Compiling simd-adler32 v0.3.9
<jemalloc>: MADV_DONTNEED does not work (memset will be used instead)
<jemalloc>: (This is the expected behaviour if you are running under QEMU)
   Compiling native-tls v0.2.18
<jemalloc>: MADV_DONTNEED does not work (memset will be used instead)
<jemalloc>: (This is the expected behaviour if you are running under QEMU)
   Compiling tower-service v0.3.3
<jemalloc>: MADV_DONTNEED does not work (memset will be used instead)
<jemalloc>: (This is the expected behaviour if you are running under QEMU)
   Compiling zmij v1.0.21
<jemalloc>: MADV_DONTNEED does not work (memset will be used instead)
<jemalloc>: (This is the expected behaviour if you are running under QEMU)
   Compiling try-lock v0.2.5
<jemalloc>: MADV_DONTNEED does not work (memset will be used instead)
<jemalloc>: (This is the expected behaviour if you are running under QEMU)
   Compiling want v0.3.1
<jemalloc>: MADV_DONTNEED does not work (memset will be used instead)
<jemalloc>: (This is the expected behaviour if you are running under QEMU)
   Compiling miniz_oxide v0.8.9
<jemalloc>: MADV_DONTNEED does not work (memset will be used instead)
<jemalloc>: (This is the expected behaviour if you are running under QEMU)
<jemalloc>: MADV_DONTNEED does not work (memset will be used instead)
<jemalloc>: (This is the expected behaviour if you are running under QEMU)
   Compiling icu_normalizer v2.2.0
<jemalloc>: MADV_DONTNEED does not work (memset will be used instead)
<jemalloc>: (This is the expected behaviour if you are running under QEMU)
   Compiling icu_properties v2.2.0
<jemalloc>: MADV_DONTNEED does not work (memset will be used instead)
<jemalloc>: (This is the expected behaviour if you are running under QEMU)
<jemalloc>: MADV_DONTNEED does not work (memset will be used instead)
<jemalloc>: (This is the expected behaviour if you are running under QEMU)
   Compiling futures-channel v0.3.32
<jemalloc>: MADV_DONTNEED does not work (memset will be used instead)
<jemalloc>: (This is the expected behaviour if you are running under QEMU)
   Compiling libz-sys v1.1.28
<jemalloc>: MADV_DONTNEED does not work (memset will be used instead)
<jemalloc>: (This is the expected behaviour if you are running under QEMU)
   Compiling twox-hash v2.1.2
<jemalloc>: MADV_DONTNEED does not work (memset will be used instead)
<jemalloc>: (This is the expected behaviour if you are running under QEMU)
   Compiling openssl-probe v0.2.1
<jemalloc>: MADV_DONTNEED does not work (memset will be used instead)
<jemalloc>: (This is the expected behaviour if you are running under QEMU)
   Compiling unicase v2.9.0
<jemalloc>: MADV_DONTNEED does not work (memset will be used instead)
<jemalloc>: (This is the expected behaviour if you are running under QEMU)
   Compiling atomic-waker v1.1.2
<jemalloc>: MADV_DONTNEED does not work (memset will be used instead)
<jemalloc>: (This is the expected behaviour if you are running under QEMU)
   Compiling serde_json v1.0.151
<jemalloc>: MADV_DONTNEED does not work (memset will be used instead)
<jemalloc>: (This is the expected behaviour if you are running under QEMU)
   Compiling hyper v1.9.0
<jemalloc>: MADV_DONTNEED does not work (memset will be used instead)
<jemalloc>: (This is the expected behaviour if you are running under QEMU)
   Compiling mime_guess v2.0.5
<jemalloc>: MADV_DONTNEED does not work (memset will be used instead)
<jemalloc>: (This is the expected behaviour if you are running under QEMU)
<jemalloc>: MADV_DONTNEED does not work (memset will be used instead)
<jemalloc>: (This is the expected behaviour if you are running under QEMU)
   Compiling idna_adapter v1.2.1
<jemalloc>: MADV_DONTNEED does not work (memset will be used instead)
<jemalloc>: (This is the expected behaviour if you are running under QEMU)
<jemalloc>: MADV_DONTNEED does not work (memset will be used instead)
<jemalloc>: (This is the expected behaviour if you are running under QEMU)
   Compiling flate2 v1.1.9
<jemalloc>: MADV_DONTNEED does not work (memset will be used instead)
<jemalloc>: (This is the expected behaviour if you are running under QEMU)
<jemalloc>: MADV_DONTNEED does not work (memset will be used instead)
<jemalloc>: (This is the expected behaviour if you are running under QEMU)
   Compiling form_urlencoded v1.2.2
<jemalloc>: MADV_DONTNEED does not work (memset will be used instead)
<jemalloc>: (This is the expected behaviour if you are running under QEMU)
   Compiling sync_wrapper v1.0.2
<jemalloc>: MADV_DONTNEED does not work (memset will be used instead)
<jemalloc>: (This is the expected behaviour if you are running under QEMU)
   Compiling aho-corasick v1.1.4
<jemalloc>: MADV_DONTNEED does not work (memset will be used instead)
<jemalloc>: (This is the expected behaviour if you are running under QEMU)
   Compiling iana-time-zone v0.1.65
<jemalloc>: MADV_DONTNEED does not work (memset will be used instead)
<jemalloc>: (This is the expected behaviour if you are running under QEMU)
   Compiling thiserror v2.0.18
<jemalloc>: MADV_DONTNEED does not work (memset will be used instead)
<jemalloc>: (This is the expected behaviour if you are running under QEMU)
   Compiling regex-syntax v0.8.11
<jemalloc>: MADV_DONTNEED does not work (memset will be used instead)
<jemalloc>: (This is the expected behaviour if you are running under QEMU)
   Compiling tower-layer v0.3.3
<jemalloc>: MADV_DONTNEED does not work (memset will be used instead)
<jemalloc>: (This is the expected behaviour if you are running under QEMU)
<jemalloc>: MADV_DONTNEED does not work (memset will be used instead)
<jemalloc>: (This is the expected behaviour if you are running under QEMU)
   Compiling base64 v0.22.1
<jemalloc>: MADV_DONTNEED does not work (memset will be used instead)
<jemalloc>: (This is the expected behaviour if you are running under QEMU)
   Compiling ipnet v2.12.0
<jemalloc>: MADV_DONTNEED does not work (memset will be used instead)
<jemalloc>: (This is the expected behaviour if you are running under QEMU)
   Compiling utf8parse v0.2.2
<jemalloc>: MADV_DONTNEED does not work (memset will be used instead)
<jemalloc>: (This is the expected behaviour if you are running under QEMU)
   Compiling anstyle-parse v1.0.0
<jemalloc>: MADV_DONTNEED does not work (memset will be used instead)
<jemalloc>: (This is the expected behaviour if you are running under QEMU)
   Compiling hyper-util v0.1.20
<jemalloc>: MADV_DONTNEED does not work (memset will be used instead)
<jemalloc>: (This is the expected behaviour if you are running under QEMU)
   Compiling tower v0.5.3
<jemalloc>: MADV_DONTNEED does not work (memset will be used instead)
<jemalloc>: (This is the expected behaviour if you are running under QEMU)
   Compiling regex-automata v0.4.16
<jemalloc>: MADV_DONTNEED does not work (memset will be used instead)
<jemalloc>: (This is the expected behaviour if you are running under QEMU)
   Compiling chrono v0.4.45
<jemalloc>: MADV_DONTNEED does not work (memset will be used instead)
<jemalloc>: (This is the expected behaviour if you are running under QEMU)
<jemalloc>: MADV_DONTNEED does not work (memset will be used instead)
<jemalloc>: (This is the expected behaviour if you are running under QEMU)
   Compiling idna v1.1.0
<jemalloc>: MADV_DONTNEED does not work (memset will be used instead)
<jemalloc>: (This is the expected behaviour if you are running under QEMU)
   Compiling tokio-native-tls v0.3.1
<jemalloc>: MADV_DONTNEED does not work (memset will be used instead)
<jemalloc>: (This is the expected behaviour if you are running under QEMU)
   Compiling http-body-util v0.1.3
<jemalloc>: MADV_DONTNEED does not work (memset will be used instead)
<jemalloc>: (This is the expected behaviour if you are running under QEMU)
   Compiling indexmap v1.8.2
<jemalloc>: MADV_DONTNEED does not work (memset will be used instead)
<jemalloc>: (This is the expected behaviour if you are running under QEMU)
   Compiling libgit2-sys v0.18.5+1.9.4
<jemalloc>: MADV_DONTNEED does not work (memset will be used instead)
<jemalloc>: (This is the expected behaviour if you are running under QEMU)
   Compiling thiserror-impl v2.0.18
<jemalloc>: MADV_DONTNEED does not work (memset will be used instead)
<jemalloc>: (This is the expected behaviour if you are running under QEMU)
   Compiling iri-string v0.7.12
<jemalloc>: MADV_DONTNEED does not work (memset will be used instead)
<jemalloc>: (This is the expected behaviour if you are running under QEMU)
   Compiling camino v1.2.2
<jemalloc>: MADV_DONTNEED does not work (memset will be used instead)
<jemalloc>: (This is the expected behaviour if you are running under QEMU)
   Compiling colorchoice v1.0.5
<jemalloc>: MADV_DONTNEED does not work (memset will be used instead)
<jemalloc>: (This is the expected behaviour if you are running under QEMU)
   Compiling semver v1.0.28
<jemalloc>: MADV_DONTNEED does not work (memset will be used instead)
<jemalloc>: (This is the expected behaviour if you are running under QEMU)
<jemalloc>: MADV_DONTNEED does not work (memset will be used instead)
<jemalloc>: (This is the expected behaviour if you are running under QEMU)
   Compiling equivalent v1.0.2
<jemalloc>: MADV_DONTNEED does not work (memset will be used instead)
<jemalloc>: (This is the expected behaviour if you are running under QEMU)
   Compiling ryu v1.0.23
<jemalloc>: MADV_DONTNEED does not work (memset will be used instead)
<jemalloc>: (This is the expected behaviour if you are running under QEMU)
   Compiling is_terminal_polyfill v1.70.2
<jemalloc>: MADV_DONTNEED does not work (memset will be used instead)
<jemalloc>: (This is the expected behaviour if you are running under QEMU)
   Compiling winnow v1.0.2
<jemalloc>: MADV_DONTNEED does not work (memset will be used instead)
<jemalloc>: (This is the expected behaviour if you are running under QEMU)
   Compiling hashbrown v0.17.0
<jemalloc>: MADV_DONTNEED does not work (memset will be used instead)
<jemalloc>: (This is the expected behaviour if you are running under QEMU)
   Compiling thiserror v1.0.69
<jemalloc>: MADV_DONTNEED does not work (memset will be used instead)
<jemalloc>: (This is the expected behaviour if you are running under QEMU)
   Compiling anyhow v1.0.102
<jemalloc>: MADV_DONTNEED does not work (memset will be used instead)
<jemalloc>: (This is the expected behaviour if you are running under QEMU)
   Compiling rustix v1.1.4
<jemalloc>: MADV_DONTNEED does not work (memset will be used instead)
<jemalloc>: (This is the expected behaviour if you are running under QEMU)
   Compiling anstyle-query v1.1.5
<jemalloc>: MADV_DONTNEED does not work (memset will be used instead)
<jemalloc>: (This is the expected behaviour if you are running under QEMU)
<jemalloc>: MADV_DONTNEED does not work (memset will be used instead)
<jemalloc>: (This is the expected behaviour if you are running under QEMU)
   Compiling object v0.39.1
<jemalloc>: MADV_DONTNEED does not work (memset will be used instead)
<jemalloc>: (This is the expected behaviour if you are running under QEMU)
   Compiling mime v0.3.17
<jemalloc>: MADV_DONTNEED does not work (memset will be used instead)
<jemalloc>: (This is the expected behaviour if you are running under QEMU)
   Compiling cfg_aliases v0.2.1
<jemalloc>: MADV_DONTNEED does not work (memset will be used instead)
<jemalloc>: (This is the expected behaviour if you are running under QEMU)
   Compiling anstyle v1.0.14
<jemalloc>: MADV_DONTNEED does not work (memset will be used instead)
<jemalloc>: (This is the expected behaviour if you are running under QEMU)
   Compiling zeroize v1.8.2
<jemalloc>: MADV_DONTNEED does not work (memset will be used instead)
<jemalloc>: (This is the expected behaviour if you are running under QEMU)
   Compiling anstream v1.0.0
<jemalloc>: MADV_DONTNEED does not work (memset will be used instead)
<jemalloc>: (This is the expected behaviour if you are running under QEMU)
   Compiling rustls-pki-types v1.14.1
<jemalloc>: MADV_DONTNEED does not work (memset will be used instead)
<jemalloc>: (This is the expected behaviour if you are running under QEMU)
<jemalloc>: MADV_DONTNEED does not work (memset will be used instead)
<jemalloc>: (This is the expected behaviour if you are running under QEMU)
   Compiling nix v0.31.3
<jemalloc>: MADV_DONTNEED does not work (memset will be used instead)
<jemalloc>: (This is the expected behaviour if you are running under QEMU)
   Compiling indexmap v2.14.0
<jemalloc>: MADV_DONTNEED does not work (memset will be used instead)
<jemalloc>: (This is the expected behaviour if you are running under QEMU)
   Compiling toml_parser v1.1.3+spec-1.1.0
<jemalloc>: MADV_DONTNEED does not work (memset will be used instead)
<jemalloc>: (This is the expected behaviour if you are running under QEMU)
   Compiling serde_urlencoded v0.7.1
<jemalloc>: MADV_DONTNEED does not work (memset will be used instead)
<jemalloc>: (This is the expected behaviour if you are running under QEMU)
<jemalloc>: MADV_DONTNEED does not work (memset will be used instead)
<jemalloc>: (This is the expected behaviour if you are running under QEMU)
   Compiling rustc_version v0.4.1
<jemalloc>: MADV_DONTNEED does not work (memset will be used instead)
<jemalloc>: (This is the expected behaviour if you are running under QEMU)
   Compiling tower-http v0.6.8
<jemalloc>: MADV_DONTNEED does not work (memset will be used instead)
<jemalloc>: (This is the expected behaviour if you are running under QEMU)
<jemalloc>: MADV_DONTNEED does not work (memset will be used instead)
<jemalloc>: (This is the expected behaviour if you are running under QEMU)
   Compiling hyper-tls v0.6.0
<jemalloc>: MADV_DONTNEED does not work (memset will be used instead)
<jemalloc>: (This is the expected behaviour if you are running under QEMU)
   Compiling url v2.5.8
<jemalloc>: MADV_DONTNEED does not work (memset will be used instead)
<jemalloc>: (This is the expected behaviour if you are running under QEMU)
<jemalloc>: MADV_DONTNEED does not work (memset will be used instead)
<jemalloc>: (This is the expected behaviour if you are running under QEMU)
   Compiling ruzstd v0.8.2
<jemalloc>: MADV_DONTNEED does not work (memset will be used instead)
<jemalloc>: (This is the expected behaviour if you are running under QEMU)
   Compiling gzip-header v1.1.0
<jemalloc>: MADV_DONTNEED does not work (memset will be used instead)
<jemalloc>: (This is the expected behaviour if you are running under QEMU)
   Compiling wasmparser v0.247.0
<jemalloc>: MADV_DONTNEED does not work (memset will be used instead)
<jemalloc>: (This is the expected behaviour if you are running under QEMU)
   Compiling serde_spanned v1.1.1
<jemalloc>: MADV_DONTNEED does not work (memset will be used instead)
<jemalloc>: (This is the expected behaviour if you are running under QEMU)
   Compiling toml_datetime v1.1.1+spec-1.1.0
<jemalloc>: MADV_DONTNEED does not work (memset will be used instead)
<jemalloc>: (This is the expected behaviour if you are running under QEMU)
   Compiling thiserror-impl v1.0.69
<jemalloc>: MADV_DONTNEED does not work (memset will be used instead)
<jemalloc>: (This is the expected behaviour if you are running under QEMU)
   Compiling md5 v0.8.1
<jemalloc>: MADV_DONTNEED does not work (memset will be used instead)
<jemalloc>: (This is the expected behaviour if you are running under QEMU)
   Compiling clap_lex v1.1.0
<jemalloc>: MADV_DONTNEED does not work (memset will be used instead)
<jemalloc>: (This is the expected behaviour if you are running under QEMU)
   Compiling linux-raw-sys v0.12.1
<jemalloc>: MADV_DONTNEED does not work (memset will be used instead)
<jemalloc>: (This is the expected behaviour if you are running under QEMU)
   Compiling hashbrown v0.11.2
<jemalloc>: MADV_DONTNEED does not work (memset will be used instead)
<jemalloc>: (This is the expected behaviour if you are running under QEMU)
   Compiling procfs v0.18.0
<jemalloc>: MADV_DONTNEED does not work (memset will be used instead)
<jemalloc>: (This is the expected behaviour if you are running under QEMU)
   Compiling adler32 v1.2.0
<jemalloc>: MADV_DONTNEED does not work (memset will be used instead)
<jemalloc>: (This is the expected behaviour if you are running under QEMU)
   Compiling minimal-lexical v0.2.1
<jemalloc>: MADV_DONTNEED does not work (memset will be used instead)
<jemalloc>: (This is the expected behaviour if you are running under QEMU)
   Compiling strsim v0.11.1
<jemalloc>: MADV_DONTNEED does not work (memset will be used instead)
<jemalloc>: (This is the expected behaviour if you are running under QEMU)
   Compiling heck v0.5.0
<jemalloc>: MADV_DONTNEED does not work (memset will be used instead)
<jemalloc>: (This is the expected behaviour if you are running under QEMU)
   Compiling lazy_static v1.5.0
<jemalloc>: MADV_DONTNEED does not work (memset will be used instead)
<jemalloc>: (This is the expected behaviour if you are running under QEMU)
   Compiling hex v0.4.3
<jemalloc>: MADV_DONTNEED does not work (memset will be used instead)
<jemalloc>: (This is the expected behaviour if you are running under QEMU)
   Compiling procfs-core v0.18.0
<jemalloc>: MADV_DONTNEED does not work (memset will be used instead)
<jemalloc>: (This is the expected behaviour if you are running under QEMU)
   Compiling sharded-slab v0.1.7
<jemalloc>: MADV_DONTNEED does not work (memset will be used instead)
<jemalloc>: (This is the expected behaviour if you are running under QEMU)
   Compiling clap_derive v4.6.1
<jemalloc>: MADV_DONTNEED does not work (memset will be used instead)
<jemalloc>: (This is the expected behaviour if you are running under QEMU)
   Compiling clap_builder v4.6.0
<jemalloc>: MADV_DONTNEED does not work (memset will be used instead)
<jemalloc>: (This is the expected behaviour if you are running under QEMU)
   Compiling nom v7.1.3
<jemalloc>: MADV_DONTNEED does not work (memset will be used instead)
<jemalloc>: (This is the expected behaviour if you are running under QEMU)
   Compiling deflate v1.0.0
<jemalloc>: MADV_DONTNEED does not work (memset will be used instead)
<jemalloc>: (This is the expected behaviour if you are running under QEMU)
<jemalloc>: MADV_DONTNEED does not work (memset will be used instead)
<jemalloc>: (This is the expected behaviour if you are running under QEMU)
<jemalloc>: MADV_DONTNEED does not work (memset will be used instead)
<jemalloc>: (This is the expected behaviour if you are running under QEMU)
<jemalloc>: MADV_DONTNEED does not work (memset will be used instead)
<jemalloc>: (This is the expected behaviour if you are running under QEMU)
<jemalloc>: MADV_DONTNEED does not work (memset will be used instead)
<jemalloc>: (This is the expected behaviour if you are running under QEMU)
   Compiling toml v1.1.4+spec-1.1.0
<jemalloc>: MADV_DONTNEED does not work (memset will be used instead)
<jemalloc>: (This is the expected behaviour if you are running under QEMU)
warning: libgit2-sys@0.18.5+1.9.4: failed to probe system libgit2: 
warning: libgit2-sys@0.18.5+1.9.4: ToolExecError: command did not execute successfully (status code signal: 11 (SIGSEGV) (core dumped)): LC_ALL="C" "cc" "-O1" "-ffunction-sections" "-fdata-sections" "-fPIC" "-m64" "-I" "/tmp/cargo-installanfjzz/release/build/libgit2-sys-74f0324df8f013ba/out/include" "-I" "libgit2/src/libgit2" "-I" "libgit2/src/util" "-I" "libgit2/deps/llhttp" "-I" "libgit2/deps/xdiff" "-I" "libgit2/deps/pcre" "-I" "/tmp/cargo-installanfjzz/release/build/libz-sys-fcfc61bf0a294261/out/include" "-w" "-fvisibility=hidden" "-DGIT_REGEX_BUILTIN=1" "-DHAVE_STDINT_H=1" "-DHAVE_MEMMOVE=1" "-DNO_RECURSE=1" "-DNEWLINE=10" "-DPOSIX_MALLOC_THRESHOLD=10" "-DLINK_SIZE=2" "-DPARENS_NEST_LIMIT=250" "-DMATCH_LIMIT=10000000" "-DMATCH_LIMIT_RECURSION=MATCH_LIMIT" "-DMAX_NAME_SIZE=32" "-DMAX_NAME_COUNT=10000" "-DSHA1DC_NO_STANDARD_INCLUDES=1" "-DSHA1DC_CUSTOM_INCLUDE_SHA1_C=\"common.h\"" "-DSHA1DC_CUSTOM_INCLUDE_UBC_CHECK_C=\"common.h\"" "-o" "/tmp/cargo-installanfjzz/release/build/libgit2-sys-74f0324df8f013ba/out/build/ce06de217e8a4ca5-smart_protocol.o" "-c" "libgit2/src/libgit2/transports/smart_protocol.c"cargo:rerun-if-env-changed=CC_x86_64-unknown-linux-gnu
error: failed to run custom build command for `libgit2-sys v0.18.5+1.9.4`

Caused by:
  process didn't exit successfully: `/tmp/cargo-installanfjzz/release/build/libgit2-sys-36217ccfd1346803/build-script-build` (exit status: 1)
  --- stdout
  cargo:rustc-check-cfg=cfg(libgit2_vendored,libgit2_experimental_sha256,)
  cargo:rerun-if-env-changed=LIBGIT2_NO_VENDOR
  cargo:rerun-if-env-changed=LIBGIT2_NO_PKG_CONFIG
  cargo:rerun-if-env-changed=PKG_CONFIG_x86_64-unknown-linux-gnu
  cargo:rerun-if-env-changed=PKG_CONFIG_x86_64_unknown_linux_gnu
  cargo:rerun-if-env-changed=HOST_PKG_CONFIG
  cargo:rerun-if-env-changed=PKG_CONFIG
  cargo:rerun-if-env-changed=LIBGIT2_STATIC
  cargo:rerun-if-env-changed=LIBGIT2_DYNAMIC
  cargo:rerun-if-env-changed=PKG_CONFIG_ALL_STATIC
  cargo:rerun-if-env-changed=PKG_CONFIG_ALL_DYNAMIC
  cargo:rerun-if-env-changed=PKG_CONFIG_PATH_x86_64-unknown-linux-gnu
  cargo:rerun-if-env-changed=PKG_CONFIG_PATH_x86_64_unknown_linux_gnu
  cargo:rerun-if-env-changed=HOST_PKG_CONFIG_PATH
  cargo:rerun-if-env-changed=PKG_CONFIG_PATH
  cargo:rerun-if-env-changed=PKG_CONFIG_LIBDIR_x86_64-unknown-linux-gnu
  cargo:rerun-if-env-changed=PKG_CONFIG_LIBDIR_x86_64_unknown_linux_gnu
  cargo:rerun-if-env-changed=HOST_PKG_CONFIG_LIBDIR
  cargo:rerun-if-env-changed=PKG_CONFIG_LIBDIR
  cargo:rerun-if-env-changed=PKG_CONFIG_SYSROOT_DIR_x86_64-unknown-linux-gnu
  cargo:rerun-if-env-changed=PKG_CONFIG_SYSROOT_DIR_x86_64_unknown_linux_gnu
  cargo:rerun-if-env-changed=HOST_PKG_CONFIG_SYSROOT_DIR
  cargo:rerun-if-env-changed=PKG_CONFIG_SYSROOT_DIR
  cargo:warning=failed to probe system libgit2: 
  pkg-config exited with status code 1
  > PKG_CONFIG_ALLOW_SYSTEM_LIBS=1 PKG_CONFIG_ALLOW_SYSTEM_CFLAGS=1 pkg-config --libs --cflags libgit2 'libgit2 >= 1.9.4' 'libgit2 < 1.10.0'

  pkg-config output:
    Package libgit2 was not found in the pkg-config search path.
    Perhaps you should add the directory containing `libgit2.pc'
    to the PKG_CONFIG_PATH environment variable
    Package 'libgit2', required by 'virtual:world', not found
    Package 'libgit2', required by 'virtual:world', not found
    Package 'libgit2', required by 'virtual:world', not found

  The system library `libgit2` required by crate `libgit2-sys` was not found.
  The file `libgit2.pc` needs to be installed and the PKG_CONFIG_PATH environment variable must contain its parent directory.
  The PKG_CONFIG_PATH environment variable is not set.

  HINT: if you have installed the library, try setting PKG_CONFIG_PATH to the directory containing `libgit2.pc`.

  cargo:rustc-cfg=libgit2_vendored
  libgit2/include/git2/deprecated.h => /tmp/cargo-installanfjzz/release/build/libgit2-sys-74f0324df8f013ba/out/include/git2/deprecated.h
  libgit2/include/git2/stash.h => /tmp/cargo-installanfjzz/release/build/libgit2-sys-74f0324df8f013ba/out/include/git2/stash.h
  libgit2/include/git2/clone.h => /tmp/cargo-installanfjzz/release/build/libgit2-sys-74f0324df8f013ba/out/include/git2/clone.h
  libgit2/include/git2/pathspec.h => /tmp/cargo-installanfjzz/release/build/libgit2-sys-74f0324df8f013ba/out/include/git2/pathspec.h
  libgit2/include/git2/types.h => /tmp/cargo-installanfjzz/release/build/libgit2-sys-74f0324df8f013ba/out/include/git2/types.h
  libgit2/include/git2/common.h => /tmp/cargo-installanfjzz/release/build/libgit2-sys-74f0324df8f013ba/out/include/git2/common.h
  libgit2/include/git2/experimental.h => /tmp/cargo-installanfjzz/release/build/libgit2-sys-74f0324df8f013ba/out/include/git2/experimental.h
  libgit2/include/git2/reflog.h => /tmp/cargo-installanfjzz/release/build/libgit2-sys-74f0324df8f013ba/out/include/git2/reflog.h
  libgit2/include/git2/signature.h => /tmp/cargo-installanfjzz/release/build/libgit2-sys-74f0324df8f013ba/out/include/git2/signature.h
  libgit2/include/git2/checkout.h => /tmp/cargo-installanfjzz/release/build/libgit2-sys-74f0324df8f013ba/out/include/git2/checkout.h
  libgit2/include/git2/trace.h => /tmp/cargo-installanfjzz/release/build/libgit2-sys-74f0324df8f013ba/out/include/git2/trace.h
  libgit2/include/git2/odb_backend.h => /tmp/cargo-installanfjzz/release/build/libgit2-sys-74f0324df8f013ba/out/include/git2/odb_backend.h
  libgit2/include/git2/describe.h => /tmp/cargo-installanfjzz/release/build/libgit2-sys-74f0324df8f013ba/out/include/git2/describe.h
  libgit2/include/git2/odb.h => /tmp/cargo-installanfjzz/release/build/libgit2-sys-74f0324df8f013ba/out/include/git2/odb.h
  libgit2/include/git2/index.h => /tmp/cargo-installanfjzz/release/build/libgit2-sys-74f0324df8f013ba/out/include/git2/index.h
  libgit2/include/git2/tag.h => /tmp/cargo-installanfjzz/release/build/libgit2-sys-74f0324df8f013ba/out/include/git2/tag.h
  libgit2/include/git2/annotated_commit.h => /tmp/cargo-installanfjzz/release/build/libgit2-sys-74f0324df8f013ba/out/include/git2/annotated_commit.h
  libgit2/include/git2/branch.h => /tmp/cargo-installanfjzz/release/build/libgit2-sys-74f0324df8f013ba/out/include/git2/branch.h
  libgit2/include/git2/ignore.h => /tmp/cargo-installanfjzz/release/build/libgit2-sys-74f0324df8f013ba/out/include/git2/ignore.h
  libgit2/include/git2/net.h => /tmp/cargo-installanfjzz/release/build/libgit2-sys-74f0324df8f013ba/out/include/git2/net.h
  libgit2/include/git2/transaction.h => /tmp/cargo-installanfjzz/release/build/libgit2-sys-74f0324df8f013ba/out/include/git2/transaction.h
  libgit2/include/git2/cred_helpers.h => /tmp/cargo-installanfjzz/release/build/libgit2-sys-74f0324df8f013ba/out/include/git2/cred_helpers.h
  libgit2/include/git2/refdb.h => /tmp/cargo-installanfjzz/release/build/libgit2-sys-74f0324df8f013ba/out/include/git2/refdb.h
  libgit2/include/git2/version.h => /tmp/cargo-installanfjzz/release/build/libgit2-sys-74f0324df8f013ba/out/include/git2/version.h
  libgit2/include/git2/global.h => /tmp/cargo-installanfjzz/release/build/libgit2-sys-74f0324df8f013ba/out/include/git2/global.h
  libgit2/include/git2/credential.h => /tmp/cargo-installanfjzz/release/build/libgit2-sys-74f0324df8f013ba/out/include/git2/credential.h
  libgit2/include/git2/cert.h => /tmp/cargo-installanfjzz/release/build/libgit2-sys-74f0324df8f013ba/out/include/git2/cert.h
  libgit2/include/git2/rebase.h => /tmp/cargo-installanfjzz/release/build/libgit2-sys-74f0324df8f013ba/out/include/git2/rebase.h
  libgit2/include/git2/pack.h => /tmp/cargo-installanfjzz/release/build/libgit2-sys-74f0324df8f013ba/out/include/git2/pack.h
  libgit2/include/git2/strarray.h => /tmp/cargo-installanfjzz/release/build/libgit2-sys-74f0324df8f013ba/out/include/git2/strarray.h
  libgit2/include/git2/blame.h => /tmp/cargo-installanfjzz/release/build/libgit2-sys-74f0324df8f013ba/out/include/git2/blame.h
  libgit2/include/git2/refspec.h => /tmp/cargo-installanfjzz/release/build/libgit2-sys-74f0324df8f013ba/out/include/git2/refspec.h
  libgit2/include/git2/reset.h => /tmp/cargo-installanfjzz/release/build/libgit2-sys-74f0324df8f013ba/out/include/git2/reset.h
  libgit2/include/git2/message.h => /tmp/cargo-installanfjzz/release/build/libgit2-sys-74f0324df8f013ba/out/include/git2/message.h
  libgit2/include/git2/object.h => /tmp/cargo-installanfjzz/release/build/libgit2-sys-74f0324df8f013ba/out/include/git2/object.h
  libgit2/include/git2/cherrypick.h => /tmp/cargo-installanfjzz/release/build/libgit2-sys-74f0324df8f013ba/out/include/git2/cherrypick.h
  libgit2/include/git2/oidarray.h => /tmp/cargo-installanfjzz/release/build/libgit2-sys-74f0324df8f013ba/out/include/git2/oidarray.h
  libgit2/include/git2/revwalk.h => /tmp/cargo-installanfjzz/release/build/libgit2-sys-74f0324df8f013ba/out/include/git2/revwalk.h
  libgit2/include/git2/patch.h => /tmp/cargo-installanfjzz/release/build/libgit2-sys-74f0324df8f013ba/out/include/git2/patch.h
  libgit2/include/git2/email.h => /tmp/cargo-installanfjzz/release/build/libgit2-sys-74f0324df8f013ba/out/include/git2/email.h
  libgit2/include/git2/config.h => /tmp/cargo-installanfjzz/release/build/libgit2-sys-74f0324df8f013ba/out/include/git2/config.h
  libgit2/include/git2/attr.h => /tmp/cargo-installanfjzz/release/build/libgit2-sys-74f0324df8f013ba/out/include/git2/attr.h
  libgit2/include/git2/filter.h => /tmp/cargo-installanfjzz/release/build/libgit2-sys-74f0324df8f013ba/out/include/git2/filter.h
  libgit2/include/git2/sys/hashsig.h => /tmp/cargo-installanfjzz/release/build/libgit2-sys-74f0324df8f013ba/out/include/git2/sys/hashsig.h
  libgit2/include/git2/sys/odb_backend.h => /tmp/cargo-installanfjzz/release/build/libgit2-sys-74f0324df8f013ba/out/include/git2/sys/odb_backend.h
  libgit2/include/git2/sys/refdb_backend.h => /tmp/cargo-installanfjzz/release/build/libgit2-sys-74f0324df8f013ba/out/include/git2/sys/refdb_backend.h
  libgit2/include/git2/sys/index.h => /tmp/cargo-installanfjzz/release/build/libgit2-sys-74f0324df8f013ba/out/include/git2/sys/index.h
  libgit2/include/git2/sys/midx.h => /tmp/cargo-installanfjzz/release/build/libgit2-sys-74f0324df8f013ba/out/include/git2/sys/midx.h
  libgit2/include/git2/sys/path.h => /tmp/cargo-installanfjzz/release/build/libgit2-sys-74f0324df8f013ba/out/include/git2/sys/path.h
  libgit2/include/git2/sys/openssl.h => /tmp/cargo-installanfjzz/release/build/libgit2-sys-74f0324df8f013ba/out/include/git2/sys/openssl.h
  libgit2/include/git2/sys/credential.h => /tmp/cargo-installanfjzz/release/build/libgit2-sys-74f0324df8f013ba/out/include/git2/sys/credential.h
  libgit2/include/git2/sys/email.h => /tmp/cargo-installanfjzz/release/build/libgit2-sys-74f0324df8f013ba/out/include/git2/sys/email.h
  libgit2/include/git2/sys/config.h => /tmp/cargo-installanfjzz/release/build/libgit2-sys-74f0324df8f013ba/out/include/git2/sys/config.h
  libgit2/include/git2/sys/stream.h => /tmp/cargo-installanfjzz/release/build/libgit2-sys-74f0324df8f013ba/out/include/git2/sys/stream.h
  libgit2/include/git2/sys/filter.h => /tmp/cargo-installanfjzz/release/build/libgit2-sys-74f0324df8f013ba/out/include/git2/sys/filter.h
  libgit2/include/git2/sys/repository.h => /tmp/cargo-installanfjzz/release/build/libgit2-sys-74f0324df8f013ba/out/include/git2/sys/repository.h
  libgit2/include/git2/sys/merge.h => /tmp/cargo-installanfjzz/release/build/libgit2-sys-74f0324df8f013ba/out/include/git2/sys/merge.h
  libgit2/include/git2/sys/cred.h => /tmp/cargo-installanfjzz/release/build/libgit2-sys-74f0324df8f013ba/out/include/git2/sys/cred.h
  libgit2/include/git2/sys/commit_graph.h => /tmp/cargo-installanfjzz/release/build/libgit2-sys-74f0324df8f013ba/out/include/git2/sys/commit_graph.h
  libgit2/include/git2/sys/remote.h => /tmp/cargo-installanfjzz/release/build/libgit2-sys-74f0324df8f013ba/out/include/git2/sys/remote.h
  libgit2/include/git2/sys/commit.h => /tmp/cargo-installanfjzz/release/build/libgit2-sys-74f0324df8f013ba/out/include/git2/sys/commit.h
  libgit2/include/git2/sys/refs.h => /tmp/cargo-installanfjzz/release/build/libgit2-sys-74f0324df8f013ba/out/include/git2/sys/refs.h
  libgit2/include/git2/sys/errors.h => /tmp/cargo-installanfjzz/release/build/libgit2-sys-74f0324df8f013ba/out/include/git2/sys/errors.h
  libgit2/include/git2/sys/diff.h => /tmp/cargo-installanfjzz/release/build/libgit2-sys-74f0324df8f013ba/out/include/git2/sys/diff.h
  libgit2/include/git2/sys/mempack.h => /tmp/cargo-installanfjzz/release/build/libgit2-sys-74f0324df8f013ba/out/include/git2/sys/mempack.h
  libgit2/include/git2/sys/alloc.h => /tmp/cargo-installanfjzz/release/build/libgit2-sys-74f0324df8f013ba/out/include/git2/sys/alloc.h
  libgit2/include/git2/sys/transport.h => /tmp/cargo-installanfjzz/release/build/libgit2-sys-74f0324df8f013ba/out/include/git2/sys/transport.h
  libgit2/include/git2/repository.h => /tmp/cargo-installanfjzz/release/build/libgit2-sys-74f0324df8f013ba/out/include/git2/repository.h
  libgit2/include/git2/proxy.h => /tmp/cargo-installanfjzz/release/build/libgit2-sys-74f0324df8f013ba/out/include/git2/proxy.h
  libgit2/include/git2/merge.h => /tmp/cargo-installanfjzz/release/build/libgit2-sys-74f0324df8f013ba/out/include/git2/merge.h
  libgit2/include/git2/indexer.h => /tmp/cargo-installanfjzz/release/build/libgit2-sys-74f0324df8f013ba/out/include/git2/indexer.h
  libgit2/include/git2/revparse.h => /tmp/cargo-installanfjzz/release/build/libgit2-sys-74f0324df8f013ba/out/include/git2/revparse.h
  libgit2/include/git2/worktree.h => /tmp/cargo-installanfjzz/release/build/libgit2-sys-74f0324df8f013ba/out/include/git2/worktree.h
  libgit2/include/git2/submodule.h => /tmp/cargo-installanfjzz/release/build/libgit2-sys-74f0324df8f013ba/out/include/git2/submodule.h
  libgit2/include/git2/notes.h => /tmp/cargo-installanfjzz/release/build/libgit2-sys-74f0324df8f013ba/out/include/git2/notes.h
  libgit2/include/git2/oid.h => /tmp/cargo-installanfjzz/release/build/libgit2-sys-74f0324df8f013ba/out/include/git2/oid.h
  libgit2/include/git2/buffer.h => /tmp/cargo-installanfjzz/release/build/libgit2-sys-74f0324df8f013ba/out/include/git2/buffer.h
  libgit2/include/git2/blob.h => /tmp/cargo-installanfjzz/release/build/libgit2-sys-74f0324df8f013ba/out/include/git2/blob.h
  libgit2/include/git2/status.h => /tmp/cargo-installanfjzz/release/build/libgit2-sys-74f0324df8f013ba/out/include/git2/status.h
  libgit2/include/git2/remote.h => /tmp/cargo-installanfjzz/release/build/libgit2-sys-74f0324df8f013ba/out/include/git2/remote.h
  libgit2/include/git2/commit.h => /tmp/cargo-installanfjzz/release/build/libgit2-sys-74f0324df8f013ba/out/include/git2/commit.h
  libgit2/include/git2/graph.h => /tmp/cargo-installanfjzz/release/build/libgit2-sys-74f0324df8f013ba/out/include/git2/graph.h
  libgit2/include/git2/apply.h => /tmp/cargo-installanfjzz/release/build/libgit2-sys-74f0324df8f013ba/out/include/git2/apply.h
  libgit2/include/git2/refs.h => /tmp/cargo-installanfjzz/release/build/libgit2-sys-74f0324df8f013ba/out/include/git2/refs.h
  libgit2/include/git2/tree.h => /tmp/cargo-installanfjzz/release/build/libgit2-sys-74f0324df8f013ba/out/include/git2/tree.h
  libgit2/include/git2/errors.h => /tmp/cargo-installanfjzz/release/build/libgit2-sys-74f0324df8f013ba/out/include/git2/errors.h
  libgit2/include/git2/diff.h => /tmp/cargo-installanfjzz/release/build/libgit2-sys-74f0324df8f013ba/out/include/git2/diff.h
  libgit2/include/git2/stdint.h => /tmp/cargo-installanfjzz/release/build/libgit2-sys-74f0324df8f013ba/out/include/git2/stdint.h
  libgit2/include/git2/credential_helpers.h => /tmp/cargo-installanfjzz/release/build/libgit2-sys-74f0324df8f013ba/out/include/git2/credential_helpers.h
  libgit2/include/git2/revert.h => /tmp/cargo-installanfjzz/release/build/libgit2-sys-74f0324df8f013ba/out/include/git2/revert.h
  libgit2/include/git2/mailmap.h => /tmp/cargo-installanfjzz/release/build/libgit2-sys-74f0324df8f013ba/out/include/git2/mailmap.h
  libgit2/include/git2/transport.h => /tmp/cargo-installanfjzz/release/build/libgit2-sys-74f0324df8f013ba/out/include/git2/transport.h
  libgit2/include/git2.h => /tmp/cargo-installanfjzz/release/build/libgit2-sys-74f0324df8f013ba/out/include/git2.h
  cargo:rerun-if-env-changed=CC_FORCE_DISABLE
  CC_FORCE_DISABLE = None
  cargo:rerun-if-env-changed=CC_x86_64-unknown-linux-gnu
  CC_x86_64-unknown-linux-gnu = None
  cargo:rerun-if-env-changed=CC_x86_64_unknown_linux_gnu
  CC_x86_64_unknown_linux_gnu = None
  cargo:rerun-if-env-changed=HOST_CC
  HOST_CC = None
  cargo:rerun-if-env-changed=CC
  CC = None
  cargo:rerun-if-env-changed=CC_ENABLE_DEBUG_OUTPUT
  cargo:rerun-if-env-changed=CRATE_CC_NO_DEFAULTS
  CRATE_CC_NO_DEFAULTS = None
  cargo:rerun-if-env-changed=CFLAGS
  CFLAGS = None
  cargo:rerun-if-env-changed=HOST_CFLAGS
  HOST_CFLAGS = None
  cargo:rerun-if-env-changed=CFLAGS_x86_64_unknown_linux_gnu
  CFLAGS_x86_64_unknown_linux_gnu = None
  cargo:rerun-if-env-changed=CFLAGS_x86_64-unknown-linux-gnu
  CFLAGS_x86_64-unknown-linux-gnu = None
  cargo:rerun-if-env-changed=CC_x86_64-unknown-linux-gnu
  CC_x86_64-unknown-linux-gnu = None
  cargo:rerun-if-env-changed=CC_x86_64_unknown_linux_gnu
  CC_x86_64_unknown_linux_gnu = None
  cargo:rerun-if-env-changed=HOST_CC
  HOST_CC = None
  cargo:rerun-if-env-changed=CC
  CC = None
  cargo:rerun-if-env-changed=CRATE_CC_NO_DEFAULTS
  CRATE_CC_NO_DEFAULTS = None
  cargo:rerun-if-env-changed=CFLAGS
  CFLAGS = None
  cargo:rerun-if-env-changed=HOST_CFLAGS
  HOST_CFLAGS = None
  cargo:rerun-if-env-changed=CFLAGS_x86_64_unknown_linux_gnu
  CFLAGS_x86_64_unknown_linux_gnu = None
  cargo:rerun-if-env-changed=CFLAGS_x86_64-unknown-linux-gnu
  CFLAGS_x86_64-unknown-linux-gnu = None
  cargo:rerun-if-env-changed=CC_x86_64-unknown-linux-gnu
  CC_x86_64-unknown-linux-gnu = None
  cargo:rerun-if-env-changed=CC_x86_64_unknown_linux_gnu
  CC_x86_64_unknown_linux_gnu = None
  cargo:rerun-if-env-changed=HOST_CC
  HOST_CC = None
  cargo:rerun-if-env-changed=CC
  CC = None
  cargo:rerun-if-env-changed=CRATE_CC_NO_DEFAULTS
  CRATE_CC_NO_DEFAULTS = None
  cargo:rerun-if-env-changed=CFLAGS
  CFLAGS = None
  cargo:rerun-if-env-changed=HOST_CFLAGS
  HOST_CFLAGS = None
  cargo:rerun-if-env-changed=CFLAGS_x86_64_unknown_linux_gnu
  CFLAGS_x86_64_unknown_linux_gnu = None
  cargo:rerun-if-env-changed=CFLAGS_x86_64-unknown-linux-gnu
  CFLAGS_x86_64-unknown-linux-gnu = None
  cargo:rerun-if-env-changed=CC_x86_64-unknown-linux-gnu
  CC_x86_64-unknown-linux-gnu = None
  cargo:rerun-if-env-changed=CC_x86_64_unknown_linux_gnu
  CC_x86_64_unknown_linux_gnu = None
  cargo:rerun-if-env-changed=HOST_CC
  HOST_CC = None
  cargo:rerun-if-env-changed=CC
  CC = None
  cargo:rerun-if-env-changed=CRATE_CC_NO_DEFAULTS
  CRATE_CC_NO_DEFAULTS = None
  cargo:rerun-if-env-changed=CFLAGS
  CFLAGS = None
  cargo:rerun-if-env-changed=HOST_CFLAGS
  HOST_CFLAGS = None
  cargo:rerun-if-env-changed=CFLAGS_x86_64_unknown_linux_gnu
  CFLAGS_x86_64_unknown_linux_gnu = None
  cargo:rerun-if-env-changed=CFLAGS_x86_64-unknown-linux-gnu
  CFLAGS_x86_64-unknown-linux-gnu = None
  cargo:rerun-if-env-changed=CC_x86_64-unknown-linux-gnu
  CC_x86_64-unknown-linux-gnu = None
  cargo:rerun-if-env-changed=CC_x86_64_unknown_linux_gnu
  CC_x86_64_unknown_linux_gnu = None
  cargo:rerun-if-env-changed=HOST_CC
  HOST_CC = None
  cargo:rerun-if-env-changed=CC
  CC = None
  cargo:rerun-if-env-changed=CRATE_CC_NO_DEFAULTS
  CRATE_CC_NO_DEFAULTS = None
  cargo:rerun-if-env-changed=CFLAGS
  CFLAGS = None
  cargo:rerun-if-env-changed=HOST_CFLAGS
  HOST_CFLAGS = None
  cargo:rerun-if-env-changed=CFLAGS_x86_64_unknown_linux_gnu
  CFLAGS_x86_64_unknown_linux_gnu = None
  cargo:rerun-if-env-changed=CFLAGS_x86_64-unknown-linux-gnu
  CFLAGS_x86_64-unknown-linux-gnu = None
  cargo:rerun-if-env-changed=CC_x86_64-unknown-linux-gnu
  CC_x86_64-unknown-linux-gnu = None
  cargo:rerun-if-env-changed=CC_x86_64_unknown_linux_gnu
  CC_x86_64_unknown_linux_gnu = None
  cargo:rerun-if-env-changed=HOST_CC
  HOST_CC = None
  cargo:rerun-if-env-changed=CC
  CC = None
  cargo:rerun-if-env-changed=CRATE_CC_NO_DEFAULTS
  CRATE_CC_NO_DEFAULTS = None
  cargo:rerun-if-env-changed=CFLAGS
  CFLAGS = None
  cargo:rerun-if-env-changed=HOST_CFLAGS
  HOST_CFLAGS = None
  cargo:rerun-if-env-changed=CFLAGS_x86_64_unknown_linux_gnu
  CFLAGS_x86_64_unknown_linux_gnu = None
  cargo:rerun-if-env-changed=CFLAGS_x86_64-unknown-linux-gnu
  CFLAGS_x86_64-unknown-linux-gnu = None
  cargo:rerun-if-env-changed=CC_x86_64-unknown-linux-gnu
  CC_x86_64-unknown-linux-gnu = None
  cargo:rerun-if-env-changed=CC_x86_64_unknown_linux_gnu
  CC_x86_64_unknown_linux_gnu = None
  cargo:rerun-if-env-changed=HOST_CC
  HOST_CC = None
  cargo:rerun-if-env-changed=CC
  CC = None
  cargo:rerun-if-env-changed=CRATE_CC_NO_DEFAULTS
  CRATE_CC_NO_DEFAULTS = None
  cargo:rerun-if-env-changed=CFLAGS
  CFLAGS = None
  cargo:rerun-if-env-changed=HOST_CFLAGS
  HOST_CFLAGS = None
  cargo:rerun-if-env-changed=CFLAGS_x86_64_unknown_linux_gnu
  CFLAGS_x86_64_unknown_linux_gnu = None
  cargo:rerun-if-env-changed=CFLAGS_x86_64-unknown-linux-gnu
  CFLAGS_x86_64-unknown-linux-gnu = None
  cargo:rerun-if-env-changed=CC_x86_64-unknown-linux-gnu
  CC_x86_64-unknown-linux-gnu = None
  cargo:rerun-if-env-changed=CC_x86_64_unknown_linux_gnu
  CC_x86_64_unknown_linux_gnu = None
  cargo:rerun-if-env-changed=HOST_CC
  HOST_CC = None
  cargo:rerun-if-env-changed=CC
  CC = None
  cargo:rerun-if-env-changed=CRATE_CC_NO_DEFAULTS
  CRATE_CC_NO_DEFAULTS = None
  cargo:rerun-if-env-changed=CFLAGS
  CFLAGS = None
  cargo:rerun-if-env-changed=HOST_CFLAGS
  HOST_CFLAGS = None
  cargo:rerun-if-env-changed=CFLAGS_x86_64_unknown_linux_gnu
  CFLAGS_x86_64_unknown_linux_gnu = None
  cargo:rerun-if-env-changed=CFLAGS_x86_64-unknown-linux-gnu
  CFLAGS_x86_64-unknown-linux-gnu = None
  cargo:rerun-if-env-changed=CC_x86_64-unknown-linux-gnu
  CC_x86_64-unknown-linux-gnu = None
  cargo:rerun-if-env-changed=CC_x86_64_unknown_linux_gnu
  CC_x86_64_unknown_linux_gnu = None
  cargo:rerun-if-env-changed=HOST_CC
  HOST_CC = None
  cargo:rerun-if-env-changed=CC
  CC = None
  cargo:rerun-if-env-changed=CRATE_CC_NO_DEFAULTS
  CRATE_CC_NO_DEFAULTS = None
  cargo:rerun-if-env-changed=CFLAGS
  CFLAGS = None
  cargo:rerun-if-env-changed=HOST_CFLAGS
  HOST_CFLAGS = None
  cargo:rerun-if-env-changed=CFLAGS_x86_64_unknown_linux_gnu
  CFLAGS_x86_64_unknown_linux_gnu = None
  cargo:rerun-if-env-changed=CFLAGS_x86_64-unknown-linux-gnu
  CFLAGS_x86_64-unknown-linux-gnu = None
  cargo:rerun-if-env-changed=CC_x86_64-unknown-linux-gnu
  CC_x86_64-unknown-linux-gnu = None
  cargo:rerun-if-env-changed=CC_x86_64_unknown_linux_gnu
  CC_x86_64_unknown_linux_gnu = None
  cargo:rerun-if-env-changed=HOST_CC
  HOST_CC = None
  cargo:rerun-if-env-changed=CC
  CC = None
  cargo:rerun-if-env-changed=CRATE_CC_NO_DEFAULTS
  CRATE_CC_NO_DEFAULTS = None
  cargo:rerun-if-env-changed=CFLAGS
  CFLAGS = None
  cargo:rerun-if-env-changed=HOST_CFLAGS
  HOST_CFLAGS = None
  cargo:rerun-if-env-changed=CFLAGS_x86_64_unknown_linux_gnu
  CFLAGS_x86_64_unknown_linux_gnu = None
  cargo:rerun-if-env-changed=CFLAGS_x86_64-unknown-linux-gnu
  CFLAGS_x86_64-unknown-linux-gnu = None
  exit status: 0
  exit status: 0
  exit status: 0
  exit status: 0
  exit status: 0
  exit status: 0
  exit status: 0
  exit status: 0
  cargo:rerun-if-env-changed=CC_x86_64-unknown-linux-gnu
  CC_x86_64-unknown-linux-gnu = None
  cargo:rerun-if-env-changed=CC_x86_64_unknown_linux_gnu
  CC_x86_64_unknown_linux_gnu = None
  cargo:rerun-if-env-changed=HOST_CC
  HOST_CC = None
  cargo:rerun-if-env-changed=CC
  CC = None
  cargo:rerun-if-env-changed=CRATE_CC_NO_DEFAULTS
  CRATE_CC_NO_DEFAULTS = None
  cargo:rerun-if-env-changed=CFLAGS
  CFLAGS = None
  cargo:rerun-if-env-changed=HOST_CFLAGS
  HOST_CFLAGS = None
  cargo:rerun-if-env-changed=CFLAGS_x86_64_unknown_linux_gnu
  CFLAGS_x86_64_unknown_linux_gnu = None
  cargo:rerun-if-env-changed=CFLAGS_x86_64-unknown-linux-gnu
  CFLAGS_x86_64-unknown-linux-gnu = None
  cargo:rerun-if-env-changed=CC_x86_64-unknown-linux-gnu
  CC_x86_64-unknown-linux-gnu = None
  cargo:rerun-if-env-changed=CC_x86_64_unknown_linux_gnu
  CC_x86_64_unknown_linux_gnu = None
  cargo:rerun-if-env-changed=HOST_CC
  HOST_CC = None
  cargo:rerun-if-env-changed=CC
  CC = None
  cargo:rerun-if-env-changed=CRATE_CC_NO_DEFAULTS
  CRATE_CC_NO_DEFAULTS = None
  cargo:rerun-if-env-changed=CFLAGS
  CFLAGS = None
  cargo:rerun-if-env-changed=HOST_CFLAGS
  HOST_CFLAGS = None
  cargo:rerun-if-env-changed=CFLAGS_x86_64_unknown_linux_gnu
  CFLAGS_x86_64_unknown_linux_gnu = None
  cargo:rerun-if-env-changed=CFLAGS_x86_64-unknown-linux-gnu
  CFLAGS_x86_64-unknown-linux-gnu = None
  cargo:rerun-if-env-changed=CC_x86_64-unknown-linux-gnu
  CC_x86_64-unknown-linux-gnu = None
  cargo:rerun-if-env-changed=CC_x86_64_unknown_linux_gnu
  CC_x86_64_unknown_linux_gnu = None
  cargo:rerun-if-env-changed=HOST_CC
  HOST_CC = None
  cargo:rerun-if-env-changed=CC
  CC = None
  cargo:rerun-if-env-changed=CRATE_CC_NO_DEFAULTS
  CRATE_CC_NO_DEFAULTS = None
  cargo:rerun-if-env-changed=CFLAGS
  CFLAGS = None
  cargo:rerun-if-env-changed=HOST_CFLAGS
  HOST_CFLAGS = None
  cargo:rerun-if-env-changed=CFLAGS_x86_64_unknown_linux_gnu
  CFLAGS_x86_64_unknown_linux_gnu = None
  cargo:rerun-if-env-changed=CFLAGS_x86_64-unknown-linux-gnu
  CFLAGS_x86_64-unknown-linux-gnu = None
  cargo:rerun-if-env-changed=CC_x86_64-unknown-linux-gnu
  CC_x86_64-unknown-linux-gnu = None
  cargo:rerun-if-env-changed=CC_x86_64_unknown_linux_gnu
  CC_x86_64_unknown_linux_gnu = None
  cargo:rerun-if-env-changed=HOST_CC
  HOST_CC = None
  cargo:rerun-if-env-changed=CC
  CC = None
  cargo:rerun-if-env-changed=CRATE_CC_NO_DEFAULTS
  CRATE_CC_NO_DEFAULTS = None
  cargo:rerun-if-env-changed=CFLAGS
  CFLAGS = None
  cargo:rerun-if-env-changed=HOST_CFLAGS
  HOST_CFLAGS = None
  cargo:rerun-if-env-changed=CFLAGS_x86_64_unknown_linux_gnu
  CFLAGS_x86_64_unknown_linux_gnu = None
  cargo:rerun-if-env-changed=CFLAGS_x86_64-unknown-linux-gnu
  CFLAGS_x86_64-unknown-linux-gnu = None
  cargo:rerun-if-env-changed=CC_x86_64-unknown-linux-gnu
  CC_x86_64-unknown-linux-gnu = None
  cargo:rerun-if-env-changed=CC_x86_64_unknown_linux_gnu
  CC_x86_64_unknown_linux_gnu = None
  cargo:rerun-if-env-changed=HOST_CC
  HOST_CC = None
  cargo:rerun-if-env-changed=CC
  CC = None
  cargo:rerun-if-env-changed=CRATE_CC_NO_DEFAULTS
  CRATE_CC_NO_DEFAULTS = None
  cargo:rerun-if-env-changed=CFLAGS
  CFLAGS = None
  cargo:rerun-if-env-changed=HOST_CFLAGS
  HOST_CFLAGS = None
  cargo:rerun-if-env-changed=CFLAGS_x86_64_unknown_linux_gnu
  CFLAGS_x86_64_unknown_linux_gnu = None
  cargo:rerun-if-env-changed=CFLAGS_x86_64-unknown-linux-gnu
  CFLAGS_x86_64-unknown-linux-gnu = None
  cargo:rerun-if-env-changed=CC_x86_64-unknown-linux-gnu
  CC_x86_64-unknown-linux-gnu = None
  cargo:rerun-if-env-changed=CC_x86_64_unknown_linux_gnu
  CC_x86_64_unknown_linux_gnu = None
  cargo:rerun-if-env-changed=HOST_CC
  HOST_CC = None
  cargo:rerun-if-env-changed=CC
  CC = None
  cargo:rerun-if-env-changed=CRATE_CC_NO_DEFAULTS
  CRATE_CC_NO_DEFAULTS = None
  cargo:rerun-if-env-changed=CFLAGS
  CFLAGS = None
  cargo:rerun-if-env-changed=HOST_CFLAGS
  HOST_CFLAGS = None
  cargo:rerun-if-env-changed=CFLAGS_x86_64_unknown_linux_gnu
  CFLAGS_x86_64_unknown_linux_gnu = None
  cargo:rerun-if-env-changed=CFLAGS_x86_64-unknown-linux-gnu
  CFLAGS_x86_64-unknown-linux-gnu = None
  cargo:rerun-if-env-changed=CC_x86_64-unknown-linux-gnu
  CC_x86_64-unknown-linux-gnu = None
  cargo:rerun-if-env-changed=CC_x86_64_unknown_linux_gnu
  CC_x86_64_unknown_linux_gnu = None
  cargo:rerun-if-env-changed=HOST_CC
  HOST_CC = None
  cargo:rerun-if-env-changed=CC
  CC = None
  cargo:rerun-if-env-changed=CRATE_CC_NO_DEFAULTS
  CRATE_CC_NO_DEFAULTS = None
  cargo:rerun-if-env-changed=CFLAGS
  CFLAGS = None
  cargo:rerun-if-env-changed=HOST_CFLAGS
  HOST_CFLAGS = None
  cargo:rerun-if-env-changed=CFLAGS_x86_64_unknown_linux_gnu
  CFLAGS_x86_64_unknown_linux_gnu = None
  cargo:rerun-if-env-changed=CFLAGS_x86_64-unknown-linux-gnu
  CFLAGS_x86_64-unknown-linux-gnu = None
  cargo:rerun-if-env-changed=CC_x86_64-unknown-linux-gnu
  CC_x86_64-unknown-linux-gnu = None
  cargo:rerun-if-env-changed=CC_x86_64_unknown_linux_gnu
  CC_x86_64_unknown_linux_gnu = None
  cargo:rerun-if-env-changed=HOST_CC
  HOST_CC = None
  cargo:rerun-if-env-changed=CC
  CC = None
  cargo:rerun-if-env-changed=CRATE_CC_NO_DEFAULTS
  CRATE_CC_NO_DEFAULTS = None
  cargo:rerun-if-env-changed=CFLAGS
  CFLAGS = None
  cargo:rerun-if-env-changed=HOST_CFLAGS
  HOST_CFLAGS = None
  cargo:rerun-if-env-changed=CFLAGS_x86_64_unknown_linux_gnu
  CFLAGS_x86_64_unknown_linux_gnu = None
  cargo:rerun-if-env-changed=CFLAGS_x86_64-unknown-linux-gnu
  CFLAGS_x86_64-unknown-linux-gnu = None
  exit status: 0
  exit status: 0
  exit status: 0
  exit status: 0
  exit status: 0
  exit status: 0
  exit status: 0
  exit status: 0
  cargo:rerun-if-env-changed=CC_x86_64-unknown-linux-gnu
  CC_x86_64-unknown-linux-gnu = None
  cargo:rerun-if-env-changed=CC_x86_64_unknown_linux_gnu
  CC_x86_64_unknown_linux_gnu = None
  cargo:rerun-if-env-changed=HOST_CC
  HOST_CC = None
  cargo:rerun-if-env-changed=CC
  CC = None
  cargo:rerun-if-env-changed=CRATE_CC_NO_DEFAULTS
  CRATE_CC_NO_DEFAULTS = None
  cargo:rerun-if-env-changed=CFLAGS
  CFLAGS = None
  cargo:rerun-if-env-changed=HOST_CFLAGS
  HOST_CFLAGS = None
  cargo:rerun-if-env-changed=CFLAGS_x86_64_unknown_linux_gnu
  CFLAGS_x86_64_unknown_linux_gnu = None
  cargo:rerun-if-env-changed=CFLAGS_x86_64-unknown-linux-gnu
  CFLAGS_x86_64-unknown-linux-gnu = None
  cargo:rerun-if-env-changed=CC_x86_64-unknown-linux-gnu
  CC_x86_64-unknown-linux-gnu = None
  cargo:rerun-if-env-changed=CC_x86_64_unknown_linux_gnu
  CC_x86_64_unknown_linux_gnu = None
  cargo:rerun-if-env-changed=HOST_CC
  HOST_CC = None
  cargo:rerun-if-env-changed=CC
  CC = None
  cargo:rerun-if-env-changed=CRATE_CC_NO_DEFAULTS
  CRATE_CC_NO_DEFAULTS = None
  cargo:rerun-if-env-changed=CFLAGS
  CFLAGS = None
  cargo:rerun-if-env-changed=HOST_CFLAGS
  HOST_CFLAGS = None
  cargo:rerun-if-env-changed=CFLAGS_x86_64_unknown_linux_gnu
  CFLAGS_x86_64_unknown_linux_gnu = None
  cargo:rerun-if-env-changed=CFLAGS_x86_64-unknown-linux-gnu
  CFLAGS_x86_64-unknown-linux-gnu = None
  cargo:rerun-if-env-changed=CC_x86_64-unknown-linux-gnu
  CC_x86_64-unknown-linux-gnu = None
  cargo:rerun-if-env-changed=CC_x86_64_unknown_linux_gnu
  CC_x86_64_unknown_linux_gnu = None
  cargo:rerun-if-env-changed=HOST_CC
  HOST_CC = None
  cargo:rerun-if-env-changed=CC
  CC = None
  cargo:rerun-if-env-changed=CRATE_CC_NO_DEFAULTS
  CRATE_CC_NO_DEFAULTS = None
  cargo:rerun-if-env-changed=CFLAGS
  CFLAGS = None
  cargo:rerun-if-env-changed=HOST_CFLAGS
  HOST_CFLAGS = None
  cargo:rerun-if-env-changed=CFLAGS_x86_64_unknown_linux_gnu
  CFLAGS_x86_64_unknown_linux_gnu = None
  cargo:rerun-if-env-changed=CFLAGS_x86_64-unknown-linux-gnu
  CFLAGS_x86_64-unknown-linux-gnu = None
  cargo:rerun-if-env-changed=CC_x86_64-unknown-linux-gnu
  CC_x86_64-unknown-linux-gnu = None
  cargo:rerun-if-env-changed=CC_x86_64_unknown_linux_gnu
  CC_x86_64_unknown_linux_gnu = None
  cargo:rerun-if-env-changed=HOST_CC
  HOST_CC = None
  cargo:rerun-if-env-changed=CC
  CC = None
  cargo:rerun-if-env-changed=CRATE_CC_NO_DEFAULTS
  CRATE_CC_NO_DEFAULTS = None
  cargo:rerun-if-env-changed=CFLAGS
  CFLAGS = None
  cargo:rerun-if-env-changed=HOST_CFLAGS
  HOST_CFLAGS = None
  cargo:rerun-if-env-changed=CFLAGS_x86_64_unknown_linux_gnu
  CFLAGS_x86_64_unknown_linux_gnu = None
  cargo:rerun-if-env-changed=CFLAGS_x86_64-unknown-linux-gnu
  CFLAGS_x86_64-unknown-linux-gnu = None
  cargo:rerun-if-env-changed=CC_x86_64-unknown-linux-gnu
  CC_x86_64-unknown-linux-gnu = None
  cargo:rerun-if-env-changed=CC_x86_64_unknown_linux_gnu
  CC_x86_64_unknown_linux_gnu = None
  cargo:rerun-if-env-changed=HOST_CC
  HOST_CC = None
  cargo:rerun-if-env-changed=CC
  CC = None
  cargo:rerun-if-env-changed=CRATE_CC_NO_DEFAULTS
  CRATE_CC_NO_DEFAULTS = None
  cargo:rerun-if-env-changed=CFLAGS
  CFLAGS = None
  cargo:rerun-if-env-changed=HOST_CFLAGS
  HOST_CFLAGS = None
  cargo:rerun-if-env-changed=CFLAGS_x86_64_unknown_linux_gnu
  CFLAGS_x86_64_unknown_linux_gnu = None
  cargo:rerun-if-env-changed=CFLAGS_x86_64-unknown-linux-gnu
  CFLAGS_x86_64-unknown-linux-gnu = None
  cargo:rerun-if-env-changed=CC_x86_64-unknown-linux-gnu
  CC_x86_64-unknown-linux-gnu = None
  cargo:rerun-if-env-changed=CC_x86_64_unknown_linux_gnu
  CC_x86_64_unknown_linux_gnu = None
  cargo:rerun-if-env-changed=HOST_CC
  HOST_CC = None
  cargo:rerun-if-env-changed=CC
  CC = None
  cargo:rerun-if-env-changed=CRATE_CC_NO_DEFAULTS
  CRATE_CC_NO_DEFAULTS = None
  cargo:rerun-if-env-changed=CFLAGS
  CFLAGS = None
  cargo:rerun-if-env-changed=HOST_CFLAGS
  HOST_CFLAGS = None
  cargo:rerun-if-env-changed=CFLAGS_x86_64_unknown_linux_gnu
  CFLAGS_x86_64_unknown_linux_gnu = None
  cargo:rerun-if-env-changed=CFLAGS_x86_64-unknown-linux-gnu
  CFLAGS_x86_64-unknown-linux-gnu = None
  cargo:rerun-if-env-changed=CC_x86_64-unknown-linux-gnu
  CC_x86_64-unknown-linux-gnu = None
  cargo:rerun-if-env-changed=CC_x86_64_unknown_linux_gnu
  CC_x86_64_unknown_linux_gnu = None
  cargo:rerun-if-env-changed=HOST_CC
  HOST_CC = None
  cargo:rerun-if-env-changed=CC
  CC = None
  cargo:rerun-if-env-changed=CRATE_CC_NO_DEFAULTS
  CRATE_CC_NO_DEFAULTS = None
  cargo:rerun-if-env-changed=CFLAGS
  CFLAGS = None
  cargo:rerun-if-env-changed=HOST_CFLAGS
  HOST_CFLAGS = None
  cargo:rerun-if-env-changed=CFLAGS_x86_64_unknown_linux_gnu
  CFLAGS_x86_64_unknown_linux_gnu = None
  cargo:rerun-if-env-changed=CFLAGS_x86_64-unknown-linux-gnu
  CFLAGS_x86_64-unknown-linux-gnu = None
  cargo:rerun-if-env-changed=CC_x86_64-unknown-linux-gnu
  CC_x86_64-unknown-linux-gnu = None
  cargo:rerun-if-env-changed=CC_x86_64_unknown_linux_gnu
  CC_x86_64_unknown_linux_gnu = None
  cargo:rerun-if-env-changed=HOST_CC
  HOST_CC = None
  cargo:rerun-if-env-changed=CC
  CC = None
  cargo:rerun-if-env-changed=CRATE_CC_NO_DEFAULTS
  CRATE_CC_NO_DEFAULTS = None
  cargo:rerun-if-env-changed=CFLAGS
  CFLAGS = None
  cargo:rerun-if-env-changed=HOST_CFLAGS
  HOST_CFLAGS = None
  cargo:rerun-if-env-changed=CFLAGS_x86_64_unknown_linux_gnu
  CFLAGS_x86_64_unknown_linux_gnu = None
  cargo:rerun-if-env-changed=CFLAGS_x86_64-unknown-linux-gnu
  CFLAGS_x86_64-unknown-linux-gnu = None
  exit status: 0
  exit status: 0
  exit status: 0
  exit status: 0
  exit status: 0
  exit status: 0
  exit status: 0
  exit status: 0
  cargo:rerun-if-env-changed=CC_x86_64-unknown-linux-gnu
  CC_x86_64-unknown-linux-gnu = None
  cargo:rerun-if-env-changed=CC_x86_64_unknown_linux_gnu
  CC_x86_64_unknown_linux_gnu = None
  cargo:rerun-if-env-changed=HOST_CC
  HOST_CC = None
  cargo:rerun-if-env-changed=CC
  CC = None
  cargo:rerun-if-env-changed=CRATE_CC_NO_DEFAULTS
  CRATE_CC_NO_DEFAULTS = None
  cargo:rerun-if-env-changed=CFLAGS
  CFLAGS = None
  cargo:rerun-if-env-changed=HOST_CFLAGS
  HOST_CFLAGS = None
  cargo:rerun-if-env-changed=CFLAGS_x86_64_unknown_linux_gnu
  CFLAGS_x86_64_unknown_linux_gnu = None
  cargo:rerun-if-env-changed=CFLAGS_x86_64-unknown-linux-gnu
  CFLAGS_x86_64-unknown-linux-gnu = None
  cargo:rerun-if-env-changed=CC_x86_64-unknown-linux-gnu
  CC_x86_64-unknown-linux-gnu = None
  cargo:rerun-if-env-changed=CC_x86_64_unknown_linux_gnu
  CC_x86_64_unknown_linux_gnu = None
  cargo:rerun-if-env-changed=HOST_CC
  HOST_CC = None
  cargo:rerun-if-env-changed=CC
  CC = None
  cargo:rerun-if-env-changed=CRATE_CC_NO_DEFAULTS
  CRATE_CC_NO_DEFAULTS = None
  cargo:rerun-if-env-changed=CFLAGS
  CFLAGS = None
  cargo:rerun-if-env-changed=HOST_CFLAGS
  HOST_CFLAGS = None
  cargo:rerun-if-env-changed=CFLAGS_x86_64_unknown_linux_gnu
  CFLAGS_x86_64_unknown_linux_gnu = None
  cargo:rerun-if-env-changed=CFLAGS_x86_64-unknown-linux-gnu
  CFLAGS_x86_64-unknown-linux-gnu = None
  cargo:rerun-if-env-changed=CC_x86_64-unknown-linux-gnu
  CC_x86_64-unknown-linux-gnu = None
  cargo:rerun-if-env-changed=CC_x86_64_unknown_linux_gnu
  CC_x86_64_unknown_linux_gnu = None
  cargo:rerun-if-env-changed=HOST_CC
  HOST_CC = None
  cargo:rerun-if-env-changed=CC
  CC = None
  cargo:rerun-if-env-changed=CRATE_CC_NO_DEFAULTS
  CRATE_CC_NO_DEFAULTS = None
  cargo:rerun-if-env-changed=CFLAGS
  CFLAGS = None
  cargo:rerun-if-env-changed=HOST_CFLAGS
  HOST_CFLAGS = None
  cargo:rerun-if-env-changed=CFLAGS_x86_64_unknown_linux_gnu
  CFLAGS_x86_64_unknown_linux_gnu = None
  cargo:rerun-if-env-changed=CFLAGS_x86_64-unknown-linux-gnu
  CFLAGS_x86_64-unknown-linux-gnu = None
  cargo:rerun-if-env-changed=CC_x86_64-unknown-linux-gnu
  CC_x86_64-unknown-linux-gnu = None
  cargo:rerun-if-env-changed=CC_x86_64_unknown_linux_gnu
  CC_x86_64_unknown_linux_gnu = None
  cargo:rerun-if-env-changed=HOST_CC
  HOST_CC = None
  cargo:rerun-if-env-changed=CC
  CC = None
  cargo:rerun-if-env-changed=CRATE_CC_NO_DEFAULTS
  CRATE_CC_NO_DEFAULTS = None
  cargo:rerun-if-env-changed=CFLAGS
  CFLAGS = None
  cargo:rerun-if-env-changed=HOST_CFLAGS
  HOST_CFLAGS = None
  cargo:rerun-if-env-changed=CFLAGS_x86_64_unknown_linux_gnu
  CFLAGS_x86_64_unknown_linux_gnu = None
  cargo:rerun-if-env-changed=CFLAGS_x86_64-unknown-linux-gnu
  CFLAGS_x86_64-unknown-linux-gnu = None
  cargo:rerun-if-env-changed=CC_x86_64-unknown-linux-gnu
  CC_x86_64-unknown-linux-gnu = None
  cargo:rerun-if-env-changed=CC_x86_64_unknown_linux_gnu
  CC_x86_64_unknown_linux_gnu = None
  cargo:rerun-if-env-changed=HOST_CC
  HOST_CC = None
  cargo:rerun-if-env-changed=CC
  CC = None
  cargo:rerun-if-env-changed=CRATE_CC_NO_DEFAULTS
  CRATE_CC_NO_DEFAULTS = None
  cargo:rerun-if-env-changed=CFLAGS
  CFLAGS = None
  cargo:rerun-if-env-changed=HOST_CFLAGS
  HOST_CFLAGS = None
  cargo:rerun-if-env-changed=CFLAGS_x86_64_unknown_linux_gnu
  CFLAGS_x86_64_unknown_linux_gnu = None
  cargo:rerun-if-env-changed=CFLAGS_x86_64-unknown-linux-gnu
  CFLAGS_x86_64-unknown-linux-gnu = None
  cargo:rerun-if-env-changed=CC_x86_64-unknown-linux-gnu
  CC_x86_64-unknown-linux-gnu = None
  cargo:rerun-if-env-changed=CC_x86_64_unknown_linux_gnu
  CC_x86_64_unknown_linux_gnu = None
  cargo:rerun-if-env-changed=HOST_CC
  HOST_CC = None
  cargo:rerun-if-env-changed=CC
  CC = None
  cargo:rerun-if-env-changed=CRATE_CC_NO_DEFAULTS
  CRATE_CC_NO_DEFAULTS = None
  cargo:rerun-if-env-changed=CFLAGS
  CFLAGS = None
  cargo:rerun-if-env-changed=HOST_CFLAGS
  HOST_CFLAGS = None
  cargo:rerun-if-env-changed=CFLAGS_x86_64_unknown_linux_gnu
  CFLAGS_x86_64_unknown_linux_gnu = None
  cargo:rerun-if-env-changed=CFLAGS_x86_64-unknown-linux-gnu
  CFLAGS_x86_64-unknown-linux-gnu = None
  cargo:rerun-if-env-changed=CC_x86_64-unknown-linux-gnu
  CC_x86_64-unknown-linux-gnu = None
  cargo:rerun-if-env-changed=CC_x86_64_unknown_linux_gnu
  CC_x86_64_unknown_linux_gnu = None
  cargo:rerun-if-env-changed=HOST_CC
  HOST_CC = None
  cargo:rerun-if-env-changed=CC
  CC = None
  cargo:rerun-if-env-changed=CRATE_CC_NO_DEFAULTS
  CRATE_CC_NO_DEFAULTS = None
  cargo:rerun-if-env-changed=CFLAGS
  CFLAGS = None
  cargo:rerun-if-env-changed=HOST_CFLAGS
  HOST_CFLAGS = None
  cargo:rerun-if-env-changed=CFLAGS_x86_64_unknown_linux_gnu
  CFLAGS_x86_64_unknown_linux_gnu = None
  cargo:rerun-if-env-changed=CFLAGS_x86_64-unknown-linux-gnu
  CFLAGS_x86_64-unknown-linux-gnu = None
  cargo:rerun-if-env-changed=CC_x86_64-unknown-linux-gnu
  CC_x86_64-unknown-linux-gnu = None
  cargo:rerun-if-env-changed=CC_x86_64_unknown_linux_gnu
  CC_x86_64_unknown_linux_gnu = None
  cargo:rerun-if-env-changed=HOST_CC
  HOST_CC = None
  cargo:rerun-if-env-changed=CC
  CC = None
  cargo:rerun-if-env-changed=CRATE_CC_NO_DEFAULTS
  CRATE_CC_NO_DEFAULTS = None
  cargo:rerun-if-env-changed=CFLAGS
  CFLAGS = None
  cargo:rerun-if-env-changed=HOST_CFLAGS
  HOST_CFLAGS = None
  cargo:rerun-if-env-changed=CFLAGS_x86_64_unknown_linux_gnu
  CFLAGS_x86_64_unknown_linux_gnu = None
  cargo:rerun-if-env-changed=CFLAGS_x86_64-unknown-linux-gnu
  CFLAGS_x86_64-unknown-linux-gnu = None
  exit status: 0
  exit status: 0
  exit status: 0
  exit status: 0
  exit status: 0
  exit status: 0
  exit status: 0
  exit status: 0
  cargo:rerun-if-env-changed=CC_x86_64-unknown-linux-gnu
  CC_x86_64-unknown-linux-gnu = None
  cargo:rerun-if-env-changed=CC_x86_64_unknown_linux_gnu
  CC_x86_64_unknown_linux_gnu = None
  cargo:rerun-if-env-changed=HOST_CC
  HOST_CC = None
  cargo:rerun-if-env-changed=CC
  CC = None
  cargo:rerun-if-env-changed=CRATE_CC_NO_DEFAULTS
  CRATE_CC_NO_DEFAULTS = None
  cargo:rerun-if-env-changed=CFLAGS
  CFLAGS = None
  cargo:rerun-if-env-changed=HOST_CFLAGS
  HOST_CFLAGS = None
  cargo:rerun-if-env-changed=CFLAGS_x86_64_unknown_linux_gnu
  CFLAGS_x86_64_unknown_linux_gnu = None
  cargo:rerun-if-env-changed=CFLAGS_x86_64-unknown-linux-gnu
  CFLAGS_x86_64-unknown-linux-gnu = None
  cargo:rerun-if-env-changed=CC_x86_64-unknown-linux-gnu
  CC_x86_64-unknown-linux-gnu = None
  cargo:rerun-if-env-changed=CC_x86_64_unknown_linux_gnu
  CC_x86_64_unknown_linux_gnu = None
  cargo:rerun-if-env-changed=HOST_CC
  HOST_CC = None
  cargo:rerun-if-env-changed=CC
  CC = None
  cargo:rerun-if-env-changed=CRATE_CC_NO_DEFAULTS
  CRATE_CC_NO_DEFAULTS = None
  cargo:rerun-if-env-changed=CFLAGS
  CFLAGS = None
  cargo:rerun-if-env-changed=HOST_CFLAGS
  HOST_CFLAGS = None
  cargo:rerun-if-env-changed=CFLAGS_x86_64_unknown_linux_gnu
  CFLAGS_x86_64_unknown_linux_gnu = None
  cargo:rerun-if-env-changed=CFLAGS_x86_64-unknown-linux-gnu
  CFLAGS_x86_64-unknown-linux-gnu = None
  cargo:rerun-if-env-changed=CC_x86_64-unknown-linux-gnu
  CC_x86_64-unknown-linux-gnu = None
  cargo:rerun-if-env-changed=CC_x86_64_unknown_linux_gnu
  CC_x86_64_unknown_linux_gnu = None
  cargo:rerun-if-env-changed=HOST_CC
  HOST_CC = None
  cargo:rerun-if-env-changed=CC
  CC = None
  cargo:rerun-if-env-changed=CRATE_CC_NO_DEFAULTS
  CRATE_CC_NO_DEFAULTS = None
  cargo:rerun-if-env-changed=CFLAGS
  CFLAGS = None
  cargo:rerun-if-env-changed=HOST_CFLAGS
  HOST_CFLAGS = None
  cargo:rerun-if-env-changed=CFLAGS_x86_64_unknown_linux_gnu
  CFLAGS_x86_64_unknown_linux_gnu = None
  cargo:rerun-if-env-changed=CFLAGS_x86_64-unknown-linux-gnu
  CFLAGS_x86_64-unknown-linux-gnu = None
  cargo:rerun-if-env-changed=CC_x86_64-unknown-linux-gnu
  CC_x86_64-unknown-linux-gnu = None
  cargo:rerun-if-env-changed=CC_x86_64_unknown_linux_gnu
  CC_x86_64_unknown_linux_gnu = None
  cargo:rerun-if-env-changed=HOST_CC
  HOST_CC = None
  cargo:rerun-if-env-changed=CC
  CC = None
  cargo:rerun-if-env-changed=CRATE_CC_NO_DEFAULTS
  CRATE_CC_NO_DEFAULTS = None
  cargo:rerun-if-env-changed=CFLAGS
  CFLAGS = None
  cargo:rerun-if-env-changed=HOST_CFLAGS
  HOST_CFLAGS = None
  cargo:rerun-if-env-changed=CFLAGS_x86_64_unknown_linux_gnu
  CFLAGS_x86_64_unknown_linux_gnu = None
  cargo:rerun-if-env-changed=CFLAGS_x86_64-unknown-linux-gnu
  CFLAGS_x86_64-unknown-linux-gnu = None
  cargo:rerun-if-env-changed=CC_x86_64-unknown-linux-gnu
  CC_x86_64-unknown-linux-gnu = None
  cargo:rerun-if-env-changed=CC_x86_64_unknown_linux_gnu
  CC_x86_64_unknown_linux_gnu = None
  cargo:rerun-if-env-changed=HOST_CC
  HOST_CC = None
  cargo:rerun-if-env-changed=CC
  CC = None
  cargo:rerun-if-env-changed=CRATE_CC_NO_DEFAULTS
  CRATE_CC_NO_DEFAULTS = None
  cargo:rerun-if-env-changed=CFLAGS
  CFLAGS = None
  cargo:rerun-if-env-changed=HOST_CFLAGS
  HOST_CFLAGS = None
  cargo:rerun-if-env-changed=CFLAGS_x86_64_unknown_linux_gnu
  CFLAGS_x86_64_unknown_linux_gnu = None
  cargo:rerun-if-env-changed=CFLAGS_x86_64-unknown-linux-gnu
  CFLAGS_x86_64-unknown-linux-gnu = None
  cargo:rerun-if-env-changed=CC_x86_64-unknown-linux-gnu
  CC_x86_64-unknown-linux-gnu = None
  cargo:rerun-if-env-changed=CC_x86_64_unknown_linux_gnu
  CC_x86_64_unknown_linux_gnu = None
  cargo:rerun-if-env-changed=HOST_CC
  HOST_CC = None
  cargo:rerun-if-env-changed=CC
  CC = None
  cargo:rerun-if-env-changed=CRATE_CC_NO_DEFAULTS
  CRATE_CC_NO_DEFAULTS = None
  cargo:rerun-if-env-changed=CFLAGS
  CFLAGS = None
  cargo:rerun-if-env-changed=HOST_CFLAGS
  HOST_CFLAGS = None
  cargo:rerun-if-env-changed=CFLAGS_x86_64_unknown_linux_gnu
  CFLAGS_x86_64_unknown_linux_gnu = None
  cargo:rerun-if-env-changed=CFLAGS_x86_64-unknown-linux-gnu
  CFLAGS_x86_64-unknown-linux-gnu = None
  cargo:rerun-if-env-changed=CC_x86_64-unknown-linux-gnu
  CC_x86_64-unknown-linux-gnu = None
  cargo:rerun-if-env-changed=CC_x86_64_unknown_linux_gnu
  CC_x86_64_unknown_linux_gnu = None
  cargo:rerun-if-env-changed=HOST_CC
  HOST_CC = None
  cargo:rerun-if-env-changed=CC
  CC = None
  cargo:rerun-if-env-changed=CRATE_CC_NO_DEFAULTS
  CRATE_CC_NO_DEFAULTS = None
  cargo:rerun-if-env-changed=CFLAGS
  CFLAGS = None
  cargo:rerun-if-env-changed=HOST_CFLAGS
  HOST_CFLAGS = None
  cargo:rerun-if-env-changed=CFLAGS_x86_64_unknown_linux_gnu
  CFLAGS_x86_64_unknown_linux_gnu = None
  cargo:rerun-if-env-changed=CFLAGS_x86_64-unknown-linux-gnu
  CFLAGS_x86_64-unknown-linux-gnu = None
  cargo:rerun-if-env-changed=CC_x86_64-unknown-linux-gnu
  CC_x86_64-unknown-linux-gnu = None
  cargo:rerun-if-env-changed=CC_x86_64_unknown_linux_gnu
  CC_x86_64_unknown_linux_gnu = None
  cargo:rerun-if-env-changed=HOST_CC
  HOST_CC = None
  cargo:rerun-if-env-changed=CC
  CC = None
  cargo:rerun-if-env-changed=CRATE_CC_NO_DEFAULTS
  CRATE_CC_NO_DEFAULTS = None
  cargo:rerun-if-env-changed=CFLAGS
  CFLAGS = None
  cargo:rerun-if-env-changed=HOST_CFLAGS
  HOST_CFLAGS = None
  cargo:rerun-if-env-changed=CFLAGS_x86_64_unknown_linux_gnu
  CFLAGS_x86_64_unknown_linux_gnu = None
  cargo:rerun-if-env-changed=CFLAGS_x86_64-unknown-linux-gnu
  CFLAGS_x86_64-unknown-linux-gnu = None
  exit status: 0
  exit status: 0
  exit status: 0
  exit status: 0
  exit status: 0
  exit status: 0
  exit status: 0
  exit status: 0
  cargo:rerun-if-env-changed=CC_x86_64-unknown-linux-gnu
  CC_x86_64-unknown-linux-gnu = None
  cargo:rerun-if-env-changed=CC_x86_64_unknown_linux_gnu
  CC_x86_64_unknown_linux_gnu = None
  cargo:rerun-if-env-changed=HOST_CC
  HOST_CC = None
  cargo:rerun-if-env-changed=CC
  CC = None
  cargo:rerun-if-env-changed=CRATE_CC_NO_DEFAULTS
  CRATE_CC_NO_DEFAULTS = None
  cargo:rerun-if-env-changed=CFLAGS
  CFLAGS = None
  cargo:rerun-if-env-changed=HOST_CFLAGS
  HOST_CFLAGS = None
  cargo:rerun-if-env-changed=CFLAGS_x86_64_unknown_linux_gnu
  CFLAGS_x86_64_unknown_linux_gnu = None
  cargo:rerun-if-env-changed=CFLAGS_x86_64-unknown-linux-gnu
  CFLAGS_x86_64-unknown-linux-gnu = None
  cargo:rerun-if-env-changed=CC_x86_64-unknown-linux-gnu
  CC_x86_64-unknown-linux-gnu = None
  cargo:rerun-if-env-changed=CC_x86_64_unknown_linux_gnu
  CC_x86_64_unknown_linux_gnu = None
  cargo:rerun-if-env-changed=HOST_CC
  HOST_CC = None
  cargo:rerun-if-env-changed=CC
  CC = None
  cargo:rerun-if-env-changed=CRATE_CC_NO_DEFAULTS
  CRATE_CC_NO_DEFAULTS = None
  cargo:rerun-if-env-changed=CFLAGS
  CFLAGS = None
  cargo:rerun-if-env-changed=HOST_CFLAGS
  HOST_CFLAGS = None
  cargo:rerun-if-env-changed=CFLAGS_x86_64_unknown_linux_gnu
  CFLAGS_x86_64_unknown_linux_gnu = None
  cargo:rerun-if-env-changed=CFLAGS_x86_64-unknown-linux-gnu
  CFLAGS_x86_64-unknown-linux-gnu = None
  cargo:rerun-if-env-changed=CC_x86_64-unknown-linux-gnu
  CC_x86_64-unknown-linux-gnu = None
  cargo:rerun-if-env-changed=CC_x86_64_unknown_linux_gnu
  CC_x86_64_unknown_linux_gnu = None
  cargo:rerun-if-env-changed=HOST_CC
  HOST_CC = None
  cargo:rerun-if-env-changed=CC
  CC = None
  cargo:rerun-if-env-changed=CRATE_CC_NO_DEFAULTS
  CRATE_CC_NO_DEFAULTS = None
  cargo:rerun-if-env-changed=CFLAGS
  CFLAGS = None
  cargo:rerun-if-env-changed=HOST_CFLAGS
  HOST_CFLAGS = None
  cargo:rerun-if-env-changed=CFLAGS_x86_64_unknown_linux_gnu
  CFLAGS_x86_64_unknown_linux_gnu = None
  cargo:rerun-if-env-changed=CFLAGS_x86_64-unknown-linux-gnu
  CFLAGS_x86_64-unknown-linux-gnu = None
  cargo:rerun-if-env-changed=CC_x86_64-unknown-linux-gnu
  CC_x86_64-unknown-linux-gnu = None
  cargo:rerun-if-env-changed=CC_x86_64_unknown_linux_gnu
  CC_x86_64_unknown_linux_gnu = None
  cargo:rerun-if-env-changed=HOST_CC
  HOST_CC = None
  cargo:rerun-if-env-changed=CC
  CC = None
  cargo:rerun-if-env-changed=CRATE_CC_NO_DEFAULTS
  CRATE_CC_NO_DEFAULTS = None
  cargo:rerun-if-env-changed=CFLAGS
  CFLAGS = None
  cargo:rerun-if-env-changed=HOST_CFLAGS
  HOST_CFLAGS = None
  cargo:rerun-if-env-changed=CFLAGS_x86_64_unknown_linux_gnu
  CFLAGS_x86_64_unknown_linux_gnu = None
  cargo:rerun-if-env-changed=CFLAGS_x86_64-unknown-linux-gnu
  CFLAGS_x86_64-unknown-linux-gnu = None
  cargo:rerun-if-env-changed=CC_x86_64-unknown-linux-gnu
  CC_x86_64-unknown-linux-gnu = None
  cargo:rerun-if-env-changed=CC_x86_64_unknown_linux_gnu
  CC_x86_64_unknown_linux_gnu = None
  cargo:rerun-if-env-changed=HOST_CC
  HOST_CC = None
  cargo:rerun-if-env-changed=CC
  CC = None
  cargo:rerun-if-env-changed=CRATE_CC_NO_DEFAULTS
  CRATE_CC_NO_DEFAULTS = None
  cargo:rerun-if-env-changed=CFLAGS
  CFLAGS = None
  cargo:rerun-if-env-changed=HOST_CFLAGS
  HOST_CFLAGS = None
  cargo:rerun-if-env-changed=CFLAGS_x86_64_unknown_linux_gnu
  CFLAGS_x86_64_unknown_linux_gnu = None
  cargo:rerun-if-env-changed=CFLAGS_x86_64-unknown-linux-gnu
  CFLAGS_x86_64-unknown-linux-gnu = None
  cargo:rerun-if-env-changed=CC_x86_64-unknown-linux-gnu
  CC_x86_64-unknown-linux-gnu = None
  cargo:rerun-if-env-changed=CC_x86_64_unknown_linux_gnu
  CC_x86_64_unknown_linux_gnu = None
  cargo:rerun-if-env-changed=HOST_CC
  HOST_CC = None
  cargo:rerun-if-env-changed=CC
  CC = None
  cargo:rerun-if-env-changed=CRATE_CC_NO_DEFAULTS
  CRATE_CC_NO_DEFAULTS = None
  cargo:rerun-if-env-changed=CFLAGS
  CFLAGS = None
  cargo:rerun-if-env-changed=HOST_CFLAGS
  HOST_CFLAGS = None
  cargo:rerun-if-env-changed=CFLAGS_x86_64_unknown_linux_gnu
  CFLAGS_x86_64_unknown_linux_gnu = None
  cargo:rerun-if-env-changed=CFLAGS_x86_64-unknown-linux-gnu
  CFLAGS_x86_64-unknown-linux-gnu = None
  cargo:rerun-if-env-changed=CC_x86_64-unknown-linux-gnu
  CC_x86_64-unknown-linux-gnu = None
  cargo:rerun-if-env-changed=CC_x86_64_unknown_linux_gnu
  CC_x86_64_unknown_linux_gnu = None
  cargo:rerun-if-env-changed=HOST_CC
  HOST_CC = None
  cargo:rerun-if-env-changed=CC
  CC = None
  cargo:rerun-if-env-changed=CRATE_CC_NO_DEFAULTS
  CRATE_CC_NO_DEFAULTS = None
  cargo:rerun-if-env-changed=CFLAGS
  CFLAGS = None
  cargo:rerun-if-env-changed=HOST_CFLAGS
  HOST_CFLAGS = None
  cargo:rerun-if-env-changed=CFLAGS_x86_64_unknown_linux_gnu
  CFLAGS_x86_64_unknown_linux_gnu = None
  cargo:rerun-if-env-changed=CFLAGS_x86_64-unknown-linux-gnu
  CFLAGS_x86_64-unknown-linux-gnu = None
  cargo:rerun-if-env-changed=CC_x86_64-unknown-linux-gnu
  CC_x86_64-unknown-linux-gnu = None
  cargo:rerun-if-env-changed=CC_x86_64_unknown_linux_gnu
  CC_x86_64_unknown_linux_gnu = None
  cargo:rerun-if-env-changed=HOST_CC
  HOST_CC = None
  cargo:rerun-if-env-changed=CC
  CC = None
  cargo:rerun-if-env-changed=CRATE_CC_NO_DEFAULTS
  CRATE_CC_NO_DEFAULTS = None
  cargo:rerun-if-env-changed=CFLAGS
  CFLAGS = None
  cargo:rerun-if-env-changed=HOST_CFLAGS
  HOST_CFLAGS = None
  cargo:rerun-if-env-changed=CFLAGS_x86_64_unknown_linux_gnu
  CFLAGS_x86_64_unknown_linux_gnu = None
  cargo:rerun-if-env-changed=CFLAGS_x86_64-unknown-linux-gnu
  CFLAGS_x86_64-unknown-linux-gnu = None
  exit status: 0
  exit status: 0
  exit status: 0
  exit status: 0
  exit status: 0
  exit status: 0
  exit status: 0
  exit status: 0
  cargo:rerun-if-env-changed=CC_x86_64-unknown-linux-gnu
  CC_x86_64-unknown-linux-gnu = None
  cargo:rerun-if-env-changed=CC_x86_64_unknown_linux_gnu
  CC_x86_64_unknown_linux_gnu = None
  cargo:rerun-if-env-changed=HOST_CC
  HOST_CC = None
  cargo:rerun-if-env-changed=CC
  CC = None
  cargo:rerun-if-env-changed=CRATE_CC_NO_DEFAULTS
  CRATE_CC_NO_DEFAULTS = None
  cargo:rerun-if-env-changed=CFLAGS
  CFLAGS = None
  cargo:rerun-if-env-changed=HOST_CFLAGS
  HOST_CFLAGS = None
  cargo:rerun-if-env-changed=CFLAGS_x86_64_unknown_linux_gnu
  CFLAGS_x86_64_unknown_linux_gnu = None
  cargo:rerun-if-env-changed=CFLAGS_x86_64-unknown-linux-gnu
  CFLAGS_x86_64-unknown-linux-gnu = None
  cargo:rerun-if-env-changed=CC_x86_64-unknown-linux-gnu
  CC_x86_64-unknown-linux-gnu = None
  cargo:rerun-if-env-changed=CC_x86_64_unknown_linux_gnu
  CC_x86_64_unknown_linux_gnu = None
  cargo:rerun-if-env-changed=HOST_CC
  HOST_CC = None
  cargo:rerun-if-env-changed=CC
  CC = None
  cargo:rerun-if-env-changed=CRATE_CC_NO_DEFAULTS
  CRATE_CC_NO_DEFAULTS = None
  cargo:rerun-if-env-changed=CFLAGS
  CFLAGS = None
  cargo:rerun-if-env-changed=HOST_CFLAGS
  HOST_CFLAGS = None
  cargo:rerun-if-env-changed=CFLAGS_x86_64_unknown_linux_gnu
  CFLAGS_x86_64_unknown_linux_gnu = None
  cargo:rerun-if-env-changed=CFLAGS_x86_64-unknown-linux-gnu
  CFLAGS_x86_64-unknown-linux-gnu = None
  cargo:rerun-if-env-changed=CC_x86_64-unknown-linux-gnu
  CC_x86_64-unknown-linux-gnu = None
  cargo:rerun-if-env-changed=CC_x86_64_unknown_linux_gnu
  CC_x86_64_unknown_linux_gnu = None
  cargo:rerun-if-env-changed=HOST_CC
  HOST_CC = None
  cargo:rerun-if-env-changed=CC
  CC = None
  cargo:rerun-if-env-changed=CRATE_CC_NO_DEFAULTS
  CRATE_CC_NO_DEFAULTS = None
  cargo:rerun-if-env-changed=CFLAGS
  CFLAGS = None
  cargo:rerun-if-env-changed=HOST_CFLAGS
  HOST_CFLAGS = None
  cargo:rerun-if-env-changed=CFLAGS_x86_64_unknown_linux_gnu
  CFLAGS_x86_64_unknown_linux_gnu = None
  cargo:rerun-if-env-changed=CFLAGS_x86_64-unknown-linux-gnu
  CFLAGS_x86_64-unknown-linux-gnu = None
  cargo:rerun-if-env-changed=CC_x86_64-unknown-linux-gnu
  CC_x86_64-unknown-linux-gnu = None
  cargo:rerun-if-env-changed=CC_x86_64_unknown_linux_gnu
  CC_x86_64_unknown_linux_gnu = None
  cargo:rerun-if-env-changed=HOST_CC
  HOST_CC = None
  cargo:rerun-if-env-changed=CC
  CC = None
  cargo:rerun-if-env-changed=CRATE_CC_NO_DEFAULTS
  CRATE_CC_NO_DEFAULTS = None
  cargo:rerun-if-env-changed=CFLAGS
  CFLAGS = None
  cargo:rerun-if-env-changed=HOST_CFLAGS
  HOST_CFLAGS = None
  cargo:rerun-if-env-changed=CFLAGS_x86_64_unknown_linux_gnu
  CFLAGS_x86_64_unknown_linux_gnu = None
  cargo:rerun-if-env-changed=CFLAGS_x86_64-unknown-linux-gnu
  CFLAGS_x86_64-unknown-linux-gnu = None
  cargo:rerun-if-env-changed=CC_x86_64-unknown-linux-gnu
  CC_x86_64-unknown-linux-gnu = None
  cargo:rerun-if-env-changed=CC_x86_64_unknown_linux_gnu
  CC_x86_64_unknown_linux_gnu = None
  cargo:rerun-if-env-changed=HOST_CC
  HOST_CC = None
  cargo:rerun-if-env-changed=CC
  CC = None
  cargo:rerun-if-env-changed=CRATE_CC_NO_DEFAULTS
  CRATE_CC_NO_DEFAULTS = None
  cargo:rerun-if-env-changed=CFLAGS
  CFLAGS = None
  cargo:rerun-if-env-changed=HOST_CFLAGS
  HOST_CFLAGS = None
  cargo:rerun-if-env-changed=CFLAGS_x86_64_unknown_linux_gnu
  CFLAGS_x86_64_unknown_linux_gnu = None
  cargo:rerun-if-env-changed=CFLAGS_x86_64-unknown-linux-gnu
  CFLAGS_x86_64-unknown-linux-gnu = None
  cargo:rerun-if-env-changed=CC_x86_64-unknown-linux-gnu
  CC_x86_64-unknown-linux-gnu = None
  cargo:rerun-if-env-changed=CC_x86_64_unknown_linux_gnu
  CC_x86_64_unknown_linux_gnu = None
  cargo:rerun-if-env-changed=HOST_CC
  HOST_CC = None
  cargo:rerun-if-env-changed=CC
  CC = None
  cargo:rerun-if-env-changed=CRATE_CC_NO_DEFAULTS
  CRATE_CC_NO_DEFAULTS = None
  cargo:rerun-if-env-changed=CFLAGS
  CFLAGS = None
  cargo:rerun-if-env-changed=HOST_CFLAGS
  HOST_CFLAGS = None
  cargo:rerun-if-env-changed=CFLAGS_x86_64_unknown_linux_gnu
  CFLAGS_x86_64_unknown_linux_gnu = None
  cargo:rerun-if-env-changed=CFLAGS_x86_64-unknown-linux-gnu
  CFLAGS_x86_64-unknown-linux-gnu = None
  cargo:rerun-if-env-changed=CC_x86_64-unknown-linux-gnu
  CC_x86_64-unknown-linux-gnu = None
  cargo:rerun-if-env-changed=CC_x86_64_unknown_linux_gnu
  CC_x86_64_unknown_linux_gnu = None
  cargo:rerun-if-env-changed=HOST_CC
  HOST_CC = None
  cargo:rerun-if-env-changed=CC
  CC = None
  cargo:rerun-if-env-changed=CRATE_CC_NO_DEFAULTS
  CRATE_CC_NO_DEFAULTS = None
  cargo:rerun-if-env-changed=CFLAGS
  CFLAGS = None
  cargo:rerun-if-env-changed=HOST_CFLAGS
  HOST_CFLAGS = None
  cargo:rerun-if-env-changed=CFLAGS_x86_64_unknown_linux_gnu
  CFLAGS_x86_64_unknown_linux_gnu = None
  cargo:rerun-if-env-changed=CFLAGS_x86_64-unknown-linux-gnu
  CFLAGS_x86_64-unknown-linux-gnu = None
  cargo:rerun-if-env-changed=CC_x86_64-unknown-linux-gnu
  CC_x86_64-unknown-linux-gnu = None
  cargo:rerun-if-env-changed=CC_x86_64_unknown_linux_gnu
  CC_x86_64_unknown_linux_gnu = None
  cargo:rerun-if-env-changed=HOST_CC
  HOST_CC = None
  cargo:rerun-if-env-changed=CC
  CC = None
  cargo:rerun-if-env-changed=CRATE_CC_NO_DEFAULTS
  CRATE_CC_NO_DEFAULTS = None
  cargo:rerun-if-env-changed=CFLAGS
  CFLAGS = None
  cargo:rerun-if-env-changed=HOST_CFLAGS
  HOST_CFLAGS = None
  cargo:rerun-if-env-changed=CFLAGS_x86_64_unknown_linux_gnu
  CFLAGS_x86_64_unknown_linux_gnu = None
  cargo:rerun-if-env-changed=CFLAGS_x86_64-unknown-linux-gnu
  CFLAGS_x86_64-unknown-linux-gnu = None
  exit status: 0
  exit status: 0
  exit status: 0
  exit status: 0
  exit status: 0
  exit status: 0
  exit status: 0
  exit status: 0
  cargo:rerun-if-env-changed=CC_x86_64-unknown-linux-gnu
  CC_x86_64-unknown-linux-gnu = None
  cargo:rerun-if-env-changed=CC_x86_64_unknown_linux_gnu
  CC_x86_64_unknown_linux_gnu = None
  cargo:rerun-if-env-changed=HOST_CC
  HOST_CC = None
  cargo:rerun-if-env-changed=CC
  CC = None
  cargo:rerun-if-env-changed=CRATE_CC_NO_DEFAULTS
  CRATE_CC_NO_DEFAULTS = None
  cargo:rerun-if-env-changed=CFLAGS
  CFLAGS = None
  cargo:rerun-if-env-changed=HOST_CFLAGS
  HOST_CFLAGS = None
  cargo:rerun-if-env-changed=CFLAGS_x86_64_unknown_linux_gnu
  CFLAGS_x86_64_unknown_linux_gnu = None
  cargo:rerun-if-env-changed=CFLAGS_x86_64-unknown-linux-gnu
  CFLAGS_x86_64-unknown-linux-gnu = None
  cargo:rerun-if-env-changed=CC_x86_64-unknown-linux-gnu
  CC_x86_64-unknown-linux-gnu = None
  cargo:rerun-if-env-changed=CC_x86_64_unknown_linux_gnu
  CC_x86_64_unknown_linux_gnu = None
  cargo:rerun-if-env-changed=HOST_CC
  HOST_CC = None
  cargo:rerun-if-env-changed=CC
  CC = None
  cargo:rerun-if-env-changed=CRATE_CC_NO_DEFAULTS
  CRATE_CC_NO_DEFAULTS = None
  cargo:rerun-if-env-changed=CFLAGS
  CFLAGS = None
  cargo:rerun-if-env-changed=HOST_CFLAGS
  HOST_CFLAGS = None
  cargo:rerun-if-env-changed=CFLAGS_x86_64_unknown_linux_gnu
  CFLAGS_x86_64_unknown_linux_gnu = None
  cargo:rerun-if-env-changed=CFLAGS_x86_64-unknown-linux-gnu
  CFLAGS_x86_64-unknown-linux-gnu = None
  cargo:rerun-if-env-changed=CC_x86_64-unknown-linux-gnu
  CC_x86_64-unknown-linux-gnu = None
  cargo:rerun-if-env-changed=CC_x86_64_unknown_linux_gnu
  CC_x86_64_unknown_linux_gnu = None
  cargo:rerun-if-env-changed=HOST_CC
  HOST_CC = None
  cargo:rerun-if-env-changed=CC
  CC = None
  cargo:rerun-if-env-changed=CRATE_CC_NO_DEFAULTS
  CRATE_CC_NO_DEFAULTS = None
  cargo:rerun-if-env-changed=CFLAGS
  CFLAGS = None
  cargo:rerun-if-env-changed=HOST_CFLAGS
  HOST_CFLAGS = None
  cargo:rerun-if-env-changed=CFLAGS_x86_64_unknown_linux_gnu
  CFLAGS_x86_64_unknown_linux_gnu = None
  cargo:rerun-if-env-changed=CFLAGS_x86_64-unknown-linux-gnu
  CFLAGS_x86_64-unknown-linux-gnu = None
  cargo:rerun-if-env-changed=CC_x86_64-unknown-linux-gnu
  CC_x86_64-unknown-linux-gnu = None
  cargo:rerun-if-env-changed=CC_x86_64_unknown_linux_gnu
  CC_x86_64_unknown_linux_gnu = None
  cargo:rerun-if-env-changed=HOST_CC
  HOST_CC = None
  cargo:rerun-if-env-changed=CC
  CC = None
  cargo:rerun-if-env-changed=CRATE_CC_NO_DEFAULTS
  CRATE_CC_NO_DEFAULTS = None
  cargo:rerun-if-env-changed=CFLAGS
  CFLAGS = None
  cargo:rerun-if-env-changed=HOST_CFLAGS
  HOST_CFLAGS = None
  cargo:rerun-if-env-changed=CFLAGS_x86_64_unknown_linux_gnu
  CFLAGS_x86_64_unknown_linux_gnu = None
  cargo:rerun-if-env-changed=CFLAGS_x86_64-unknown-linux-gnu
  CFLAGS_x86_64-unknown-linux-gnu = None
  cargo:rerun-if-env-changed=CC_x86_64-unknown-linux-gnu
  CC_x86_64-unknown-linux-gnu = None
  cargo:rerun-if-env-changed=CC_x86_64_unknown_linux_gnu
  CC_x86_64_unknown_linux_gnu = None
  cargo:rerun-if-env-changed=HOST_CC
  HOST_CC = None
  cargo:rerun-if-env-changed=CC
  CC = None
  cargo:rerun-if-env-changed=CRATE_CC_NO_DEFAULTS
  CRATE_CC_NO_DEFAULTS = None
  cargo:rerun-if-env-changed=CFLAGS
  CFLAGS = None
  cargo:rerun-if-env-changed=HOST_CFLAGS
  HOST_CFLAGS = None
  cargo:rerun-if-env-changed=CFLAGS_x86_64_unknown_linux_gnu
  CFLAGS_x86_64_unknown_linux_gnu = None
  cargo:rerun-if-env-changed=CFLAGS_x86_64-unknown-linux-gnu
  CFLAGS_x86_64-unknown-linux-gnu = None
  cargo:rerun-if-env-changed=CC_x86_64-unknown-linux-gnu
  CC_x86_64-unknown-linux-gnu = None
  cargo:rerun-if-env-changed=CC_x86_64_unknown_linux_gnu
  CC_x86_64_unknown_linux_gnu = None
  cargo:rerun-if-env-changed=HOST_CC
  HOST_CC = None
  cargo:rerun-if-env-changed=CC
  CC = None
  cargo:rerun-if-env-changed=CRATE_CC_NO_DEFAULTS
  CRATE_CC_NO_DEFAULTS = None
  cargo:rerun-if-env-changed=CFLAGS
  CFLAGS = None
  cargo:rerun-if-env-changed=HOST_CFLAGS
  HOST_CFLAGS = None
  cargo:rerun-if-env-changed=CFLAGS_x86_64_unknown_linux_gnu
  CFLAGS_x86_64_unknown_linux_gnu = None
  cargo:rerun-if-env-changed=CFLAGS_x86_64-unknown-linux-gnu
  CFLAGS_x86_64-unknown-linux-gnu = None
  cargo:rerun-if-env-changed=CC_x86_64-unknown-linux-gnu
  CC_x86_64-unknown-linux-gnu = None
  cargo:rerun-if-env-changed=CC_x86_64_unknown_linux_gnu
  CC_x86_64_unknown_linux_gnu = None
  cargo:rerun-if-env-changed=HOST_CC
  HOST_CC = None
  cargo:rerun-if-env-changed=CC
  CC = None
  cargo:rerun-if-env-changed=CRATE_CC_NO_DEFAULTS
  CRATE_CC_NO_DEFAULTS = None
  cargo:rerun-if-env-changed=CFLAGS
  CFLAGS = None
  cargo:rerun-if-env-changed=HOST_CFLAGS
  HOST_CFLAGS = None
  cargo:rerun-if-env-changed=CFLAGS_x86_64_unknown_linux_gnu
  CFLAGS_x86_64_unknown_linux_gnu = None
  cargo:rerun-if-env-changed=CFLAGS_x86_64-unknown-linux-gnu
  CFLAGS_x86_64-unknown-linux-gnu = None
  cargo:rerun-if-env-changed=CC_x86_64-unknown-linux-gnu
  CC_x86_64-unknown-linux-gnu = None
  cargo:rerun-if-env-changed=CC_x86_64_unknown_linux_gnu
  CC_x86_64_unknown_linux_gnu = None
  cargo:rerun-if-env-changed=HOST_CC
  HOST_CC = None
  cargo:rerun-if-env-changed=CC
  CC = None
  cargo:rerun-if-env-changed=CRATE_CC_NO_DEFAULTS
  CRATE_CC_NO_DEFAULTS = None
  cargo:rerun-if-env-changed=CFLAGS
  CFLAGS = None
  cargo:rerun-if-env-changed=HOST_CFLAGS
  HOST_CFLAGS = None
  cargo:rerun-if-env-changed=CFLAGS_x86_64_unknown_linux_gnu
  CFLAGS_x86_64_unknown_linux_gnu = None
  cargo:rerun-if-env-changed=CFLAGS_x86_64-unknown-linux-gnu
  CFLAGS_x86_64-unknown-linux-gnu = None
  exit status: 0
  exit status: 0
  exit status: 0
  exit status: 0
  exit status: 0
  exit status: 0
  exit status: 0
  exit status: 0
  cargo:rerun-if-env-changed=CC_x86_64-unknown-linux-gnu
  CC_x86_64-unknown-linux-gnu = None
  cargo:rerun-if-env-changed=CC_x86_64_unknown_linux_gnu
  CC_x86_64_unknown_linux_gnu = None
  cargo:rerun-if-env-changed=HOST_CC
  HOST_CC = None
  cargo:rerun-if-env-changed=CC
  CC = None
  cargo:rerun-if-env-changed=CRATE_CC_NO_DEFAULTS
  CRATE_CC_NO_DEFAULTS = None
  cargo:rerun-if-env-changed=CFLAGS
  CFLAGS = None
  cargo:rerun-if-env-changed=HOST_CFLAGS
  HOST_CFLAGS = None
  cargo:rerun-if-env-changed=CFLAGS_x86_64_unknown_linux_gnu
  CFLAGS_x86_64_unknown_linux_gnu = None
  cargo:rerun-if-env-changed=CFLAGS_x86_64-unknown-linux-gnu
  CFLAGS_x86_64-unknown-linux-gnu = None
  cargo:rerun-if-env-changed=CC_x86_64-unknown-linux-gnu
  CC_x86_64-unknown-linux-gnu = None
  cargo:rerun-if-env-changed=CC_x86_64_unknown_linux_gnu
  CC_x86_64_unknown_linux_gnu = None
  cargo:rerun-if-env-changed=HOST_CC
  HOST_CC = None
  cargo:rerun-if-env-changed=CC
  CC = None
  cargo:rerun-if-env-changed=CRATE_CC_NO_DEFAULTS
  CRATE_CC_NO_DEFAULTS = None
  cargo:rerun-if-env-changed=CFLAGS
  CFLAGS = None
  cargo:rerun-if-env-changed=HOST_CFLAGS
  HOST_CFLAGS = None
  cargo:rerun-if-env-changed=CFLAGS_x86_64_unknown_linux_gnu
  CFLAGS_x86_64_unknown_linux_gnu = None
  cargo:rerun-if-env-changed=CFLAGS_x86_64-unknown-linux-gnu
  CFLAGS_x86_64-unknown-linux-gnu = None
  cargo:rerun-if-env-changed=CC_x86_64-unknown-linux-gnu
  CC_x86_64-unknown-linux-gnu = None
  cargo:rerun-if-env-changed=CC_x86_64_unknown_linux_gnu
  CC_x86_64_unknown_linux_gnu = None
  cargo:rerun-if-env-changed=HOST_CC
  HOST_CC = None
  cargo:rerun-if-env-changed=CC
  CC = None
  cargo:rerun-if-env-changed=CRATE_CC_NO_DEFAULTS
  CRATE_CC_NO_DEFAULTS = None
  cargo:rerun-if-env-changed=CFLAGS
  CFLAGS = None
  cargo:rerun-if-env-changed=HOST_CFLAGS
  HOST_CFLAGS = None
  cargo:rerun-if-env-changed=CFLAGS_x86_64_unknown_linux_gnu
  CFLAGS_x86_64_unknown_linux_gnu = None
  cargo:rerun-if-env-changed=CFLAGS_x86_64-unknown-linux-gnu
  CFLAGS_x86_64-unknown-linux-gnu = None
  cargo:rerun-if-env-changed=CC_x86_64-unknown-linux-gnu
  CC_x86_64-unknown-linux-gnu = None
  cargo:rerun-if-env-changed=CC_x86_64_unknown_linux_gnu
  CC_x86_64_unknown_linux_gnu = None
  cargo:rerun-if-env-changed=HOST_CC
  HOST_CC = None
  cargo:rerun-if-env-changed=CC
  CC = None
  cargo:rerun-if-env-changed=CRATE_CC_NO_DEFAULTS
  CRATE_CC_NO_DEFAULTS = None
  cargo:rerun-if-env-changed=CFLAGS
  CFLAGS = None
  cargo:rerun-if-env-changed=HOST_CFLAGS
  HOST_CFLAGS = None
  cargo:rerun-if-env-changed=CFLAGS_x86_64_unknown_linux_gnu
  CFLAGS_x86_64_unknown_linux_gnu = None
  cargo:rerun-if-env-changed=CFLAGS_x86_64-unknown-linux-gnu
  CFLAGS_x86_64-unknown-linux-gnu = None
  cargo:rerun-if-env-changed=CC_x86_64-unknown-linux-gnu
  CC_x86_64-unknown-linux-gnu = None
  cargo:rerun-if-env-changed=CC_x86_64_unknown_linux_gnu
  CC_x86_64_unknown_linux_gnu = None
  cargo:rerun-if-env-changed=HOST_CC
  HOST_CC = None
  cargo:rerun-if-env-changed=CC
  CC = None
  cargo:rerun-if-env-changed=CRATE_CC_NO_DEFAULTS
  CRATE_CC_NO_DEFAULTS = None
  cargo:rerun-if-env-changed=CFLAGS
  CFLAGS = None
  cargo:rerun-if-env-changed=HOST_CFLAGS
  HOST_CFLAGS = None
  cargo:rerun-if-env-changed=CFLAGS_x86_64_unknown_linux_gnu
  CFLAGS_x86_64_unknown_linux_gnu = None
  cargo:rerun-if-env-changed=CFLAGS_x86_64-unknown-linux-gnu
  CFLAGS_x86_64-unknown-linux-gnu = None
  cargo:rerun-if-env-changed=CC_x86_64-unknown-linux-gnu
  CC_x86_64-unknown-linux-gnu = None
  cargo:rerun-if-env-changed=CC_x86_64_unknown_linux_gnu
  CC_x86_64_unknown_linux_gnu = None
  cargo:rerun-if-env-changed=HOST_CC
  HOST_CC = None
  cargo:rerun-if-env-changed=CC
  CC = None
  cargo:rerun-if-env-changed=CRATE_CC_NO_DEFAULTS
  CRATE_CC_NO_DEFAULTS = None
  cargo:rerun-if-env-changed=CFLAGS
  CFLAGS = None
  cargo:rerun-if-env-changed=HOST_CFLAGS
  HOST_CFLAGS = None
  cargo:rerun-if-env-changed=CFLAGS_x86_64_unknown_linux_gnu
  CFLAGS_x86_64_unknown_linux_gnu = None
  cargo:rerun-if-env-changed=CFLAGS_x86_64-unknown-linux-gnu
  CFLAGS_x86_64-unknown-linux-gnu = None
  cargo:rerun-if-env-changed=CC_x86_64-unknown-linux-gnu
  CC_x86_64-unknown-linux-gnu = None
  cargo:rerun-if-env-changed=CC_x86_64_unknown_linux_gnu
  CC_x86_64_unknown_linux_gnu = None
  cargo:rerun-if-env-changed=HOST_CC
  HOST_CC = None
  cargo:rerun-if-env-changed=CC
  CC = None
  cargo:rerun-if-env-changed=CRATE_CC_NO_DEFAULTS
  CRATE_CC_NO_DEFAULTS = None
  cargo:rerun-if-env-changed=CFLAGS
  CFLAGS = None
  cargo:rerun-if-env-changed=HOST_CFLAGS
  HOST_CFLAGS = None
  cargo:rerun-if-env-changed=CFLAGS_x86_64_unknown_linux_gnu
  CFLAGS_x86_64_unknown_linux_gnu = None
  cargo:rerun-if-env-changed=CFLAGS_x86_64-unknown-linux-gnu
  CFLAGS_x86_64-unknown-linux-gnu = None
  cargo:rerun-if-env-changed=CC_x86_64-unknown-linux-gnu
  CC_x86_64-unknown-linux-gnu = None
  cargo:rerun-if-env-changed=CC_x86_64_unknown_linux_gnu
  CC_x86_64_unknown_linux_gnu = None
  cargo:rerun-if-env-changed=HOST_CC
  HOST_CC = None
  cargo:rerun-if-env-changed=CC
  CC = None
  cargo:rerun-if-env-changed=CRATE_CC_NO_DEFAULTS
  CRATE_CC_NO_DEFAULTS = None
  cargo:rerun-if-env-changed=CFLAGS
  CFLAGS = None
  cargo:rerun-if-env-changed=HOST_CFLAGS
  HOST_CFLAGS = None
  cargo:rerun-if-env-changed=CFLAGS_x86_64_unknown_linux_gnu
  CFLAGS_x86_64_unknown_linux_gnu = None
  cargo:rerun-if-env-changed=CFLAGS_x86_64-unknown-linux-gnu
  CFLAGS_x86_64-unknown-linux-gnu = None
  exit status: 0
  exit status: 0
  exit status: 0
  exit status: 0
  exit status: 0
  exit status: 0
  exit status: 0
  exit status: 0
  cargo:rerun-if-env-changed=CC_x86_64-unknown-linux-gnu
  CC_x86_64-unknown-linux-gnu = None
  cargo:rerun-if-env-changed=CC_x86_64_unknown_linux_gnu
  CC_x86_64_unknown_linux_gnu = None
  cargo:rerun-if-env-changed=HOST_CC
  HOST_CC = None
  cargo:rerun-if-env-changed=CC
  CC = None
  cargo:rerun-if-env-changed=CRATE_CC_NO_DEFAULTS
  CRATE_CC_NO_DEFAULTS = None
  cargo:rerun-if-env-changed=CFLAGS
  CFLAGS = None
  cargo:rerun-if-env-changed=HOST_CFLAGS
  HOST_CFLAGS = None
  cargo:rerun-if-env-changed=CFLAGS_x86_64_unknown_linux_gnu
  CFLAGS_x86_64_unknown_linux_gnu = None
  cargo:rerun-if-env-changed=CFLAGS_x86_64-unknown-linux-gnu
  CFLAGS_x86_64-unknown-linux-gnu = None
  cargo:rerun-if-env-changed=CC_x86_64-unknown-linux-gnu
  CC_x86_64-unknown-linux-gnu = None
  cargo:rerun-if-env-changed=CC_x86_64_unknown_linux_gnu
  CC_x86_64_unknown_linux_gnu = None
  cargo:rerun-if-env-changed=HOST_CC
  HOST_CC = None
  cargo:rerun-if-env-changed=CC
  CC = None
  cargo:rerun-if-env-changed=CRATE_CC_NO_DEFAULTS
  CRATE_CC_NO_DEFAULTS = None
  cargo:rerun-if-env-changed=CFLAGS
  CFLAGS = None
  cargo:rerun-if-env-changed=HOST_CFLAGS
  HOST_CFLAGS = None
  cargo:rerun-if-env-changed=CFLAGS_x86_64_unknown_linux_gnu
  CFLAGS_x86_64_unknown_linux_gnu = None
  cargo:rerun-if-env-changed=CFLAGS_x86_64-unknown-linux-gnu
  CFLAGS_x86_64-unknown-linux-gnu = None
  cargo:rerun-if-env-changed=CC_x86_64-unknown-linux-gnu
  CC_x86_64-unknown-linux-gnu = None
  cargo:rerun-if-env-changed=CC_x86_64_unknown_linux_gnu
  CC_x86_64_unknown_linux_gnu = None
  cargo:rerun-if-env-changed=HOST_CC
  HOST_CC = None
  cargo:rerun-if-env-changed=CC
  CC = None
  cargo:rerun-if-env-changed=CRATE_CC_NO_DEFAULTS
  CRATE_CC_NO_DEFAULTS = None
  cargo:rerun-if-env-changed=CFLAGS
  CFLAGS = None
  cargo:rerun-if-env-changed=HOST_CFLAGS
  HOST_CFLAGS = None
  cargo:rerun-if-env-changed=CFLAGS_x86_64_unknown_linux_gnu
  CFLAGS_x86_64_unknown_linux_gnu = None
  cargo:rerun-if-env-changed=CFLAGS_x86_64-unknown-linux-gnu
  CFLAGS_x86_64-unknown-linux-gnu = None
  cargo:rerun-if-env-changed=CC_x86_64-unknown-linux-gnu
  CC_x86_64-unknown-linux-gnu = None
  cargo:rerun-if-env-changed=CC_x86_64_unknown_linux_gnu
  CC_x86_64_unknown_linux_gnu = None
  cargo:rerun-if-env-changed=HOST_CC
  HOST_CC = None
  cargo:rerun-if-env-changed=CC
  CC = None
  cargo:rerun-if-env-changed=CRATE_CC_NO_DEFAULTS
  CRATE_CC_NO_DEFAULTS = None
  cargo:rerun-if-env-changed=CFLAGS
  CFLAGS = None
  cargo:rerun-if-env-changed=HOST_CFLAGS
  HOST_CFLAGS = None
  cargo:rerun-if-env-changed=CFLAGS_x86_64_unknown_linux_gnu
  CFLAGS_x86_64_unknown_linux_gnu = None
  cargo:rerun-if-env-changed=CFLAGS_x86_64-unknown-linux-gnu
  CFLAGS_x86_64-unknown-linux-gnu = None
  cargo:rerun-if-env-changed=CC_x86_64-unknown-linux-gnu
  CC_x86_64-unknown-linux-gnu = None
  cargo:rerun-if-env-changed=CC_x86_64_unknown_linux_gnu
  CC_x86_64_unknown_linux_gnu = None
  cargo:rerun-if-env-changed=HOST_CC
  HOST_CC = None
  cargo:rerun-if-env-changed=CC
  CC = None
  cargo:rerun-if-env-changed=CRATE_CC_NO_DEFAULTS
  CRATE_CC_NO_DEFAULTS = None
  cargo:rerun-if-env-changed=CFLAGS
  CFLAGS = None
  cargo:rerun-if-env-changed=HOST_CFLAGS
  HOST_CFLAGS = None
  cargo:rerun-if-env-changed=CFLAGS_x86_64_unknown_linux_gnu
  CFLAGS_x86_64_unknown_linux_gnu = None
  cargo:rerun-if-env-changed=CFLAGS_x86_64-unknown-linux-gnu
  CFLAGS_x86_64-unknown-linux-gnu = None
  cargo:rerun-if-env-changed=CC_x86_64-unknown-linux-gnu
  CC_x86_64-unknown-linux-gnu = None
  cargo:rerun-if-env-changed=CC_x86_64_unknown_linux_gnu
  CC_x86_64_unknown_linux_gnu = None
  cargo:rerun-if-env-changed=HOST_CC
  HOST_CC = None
  cargo:rerun-if-env-changed=CC
  CC = None
  cargo:rerun-if-env-changed=CRATE_CC_NO_DEFAULTS
  CRATE_CC_NO_DEFAULTS = None
  cargo:rerun-if-env-changed=CFLAGS
  CFLAGS = None
  cargo:rerun-if-env-changed=HOST_CFLAGS
  HOST_CFLAGS = None
  cargo:rerun-if-env-changed=CFLAGS_x86_64_unknown_linux_gnu
  CFLAGS_x86_64_unknown_linux_gnu = None
  cargo:rerun-if-env-changed=CFLAGS_x86_64-unknown-linux-gnu
  CFLAGS_x86_64-unknown-linux-gnu = None
  cargo:rerun-if-env-changed=CC_x86_64-unknown-linux-gnu
  CC_x86_64-unknown-linux-gnu = None
  cargo:rerun-if-env-changed=CC_x86_64_unknown_linux_gnu
  CC_x86_64_unknown_linux_gnu = None
  cargo:rerun-if-env-changed=HOST_CC
  HOST_CC = None
  cargo:rerun-if-env-changed=CC
  CC = None
  cargo:rerun-if-env-changed=CRATE_CC_NO_DEFAULTS
  CRATE_CC_NO_DEFAULTS = None
  cargo:rerun-if-env-changed=CFLAGS
  CFLAGS = None
  cargo:rerun-if-env-changed=HOST_CFLAGS
  HOST_CFLAGS = None
  cargo:rerun-if-env-changed=CFLAGS_x86_64_unknown_linux_gnu
  CFLAGS_x86_64_unknown_linux_gnu = None
  cargo:rerun-if-env-changed=CFLAGS_x86_64-unknown-linux-gnu
  CFLAGS_x86_64-unknown-linux-gnu = None
  cargo:rerun-if-env-changed=CC_x86_64-unknown-linux-gnu
  CC_x86_64-unknown-linux-gnu = None
  cargo:rerun-if-env-changed=CC_x86_64_unknown_linux_gnu
  CC_x86_64_unknown_linux_gnu = None
  cargo:rerun-if-env-changed=HOST_CC
  HOST_CC = None
  cargo:rerun-if-env-changed=CC
  CC = None
  cargo:rerun-if-env-changed=CRATE_CC_NO_DEFAULTS
  CRATE_CC_NO_DEFAULTS = None
  cargo:rerun-if-env-changed=CFLAGS
  CFLAGS = None
  cargo:rerun-if-env-changed=HOST_CFLAGS
  HOST_CFLAGS = None
  cargo:rerun-if-env-changed=CFLAGS_x86_64_unknown_linux_gnu
  CFLAGS_x86_64_unknown_linux_gnu = None
  cargo:rerun-if-env-changed=CFLAGS_x86_64-unknown-linux-gnu
  CFLAGS_x86_64-unknown-linux-gnu = None
  exit status: 0
  exit status: 0
  exit status: 0
  exit status: 0
  exit status: 0
  exit status: 0
  exit status: 0
  exit status: 0
  cargo:rerun-if-env-changed=CC_x86_64-unknown-linux-gnu
  CC_x86_64-unknown-linux-gnu = None
  cargo:rerun-if-env-changed=CC_x86_64_unknown_linux_gnu
  CC_x86_64_unknown_linux_gnu = None
  cargo:rerun-if-env-changed=HOST_CC
  HOST_CC = None
  cargo:rerun-if-env-changed=CC
  CC = None
  cargo:rerun-if-env-changed=CRATE_CC_NO_DEFAULTS
  CRATE_CC_NO_DEFAULTS = None
  cargo:rerun-if-env-changed=CFLAGS
  CFLAGS = None
  cargo:rerun-if-env-changed=HOST_CFLAGS
  HOST_CFLAGS = None
  cargo:rerun-if-env-changed=CFLAGS_x86_64_unknown_linux_gnu
  CFLAGS_x86_64_unknown_linux_gnu = None
  cargo:rerun-if-env-changed=CFLAGS_x86_64-unknown-linux-gnu
  CFLAGS_x86_64-unknown-linux-gnu = None
  cargo:rerun-if-env-changed=CC_x86_64-unknown-linux-gnu
  CC_x86_64-unknown-linux-gnu = None
  cargo:rerun-if-env-changed=CC_x86_64_unknown_linux_gnu
  CC_x86_64_unknown_linux_gnu = None
  cargo:rerun-if-env-changed=HOST_CC
  HOST_CC = None
  cargo:rerun-if-env-changed=CC
  CC = None
  cargo:rerun-if-env-changed=CRATE_CC_NO_DEFAULTS
  CRATE_CC_NO_DEFAULTS = None
  cargo:rerun-if-env-changed=CFLAGS
  CFLAGS = None
  cargo:rerun-if-env-changed=HOST_CFLAGS
  HOST_CFLAGS = None
  cargo:rerun-if-env-changed=CFLAGS_x86_64_unknown_linux_gnu
  CFLAGS_x86_64_unknown_linux_gnu = None
  cargo:rerun-if-env-changed=CFLAGS_x86_64-unknown-linux-gnu
  CFLAGS_x86_64-unknown-linux-gnu = None
  cargo:rerun-if-env-changed=CC_x86_64-unknown-linux-gnu
  CC_x86_64-unknown-linux-gnu = None
  cargo:rerun-if-env-changed=CC_x86_64_unknown_linux_gnu
  CC_x86_64_unknown_linux_gnu = None
  cargo:rerun-if-env-changed=HOST_CC
  HOST_CC = None
  cargo:rerun-if-env-changed=CC
  CC = None
  cargo:rerun-if-env-changed=CRATE_CC_NO_DEFAULTS
  CRATE_CC_NO_DEFAULTS = None
  cargo:rerun-if-env-changed=CFLAGS
  CFLAGS = None
  cargo:rerun-if-env-changed=HOST_CFLAGS
  HOST_CFLAGS = None
  cargo:rerun-if-env-changed=CFLAGS_x86_64_unknown_linux_gnu
  CFLAGS_x86_64_unknown_linux_gnu = None
  cargo:rerun-if-env-changed=CFLAGS_x86_64-unknown-linux-gnu
  CFLAGS_x86_64-unknown-linux-gnu = None
  cargo:rerun-if-env-changed=CC_x86_64-unknown-linux-gnu
  CC_x86_64-unknown-linux-gnu = None
  cargo:rerun-if-env-changed=CC_x86_64_unknown_linux_gnu
  CC_x86_64_unknown_linux_gnu = None
  cargo:rerun-if-env-changed=HOST_CC
  HOST_CC = None
  cargo:rerun-if-env-changed=CC
  CC = None
  cargo:rerun-if-env-changed=CRATE_CC_NO_DEFAULTS
  CRATE_CC_NO_DEFAULTS = None
  cargo:rerun-if-env-changed=CFLAGS
  CFLAGS = None
  cargo:rerun-if-env-changed=HOST_CFLAGS
  HOST_CFLAGS = None
  cargo:rerun-if-env-changed=CFLAGS_x86_64_unknown_linux_gnu
  CFLAGS_x86_64_unknown_linux_gnu = None
  cargo:rerun-if-env-changed=CFLAGS_x86_64-unknown-linux-gnu
  CFLAGS_x86_64-unknown-linux-gnu = None
  cargo:rerun-if-env-changed=CC_x86_64-unknown-linux-gnu
  CC_x86_64-unknown-linux-gnu = None
  cargo:rerun-if-env-changed=CC_x86_64_unknown_linux_gnu
  CC_x86_64_unknown_linux_gnu = None
  cargo:rerun-if-env-changed=HOST_CC
  HOST_CC = None
  cargo:rerun-if-env-changed=CC
  CC = None
  cargo:rerun-if-env-changed=CRATE_CC_NO_DEFAULTS
  CRATE_CC_NO_DEFAULTS = None
  cargo:rerun-if-env-changed=CFLAGS
  CFLAGS = None
  cargo:rerun-if-env-changed=HOST_CFLAGS
  HOST_CFLAGS = None
  cargo:rerun-if-env-changed=CFLAGS_x86_64_unknown_linux_gnu
  CFLAGS_x86_64_unknown_linux_gnu = None
  cargo:rerun-if-env-changed=CFLAGS_x86_64-unknown-linux-gnu
  CFLAGS_x86_64-unknown-linux-gnu = None
  cargo:rerun-if-env-changed=CC_x86_64-unknown-linux-gnu
  CC_x86_64-unknown-linux-gnu = None
  cargo:rerun-if-env-changed=CC_x86_64_unknown_linux_gnu
  CC_x86_64_unknown_linux_gnu = None
  cargo:rerun-if-env-changed=HOST_CC
  HOST_CC = None
  cargo:rerun-if-env-changed=CC
  CC = None
  cargo:rerun-if-env-changed=CRATE_CC_NO_DEFAULTS
  CRATE_CC_NO_DEFAULTS = None
  cargo:rerun-if-env-changed=CFLAGS
  CFLAGS = None
  cargo:rerun-if-env-changed=HOST_CFLAGS
  HOST_CFLAGS = None
  cargo:rerun-if-env-changed=CFLAGS_x86_64_unknown_linux_gnu
  CFLAGS_x86_64_unknown_linux_gnu = None
  cargo:rerun-if-env-changed=CFLAGS_x86_64-unknown-linux-gnu
  CFLAGS_x86_64-unknown-linux-gnu = None
  cargo:rerun-if-env-changed=CC_x86_64-unknown-linux-gnu
  CC_x86_64-unknown-linux-gnu = None
  cargo:rerun-if-env-changed=CC_x86_64_unknown_linux_gnu
  CC_x86_64_unknown_linux_gnu = None
  cargo:rerun-if-env-changed=HOST_CC
  HOST_CC = None
  cargo:rerun-if-env-changed=CC
  CC = None
  cargo:rerun-if-env-changed=CRATE_CC_NO_DEFAULTS
  CRATE_CC_NO_DEFAULTS = None
  cargo:rerun-if-env-changed=CFLAGS
  CFLAGS = None
  cargo:rerun-if-env-changed=HOST_CFLAGS
  HOST_CFLAGS = None
  cargo:rerun-if-env-changed=CFLAGS_x86_64_unknown_linux_gnu
  CFLAGS_x86_64_unknown_linux_gnu = None
  cargo:rerun-if-env-changed=CFLAGS_x86_64-unknown-linux-gnu
  CFLAGS_x86_64-unknown-linux-gnu = None
  cargo:rerun-if-env-changed=CC_x86_64-unknown-linux-gnu
  CC_x86_64-unknown-linux-gnu = None
  cargo:rerun-if-env-changed=CC_x86_64_unknown_linux_gnu
  CC_x86_64_unknown_linux_gnu = None
  cargo:rerun-if-env-changed=HOST_CC
  HOST_CC = None
  cargo:rerun-if-env-changed=CC
  CC = None
  cargo:rerun-if-env-changed=CRATE_CC_NO_DEFAULTS
  CRATE_CC_NO_DEFAULTS = None
  cargo:rerun-if-env-changed=CFLAGS
  CFLAGS = None
  cargo:rerun-if-env-changed=HOST_CFLAGS
  HOST_CFLAGS = None
  cargo:rerun-if-env-changed=CFLAGS_x86_64_unknown_linux_gnu
  CFLAGS_x86_64_unknown_linux_gnu = None
  cargo:rerun-if-env-changed=CFLAGS_x86_64-unknown-linux-gnu
  CFLAGS_x86_64-unknown-linux-gnu = None
  exit status: 0
  exit status: 0
  exit status: 0
  exit status: 0
  exit status: 0
  exit status: 0
  exit status: 0
  exit status: 0
  cargo:rerun-if-env-changed=CC_x86_64-unknown-linux-gnu
  CC_x86_64-unknown-linux-gnu = None
  cargo:rerun-if-env-changed=CC_x86_64_unknown_linux_gnu
  CC_x86_64_unknown_linux_gnu = None
  cargo:rerun-if-env-changed=HOST_CC
  HOST_CC = None
  cargo:rerun-if-env-changed=CC
  CC = None
  cargo:rerun-if-env-changed=CRATE_CC_NO_DEFAULTS
  CRATE_CC_NO_DEFAULTS = None
  cargo:rerun-if-env-changed=CFLAGS
  CFLAGS = None
  cargo:rerun-if-env-changed=HOST_CFLAGS
  HOST_CFLAGS = None
  cargo:rerun-if-env-changed=CFLAGS_x86_64_unknown_linux_gnu
  CFLAGS_x86_64_unknown_linux_gnu = None
  cargo:rerun-if-env-changed=CFLAGS_x86_64-unknown-linux-gnu
  CFLAGS_x86_64-unknown-linux-gnu = None
  cargo:rerun-if-env-changed=CC_x86_64-unknown-linux-gnu
  CC_x86_64-unknown-linux-gnu = None
  cargo:rerun-if-env-changed=CC_x86_64_unknown_linux_gnu
  CC_x86_64_unknown_linux_gnu = None
  cargo:rerun-if-env-changed=HOST_CC
  HOST_CC = None
  cargo:rerun-if-env-changed=CC
  CC = None
  cargo:rerun-if-env-changed=CRATE_CC_NO_DEFAULTS
  CRATE_CC_NO_DEFAULTS = None
  cargo:rerun-if-env-changed=CFLAGS
  CFLAGS = None
  cargo:rerun-if-env-changed=HOST_CFLAGS
  HOST_CFLAGS = None
  cargo:rerun-if-env-changed=CFLAGS_x86_64_unknown_linux_gnu
  CFLAGS_x86_64_unknown_linux_gnu = None
  cargo:rerun-if-env-changed=CFLAGS_x86_64-unknown-linux-gnu
  CFLAGS_x86_64-unknown-linux-gnu = None
  cargo:rerun-if-env-changed=CC_x86_64-unknown-linux-gnu
  CC_x86_64-unknown-linux-gnu = None
  cargo:rerun-if-env-changed=CC_x86_64_unknown_linux_gnu
  CC_x86_64_unknown_linux_gnu = None
  cargo:rerun-if-env-changed=HOST_CC
  HOST_CC = None
  cargo:rerun-if-env-changed=CC
  CC = None
  cargo:rerun-if-env-changed=CRATE_CC_NO_DEFAULTS
  CRATE_CC_NO_DEFAULTS = None
  cargo:rerun-if-env-changed=CFLAGS
  CFLAGS = None
  cargo:rerun-if-env-changed=HOST_CFLAGS
  HOST_CFLAGS = None
  cargo:rerun-if-env-changed=CFLAGS_x86_64_unknown_linux_gnu
  CFLAGS_x86_64_unknown_linux_gnu = None
  cargo:rerun-if-env-changed=CFLAGS_x86_64-unknown-linux-gnu
  CFLAGS_x86_64-unknown-linux-gnu = None
  cargo:rerun-if-env-changed=CC_x86_64-unknown-linux-gnu
  CC_x86_64-unknown-linux-gnu = None
  cargo:rerun-if-env-changed=CC_x86_64_unknown_linux_gnu
  CC_x86_64_unknown_linux_gnu = None
  cargo:rerun-if-env-changed=HOST_CC
  HOST_CC = None
  cargo:rerun-if-env-changed=CC
  CC = None
  cargo:rerun-if-env-changed=CRATE_CC_NO_DEFAULTS
  CRATE_CC_NO_DEFAULTS = None
  cargo:rerun-if-env-changed=CFLAGS
  CFLAGS = None
  cargo:rerun-if-env-changed=HOST_CFLAGS
  HOST_CFLAGS = None
  cargo:rerun-if-env-changed=CFLAGS_x86_64_unknown_linux_gnu
  CFLAGS_x86_64_unknown_linux_gnu = None
  cargo:rerun-if-env-changed=CFLAGS_x86_64-unknown-linux-gnu
  CFLAGS_x86_64-unknown-linux-gnu = None
  cargo:rerun-if-env-changed=CC_x86_64-unknown-linux-gnu
  CC_x86_64-unknown-linux-gnu = None
  cargo:rerun-if-env-changed=CC_x86_64_unknown_linux_gnu
  CC_x86_64_unknown_linux_gnu = None
  cargo:rerun-if-env-changed=HOST_CC
  HOST_CC = None
  cargo:rerun-if-env-changed=CC
  CC = None
  cargo:rerun-if-env-changed=CRATE_CC_NO_DEFAULTS
  CRATE_CC_NO_DEFAULTS = None
  cargo:rerun-if-env-changed=CFLAGS
  CFLAGS = None
  cargo:rerun-if-env-changed=HOST_CFLAGS
  HOST_CFLAGS = None
  cargo:rerun-if-env-changed=CFLAGS_x86_64_unknown_linux_gnu
  CFLAGS_x86_64_unknown_linux_gnu = None
  cargo:rerun-if-env-changed=CFLAGS_x86_64-unknown-linux-gnu
  CFLAGS_x86_64-unknown-linux-gnu = None
  cargo:rerun-if-env-changed=CC_x86_64-unknown-linux-gnu
  CC_x86_64-unknown-linux-gnu = None
  cargo:rerun-if-env-changed=CC_x86_64_unknown_linux_gnu
  CC_x86_64_unknown_linux_gnu = None
  cargo:rerun-if-env-changed=HOST_CC
  HOST_CC = None
  cargo:rerun-if-env-changed=CC
  CC = None
  cargo:rerun-if-env-changed=CRATE_CC_NO_DEFAULTS
  CRATE_CC_NO_DEFAULTS = None
  cargo:rerun-if-env-changed=CFLAGS
  CFLAGS = None
  cargo:rerun-if-env-changed=HOST_CFLAGS
  HOST_CFLAGS = None
  cargo:rerun-if-env-changed=CFLAGS_x86_64_unknown_linux_gnu
  CFLAGS_x86_64_unknown_linux_gnu = None
  cargo:rerun-if-env-changed=CFLAGS_x86_64-unknown-linux-gnu
  CFLAGS_x86_64-unknown-linux-gnu = None
  cargo:rerun-if-env-changed=CC_x86_64-unknown-linux-gnu
  CC_x86_64-unknown-linux-gnu = None
  cargo:rerun-if-env-changed=CC_x86_64_unknown_linux_gnu
  CC_x86_64_unknown_linux_gnu = None
  cargo:rerun-if-env-changed=HOST_CC
  HOST_CC = None
  cargo:rerun-if-env-changed=CC
  CC = None
  cargo:rerun-if-env-changed=CRATE_CC_NO_DEFAULTS
  CRATE_CC_NO_DEFAULTS = None
  cargo:rerun-if-env-changed=CFLAGS
  CFLAGS = None
  cargo:rerun-if-env-changed=HOST_CFLAGS
  HOST_CFLAGS = None
  cargo:rerun-if-env-changed=CFLAGS_x86_64_unknown_linux_gnu
  CFLAGS_x86_64_unknown_linux_gnu = None
  cargo:rerun-if-env-changed=CFLAGS_x86_64-unknown-linux-gnu
  CFLAGS_x86_64-unknown-linux-gnu = None
  cargo:rerun-if-env-changed=CC_x86_64-unknown-linux-gnu
  CC_x86_64-unknown-linux-gnu = None
  cargo:rerun-if-env-changed=CC_x86_64_unknown_linux_gnu
  CC_x86_64_unknown_linux_gnu = None
  cargo:rerun-if-env-changed=HOST_CC
  HOST_CC = None
  cargo:rerun-if-env-changed=CC
  CC = None
  cargo:rerun-if-env-changed=CRATE_CC_NO_DEFAULTS
  CRATE_CC_NO_DEFAULTS = None
  cargo:rerun-if-env-changed=CFLAGS
  CFLAGS = None
  cargo:rerun-if-env-changed=HOST_CFLAGS
  HOST_CFLAGS = None
  cargo:rerun-if-env-changed=CFLAGS_x86_64_unknown_linux_gnu
  CFLAGS_x86_64_unknown_linux_gnu = None
  cargo:rerun-if-env-changed=CFLAGS_x86_64-unknown-linux-gnu
  CFLAGS_x86_64-unknown-linux-gnu = None
  exit status: 0
  exit status: 0
  exit status: 0
  exit status: 0
  exit status: 0
  exit status: 0
  exit status: 0
  exit status: 0
  cargo:rerun-if-env-changed=CC_x86_64-unknown-linux-gnu
  CC_x86_64-unknown-linux-gnu = None
  cargo:rerun-if-env-changed=CC_x86_64_unknown_linux_gnu
  CC_x86_64_unknown_linux_gnu = None
  cargo:rerun-if-env-changed=HOST_CC
  HOST_CC = None
  cargo:rerun-if-env-changed=CC
  CC = None
  cargo:rerun-if-env-changed=CRATE_CC_NO_DEFAULTS
  CRATE_CC_NO_DEFAULTS = None
  cargo:rerun-if-env-changed=CFLAGS
  CFLAGS = None
  cargo:rerun-if-env-changed=HOST_CFLAGS
  HOST_CFLAGS = None
  cargo:rerun-if-env-changed=CFLAGS_x86_64_unknown_linux_gnu
  CFLAGS_x86_64_unknown_linux_gnu = None
  cargo:rerun-if-env-changed=CFLAGS_x86_64-unknown-linux-gnu
  CFLAGS_x86_64-unknown-linux-gnu = None
  cargo:rerun-if-env-changed=CC_x86_64-unknown-linux-gnu
  CC_x86_64-unknown-linux-gnu = None
  cargo:rerun-if-env-changed=CC_x86_64_unknown_linux_gnu
  CC_x86_64_unknown_linux_gnu = None
  cargo:rerun-if-env-changed=HOST_CC
  HOST_CC = None
  cargo:rerun-if-env-changed=CC
  CC = None
  cargo:rerun-if-env-changed=CRATE_CC_NO_DEFAULTS
  CRATE_CC_NO_DEFAULTS = None
  cargo:rerun-if-env-changed=CFLAGS
  CFLAGS = None
  cargo:rerun-if-env-changed=HOST_CFLAGS
  HOST_CFLAGS = None
  cargo:rerun-if-env-changed=CFLAGS_x86_64_unknown_linux_gnu
  CFLAGS_x86_64_unknown_linux_gnu = None
  cargo:rerun-if-env-changed=CFLAGS_x86_64-unknown-linux-gnu
  CFLAGS_x86_64-unknown-linux-gnu = None
  cargo:rerun-if-env-changed=CC_x86_64-unknown-linux-gnu
  CC_x86_64-unknown-linux-gnu = None
  cargo:rerun-if-env-changed=CC_x86_64_unknown_linux_gnu
  CC_x86_64_unknown_linux_gnu = None
  cargo:rerun-if-env-changed=HOST_CC
  HOST_CC = None
  cargo:rerun-if-env-changed=CC
  CC = None
  cargo:rerun-if-env-changed=CRATE_CC_NO_DEFAULTS
  CRATE_CC_NO_DEFAULTS = None
  cargo:rerun-if-env-changed=CFLAGS
  CFLAGS = None
  cargo:rerun-if-env-changed=HOST_CFLAGS
  HOST_CFLAGS = None
  cargo:rerun-if-env-changed=CFLAGS_x86_64_unknown_linux_gnu
  CFLAGS_x86_64_unknown_linux_gnu = None
  cargo:rerun-if-env-changed=CFLAGS_x86_64-unknown-linux-gnu
  CFLAGS_x86_64-unknown-linux-gnu = None
  cargo:rerun-if-env-changed=CC_x86_64-unknown-linux-gnu
  CC_x86_64-unknown-linux-gnu = None
  cargo:rerun-if-env-changed=CC_x86_64_unknown_linux_gnu
  CC_x86_64_unknown_linux_gnu = None
  cargo:rerun-if-env-changed=HOST_CC
  HOST_CC = None
  cargo:rerun-if-env-changed=CC
  CC = None
  cargo:rerun-if-env-changed=CRATE_CC_NO_DEFAULTS
  CRATE_CC_NO_DEFAULTS = None
  cargo:rerun-if-env-changed=CFLAGS
  CFLAGS = None
  cargo:rerun-if-env-changed=HOST_CFLAGS
  HOST_CFLAGS = None
  cargo:rerun-if-env-changed=CFLAGS_x86_64_unknown_linux_gnu
  CFLAGS_x86_64_unknown_linux_gnu = None
  cargo:rerun-if-env-changed=CFLAGS_x86_64-unknown-linux-gnu
  CFLAGS_x86_64-unknown-linux-gnu = None
  cargo:rerun-if-env-changed=CC_x86_64-unknown-linux-gnu
  CC_x86_64-unknown-linux-gnu = None
  cargo:rerun-if-env-changed=CC_x86_64_unknown_linux_gnu
  CC_x86_64_unknown_linux_gnu = None
  cargo:rerun-if-env-changed=HOST_CC
  HOST_CC = None
  cargo:rerun-if-env-changed=CC
  CC = None
  cargo:rerun-if-env-changed=CRATE_CC_NO_DEFAULTS
  CRATE_CC_NO_DEFAULTS = None
  cargo:rerun-if-env-changed=CFLAGS
  CFLAGS = None
  cargo:rerun-if-env-changed=HOST_CFLAGS
  HOST_CFLAGS = None
  cargo:rerun-if-env-changed=CFLAGS_x86_64_unknown_linux_gnu
  CFLAGS_x86_64_unknown_linux_gnu = None
  cargo:rerun-if-env-changed=CFLAGS_x86_64-unknown-linux-gnu
  CFLAGS_x86_64-unknown-linux-gnu = None
  cargo:rerun-if-env-changed=CC_x86_64-unknown-linux-gnu
  CC_x86_64-unknown-linux-gnu = None
  cargo:rerun-if-env-changed=CC_x86_64_unknown_linux_gnu
  CC_x86_64_unknown_linux_gnu = None
  cargo:rerun-if-env-changed=HOST_CC
  HOST_CC = None
  cargo:rerun-if-env-changed=CC
  CC = None
  cargo:rerun-if-env-changed=CRATE_CC_NO_DEFAULTS
  CRATE_CC_NO_DEFAULTS = None
  cargo:rerun-if-env-changed=CFLAGS
  CFLAGS = None
  cargo:rerun-if-env-changed=HOST_CFLAGS
  HOST_CFLAGS = None
  cargo:rerun-if-env-changed=CFLAGS_x86_64_unknown_linux_gnu
  CFLAGS_x86_64_unknown_linux_gnu = None
  cargo:rerun-if-env-changed=CFLAGS_x86_64-unknown-linux-gnu
  CFLAGS_x86_64-unknown-linux-gnu = None
  cargo:rerun-if-env-changed=CC_x86_64-unknown-linux-gnu
  CC_x86_64-unknown-linux-gnu = None
  cargo:rerun-if-env-changed=CC_x86_64_unknown_linux_gnu
  CC_x86_64_unknown_linux_gnu = None
  cargo:rerun-if-env-changed=HOST_CC
  HOST_CC = None
  cargo:rerun-if-env-changed=CC
  CC = None
  cargo:rerun-if-env-changed=CRATE_CC_NO_DEFAULTS
  CRATE_CC_NO_DEFAULTS = None
  cargo:rerun-if-env-changed=CFLAGS
  CFLAGS = None
  cargo:rerun-if-env-changed=HOST_CFLAGS
  HOST_CFLAGS = None
  cargo:rerun-if-env-changed=CFLAGS_x86_64_unknown_linux_gnu
  CFLAGS_x86_64_unknown_linux_gnu = None
  cargo:rerun-if-env-changed=CFLAGS_x86_64-unknown-linux-gnu
  CFLAGS_x86_64-unknown-linux-gnu = None
  cargo:rerun-if-env-changed=CC_x86_64-unknown-linux-gnu
  CC_x86_64-unknown-linux-gnu = None
  cargo:rerun-if-env-changed=CC_x86_64_unknown_linux_gnu
  CC_x86_64_unknown_linux_gnu = None
  cargo:rerun-if-env-changed=HOST_CC
  HOST_CC = None
  cargo:rerun-if-env-changed=CC
  CC = None
  cargo:rerun-if-env-changed=CRATE_CC_NO_DEFAULTS
  CRATE_CC_NO_DEFAULTS = None
  cargo:rerun-if-env-changed=CFLAGS
  CFLAGS = None
  cargo:rerun-if-env-changed=HOST_CFLAGS
  HOST_CFLAGS = None
  cargo:rerun-if-env-changed=CFLAGS_x86_64_unknown_linux_gnu
  CFLAGS_x86_64_unknown_linux_gnu = None
  cargo:rerun-if-env-changed=CFLAGS_x86_64-unknown-linux-gnu
  CFLAGS_x86_64-unknown-linux-gnu = None
  exit status: 0
  exit status: 0
  exit status: 0
  exit status: 0
  exit status: 0
  exit status: 0
  exit status: 0
  exit status: 0
  cargo:rerun-if-env-changed=CC_x86_64-unknown-linux-gnu
  CC_x86_64-unknown-linux-gnu = None
  cargo:rerun-if-env-changed=CC_x86_64_unknown_linux_gnu
  CC_x86_64_unknown_linux_gnu = None
  cargo:rerun-if-env-changed=HOST_CC
  HOST_CC = None
  cargo:rerun-if-env-changed=CC
  CC = None
  cargo:rerun-if-env-changed=CRATE_CC_NO_DEFAULTS
  CRATE_CC_NO_DEFAULTS = None
  cargo:rerun-if-env-changed=CFLAGS
  CFLAGS = None
  cargo:rerun-if-env-changed=HOST_CFLAGS
  HOST_CFLAGS = None
  cargo:rerun-if-env-changed=CFLAGS_x86_64_unknown_linux_gnu
  CFLAGS_x86_64_unknown_linux_gnu = None
  cargo:rerun-if-env-changed=CFLAGS_x86_64-unknown-linux-gnu
  CFLAGS_x86_64-unknown-linux-gnu = None
  cargo:rerun-if-env-changed=CC_x86_64-unknown-linux-gnu
  CC_x86_64-unknown-linux-gnu = None
  cargo:rerun-if-env-changed=CC_x86_64_unknown_linux_gnu
  CC_x86_64_unknown_linux_gnu = None
  cargo:rerun-if-env-changed=HOST_CC
  HOST_CC = None
  cargo:rerun-if-env-changed=CC
  CC = None
  cargo:rerun-if-env-changed=CRATE_CC_NO_DEFAULTS
  CRATE_CC_NO_DEFAULTS = None
  cargo:rerun-if-env-changed=CFLAGS
  CFLAGS = None
  cargo:rerun-if-env-changed=HOST_CFLAGS
  HOST_CFLAGS = None
  cargo:rerun-if-env-changed=CFLAGS_x86_64_unknown_linux_gnu
  CFLAGS_x86_64_unknown_linux_gnu = None
  cargo:rerun-if-env-changed=CFLAGS_x86_64-unknown-linux-gnu
  CFLAGS_x86_64-unknown-linux-gnu = None
  cargo:rerun-if-env-changed=CC_x86_64-unknown-linux-gnu
  CC_x86_64-unknown-linux-gnu = None
  cargo:rerun-if-env-changed=CC_x86_64_unknown_linux_gnu
  CC_x86_64_unknown_linux_gnu = None
  cargo:rerun-if-env-changed=HOST_CC
  HOST_CC = None
  cargo:rerun-if-env-changed=CC
  CC = None
  cargo:rerun-if-env-changed=CRATE_CC_NO_DEFAULTS
  CRATE_CC_NO_DEFAULTS = None
  cargo:rerun-if-env-changed=CFLAGS
  CFLAGS = None
  cargo:rerun-if-env-changed=HOST_CFLAGS
  HOST_CFLAGS = None
  cargo:rerun-if-env-changed=CFLAGS_x86_64_unknown_linux_gnu
  CFLAGS_x86_64_unknown_linux_gnu = None
  cargo:rerun-if-env-changed=CFLAGS_x86_64-unknown-linux-gnu
  CFLAGS_x86_64-unknown-linux-gnu = None
  cargo:rerun-if-env-changed=CC_x86_64-unknown-linux-gnu
  CC_x86_64-unknown-linux-gnu = None
  cargo:rerun-if-env-changed=CC_x86_64_unknown_linux_gnu
  CC_x86_64_unknown_linux_gnu = None
  cargo:rerun-if-env-changed=HOST_CC
  HOST_CC = None
  cargo:rerun-if-env-changed=CC
  CC = None
  cargo:rerun-if-env-changed=CRATE_CC_NO_DEFAULTS
  CRATE_CC_NO_DEFAULTS = None
  cargo:rerun-if-env-changed=CFLAGS
  CFLAGS = None
  cargo:rerun-if-env-changed=HOST_CFLAGS
  HOST_CFLAGS = None
  cargo:rerun-if-env-changed=CFLAGS_x86_64_unknown_linux_gnu
  CFLAGS_x86_64_unknown_linux_gnu = None
  cargo:rerun-if-env-changed=CFLAGS_x86_64-unknown-linux-gnu
  CFLAGS_x86_64-unknown-linux-gnu = None
  cargo:rerun-if-env-changed=CC_x86_64-unknown-linux-gnu
  CC_x86_64-unknown-linux-gnu = None
  cargo:rerun-if-env-changed=CC_x86_64_unknown_linux_gnu
  CC_x86_64_unknown_linux_gnu = None
  cargo:rerun-if-env-changed=HOST_CC
  HOST_CC = None
  cargo:rerun-if-env-changed=CC
  CC = None
  cargo:rerun-if-env-changed=CRATE_CC_NO_DEFAULTS
  CRATE_CC_NO_DEFAULTS = None
  cargo:rerun-if-env-changed=CFLAGS
  CFLAGS = None
  cargo:rerun-if-env-changed=HOST_CFLAGS
  HOST_CFLAGS = None
  cargo:rerun-if-env-changed=CFLAGS_x86_64_unknown_linux_gnu
  CFLAGS_x86_64_unknown_linux_gnu = None
  cargo:rerun-if-env-changed=CFLAGS_x86_64-unknown-linux-gnu
  CFLAGS_x86_64-unknown-linux-gnu = None
  cargo:rerun-if-env-changed=CC_x86_64-unknown-linux-gnu
  CC_x86_64-unknown-linux-gnu = None
  cargo:rerun-if-env-changed=CC_x86_64_unknown_linux_gnu
  CC_x86_64_unknown_linux_gnu = None
  cargo:rerun-if-env-changed=HOST_CC
  HOST_CC = None
  cargo:rerun-if-env-changed=CC
  CC = None
  cargo:rerun-if-env-changed=CRATE_CC_NO_DEFAULTS
  CRATE_CC_NO_DEFAULTS = None
  cargo:rerun-if-env-changed=CFLAGS
  CFLAGS = None
  cargo:rerun-if-env-changed=HOST_CFLAGS
  HOST_CFLAGS = None
  cargo:rerun-if-env-changed=CFLAGS_x86_64_unknown_linux_gnu
  CFLAGS_x86_64_unknown_linux_gnu = None
  cargo:rerun-if-env-changed=CFLAGS_x86_64-unknown-linux-gnu
  CFLAGS_x86_64-unknown-linux-gnu = None
  cargo:rerun-if-env-changed=CC_x86_64-unknown-linux-gnu
  CC_x86_64-unknown-linux-gnu = None
  cargo:rerun-if-env-changed=CC_x86_64_unknown_linux_gnu
  CC_x86_64_unknown_linux_gnu = None
  cargo:rerun-if-env-changed=HOST_CC
  HOST_CC = None
  cargo:rerun-if-env-changed=CC
  CC = None
  cargo:rerun-if-env-changed=CRATE_CC_NO_DEFAULTS
  CRATE_CC_NO_DEFAULTS = None
  cargo:rerun-if-env-changed=CFLAGS
  CFLAGS = None
  cargo:rerun-if-env-changed=HOST_CFLAGS
  HOST_CFLAGS = None
  cargo:rerun-if-env-changed=CFLAGS_x86_64_unknown_linux_gnu
  CFLAGS_x86_64_unknown_linux_gnu = None
  cargo:rerun-if-env-changed=CFLAGS_x86_64-unknown-linux-gnu
  CFLAGS_x86_64-unknown-linux-gnu = None
  cargo:rerun-if-env-changed=CC_x86_64-unknown-linux-gnu
  CC_x86_64-unknown-linux-gnu = None
  cargo:rerun-if-env-changed=CC_x86_64_unknown_linux_gnu
  CC_x86_64_unknown_linux_gnu = None
  cargo:rerun-if-env-changed=HOST_CC
  HOST_CC = None
  cargo:rerun-if-env-changed=CC
  CC = None
  cargo:rerun-if-env-changed=CRATE_CC_NO_DEFAULTS
  CRATE_CC_NO_DEFAULTS = None
  cargo:rerun-if-env-changed=CFLAGS
  CFLAGS = None
  cargo:rerun-if-env-changed=HOST_CFLAGS
  HOST_CFLAGS = None
  cargo:rerun-if-env-changed=CFLAGS_x86_64_unknown_linux_gnu
  CFLAGS_x86_64_unknown_linux_gnu = None
  cargo:rerun-if-env-changed=CFLAGS_x86_64-unknown-linux-gnu
  CFLAGS_x86_64-unknown-linux-gnu = None
  exit status: 0
  exit status: 0
  exit status: 0
  exit status: 0
  exit status: 0
  exit status: 0
  exit status: 0
  exit status: 0
  cargo:rerun-if-env-changed=CC_x86_64-unknown-linux-gnu
  CC_x86_64-unknown-linux-gnu = None
  cargo:rerun-if-env-changed=CC_x86_64_unknown_linux_gnu
  CC_x86_64_unknown_linux_gnu = None
  cargo:rerun-if-env-changed=HOST_CC
  HOST_CC = None
  cargo:rerun-if-env-changed=CC
  CC = None
  cargo:rerun-if-env-changed=CRATE_CC_NO_DEFAULTS
  CRATE_CC_NO_DEFAULTS = None
  cargo:rerun-if-env-changed=CFLAGS
  CFLAGS = None
  cargo:rerun-if-env-changed=HOST_CFLAGS
  HOST_CFLAGS = None
  cargo:rerun-if-env-changed=CFLAGS_x86_64_unknown_linux_gnu
  CFLAGS_x86_64_unknown_linux_gnu = None
  cargo:rerun-if-env-changed=CFLAGS_x86_64-unknown-linux-gnu
  CFLAGS_x86_64-unknown-linux-gnu = None
  cargo:rerun-if-env-changed=CC_x86_64-unknown-linux-gnu
  CC_x86_64-unknown-linux-gnu = None
  cargo:rerun-if-env-changed=CC_x86_64_unknown_linux_gnu
  CC_x86_64_unknown_linux_gnu = None
  cargo:rerun-if-env-changed=HOST_CC
  HOST_CC = None
  cargo:rerun-if-env-changed=CC
  CC = None
  cargo:rerun-if-env-changed=CRATE_CC_NO_DEFAULTS
  CRATE_CC_NO_DEFAULTS = None
  cargo:rerun-if-env-changed=CFLAGS
  CFLAGS = None
  cargo:rerun-if-env-changed=HOST_CFLAGS
  HOST_CFLAGS = None
  cargo:rerun-if-env-changed=CFLAGS_x86_64_unknown_linux_gnu
  CFLAGS_x86_64_unknown_linux_gnu = None
  cargo:rerun-if-env-changed=CFLAGS_x86_64-unknown-linux-gnu
  CFLAGS_x86_64-unknown-linux-gnu = None
  cargo:rerun-if-env-changed=CC_x86_64-unknown-linux-gnu
  CC_x86_64-unknown-linux-gnu = None
  cargo:rerun-if-env-changed=CC_x86_64_unknown_linux_gnu
  CC_x86_64_unknown_linux_gnu = None
  cargo:rerun-if-env-changed=HOST_CC
  HOST_CC = None
  cargo:rerun-if-env-changed=CC
  CC = None
  cargo:rerun-if-env-changed=CRATE_CC_NO_DEFAULTS
  CRATE_CC_NO_DEFAULTS = None
  cargo:rerun-if-env-changed=CFLAGS
  CFLAGS = None
  cargo:rerun-if-env-changed=HOST_CFLAGS
  HOST_CFLAGS = None
  cargo:rerun-if-env-changed=CFLAGS_x86_64_unknown_linux_gnu
  CFLAGS_x86_64_unknown_linux_gnu = None
  cargo:rerun-if-env-changed=CFLAGS_x86_64-unknown-linux-gnu
  CFLAGS_x86_64-unknown-linux-gnu = None
  cargo:rerun-if-env-changed=CC_x86_64-unknown-linux-gnu
  CC_x86_64-unknown-linux-gnu = None
  cargo:rerun-if-env-changed=CC_x86_64_unknown_linux_gnu
  CC_x86_64_unknown_linux_gnu = None
  cargo:rerun-if-env-changed=HOST_CC
  HOST_CC = None
  cargo:rerun-if-env-changed=CC
  CC = None
  cargo:rerun-if-env-changed=CRATE_CC_NO_DEFAULTS
  CRATE_CC_NO_DEFAULTS = None
  cargo:rerun-if-env-changed=CFLAGS
  CFLAGS = None
  cargo:rerun-if-env-changed=HOST_CFLAGS
  HOST_CFLAGS = None
  cargo:rerun-if-env-changed=CFLAGS_x86_64_unknown_linux_gnu
  CFLAGS_x86_64_unknown_linux_gnu = None
  cargo:rerun-if-env-changed=CFLAGS_x86_64-unknown-linux-gnu
  CFLAGS_x86_64-unknown-linux-gnu = None
  cargo:rerun-if-env-changed=CC_x86_64-unknown-linux-gnu
  CC_x86_64-unknown-linux-gnu = None
  cargo:rerun-if-env-changed=CC_x86_64_unknown_linux_gnu
  CC_x86_64_unknown_linux_gnu = None
  cargo:rerun-if-env-changed=HOST_CC
  HOST_CC = None
  cargo:rerun-if-env-changed=CC
  CC = None
  cargo:rerun-if-env-changed=CRATE_CC_NO_DEFAULTS
  CRATE_CC_NO_DEFAULTS = None
  cargo:rerun-if-env-changed=CFLAGS
  CFLAGS = None
  cargo:rerun-if-env-changed=HOST_CFLAGS
  HOST_CFLAGS = None
  cargo:rerun-if-env-changed=CFLAGS_x86_64_unknown_linux_gnu
  CFLAGS_x86_64_unknown_linux_gnu = None
  cargo:rerun-if-env-changed=CFLAGS_x86_64-unknown-linux-gnu
  CFLAGS_x86_64-unknown-linux-gnu = None
  cargo:rerun-if-env-changed=CC_x86_64-unknown-linux-gnu
  CC_x86_64-unknown-linux-gnu = None
  cargo:rerun-if-env-changed=CC_x86_64_unknown_linux_gnu
  CC_x86_64_unknown_linux_gnu = None
  cargo:rerun-if-env-changed=HOST_CC
  HOST_CC = None
  cargo:rerun-if-env-changed=CC
  CC = None
  cargo:rerun-if-env-changed=CRATE_CC_NO_DEFAULTS
  CRATE_CC_NO_DEFAULTS = None
  cargo:rerun-if-env-changed=CFLAGS
  CFLAGS = None
  cargo:rerun-if-env-changed=HOST_CFLAGS
  HOST_CFLAGS = None
  cargo:rerun-if-env-changed=CFLAGS_x86_64_unknown_linux_gnu
  CFLAGS_x86_64_unknown_linux_gnu = None
  cargo:rerun-if-env-changed=CFLAGS_x86_64-unknown-linux-gnu
  CFLAGS_x86_64-unknown-linux-gnu = None
  cargo:rerun-if-env-changed=CC_x86_64-unknown-linux-gnu
  CC_x86_64-unknown-linux-gnu = None
  cargo:rerun-if-env-changed=CC_x86_64_unknown_linux_gnu
  CC_x86_64_unknown_linux_gnu = None
  cargo:rerun-if-env-changed=HOST_CC
  HOST_CC = None
  cargo:rerun-if-env-changed=CC
  CC = None
  cargo:rerun-if-env-changed=CRATE_CC_NO_DEFAULTS
  CRATE_CC_NO_DEFAULTS = None
  cargo:rerun-if-env-changed=CFLAGS
  CFLAGS = None
  cargo:rerun-if-env-changed=HOST_CFLAGS
  HOST_CFLAGS = None
  cargo:rerun-if-env-changed=CFLAGS_x86_64_unknown_linux_gnu
  CFLAGS_x86_64_unknown_linux_gnu = None
  cargo:rerun-if-env-changed=CFLAGS_x86_64-unknown-linux-gnu
  CFLAGS_x86_64-unknown-linux-gnu = None
  cargo:rerun-if-env-changed=CC_x86_64-unknown-linux-gnu
  CC_x86_64-unknown-linux-gnu = None
  cargo:rerun-if-env-changed=CC_x86_64_unknown_linux_gnu
  CC_x86_64_unknown_linux_gnu = None
  cargo:rerun-if-env-changed=HOST_CC
  HOST_CC = None
  cargo:rerun-if-env-changed=CC
  CC = None
  cargo:rerun-if-env-changed=CRATE_CC_NO_DEFAULTS
  CRATE_CC_NO_DEFAULTS = None
  cargo:rerun-if-env-changed=CFLAGS
  CFLAGS = None
  cargo:rerun-if-env-changed=HOST_CFLAGS
  HOST_CFLAGS = None
  cargo:rerun-if-env-changed=CFLAGS_x86_64_unknown_linux_gnu
  CFLAGS_x86_64_unknown_linux_gnu = None
  cargo:rerun-if-env-changed=CFLAGS_x86_64-unknown-linux-gnu
  CFLAGS_x86_64-unknown-linux-gnu = None
  exit status: 0
  exit status: 0
  exit status: 0
  exit status: 0
  exit status: 0
  exit status: 0
  exit status: 0
  exit status: 0
  cargo:rerun-if-env-changed=CC_x86_64-unknown-linux-gnu
  CC_x86_64-unknown-linux-gnu = None
  cargo:rerun-if-env-changed=CC_x86_64_unknown_linux_gnu
  CC_x86_64_unknown_linux_gnu = None
  cargo:rerun-if-env-changed=HOST_CC
  HOST_CC = None
  cargo:rerun-if-env-changed=CC
  CC = None
  cargo:rerun-if-env-changed=CRATE_CC_NO_DEFAULTS
  CRATE_CC_NO_DEFAULTS = None
  cargo:rerun-if-env-changed=CFLAGS
  CFLAGS = None
  cargo:rerun-if-env-changed=HOST_CFLAGS
  HOST_CFLAGS = None
  cargo:rerun-if-env-changed=CFLAGS_x86_64_unknown_linux_gnu
  CFLAGS_x86_64_unknown_linux_gnu = None
  cargo:rerun-if-env-changed=CFLAGS_x86_64-unknown-linux-gnu
  CFLAGS_x86_64-unknown-linux-gnu = None
  cargo:rerun-if-env-changed=CC_x86_64-unknown-linux-gnu
  CC_x86_64-unknown-linux-gnu = None
  cargo:rerun-if-env-changed=CC_x86_64_unknown_linux_gnu
  CC_x86_64_unknown_linux_gnu = None
  cargo:rerun-if-env-changed=HOST_CC
  HOST_CC = None
  cargo:rerun-if-env-changed=CC
  CC = None
  cargo:rerun-if-env-changed=CRATE_CC_NO_DEFAULTS
  CRATE_CC_NO_DEFAULTS = None
  cargo:rerun-if-env-changed=CFLAGS
  CFLAGS = None
  cargo:rerun-if-env-changed=HOST_CFLAGS
  HOST_CFLAGS = None
  cargo:rerun-if-env-changed=CFLAGS_x86_64_unknown_linux_gnu
  CFLAGS_x86_64_unknown_linux_gnu = None
  cargo:rerun-if-env-changed=CFLAGS_x86_64-unknown-linux-gnu
  CFLAGS_x86_64-unknown-linux-gnu = None
  cargo:rerun-if-env-changed=CC_x86_64-unknown-linux-gnu
  CC_x86_64-unknown-linux-gnu = None
  cargo:rerun-if-env-changed=CC_x86_64_unknown_linux_gnu
  CC_x86_64_unknown_linux_gnu = None
  cargo:rerun-if-env-changed=HOST_CC
  HOST_CC = None
  cargo:rerun-if-env-changed=CC
  CC = None
  cargo:rerun-if-env-changed=CRATE_CC_NO_DEFAULTS
  CRATE_CC_NO_DEFAULTS = None
  cargo:rerun-if-env-changed=CFLAGS
  CFLAGS = None
  cargo:rerun-if-env-changed=HOST_CFLAGS
  HOST_CFLAGS = None
  cargo:rerun-if-env-changed=CFLAGS_x86_64_unknown_linux_gnu
  CFLAGS_x86_64_unknown_linux_gnu = None
  cargo:rerun-if-env-changed=CFLAGS_x86_64-unknown-linux-gnu
  CFLAGS_x86_64-unknown-linux-gnu = None
  cargo:rerun-if-env-changed=CC_x86_64-unknown-linux-gnu
  CC_x86_64-unknown-linux-gnu = None
  cargo:rerun-if-env-changed=CC_x86_64_unknown_linux_gnu
  CC_x86_64_unknown_linux_gnu = None
  cargo:rerun-if-env-changed=HOST_CC
  HOST_CC = None
  cargo:rerun-if-env-changed=CC
  CC = None
  cargo:rerun-if-env-changed=CRATE_CC_NO_DEFAULTS
  CRATE_CC_NO_DEFAULTS = None
  cargo:rerun-if-env-changed=CFLAGS
  CFLAGS = None
  cargo:rerun-if-env-changed=HOST_CFLAGS
  HOST_CFLAGS = None
  cargo:rerun-if-env-changed=CFLAGS_x86_64_unknown_linux_gnu
  CFLAGS_x86_64_unknown_linux_gnu = None
  cargo:rerun-if-env-changed=CFLAGS_x86_64-unknown-linux-gnu
  CFLAGS_x86_64-unknown-linux-gnu = None
  cargo:rerun-if-env-changed=CC_x86_64-unknown-linux-gnu
  CC_x86_64-unknown-linux-gnu = None
  cargo:rerun-if-env-changed=CC_x86_64_unknown_linux_gnu
  CC_x86_64_unknown_linux_gnu = None
  cargo:rerun-if-env-changed=HOST_CC
  HOST_CC = None
  cargo:rerun-if-env-changed=CC
  CC = None
  cargo:rerun-if-env-changed=CRATE_CC_NO_DEFAULTS
  CRATE_CC_NO_DEFAULTS = None
  cargo:rerun-if-env-changed=CFLAGS
  CFLAGS = None
  cargo:rerun-if-env-changed=HOST_CFLAGS
  HOST_CFLAGS = None
  cargo:rerun-if-env-changed=CFLAGS_x86_64_unknown_linux_gnu
  CFLAGS_x86_64_unknown_linux_gnu = None
  cargo:rerun-if-env-changed=CFLAGS_x86_64-unknown-linux-gnu
  CFLAGS_x86_64-unknown-linux-gnu = None
  cargo:rerun-if-env-changed=CC_x86_64-unknown-linux-gnu
  CC_x86_64-unknown-linux-gnu = None
  cargo:rerun-if-env-changed=CC_x86_64_unknown_linux_gnu
  CC_x86_64_unknown_linux_gnu = None
  cargo:rerun-if-env-changed=HOST_CC
  HOST_CC = None
  cargo:rerun-if-env-changed=CC
  CC = None
  cargo:rerun-if-env-changed=CRATE_CC_NO_DEFAULTS
  CRATE_CC_NO_DEFAULTS = None
  cargo:rerun-if-env-changed=CFLAGS
  CFLAGS = None
  cargo:rerun-if-env-changed=HOST_CFLAGS
  HOST_CFLAGS = None
  cargo:rerun-if-env-changed=CFLAGS_x86_64_unknown_linux_gnu
  CFLAGS_x86_64_unknown_linux_gnu = None
  cargo:rerun-if-env-changed=CFLAGS_x86_64-unknown-linux-gnu
  CFLAGS_x86_64-unknown-linux-gnu = None
  cargo:rerun-if-env-changed=CC_x86_64-unknown-linux-gnu
  CC_x86_64-unknown-linux-gnu = None
  cargo:rerun-if-env-changed=CC_x86_64_unknown_linux_gnu
  CC_x86_64_unknown_linux_gnu = None
  cargo:rerun-if-env-changed=HOST_CC
  HOST_CC = None
  cargo:rerun-if-env-changed=CC
  CC = None
  cargo:rerun-if-env-changed=CRATE_CC_NO_DEFAULTS
  CRATE_CC_NO_DEFAULTS = None
  cargo:rerun-if-env-changed=CFLAGS
  CFLAGS = None
  cargo:rerun-if-env-changed=HOST_CFLAGS
  HOST_CFLAGS = None
  cargo:rerun-if-env-changed=CFLAGS_x86_64_unknown_linux_gnu
  CFLAGS_x86_64_unknown_linux_gnu = None
  cargo:rerun-if-env-changed=CFLAGS_x86_64-unknown-linux-gnu
  CFLAGS_x86_64-unknown-linux-gnu = None
  cargo:rerun-if-env-changed=CC_x86_64-unknown-linux-gnu
  CC_x86_64-unknown-linux-gnu = None
  cargo:rerun-if-env-changed=CC_x86_64_unknown_linux_gnu
  CC_x86_64_unknown_linux_gnu = None
  cargo:rerun-if-env-changed=HOST_CC
  HOST_CC = None
  cargo:rerun-if-env-changed=CC
  CC = None
  cargo:rerun-if-env-changed=CRATE_CC_NO_DEFAULTS
  CRATE_CC_NO_DEFAULTS = None
  cargo:rerun-if-env-changed=CFLAGS
  CFLAGS = None
  cargo:rerun-if-env-changed=HOST_CFLAGS
  HOST_CFLAGS = None
  cargo:rerun-if-env-changed=CFLAGS_x86_64_unknown_linux_gnu
  CFLAGS_x86_64_unknown_linux_gnu = None
  cargo:rerun-if-env-changed=CFLAGS_x86_64-unknown-linux-gnu
  CFLAGS_x86_64-unknown-linux-gnu = None
  exit status: 0
  exit status: 0
  exit status: 0
  exit status: 0
  exit status: 0
  exit status: 0
  exit status: 0
  exit status: 0
  cargo:rerun-if-env-changed=CC_x86_64-unknown-linux-gnu
  CC_x86_64-unknown-linux-gnu = None
  cargo:rerun-if-env-changed=CC_x86_64_unknown_linux_gnu
  CC_x86_64_unknown_linux_gnu = None
  cargo:rerun-if-env-changed=HOST_CC
  HOST_CC = None
  cargo:rerun-if-env-changed=CC
  CC = None
  cargo:rerun-if-env-changed=CRATE_CC_NO_DEFAULTS
  CRATE_CC_NO_DEFAULTS = None
  cargo:rerun-if-env-changed=CFLAGS
  CFLAGS = None
  cargo:rerun-if-env-changed=HOST_CFLAGS
  HOST_CFLAGS = None
  cargo:rerun-if-env-changed=CFLAGS_x86_64_unknown_linux_gnu
  CFLAGS_x86_64_unknown_linux_gnu = None
  cargo:rerun-if-env-changed=CFLAGS_x86_64-unknown-linux-gnu
  CFLAGS_x86_64-unknown-linux-gnu = None
  cargo:rerun-if-env-changed=CC_x86_64-unknown-linux-gnu
  CC_x86_64-unknown-linux-gnu = None
  cargo:rerun-if-env-changed=CC_x86_64_unknown_linux_gnu
  CC_x86_64_unknown_linux_gnu = None
  cargo:rerun-if-env-changed=HOST_CC
  HOST_CC = None
  cargo:rerun-if-env-changed=CC
  CC = None
  cargo:rerun-if-env-changed=CRATE_CC_NO_DEFAULTS
  CRATE_CC_NO_DEFAULTS = None
  cargo:rerun-if-env-changed=CFLAGS
  CFLAGS = None
  cargo:rerun-if-env-changed=HOST_CFLAGS
  HOST_CFLAGS = None
  cargo:rerun-if-env-changed=CFLAGS_x86_64_unknown_linux_gnu
  CFLAGS_x86_64_unknown_linux_gnu = None
  cargo:rerun-if-env-changed=CFLAGS_x86_64-unknown-linux-gnu
  CFLAGS_x86_64-unknown-linux-gnu = None
  cargo:rerun-if-env-changed=CC_x86_64-unknown-linux-gnu
  CC_x86_64-unknown-linux-gnu = None
  cargo:rerun-if-env-changed=CC_x86_64_unknown_linux_gnu
  CC_x86_64_unknown_linux_gnu = None
  cargo:rerun-if-env-changed=HOST_CC
  HOST_CC = None
  cargo:rerun-if-env-changed=CC
  CC = None
  cargo:rerun-if-env-changed=CRATE_CC_NO_DEFAULTS
  CRATE_CC_NO_DEFAULTS = None
  cargo:rerun-if-env-changed=CFLAGS
  CFLAGS = None
  cargo:rerun-if-env-changed=HOST_CFLAGS
  HOST_CFLAGS = None
  cargo:rerun-if-env-changed=CFLAGS_x86_64_unknown_linux_gnu
  CFLAGS_x86_64_unknown_linux_gnu = None
  cargo:rerun-if-env-changed=CFLAGS_x86_64-unknown-linux-gnu
  CFLAGS_x86_64-unknown-linux-gnu = None
  cargo:rerun-if-env-changed=CC_x86_64-unknown-linux-gnu
  CC_x86_64-unknown-linux-gnu = None
  cargo:rerun-if-env-changed=CC_x86_64_unknown_linux_gnu
  CC_x86_64_unknown_linux_gnu = None
  cargo:rerun-if-env-changed=HOST_CC
  HOST_CC = None
  cargo:rerun-if-env-changed=CC
  CC = None
  cargo:rerun-if-env-changed=CRATE_CC_NO_DEFAULTS
  CRATE_CC_NO_DEFAULTS = None
  cargo:rerun-if-env-changed=CFLAGS
  CFLAGS = None
  cargo:rerun-if-env-changed=HOST_CFLAGS
  HOST_CFLAGS = None
  cargo:rerun-if-env-changed=CFLAGS_x86_64_unknown_linux_gnu
  CFLAGS_x86_64_unknown_linux_gnu = None
  cargo:rerun-if-env-changed=CFLAGS_x86_64-unknown-linux-gnu
  CFLAGS_x86_64-unknown-linux-gnu = None
  cargo:rerun-if-env-changed=CC_x86_64-unknown-linux-gnu
  CC_x86_64-unknown-linux-gnu = None
  cargo:rerun-if-env-changed=CC_x86_64_unknown_linux_gnu
  CC_x86_64_unknown_linux_gnu = None
  cargo:rerun-if-env-changed=HOST_CC
  HOST_CC = None
  cargo:rerun-if-env-changed=CC
  CC = None
  cargo:rerun-if-env-changed=CRATE_CC_NO_DEFAULTS
  CRATE_CC_NO_DEFAULTS = None
  cargo:rerun-if-env-changed=CFLAGS
  CFLAGS = None
  cargo:rerun-if-env-changed=HOST_CFLAGS
  HOST_CFLAGS = None
  cargo:rerun-if-env-changed=CFLAGS_x86_64_unknown_linux_gnu
  CFLAGS_x86_64_unknown_linux_gnu = None
  cargo:rerun-if-env-changed=CFLAGS_x86_64-unknown-linux-gnu
  CFLAGS_x86_64-unknown-linux-gnu = None
  cargo:rerun-if-env-changed=CC_x86_64-unknown-linux-gnu
  CC_x86_64-unknown-linux-gnu = None
  cargo:rerun-if-env-changed=CC_x86_64_unknown_linux_gnu
  CC_x86_64_unknown_linux_gnu = None
  cargo:rerun-if-env-changed=HOST_CC
  HOST_CC = None
  cargo:rerun-if-env-changed=CC
  CC = None
  cargo:rerun-if-env-changed=CRATE_CC_NO_DEFAULTS
  CRATE_CC_NO_DEFAULTS = None
  cargo:rerun-if-env-changed=CFLAGS
  CFLAGS = None
  cargo:rerun-if-env-changed=HOST_CFLAGS
  HOST_CFLAGS = None
  cargo:rerun-if-env-changed=CFLAGS_x86_64_unknown_linux_gnu
  CFLAGS_x86_64_unknown_linux_gnu = None
  cargo:rerun-if-env-changed=CFLAGS_x86_64-unknown-linux-gnu
  CFLAGS_x86_64-unknown-linux-gnu = None
  cargo:rerun-if-env-changed=CC_x86_64-unknown-linux-gnu
  CC_x86_64-unknown-linux-gnu = None
  cargo:rerun-if-env-changed=CC_x86_64_unknown_linux_gnu
  CC_x86_64_unknown_linux_gnu = None
  cargo:rerun-if-env-changed=HOST_CC
  HOST_CC = None
  cargo:rerun-if-env-changed=CC
  CC = None
  cargo:rerun-if-env-changed=CRATE_CC_NO_DEFAULTS
  CRATE_CC_NO_DEFAULTS = None
  cargo:rerun-if-env-changed=CFLAGS
  CFLAGS = None
  cargo:rerun-if-env-changed=HOST_CFLAGS
  HOST_CFLAGS = None
  cargo:rerun-if-env-changed=CFLAGS_x86_64_unknown_linux_gnu
  CFLAGS_x86_64_unknown_linux_gnu = None
  cargo:rerun-if-env-changed=CFLAGS_x86_64-unknown-linux-gnu
  CFLAGS_x86_64-unknown-linux-gnu = None
  cargo:rerun-if-env-changed=CC_x86_64-unknown-linux-gnu
  CC_x86_64-unknown-linux-gnu = None
  cargo:rerun-if-env-changed=CC_x86_64_unknown_linux_gnu
  CC_x86_64_unknown_linux_gnu = None
  cargo:rerun-if-env-changed=HOST_CC
  HOST_CC = None
  cargo:rerun-if-env-changed=CC
  CC = None
  cargo:rerun-if-env-changed=CRATE_CC_NO_DEFAULTS
  CRATE_CC_NO_DEFAULTS = None
  cargo:rerun-if-env-changed=CFLAGS
  CFLAGS = None
  cargo:rerun-if-env-changed=HOST_CFLAGS
  HOST_CFLAGS = None
  cargo:rerun-if-env-changed=CFLAGS_x86_64_unknown_linux_gnu
  CFLAGS_x86_64_unknown_linux_gnu = None
  cargo:rerun-if-env-changed=CFLAGS_x86_64-unknown-linux-gnu
  CFLAGS_x86_64-unknown-linux-gnu = None
  exit status: 0
  exit status: 0
  exit status: 0
  exit status: 0
  exit status: 0
  exit status: 0
  exit status: 0
  exit status: 0
  cargo:rerun-if-env-changed=CC_x86_64-unknown-linux-gnu
  CC_x86_64-unknown-linux-gnu = None
  cargo:rerun-if-env-changed=CC_x86_64_unknown_linux_gnu
  CC_x86_64_unknown_linux_gnu = None
  cargo:rerun-if-env-changed=HOST_CC
  HOST_CC = None
  cargo:rerun-if-env-changed=CC
  CC = None
  cargo:rerun-if-env-changed=CRATE_CC_NO_DEFAULTS
  CRATE_CC_NO_DEFAULTS = None
  cargo:rerun-if-env-changed=CFLAGS
  CFLAGS = None
  cargo:rerun-if-env-changed=HOST_CFLAGS
  HOST_CFLAGS = None
  cargo:rerun-if-env-changed=CFLAGS_x86_64_unknown_linux_gnu
  CFLAGS_x86_64_unknown_linux_gnu = None
  cargo:rerun-if-env-changed=CFLAGS_x86_64-unknown-linux-gnu
  CFLAGS_x86_64-unknown-linux-gnu = None
  cargo:rerun-if-env-changed=CC_x86_64-unknown-linux-gnu
  CC_x86_64-unknown-linux-gnu = None
  cargo:rerun-if-env-changed=CC_x86_64_unknown_linux_gnu
  CC_x86_64_unknown_linux_gnu = None
  cargo:rerun-if-env-changed=HOST_CC
  HOST_CC = None
  cargo:rerun-if-env-changed=CC
  CC = None
  cargo:rerun-if-env-changed=CRATE_CC_NO_DEFAULTS
  CRATE_CC_NO_DEFAULTS = None
  cargo:rerun-if-env-changed=CFLAGS
  CFLAGS = None
  cargo:rerun-if-env-changed=HOST_CFLAGS
  HOST_CFLAGS = None
  cargo:rerun-if-env-changed=CFLAGS_x86_64_unknown_linux_gnu
  CFLAGS_x86_64_unknown_linux_gnu = None
  cargo:rerun-if-env-changed=CFLAGS_x86_64-unknown-linux-gnu
  CFLAGS_x86_64-unknown-linux-gnu = None
  cargo:rerun-if-env-changed=CC_x86_64-unknown-linux-gnu
  CC_x86_64-unknown-linux-gnu = None
  cargo:rerun-if-env-changed=CC_x86_64_unknown_linux_gnu
  CC_x86_64_unknown_linux_gnu = None
  cargo:rerun-if-env-changed=HOST_CC
  HOST_CC = None
  cargo:rerun-if-env-changed=CC
  CC = None
  cargo:rerun-if-env-changed=CRATE_CC_NO_DEFAULTS
  CRATE_CC_NO_DEFAULTS = None
  cargo:rerun-if-env-changed=CFLAGS
  CFLAGS = None
  cargo:rerun-if-env-changed=HOST_CFLAGS
  HOST_CFLAGS = None
  cargo:rerun-if-env-changed=CFLAGS_x86_64_unknown_linux_gnu
  CFLAGS_x86_64_unknown_linux_gnu = None
  cargo:rerun-if-env-changed=CFLAGS_x86_64-unknown-linux-gnu
  CFLAGS_x86_64-unknown-linux-gnu = None
  cargo:rerun-if-env-changed=CC_x86_64-unknown-linux-gnu
  CC_x86_64-unknown-linux-gnu = None
  cargo:rerun-if-env-changed=CC_x86_64_unknown_linux_gnu
  CC_x86_64_unknown_linux_gnu = None
  cargo:rerun-if-env-changed=HOST_CC
  HOST_CC = None
  cargo:rerun-if-env-changed=CC
  CC = None
  cargo:rerun-if-env-changed=CRATE_CC_NO_DEFAULTS
  CRATE_CC_NO_DEFAULTS = None
  cargo:rerun-if-env-changed=CFLAGS
  CFLAGS = None
  cargo:rerun-if-env-changed=HOST_CFLAGS
  HOST_CFLAGS = None
  cargo:rerun-if-env-changed=CFLAGS_x86_64_unknown_linux_gnu
  CFLAGS_x86_64_unknown_linux_gnu = None
  cargo:rerun-if-env-changed=CFLAGS_x86_64-unknown-linux-gnu
  CFLAGS_x86_64-unknown-linux-gnu = None
  cargo:rerun-if-env-changed=CC_x86_64-unknown-linux-gnu
  CC_x86_64-unknown-linux-gnu = None
  cargo:rerun-if-env-changed=CC_x86_64_unknown_linux_gnu
  CC_x86_64_unknown_linux_gnu = None
  cargo:rerun-if-env-changed=HOST_CC
  HOST_CC = None
  cargo:rerun-if-env-changed=CC
  CC = None
  cargo:rerun-if-env-changed=CRATE_CC_NO_DEFAULTS
  CRATE_CC_NO_DEFAULTS = None
  cargo:rerun-if-env-changed=CFLAGS
  CFLAGS = None
  cargo:rerun-if-env-changed=HOST_CFLAGS
  HOST_CFLAGS = None
  cargo:rerun-if-env-changed=CFLAGS_x86_64_unknown_linux_gnu
  CFLAGS_x86_64_unknown_linux_gnu = None
  cargo:rerun-if-env-changed=CFLAGS_x86_64-unknown-linux-gnu
  CFLAGS_x86_64-unknown-linux-gnu = None
  cargo:rerun-if-env-changed=CC_x86_64-unknown-linux-gnu
  CC_x86_64-unknown-linux-gnu = None
  cargo:rerun-if-env-changed=CC_x86_64_unknown_linux_gnu
  CC_x86_64_unknown_linux_gnu = None
  cargo:rerun-if-env-changed=HOST_CC
  HOST_CC = None
  cargo:rerun-if-env-changed=CC
  CC = None
  cargo:rerun-if-env-changed=CRATE_CC_NO_DEFAULTS
  CRATE_CC_NO_DEFAULTS = None
  cargo:rerun-if-env-changed=CFLAGS
  CFLAGS = None
  cargo:rerun-if-env-changed=HOST_CFLAGS
  HOST_CFLAGS = None
  cargo:rerun-if-env-changed=CFLAGS_x86_64_unknown_linux_gnu
  CFLAGS_x86_64_unknown_linux_gnu = None
  cargo:rerun-if-env-changed=CFLAGS_x86_64-unknown-linux-gnu
  CFLAGS_x86_64-unknown-linux-gnu = None
  exit status: 0
  exit status: 0
  exit status: 0
  exit status: 0
  exit status: 0
  exit status: 0
  signal: 11 (SIGSEGV) (core dumped)
  cargo:warning=ToolExecError: command did not execute successfully (status code signal: 11 (SIGSEGV) (core dumped)): LC_ALL="C" "cc" "-O1" "-ffunction-sections" "-fdata-sections" "-fPIC" "-m64" "-I" "/tmp/cargo-installanfjzz/release/build/libgit2-sys-74f0324df8f013ba/out/include" "-I" "libgit2/src/libgit2" "-I" "libgit2/src/util" "-I" "libgit2/deps/llhttp" "-I" "libgit2/deps/xdiff" "-I" "libgit2/deps/pcre" "-I" "/tmp/cargo-installanfjzz/release/build/libz-sys-fcfc61bf0a294261/out/include" "-w" "-fvisibility=hidden" "-DGIT_REGEX_BUILTIN=1" "-DHAVE_STDINT_H=1" "-DHAVE_MEMMOVE=1" "-DNO_RECURSE=1" "-DNEWLINE=10" "-DPOSIX_MALLOC_THRESHOLD=10" "-DLINK_SIZE=2" "-DPARENS_NEST_LIMIT=250" "-DMATCH_LIMIT=10000000" "-DMATCH_LIMIT_RECURSION=MATCH_LIMIT" "-DMAX_NAME_SIZE=32" "-DMAX_NAME_COUNT=10000" "-DSHA1DC_NO_STANDARD_INCLUDES=1" "-DSHA1DC_CUSTOM_INCLUDE_SHA1_C=\"common.h\"" "-DSHA1DC_CUSTOM_INCLUDE_UBC_CHECK_C=\"common.h\"" "-o" "/tmp/cargo-installanfjzz/release/build/libgit2-sys-74f0324df8f013ba/out/build/ce06de217e8a4ca5-smart_protocol.o" "-c" "libgit2/src/libgit2/transports/smart_protocol.c"cargo:rerun-if-env-changed=CC_x86_64-unknown-linux-gnu
  CC_x86_64-unknown-linux-gnu = None
  cargo:rerun-if-env-changed=CC_x86_64_unknown_linux_gnu
  CC_x86_64_unknown_linux_gnu = None
  cargo:rerun-if-env-changed=HOST_CC
  HOST_CC = None
  cargo:rerun-if-env-changed=CC
  CC = None
  cargo:rerun-if-env-changed=CRATE_CC_NO_DEFAULTS
  CRATE_CC_NO_DEFAULTS = None
  cargo:rerun-if-env-changed=CFLAGS
  CFLAGS = None
  cargo:rerun-if-env-changed=HOST_CFLAGS
  HOST_CFLAGS = None
  cargo:rerun-if-env-changed=CFLAGS_x86_64_unknown_linux_gnu
  CFLAGS_x86_64_unknown_linux_gnu = None
  cargo:rerun-if-env-changed=CFLAGS_x86_64-unknown-linux-gnu
  CFLAGS_x86_64-unknown-linux-gnu = None
  cargo:rerun-if-env-changed=CC_x86_64-unknown-linux-gnu
  CC_x86_64-unknown-linux-gnu = None
  cargo:rerun-if-env-changed=CC_x86_64_unknown_linux_gnu
  CC_x86_64_unknown_linux_gnu = None
  cargo:rerun-if-env-changed=HOST_CC
  HOST_CC = None
  cargo:rerun-if-env-changed=CC
  CC = None
  cargo:rerun-if-env-changed=CRATE_CC_NO_DEFAULTS
  CRATE_CC_NO_DEFAULTS = None
  cargo:rerun-if-env-changed=CFLAGS
  CFLAGS = None
  cargo:rerun-if-env-changed=HOST_CFLAGS
  HOST_CFLAGS = None
  cargo:rerun-if-env-changed=CFLAGS_x86_64_unknown_linux_gnu
  CFLAGS_x86_64_unknown_linux_gnu = None
  cargo:rerun-if-env-changed=CFLAGS_x86_64-unknown-linux-gnu
  CFLAGS_x86_64-unknown-linux-gnu = None
  cargo:rerun-if-env-changed=CC_x86_64-unknown-linux-gnu
  CC_x86_64-unknown-linux-gnu = None
  cargo:rerun-if-env-changed=CC_x86_64_unknown_linux_gnu
  CC_x86_64_unknown_linux_gnu = None
  cargo:rerun-if-env-changed=HOST_CC
  HOST_CC = None
  cargo:rerun-if-env-changed=CC
  CC = None
  cargo:rerun-if-env-changed=CRATE_CC_NO_DEFAULTS
  CRATE_CC_NO_DEFAULTS = None
  cargo:rerun-if-env-changed=CFLAGS
  CFLAGS = None
  cargo:rerun-if-env-changed=HOST_CFLAGS
  HOST_CFLAGS = None
  cargo:rerun-if-env-changed=CFLAGS_x86_64_unknown_linux_gnu
  CFLAGS_x86_64_unknown_linux_gnu = None
  cargo:rerun-if-env-changed=CFLAGS_x86_64-unknown-linux-gnu
  CFLAGS_x86_64-unknown-linux-gnu = None
  cargo:rerun-if-env-changed=CC_x86_64-unknown-linux-gnu
  CC_x86_64-unknown-linux-gnu = None
  cargo:rerun-if-env-changed=CC_x86_64_unknown_linux_gnu
  CC_x86_64_unknown_linux_gnu = None
  cargo:rerun-if-env-changed=HOST_CC
  HOST_CC = None
  cargo:rerun-if-env-changed=CC
  CC = None
  cargo:rerun-if-env-changed=CRATE_CC_NO_DEFAULTS
  CRATE_CC_NO_DEFAULTS = None
  cargo:rerun-if-env-changed=CFLAGS
  CFLAGS = None
  cargo:rerun-if-env-changed=HOST_CFLAGS
  HOST_CFLAGS = None
  cargo:rerun-if-env-changed=CFLAGS_x86_64_unknown_linux_gnu
  CFLAGS_x86_64_unknown_linux_gnu = None
  cargo:rerun-if-env-changed=CFLAGS_x86_64-unknown-linux-gnu
  CFLAGS_x86_64-unknown-linux-gnu = None
  cargo:rerun-if-env-changed=CC_x86_64-unknown-linux-gnu
  CC_x86_64-unknown-linux-gnu = None
  cargo:rerun-if-env-changed=CC_x86_64_unknown_linux_gnu
  CC_x86_64_unknown_linux_gnu = None
  cargo:rerun-if-env-changed=HOST_CC
  HOST_CC = None
  cargo:rerun-if-env-changed=CC
  CC = None
  cargo:rerun-if-env-changed=CRATE_CC_NO_DEFAULTS
  CRATE_CC_NO_DEFAULTS = None
  cargo:rerun-if-env-changed=CFLAGS
  CFLAGS = None
  cargo:rerun-if-env-changed=HOST_CFLAGS
  HOST_CFLAGS = None
  cargo:rerun-if-env-changed=CFLAGS_x86_64_unknown_linux_gnu
  CFLAGS_x86_64_unknown_linux_gnu = None
  cargo:rerun-if-env-changed=CFLAGS_x86_64-unknown-linux-gnu
  CFLAGS_x86_64-unknown-linux-gnu = None
  cargo:rerun-if-env-changed=CC_x86_64-unknown-linux-gnu
  CC_x86_64-unknown-linux-gnu = None
  cargo:rerun-if-env-changed=CC_x86_64_unknown_linux_gnu
  CC_x86_64_unknown_linux_gnu = None
  cargo:rerun-if-env-changed=HOST_CC
  HOST_CC = None
  cargo:rerun-if-env-changed=CC
  CC = None
  cargo:rerun-if-env-changed=CRATE_CC_NO_DEFAULTS
  CRATE_CC_NO_DEFAULTS = None
  cargo:rerun-if-env-changed=CFLAGS
  CFLAGS = None
  cargo:rerun-if-env-changed=HOST_CFLAGS
  HOST_CFLAGS = None
  cargo:rerun-if-env-changed=CFLAGS_x86_64_unknown_linux_gnu
  CFLAGS_x86_64_unknown_linux_gnu = None
  cargo:rerun-if-env-changed=CFLAGS_x86_64-unknown-linux-gnu
  CFLAGS_x86_64-unknown-linux-gnu = None
  cargo:rerun-if-env-changed=CC_x86_64-unknown-linux-gnu
  CC_x86_64-unknown-linux-gnu = None
  cargo:rerun-if-env-changed=CC_x86_64_unknown_linux_gnu
  CC_x86_64_unknown_linux_gnu = None
  cargo:rerun-if-env-changed=HOST_CC
  HOST_CC = None
  cargo:rerun-if-env-changed=CC
  CC = None
  cargo:rerun-if-env-changed=CRATE_CC_NO_DEFAULTS
  CRATE_CC_NO_DEFAULTS = None
  cargo:rerun-if-env-changed=CFLAGS
  CFLAGS = None
  cargo:rerun-if-env-changed=HOST_CFLAGS
  HOST_CFLAGS = None
  cargo:rerun-if-env-changed=CFLAGS_x86_64_unknown_linux_gnu
  CFLAGS_x86_64_unknown_linux_gnu = None
  cargo:rerun-if-env-changed=CFLAGS_x86_64-unknown-linux-gnu
  CFLAGS_x86_64-unknown-linux-gnu = None
  cargo:rerun-if-env-changed=CC_x86_64-unknown-linux-gnu
  CC_x86_64-unknown-linux-gnu = None
  cargo:rerun-if-env-changed=CC_x86_64_unknown_linux_gnu
  CC_x86_64_unknown_linux_gnu = None
  cargo:rerun-if-env-changed=HOST_CC
  HOST_CC = None
  cargo:rerun-if-env-changed=CC
  CC = None
  cargo:rerun-if-env-changed=CRATE_CC_NO_DEFAULTS
  CRATE_CC_NO_DEFAULTS = None
  cargo:rerun-if-env-changed=CFLAGS
  CFLAGS = None
  cargo:rerun-if-env-changed=HOST_CFLAGS
  HOST_CFLAGS = None
  cargo:rerun-if-env-changed=CFLAGS_x86_64_unknown_linux_gnu
  CFLAGS_x86_64_unknown_linux_gnu = None
  cargo:rerun-if-env-changed=CFLAGS_x86_64-unknown-linux-gnu
  CFLAGS_x86_64-unknown-linux-gnu = None
  cargo:rerun-if-env-changed=CC_x86_64-unknown-linux-gnu
  CC_x86_64-unknown-linux-gnu = None
  cargo:rerun-if-env-changed=CC_x86_64_unknown_linux_gnu
  CC_x86_64_unknown_linux_gnu = None
  cargo:rerun-if-env-changed=HOST_CC
  HOST_CC = None
  cargo:rerun-if-env-changed=CC
  CC = None
  cargo:rerun-if-env-changed=CRATE_CC_NO_DEFAULTS
  CRATE_CC_NO_DEFAULTS = None
  cargo:rerun-if-env-changed=CFLAGS
  CFLAGS = None
  cargo:rerun-if-env-changed=HOST_CFLAGS
  HOST_CFLAGS = None
  cargo:rerun-if-env-changed=CFLAGS_x86_64_unknown_linux_gnu
  CFLAGS_x86_64_unknown_linux_gnu = None
  cargo:rerun-if-env-changed=CFLAGS_x86_64-unknown-linux-gnu
  CFLAGS_x86_64-unknown-linux-gnu = None

  exit status: 0
  exit status: 0
  exit status: 0
  exit status: 0
  exit status: 0
  exit status: 0
  exit status: 0
  exit status: 0
  cargo:rerun-if-env-changed=CC_x86_64-unknown-linux-gnu
  CC_x86_64-unknown-linux-gnu = None
  cargo:rerun-if-env-changed=CC_x86_64_unknown_linux_gnu
  CC_x86_64_unknown_linux_gnu = None
  cargo:rerun-if-env-changed=HOST_CC
  HOST_CC = None
  cargo:rerun-if-env-changed=CC
  CC = None
  cargo:rerun-if-env-changed=CRATE_CC_NO_DEFAULTS
  CRATE_CC_NO_DEFAULTS = None
  cargo:rerun-if-env-changed=CFLAGS
  CFLAGS = None
  cargo:rerun-if-env-changed=HOST_CFLAGS
  HOST_CFLAGS = None
  cargo:rerun-if-env-changed=CFLAGS_x86_64_unknown_linux_gnu
  CFLAGS_x86_64_unknown_linux_gnu = None
  cargo:rerun-if-env-changed=CFLAGS_x86_64-unknown-linux-gnu
  CFLAGS_x86_64-unknown-linux-gnu = None
  cargo:rerun-if-env-changed=CC_x86_64-unknown-linux-gnu
  CC_x86_64-unknown-linux-gnu = None
  cargo:rerun-if-env-changed=CC_x86_64_unknown_linux_gnu
  CC_x86_64_unknown_linux_gnu = None
  cargo:rerun-if-env-changed=HOST_CC
  HOST_CC = None
  cargo:rerun-if-env-changed=CC
  CC = None
  cargo:rerun-if-env-changed=CRATE_CC_NO_DEFAULTS
  CRATE_CC_NO_DEFAULTS = None
  cargo:rerun-if-env-changed=CFLAGS
  CFLAGS = None
  cargo:rerun-if-env-changed=HOST_CFLAGS
  HOST_CFLAGS = None
  cargo:rerun-if-env-changed=CFLAGS_x86_64_unknown_linux_gnu
  CFLAGS_x86_64_unknown_linux_gnu = None
  cargo:rerun-if-env-changed=CFLAGS_x86_64-unknown-linux-gnu
  CFLAGS_x86_64-unknown-linux-gnu = None
  cargo:rerun-if-env-changed=CC_x86_64-unknown-linux-gnu
  CC_x86_64-unknown-linux-gnu = None
  cargo:rerun-if-env-changed=CC_x86_64_unknown_linux_gnu
  CC_x86_64_unknown_linux_gnu = None
  cargo:rerun-if-env-changed=HOST_CC
  HOST_CC = None
  cargo:rerun-if-env-changed=CC
  CC = None
  cargo:rerun-if-env-changed=CRATE_CC_NO_DEFAULTS
  CRATE_CC_NO_DEFAULTS = None
  cargo:rerun-if-env-changed=CFLAGS
  CFLAGS = None
  cargo:rerun-if-env-changed=HOST_CFLAGS
  HOST_CFLAGS = None
  cargo:rerun-if-env-changed=CFLAGS_x86_64_unknown_linux_gnu
  CFLAGS_x86_64_unknown_linux_gnu = None
  cargo:rerun-if-env-changed=CFLAGS_x86_64-unknown-linux-gnu
  CFLAGS_x86_64-unknown-linux-gnu = None
  cargo:rerun-if-env-changed=CC_x86_64-unknown-linux-gnu
  CC_x86_64-unknown-linux-gnu = None
  cargo:rerun-if-env-changed=CC_x86_64_unknown_linux_gnu
  CC_x86_64_unknown_linux_gnu = None
  cargo:rerun-if-env-changed=HOST_CC
  HOST_CC = None
  cargo:rerun-if-env-changed=CC
  CC = None
  cargo:rerun-if-env-changed=CRATE_CC_NO_DEFAULTS
  CRATE_CC_NO_DEFAULTS = None
  cargo:rerun-if-env-changed=CFLAGS
  CFLAGS = None
  cargo:rerun-if-env-changed=HOST_CFLAGS
  HOST_CFLAGS = None
  cargo:rerun-if-env-changed=CFLAGS_x86_64_unknown_linux_gnu
  CFLAGS_x86_64_unknown_linux_gnu = None
  cargo:rerun-if-env-changed=CFLAGS_x86_64-unknown-linux-gnu
  CFLAGS_x86_64-unknown-linux-gnu = None
  cargo:rerun-if-env-changed=CC_x86_64-unknown-linux-gnu
  CC_x86_64-unknown-linux-gnu = None
  cargo:rerun-if-env-changed=CC_x86_64_unknown_linux_gnu
  CC_x86_64_unknown_linux_gnu = None
  cargo:rerun-if-env-changed=HOST_CC
  HOST_CC = None
  cargo:rerun-if-env-changed=CC
  CC = None
  cargo:rerun-if-env-changed=CRATE_CC_NO_DEFAULTS
  CRATE_CC_NO_DEFAULTS = None
  cargo:rerun-if-env-changed=CFLAGS
  CFLAGS = None
  cargo:rerun-if-env-changed=HOST_CFLAGS
  HOST_CFLAGS = None
  cargo:rerun-if-env-changed=CFLAGS_x86_64_unknown_linux_gnu
  CFLAGS_x86_64_unknown_linux_gnu = None
  cargo:rerun-if-env-changed=CFLAGS_x86_64-unknown-linux-gnu
  CFLAGS_x86_64-unknown-linux-gnu = None
  cargo:rerun-if-env-changed=CC_x86_64-unknown-linux-gnu
  CC_x86_64-unknown-linux-gnu = None
  cargo:rerun-if-env-changed=CC_x86_64_unknown_linux_gnu
  CC_x86_64_unknown_linux_gnu = None
  cargo:rerun-if-env-changed=HOST_CC
  HOST_CC = None
  cargo:rerun-if-env-changed=CC
  CC = None
  cargo:rerun-if-env-changed=CRATE_CC_NO_DEFAULTS
  CRATE_CC_NO_DEFAULTS = None
  cargo:rerun-if-env-changed=CFLAGS
  CFLAGS = None
  cargo:rerun-if-env-changed=HOST_CFLAGS
  HOST_CFLAGS = None
  cargo:rerun-if-env-changed=CFLAGS_x86_64_unknown_linux_gnu
  CFLAGS_x86_64_unknown_linux_gnu = None
  cargo:rerun-if-env-changed=CFLAGS_x86_64-unknown-linux-gnu
  CFLAGS_x86_64-unknown-linux-gnu = None
  cargo:rerun-if-env-changed=CC_x86_64-unknown-linux-gnu
  CC_x86_64-unknown-linux-gnu = None
  cargo:rerun-if-env-changed=CC_x86_64_unknown_linux_gnu
  CC_x86_64_unknown_linux_gnu = None
  cargo:rerun-if-env-changed=HOST_CC
  HOST_CC = None
  cargo:rerun-if-env-changed=CC
  CC = None
  cargo:rerun-if-env-changed=CRATE_CC_NO_DEFAULTS
  CRATE_CC_NO_DEFAULTS = None
  cargo:rerun-if-env-changed=CFLAGS
  CFLAGS = None
  cargo:rerun-if-env-changed=HOST_CFLAGS
  HOST_CFLAGS = None
  cargo:rerun-if-env-changed=CFLAGS_x86_64_unknown_linux_gnu
  CFLAGS_x86_64_unknown_linux_gnu = None
  cargo:rerun-if-env-changed=CFLAGS_x86_64-unknown-linux-gnu
  CFLAGS_x86_64-unknown-linux-gnu = None
  cargo:rerun-if-env-changed=CC_x86_64-unknown-linux-gnu
  CC_x86_64-unknown-linux-gnu = None
  cargo:rerun-if-env-changed=CC_x86_64_unknown_linux_gnu
  CC_x86_64_unknown_linux_gnu = None
  cargo:rerun-if-env-changed=HOST_CC
  HOST_CC = None
  cargo:rerun-if-env-changed=CC
  CC = None
  cargo:rerun-if-env-changed=CRATE_CC_NO_DEFAULTS
  CRATE_CC_NO_DEFAULTS = None
  cargo:rerun-if-env-changed=CFLAGS
  CFLAGS = None
  cargo:rerun-if-env-changed=HOST_CFLAGS
  HOST_CFLAGS = None
  cargo:rerun-if-env-changed=CFLAGS_x86_64_unknown_linux_gnu
  CFLAGS_x86_64_unknown_linux_gnu = None
  cargo:rerun-if-env-changed=CFLAGS_x86_64-unknown-linux-gnu
  CFLAGS_x86_64-unknown-linux-gnu = None
  exit status: 0
  exit status: 0
  exit status: 0
  exit status: 0
  exit status: 0
  exit status: 0
  exit status: 0
  exit status: 0
  cargo:rerun-if-env-changed=CC_x86_64-unknown-linux-gnu
  CC_x86_64-unknown-linux-gnu = None
  cargo:rerun-if-env-changed=CC_x86_64_unknown_linux_gnu
  CC_x86_64_unknown_linux_gnu = None
  cargo:rerun-if-env-changed=HOST_CC
  HOST_CC = None
  cargo:rerun-if-env-changed=CC
  CC = None
  cargo:rerun-if-env-changed=CRATE_CC_NO_DEFAULTS
  CRATE_CC_NO_DEFAULTS = None
  cargo:rerun-if-env-changed=CFLAGS
  CFLAGS = None
  cargo:rerun-if-env-changed=HOST_CFLAGS
  HOST_CFLAGS = None
  cargo:rerun-if-env-changed=CFLAGS_x86_64_unknown_linux_gnu
  CFLAGS_x86_64_unknown_linux_gnu = None
  cargo:rerun-if-env-changed=CFLAGS_x86_64-unknown-linux-gnu
  CFLAGS_x86_64-unknown-linux-gnu = None
  cargo:rerun-if-env-changed=CC_x86_64-unknown-linux-gnu
  CC_x86_64-unknown-linux-gnu = None
  cargo:rerun-if-env-changed=CC_x86_64_unknown_linux_gnu
  CC_x86_64_unknown_linux_gnu = None
  cargo:rerun-if-env-changed=HOST_CC
  HOST_CC = None
  cargo:rerun-if-env-changed=CC
  CC = None
  cargo:rerun-if-env-changed=CRATE_CC_NO_DEFAULTS
  CRATE_CC_NO_DEFAULTS = None
  cargo:rerun-if-env-changed=CFLAGS
  CFLAGS = None
  cargo:rerun-if-env-changed=HOST_CFLAGS
  HOST_CFLAGS = None
  cargo:rerun-if-env-changed=CFLAGS_x86_64_unknown_linux_gnu
  CFLAGS_x86_64_unknown_linux_gnu = None
  cargo:rerun-if-env-changed=CFLAGS_x86_64-unknown-linux-gnu
  CFLAGS_x86_64-unknown-linux-gnu = None
  cargo:rerun-if-env-changed=CC_x86_64-unknown-linux-gnu
  CC_x86_64-unknown-linux-gnu = None
  cargo:rerun-if-env-changed=CC_x86_64_unknown_linux_gnu
  CC_x86_64_unknown_linux_gnu = None
  cargo:rerun-if-env-changed=HOST_CC
  HOST_CC = None
  cargo:rerun-if-env-changed=CC
  CC = None
  cargo:rerun-if-env-changed=CRATE_CC_NO_DEFAULTS
  CRATE_CC_NO_DEFAULTS = None
  cargo:rerun-if-env-changed=CFLAGS
  CFLAGS = None
  cargo:rerun-if-env-changed=HOST_CFLAGS
  HOST_CFLAGS = None
  cargo:rerun-if-env-changed=CFLAGS_x86_64_unknown_linux_gnu
  CFLAGS_x86_64_unknown_linux_gnu = None
  cargo:rerun-if-env-changed=CFLAGS_x86_64-unknown-linux-gnu
  CFLAGS_x86_64-unknown-linux-gnu = None
  cargo:rerun-if-env-changed=CC_x86_64-unknown-linux-gnu
  CC_x86_64-unknown-linux-gnu = None
  cargo:rerun-if-env-changed=CC_x86_64_unknown_linux_gnu
  CC_x86_64_unknown_linux_gnu = None
  cargo:rerun-if-env-changed=HOST_CC
  HOST_CC = None
  cargo:rerun-if-env-changed=CC
  CC = None
  cargo:rerun-if-env-changed=CRATE_CC_NO_DEFAULTS
  CRATE_CC_NO_DEFAULTS = None
  cargo:rerun-if-env-changed=CFLAGS
  CFLAGS = None
  cargo:rerun-if-env-changed=HOST_CFLAGS
  HOST_CFLAGS = None
  cargo:rerun-if-env-changed=CFLAGS_x86_64_unknown_linux_gnu
  CFLAGS_x86_64_unknown_linux_gnu = None
  cargo:rerun-if-env-changed=CFLAGS_x86_64-unknown-linux-gnu
  CFLAGS_x86_64-unknown-linux-gnu = None
  cargo:rerun-if-env-changed=CC_x86_64-unknown-linux-gnu
  CC_x86_64-unknown-linux-gnu = None
  cargo:rerun-if-env-changed=CC_x86_64_unknown_linux_gnu
  CC_x86_64_unknown_linux_gnu = None
  cargo:rerun-if-env-changed=HOST_CC
  HOST_CC = None
  cargo:rerun-if-env-changed=CC
  CC = None
  cargo:rerun-if-env-changed=CRATE_CC_NO_DEFAULTS
  CRATE_CC_NO_DEFAULTS = None
  cargo:rerun-if-env-changed=CFLAGS
  CFLAGS = None
  cargo:rerun-if-env-changed=HOST_CFLAGS
  HOST_CFLAGS = None
  cargo:rerun-if-env-changed=CFLAGS_x86_64_unknown_linux_gnu
  CFLAGS_x86_64_unknown_linux_gnu = None
  cargo:rerun-if-env-changed=CFLAGS_x86_64-unknown-linux-gnu
  CFLAGS_x86_64-unknown-linux-gnu = None
  cargo:rerun-if-env-changed=CC_x86_64-unknown-linux-gnu
  CC_x86_64-unknown-linux-gnu = None
  cargo:rerun-if-env-changed=CC_x86_64_unknown_linux_gnu
  CC_x86_64_unknown_linux_gnu = None
  cargo:rerun-if-env-changed=HOST_CC
  HOST_CC = None
  cargo:rerun-if-env-changed=CC
  CC = None
  cargo:rerun-if-env-changed=CRATE_CC_NO_DEFAULTS
  CRATE_CC_NO_DEFAULTS = None
  cargo:rerun-if-env-changed=CFLAGS
  CFLAGS = None
  cargo:rerun-if-env-changed=HOST_CFLAGS
  HOST_CFLAGS = None
  cargo:rerun-if-env-changed=CFLAGS_x86_64_unknown_linux_gnu
  CFLAGS_x86_64_unknown_linux_gnu = None
  cargo:rerun-if-env-changed=CFLAGS_x86_64-unknown-linux-gnu
  CFLAGS_x86_64-unknown-linux-gnu = None
  cargo:rerun-if-env-changed=CC_x86_64-unknown-linux-gnu
  CC_x86_64-unknown-linux-gnu = None
  cargo:rerun-if-env-changed=CC_x86_64_unknown_linux_gnu
  CC_x86_64_unknown_linux_gnu = None
  cargo:rerun-if-env-changed=HOST_CC
  HOST_CC = None
  cargo:rerun-if-env-changed=CC
  CC = None
  cargo:rerun-if-env-changed=CRATE_CC_NO_DEFAULTS
  CRATE_CC_NO_DEFAULTS = None
  cargo:rerun-if-env-changed=CFLAGS
  CFLAGS = None
  cargo:rerun-if-env-changed=HOST_CFLAGS
  HOST_CFLAGS = None
  cargo:rerun-if-env-changed=CFLAGS_x86_64_unknown_linux_gnu
  CFLAGS_x86_64_unknown_linux_gnu = None
  cargo:rerun-if-env-changed=CFLAGS_x86_64-unknown-linux-gnu
  CFLAGS_x86_64-unknown-linux-gnu = None
  cargo:rerun-if-env-changed=CC_x86_64-unknown-linux-gnu
  CC_x86_64-unknown-linux-gnu = None
  cargo:rerun-if-env-changed=CC_x86_64_unknown_linux_gnu
  CC_x86_64_unknown_linux_gnu = None
  cargo:rerun-if-env-changed=HOST_CC
  HOST_CC = None
  cargo:rerun-if-env-changed=CC
  CC = None
  cargo:rerun-if-env-changed=CRATE_CC_NO_DEFAULTS
  CRATE_CC_NO_DEFAULTS = None
  cargo:rerun-if-env-changed=CFLAGS
  CFLAGS = None
  cargo:rerun-if-env-changed=HOST_CFLAGS
  HOST_CFLAGS = None
  cargo:rerun-if-env-changed=CFLAGS_x86_64_unknown_linux_gnu
  CFLAGS_x86_64_unknown_linux_gnu = None
  cargo:rerun-if-env-changed=CFLAGS_x86_64-unknown-linux-gnu
  CFLAGS_x86_64-unknown-linux-gnu = None
  exit status: 0
  exit status: 0
  exit status: 0
  exit status: 0
  exit status: 0
  exit status: 0
  exit status: 0
  exit status: 0
  cargo:rerun-if-env-changed=CC_x86_64-unknown-linux-gnu
  CC_x86_64-unknown-linux-gnu = None
  cargo:rerun-if-env-changed=CC_x86_64_unknown_linux_gnu
  CC_x86_64_unknown_linux_gnu = None
  cargo:rerun-if-env-changed=HOST_CC
  HOST_CC = None
  cargo:rerun-if-env-changed=CC
  CC = None
  cargo:rerun-if-env-changed=CRATE_CC_NO_DEFAULTS
  CRATE_CC_NO_DEFAULTS = None
  cargo:rerun-if-env-changed=CFLAGS
  CFLAGS = None
  cargo:rerun-if-env-changed=HOST_CFLAGS
  HOST_CFLAGS = None
  cargo:rerun-if-env-changed=CFLAGS_x86_64_unknown_linux_gnu
  CFLAGS_x86_64_unknown_linux_gnu = None
  cargo:rerun-if-env-changed=CFLAGS_x86_64-unknown-linux-gnu
  CFLAGS_x86_64-unknown-linux-gnu = None
  cargo:rerun-if-env-changed=CC_x86_64-unknown-linux-gnu
  CC_x86_64-unknown-linux-gnu = None
  cargo:rerun-if-env-changed=CC_x86_64_unknown_linux_gnu
  CC_x86_64_unknown_linux_gnu = None
  cargo:rerun-if-env-changed=HOST_CC
  HOST_CC = None
  cargo:rerun-if-env-changed=CC
  CC = None
  cargo:rerun-if-env-changed=CRATE_CC_NO_DEFAULTS
  CRATE_CC_NO_DEFAULTS = None
  cargo:rerun-if-env-changed=CFLAGS
  CFLAGS = None
  cargo:rerun-if-env-changed=HOST_CFLAGS
  HOST_CFLAGS = None
  cargo:rerun-if-env-changed=CFLAGS_x86_64_unknown_linux_gnu
  CFLAGS_x86_64_unknown_linux_gnu = None
  cargo:rerun-if-env-changed=CFLAGS_x86_64-unknown-linux-gnu
  CFLAGS_x86_64-unknown-linux-gnu = None
  cargo:rerun-if-env-changed=CC_x86_64-unknown-linux-gnu
  CC_x86_64-unknown-linux-gnu = None
  cargo:rerun-if-env-changed=CC_x86_64_unknown_linux_gnu
  CC_x86_64_unknown_linux_gnu = None
  cargo:rerun-if-env-changed=HOST_CC
  HOST_CC = None
  cargo:rerun-if-env-changed=CC
  CC = None
  cargo:rerun-if-env-changed=CRATE_CC_NO_DEFAULTS
  CRATE_CC_NO_DEFAULTS = None
  cargo:rerun-if-env-changed=CFLAGS
  CFLAGS = None
  cargo:rerun-if-env-changed=HOST_CFLAGS
  HOST_CFLAGS = None
  cargo:rerun-if-env-changed=CFLAGS_x86_64_unknown_linux_gnu
  CFLAGS_x86_64_unknown_linux_gnu = None
  cargo:rerun-if-env-changed=CFLAGS_x86_64-unknown-linux-gnu
  CFLAGS_x86_64-unknown-linux-gnu = None
  cargo:rerun-if-env-changed=CC_x86_64-unknown-linux-gnu
  CC_x86_64-unknown-linux-gnu = None
  cargo:rerun-if-env-changed=CC_x86_64_unknown_linux_gnu
  CC_x86_64_unknown_linux_gnu = None
  cargo:rerun-if-env-changed=HOST_CC
  HOST_CC = None
  cargo:rerun-if-env-changed=CC
  CC = None
  cargo:rerun-if-env-changed=CRATE_CC_NO_DEFAULTS
  CRATE_CC_NO_DEFAULTS = None
  cargo:rerun-if-env-changed=CFLAGS
  CFLAGS = None
  cargo:rerun-if-env-changed=HOST_CFLAGS
  HOST_CFLAGS = None
  cargo:rerun-if-env-changed=CFLAGS_x86_64_unknown_linux_gnu
  CFLAGS_x86_64_unknown_linux_gnu = None
  cargo:rerun-if-env-changed=CFLAGS_x86_64-unknown-linux-gnu
  CFLAGS_x86_64-unknown-linux-gnu = None
  cargo:rerun-if-env-changed=CC_x86_64-unknown-linux-gnu
  CC_x86_64-unknown-linux-gnu = None
  cargo:rerun-if-env-changed=CC_x86_64_unknown_linux_gnu
  CC_x86_64_unknown_linux_gnu = None
  cargo:rerun-if-env-changed=HOST_CC
  HOST_CC = None
  cargo:rerun-if-env-changed=CC
  CC = None
  cargo:rerun-if-env-changed=CRATE_CC_NO_DEFAULTS
  CRATE_CC_NO_DEFAULTS = None
  cargo:rerun-if-env-changed=CFLAGS
  CFLAGS = None
  cargo:rerun-if-env-changed=HOST_CFLAGS
  HOST_CFLAGS = None
  cargo:rerun-if-env-changed=CFLAGS_x86_64_unknown_linux_gnu
  CFLAGS_x86_64_unknown_linux_gnu = None
  cargo:rerun-if-env-changed=CFLAGS_x86_64-unknown-linux-gnu
  CFLAGS_x86_64-unknown-linux-gnu = None
  cargo:rerun-if-env-changed=CC_x86_64-unknown-linux-gnu
  CC_x86_64-unknown-linux-gnu = None
  cargo:rerun-if-env-changed=CC_x86_64_unknown_linux_gnu
  CC_x86_64_unknown_linux_gnu = None
  cargo:rerun-if-env-changed=HOST_CC
  HOST_CC = None
  cargo:rerun-if-env-changed=CC
  CC = None
  cargo:rerun-if-env-changed=CRATE_CC_NO_DEFAULTS
  CRATE_CC_NO_DEFAULTS = None
  cargo:rerun-if-env-changed=CFLAGS
  CFLAGS = None
  cargo:rerun-if-env-changed=HOST_CFLAGS
  HOST_CFLAGS = None
  cargo:rerun-if-env-changed=CFLAGS_x86_64_unknown_linux_gnu
  CFLAGS_x86_64_unknown_linux_gnu = None
  cargo:rerun-if-env-changed=CFLAGS_x86_64-unknown-linux-gnu
  CFLAGS_x86_64-unknown-linux-gnu = None
  cargo:rerun-if-env-changed=CC_x86_64-unknown-linux-gnu
  CC_x86_64-unknown-linux-gnu = None
  cargo:rerun-if-env-changed=CC_x86_64_unknown_linux_gnu
  CC_x86_64_unknown_linux_gnu = None
  cargo:rerun-if-env-changed=HOST_CC
  HOST_CC = None
  cargo:rerun-if-env-changed=CC
  CC = None
  cargo:rerun-if-env-changed=CRATE_CC_NO_DEFAULTS
  CRATE_CC_NO_DEFAULTS = None
  cargo:rerun-if-env-changed=CFLAGS
  CFLAGS = None
  cargo:rerun-if-env-changed=HOST_CFLAGS
  HOST_CFLAGS = None
  cargo:rerun-if-env-changed=CFLAGS_x86_64_unknown_linux_gnu
  CFLAGS_x86_64_unknown_linux_gnu = None
  cargo:rerun-if-env-changed=CFLAGS_x86_64-unknown-linux-gnu
  CFLAGS_x86_64-unknown-linux-gnu = None
  cargo:rerun-if-env-changed=CC_x86_64-unknown-linux-gnu
  CC_x86_64-unknown-linux-gnu = None
  cargo:rerun-if-env-changed=CC_x86_64_unknown_linux_gnu
  CC_x86_64_unknown_linux_gnu = None
  cargo:rerun-if-env-changed=HOST_CC
  HOST_CC = None
  cargo:rerun-if-env-changed=CC
  CC = None
  cargo:rerun-if-env-changed=CRATE_CC_NO_DEFAULTS
  CRATE_CC_NO_DEFAULTS = None
  cargo:rerun-if-env-changed=CFLAGS
  CFLAGS = None
  cargo:rerun-if-env-changed=HOST_CFLAGS
  HOST_CFLAGS = None
  cargo:rerun-if-env-changed=CFLAGS_x86_64_unknown_linux_gnu
  CFLAGS_x86_64_unknown_linux_gnu = None
  cargo:rerun-if-env-changed=CFLAGS_x86_64-unknown-linux-gnu
  CFLAGS_x86_64-unknown-linux-gnu = None
  exit status: 0
  exit status: 0
  exit status: 0
  exit status: 0
  exit status: 0
  exit status: 0
  exit status: 0
  exit status: 0
  cargo:rerun-if-env-changed=CC_x86_64-unknown-linux-gnu
  CC_x86_64-unknown-linux-gnu = None
  cargo:rerun-if-env-changed=CC_x86_64_unknown_linux_gnu
  CC_x86_64_unknown_linux_gnu = None
  cargo:rerun-if-env-changed=HOST_CC
  HOST_CC = None
  cargo:rerun-if-env-changed=CC
  CC = None
  cargo:rerun-if-env-changed=CRATE_CC_NO_DEFAULTS
  CRATE_CC_NO_DEFAULTS = None
  cargo:rerun-if-env-changed=CFLAGS
  CFLAGS = None
  cargo:rerun-if-env-changed=HOST_CFLAGS
  HOST_CFLAGS = None
  cargo:rerun-if-env-changed=CFLAGS_x86_64_unknown_linux_gnu
  CFLAGS_x86_64_unknown_linux_gnu = None
  cargo:rerun-if-env-changed=CFLAGS_x86_64-unknown-linux-gnu
  CFLAGS_x86_64-unknown-linux-gnu = None
  cargo:rerun-if-env-changed=CC_x86_64-unknown-linux-gnu
  CC_x86_64-unknown-linux-gnu = None
  cargo:rerun-if-env-changed=CC_x86_64_unknown_linux_gnu
  CC_x86_64_unknown_linux_gnu = None
  cargo:rerun-if-env-changed=HOST_CC
  HOST_CC = None
  cargo:rerun-if-env-changed=CC
  CC = None
  cargo:rerun-if-env-changed=CRATE_CC_NO_DEFAULTS
  CRATE_CC_NO_DEFAULTS = None
  cargo:rerun-if-env-changed=CFLAGS
  CFLAGS = None
  cargo:rerun-if-env-changed=HOST_CFLAGS
  HOST_CFLAGS = None
  cargo:rerun-if-env-changed=CFLAGS_x86_64_unknown_linux_gnu
  CFLAGS_x86_64_unknown_linux_gnu = None
  cargo:rerun-if-env-changed=CFLAGS_x86_64-unknown-linux-gnu
  CFLAGS_x86_64-unknown-linux-gnu = None
  cargo:rerun-if-env-changed=CC_x86_64-unknown-linux-gnu
  CC_x86_64-unknown-linux-gnu = None
  cargo:rerun-if-env-changed=CC_x86_64_unknown_linux_gnu
  CC_x86_64_unknown_linux_gnu = None
  cargo:rerun-if-env-changed=HOST_CC
  HOST_CC = None
  cargo:rerun-if-env-changed=CC
  CC = None
  cargo:rerun-if-env-changed=CRATE_CC_NO_DEFAULTS
  CRATE_CC_NO_DEFAULTS = None
  cargo:rerun-if-env-changed=CFLAGS
  CFLAGS = None
  cargo:rerun-if-env-changed=HOST_CFLAGS
  HOST_CFLAGS = None
  cargo:rerun-if-env-changed=CFLAGS_x86_64_unknown_linux_gnu
  CFLAGS_x86_64_unknown_linux_gnu = None
  cargo:rerun-if-env-changed=CFLAGS_x86_64-unknown-linux-gnu
  CFLAGS_x86_64-unknown-linux-gnu = None
  cargo:rerun-if-env-changed=CC_x86_64-unknown-linux-gnu
  CC_x86_64-unknown-linux-gnu = None
  cargo:rerun-if-env-changed=CC_x86_64_unknown_linux_gnu
  CC_x86_64_unknown_linux_gnu = None
  cargo:rerun-if-env-changed=HOST_CC
  HOST_CC = None
  cargo:rerun-if-env-changed=CC
  CC = None
  cargo:rerun-if-env-changed=CRATE_CC_NO_DEFAULTS
  CRATE_CC_NO_DEFAULTS = None
  cargo:rerun-if-env-changed=CFLAGS
  CFLAGS = None
  cargo:rerun-if-env-changed=HOST_CFLAGS
  HOST_CFLAGS = None
  cargo:rerun-if-env-changed=CFLAGS_x86_64_unknown_linux_gnu
  CFLAGS_x86_64_unknown_linux_gnu = None
  cargo:rerun-if-env-changed=CFLAGS_x86_64-unknown-linux-gnu
  CFLAGS_x86_64-unknown-linux-gnu = None
  cargo:rerun-if-env-changed=CC_x86_64-unknown-linux-gnu
  CC_x86_64-unknown-linux-gnu = None
  cargo:rerun-if-env-changed=CC_x86_64_unknown_linux_gnu
  CC_x86_64_unknown_linux_gnu = None
  cargo:rerun-if-env-changed=HOST_CC
  HOST_CC = None
  cargo:rerun-if-env-changed=CC
  CC = None
  cargo:rerun-if-env-changed=CRATE_CC_NO_DEFAULTS
  CRATE_CC_NO_DEFAULTS = None
  cargo:rerun-if-env-changed=CFLAGS
  CFLAGS = None
  cargo:rerun-if-env-changed=HOST_CFLAGS
  HOST_CFLAGS = None
  cargo:rerun-if-env-changed=CFLAGS_x86_64_unknown_linux_gnu
  CFLAGS_x86_64_unknown_linux_gnu = None
  cargo:rerun-if-env-changed=CFLAGS_x86_64-unknown-linux-gnu
  CFLAGS_x86_64-unknown-linux-gnu = None
  cargo:rerun-if-env-changed=CC_x86_64-unknown-linux-gnu
  CC_x86_64-unknown-linux-gnu = None
  cargo:rerun-if-env-changed=CC_x86_64_unknown_linux_gnu
  CC_x86_64_unknown_linux_gnu = None
  cargo:rerun-if-env-changed=HOST_CC
  HOST_CC = None
  cargo:rerun-if-env-changed=CC
  CC = None
  cargo:rerun-if-env-changed=CRATE_CC_NO_DEFAULTS
  CRATE_CC_NO_DEFAULTS = None
  cargo:rerun-if-env-changed=CFLAGS
  CFLAGS = None
  cargo:rerun-if-env-changed=HOST_CFLAGS
  HOST_CFLAGS = None
  cargo:rerun-if-env-changed=CFLAGS_x86_64_unknown_linux_gnu
  CFLAGS_x86_64_unknown_linux_gnu = None
  cargo:rerun-if-env-changed=CFLAGS_x86_64-unknown-linux-gnu
  CFLAGS_x86_64-unknown-linux-gnu = None
  cargo:rerun-if-env-changed=CC_x86_64-unknown-linux-gnu
  CC_x86_64-unknown-linux-gnu = None
  cargo:rerun-if-env-changed=CC_x86_64_unknown_linux_gnu
  CC_x86_64_unknown_linux_gnu = None
  cargo:rerun-if-env-changed=HOST_CC
  HOST_CC = None
  cargo:rerun-if-env-changed=CC
  CC = None
  cargo:rerun-if-env-changed=CRATE_CC_NO_DEFAULTS
  CRATE_CC_NO_DEFAULTS = None
  cargo:rerun-if-env-changed=CFLAGS
  CFLAGS = None
  cargo:rerun-if-env-changed=HOST_CFLAGS
  HOST_CFLAGS = None
  cargo:rerun-if-env-changed=CFLAGS_x86_64_unknown_linux_gnu
  CFLAGS_x86_64_unknown_linux_gnu = None
  cargo:rerun-if-env-changed=CFLAGS_x86_64-unknown-linux-gnu
  CFLAGS_x86_64-unknown-linux-gnu = None
  cargo:rerun-if-env-changed=CC_x86_64-unknown-linux-gnu
  CC_x86_64-unknown-linux-gnu = None
  cargo:rerun-if-env-changed=CC_x86_64_unknown_linux_gnu
  CC_x86_64_unknown_linux_gnu = None
  cargo:rerun-if-env-changed=HOST_CC
  HOST_CC = None
  cargo:rerun-if-env-changed=CC
  CC = None
  cargo:rerun-if-env-changed=CRATE_CC_NO_DEFAULTS
  CRATE_CC_NO_DEFAULTS = None
  cargo:rerun-if-env-changed=CFLAGS
  CFLAGS = None
  cargo:rerun-if-env-changed=HOST_CFLAGS
  HOST_CFLAGS = None
  cargo:rerun-if-env-changed=CFLAGS_x86_64_unknown_linux_gnu
  CFLAGS_x86_64_unknown_linux_gnu = None
  cargo:rerun-if-env-changed=CFLAGS_x86_64-unknown-linux-gnu
  CFLAGS_x86_64-unknown-linux-gnu = None
  exit status: 0
  exit status: 0
  exit status: 0
  exit status: 0
  exit status: 0
  exit status: 0
  exit status: 0
  exit status: 0
  cargo:rerun-if-env-changed=CC_x86_64-unknown-linux-gnu
  CC_x86_64-unknown-linux-gnu = None
  cargo:rerun-if-env-changed=CC_x86_64_unknown_linux_gnu
  CC_x86_64_unknown_linux_gnu = None
  cargo:rerun-if-env-changed=HOST_CC
  HOST_CC = None
  cargo:rerun-if-env-changed=CC
  CC = None
  cargo:rerun-if-env-changed=CRATE_CC_NO_DEFAULTS
  CRATE_CC_NO_DEFAULTS = None
  cargo:rerun-if-env-changed=CFLAGS
  CFLAGS = None
  cargo:rerun-if-env-changed=HOST_CFLAGS
  HOST_CFLAGS = None
  cargo:rerun-if-env-changed=CFLAGS_x86_64_unknown_linux_gnu
  CFLAGS_x86_64_unknown_linux_gnu = None
  cargo:rerun-if-env-changed=CFLAGS_x86_64-unknown-linux-gnu
  CFLAGS_x86_64-unknown-linux-gnu = None
  cargo:rerun-if-env-changed=CC_x86_64-unknown-linux-gnu
  CC_x86_64-unknown-linux-gnu = None
  cargo:rerun-if-env-changed=CC_x86_64_unknown_linux_gnu
  CC_x86_64_unknown_linux_gnu = None
  cargo:rerun-if-env-changed=HOST_CC
  HOST_CC = None
  cargo:rerun-if-env-changed=CC
  CC = None
  cargo:rerun-if-env-changed=CRATE_CC_NO_DEFAULTS
  CRATE_CC_NO_DEFAULTS = None
  cargo:rerun-if-env-changed=CFLAGS
  CFLAGS = None
  cargo:rerun-if-env-changed=HOST_CFLAGS
  HOST_CFLAGS = None
  cargo:rerun-if-env-changed=CFLAGS_x86_64_unknown_linux_gnu
  CFLAGS_x86_64_unknown_linux_gnu = None
  cargo:rerun-if-env-changed=CFLAGS_x86_64-unknown-linux-gnu
  CFLAGS_x86_64-unknown-linux-gnu = None
  cargo:rerun-if-env-changed=CC_x86_64-unknown-linux-gnu
  CC_x86_64-unknown-linux-gnu = None
  cargo:rerun-if-env-changed=CC_x86_64_unknown_linux_gnu
  CC_x86_64_unknown_linux_gnu = None
  cargo:rerun-if-env-changed=HOST_CC
  HOST_CC = None
  cargo:rerun-if-env-changed=CC
  CC = None
  cargo:rerun-if-env-changed=CRATE_CC_NO_DEFAULTS
  CRATE_CC_NO_DEFAULTS = None
  cargo:rerun-if-env-changed=CFLAGS
  CFLAGS = None
  cargo:rerun-if-env-changed=HOST_CFLAGS
  HOST_CFLAGS = None
  cargo:rerun-if-env-changed=CFLAGS_x86_64_unknown_linux_gnu
  CFLAGS_x86_64_unknown_linux_gnu = None
  cargo:rerun-if-env-changed=CFLAGS_x86_64-unknown-linux-gnu
  CFLAGS_x86_64-unknown-linux-gnu = None
  cargo:rerun-if-env-changed=CC_x86_64-unknown-linux-gnu
  CC_x86_64-unknown-linux-gnu = None
  cargo:rerun-if-env-changed=CC_x86_64_unknown_linux_gnu
  CC_x86_64_unknown_linux_gnu = None
  cargo:rerun-if-env-changed=HOST_CC
  HOST_CC = None
  cargo:rerun-if-env-changed=CC
  CC = None
  cargo:rerun-if-env-changed=CRATE_CC_NO_DEFAULTS
  CRATE_CC_NO_DEFAULTS = None
  cargo:rerun-if-env-changed=CFLAGS
  CFLAGS = None
  cargo:rerun-if-env-changed=HOST_CFLAGS
  HOST_CFLAGS = None
  cargo:rerun-if-env-changed=CFLAGS_x86_64_unknown_linux_gnu
  CFLAGS_x86_64_unknown_linux_gnu = None
  cargo:rerun-if-env-changed=CFLAGS_x86_64-unknown-linux-gnu
  CFLAGS_x86_64-unknown-linux-gnu = None
  cargo:rerun-if-env-changed=CC_x86_64-unknown-linux-gnu
  CC_x86_64-unknown-linux-gnu = None
  cargo:rerun-if-env-changed=CC_x86_64_unknown_linux_gnu
  CC_x86_64_unknown_linux_gnu = None
  cargo:rerun-if-env-changed=HOST_CC
  HOST_CC = None
  cargo:rerun-if-env-changed=CC
  CC = None
  cargo:rerun-if-env-changed=CRATE_CC_NO_DEFAULTS
  CRATE_CC_NO_DEFAULTS = None
  cargo:rerun-if-env-changed=CFLAGS
  CFLAGS = None
  cargo:rerun-if-env-changed=HOST_CFLAGS
  HOST_CFLAGS = None
  cargo:rerun-if-env-changed=CFLAGS_x86_64_unknown_linux_gnu
  CFLAGS_x86_64_unknown_linux_gnu = None
  cargo:rerun-if-env-changed=CFLAGS_x86_64-unknown-linux-gnu
  CFLAGS_x86_64-unknown-linux-gnu = None
  cargo:rerun-if-env-changed=CC_x86_64-unknown-linux-gnu
  CC_x86_64-unknown-linux-gnu = None
  cargo:rerun-if-env-changed=CC_x86_64_unknown_linux_gnu
  CC_x86_64_unknown_linux_gnu = None
  cargo:rerun-if-env-changed=HOST_CC
  HOST_CC = None
  cargo:rerun-if-env-changed=CC
  CC = None
  cargo:rerun-if-env-changed=CRATE_CC_NO_DEFAULTS
  CRATE_CC_NO_DEFAULTS = None
  cargo:rerun-if-env-changed=CFLAGS
  CFLAGS = None
  cargo:rerun-if-env-changed=HOST_CFLAGS
  HOST_CFLAGS = None
  cargo:rerun-if-env-changed=CFLAGS_x86_64_unknown_linux_gnu
  CFLAGS_x86_64_unknown_linux_gnu = None
  cargo:rerun-if-env-changed=CFLAGS_x86_64-unknown-linux-gnu
  CFLAGS_x86_64-unknown-linux-gnu = None
  cargo:rerun-if-env-changed=CC_x86_64-unknown-linux-gnu
  CC_x86_64-unknown-linux-gnu = None
  cargo:rerun-if-env-changed=CC_x86_64_unknown_linux_gnu
  CC_x86_64_unknown_linux_gnu = None
  cargo:rerun-if-env-changed=HOST_CC
  HOST_CC = None
  cargo:rerun-if-env-changed=CC
  CC = None
  cargo:rerun-if-env-changed=CRATE_CC_NO_DEFAULTS
  CRATE_CC_NO_DEFAULTS = None
  cargo:rerun-if-env-changed=CFLAGS
  CFLAGS = None
  cargo:rerun-if-env-changed=HOST_CFLAGS
  HOST_CFLAGS = None
  cargo:rerun-if-env-changed=CFLAGS_x86_64_unknown_linux_gnu
  CFLAGS_x86_64_unknown_linux_gnu = None
  cargo:rerun-if-env-changed=CFLAGS_x86_64-unknown-linux-gnu
  CFLAGS_x86_64-unknown-linux-gnu = None
  cargo:rerun-if-env-changed=CC_x86_64-unknown-linux-gnu
  CC_x86_64-unknown-linux-gnu = None
  cargo:rerun-if-env-changed=CC_x86_64_unknown_linux_gnu
  CC_x86_64_unknown_linux_gnu = None
  cargo:rerun-if-env-changed=HOST_CC
  HOST_CC = None
  cargo:rerun-if-env-changed=CC
  CC = None
  cargo:rerun-if-env-changed=CRATE_CC_NO_DEFAULTS
  CRATE_CC_NO_DEFAULTS = None
  cargo:rerun-if-env-changed=CFLAGS
  CFLAGS = None
  cargo:rerun-if-env-changed=HOST_CFLAGS
  HOST_CFLAGS = None
  cargo:rerun-if-env-changed=CFLAGS_x86_64_unknown_linux_gnu
  CFLAGS_x86_64_unknown_linux_gnu = None
  cargo:rerun-if-env-changed=CFLAGS_x86_64-unknown-linux-gnu
  CFLAGS_x86_64-unknown-linux-gnu = None
  exit status: 0
  exit status: 0
  exit status: 0
  exit status: 0
  exit status: 0
  exit status: 0
  exit status: 0
  exit status: 0
  cargo:rerun-if-env-changed=CC_x86_64-unknown-linux-gnu
  CC_x86_64-unknown-linux-gnu = None
  cargo:rerun-if-env-changed=CC_x86_64_unknown_linux_gnu
  CC_x86_64_unknown_linux_gnu = None
  cargo:rerun-if-env-changed=HOST_CC
  HOST_CC = None
  cargo:rerun-if-env-changed=CC
  CC = None
  cargo:rerun-if-env-changed=CRATE_CC_NO_DEFAULTS
  CRATE_CC_NO_DEFAULTS = None
  cargo:rerun-if-env-changed=CFLAGS
  CFLAGS = None
  cargo:rerun-if-env-changed=HOST_CFLAGS
  HOST_CFLAGS = None
  cargo:rerun-if-env-changed=CFLAGS_x86_64_unknown_linux_gnu
  CFLAGS_x86_64_unknown_linux_gnu = None
  cargo:rerun-if-env-changed=CFLAGS_x86_64-unknown-linux-gnu
  CFLAGS_x86_64-unknown-linux-gnu = None
  cargo:rerun-if-env-changed=CC_x86_64-unknown-linux-gnu
  CC_x86_64-unknown-linux-gnu = None
  cargo:rerun-if-env-changed=CC_x86_64_unknown_linux_gnu
  CC_x86_64_unknown_linux_gnu = None
  cargo:rerun-if-env-changed=HOST_CC
  HOST_CC = None
  cargo:rerun-if-env-changed=CC
  CC = None
  cargo:rerun-if-env-changed=CRATE_CC_NO_DEFAULTS
  CRATE_CC_NO_DEFAULTS = None
  cargo:rerun-if-env-changed=CFLAGS
  CFLAGS = None
  cargo:rerun-if-env-changed=HOST_CFLAGS
  HOST_CFLAGS = None
  cargo:rerun-if-env-changed=CFLAGS_x86_64_unknown_linux_gnu
  CFLAGS_x86_64_unknown_linux_gnu = None
  cargo:rerun-if-env-changed=CFLAGS_x86_64-unknown-linux-gnu
  CFLAGS_x86_64-unknown-linux-gnu = None
  cargo:rerun-if-env-changed=CC_x86_64-unknown-linux-gnu
  CC_x86_64-unknown-linux-gnu = None
  cargo:rerun-if-env-changed=CC_x86_64_unknown_linux_gnu
  CC_x86_64_unknown_linux_gnu = None
  cargo:rerun-if-env-changed=HOST_CC
  HOST_CC = None
  cargo:rerun-if-env-changed=CC
  CC = None
  cargo:rerun-if-env-changed=CRATE_CC_NO_DEFAULTS
  CRATE_CC_NO_DEFAULTS = None
  cargo:rerun-if-env-changed=CFLAGS
  CFLAGS = None
  cargo:rerun-if-env-changed=HOST_CFLAGS
  HOST_CFLAGS = None
  cargo:rerun-if-env-changed=CFLAGS_x86_64_unknown_linux_gnu
  CFLAGS_x86_64_unknown_linux_gnu = None
  cargo:rerun-if-env-changed=CFLAGS_x86_64-unknown-linux-gnu
  CFLAGS_x86_64-unknown-linux-gnu = None
  cargo:rerun-if-env-changed=CC_x86_64-unknown-linux-gnu
  CC_x86_64-unknown-linux-gnu = None
  cargo:rerun-if-env-changed=CC_x86_64_unknown_linux_gnu
  CC_x86_64_unknown_linux_gnu = None
  cargo:rerun-if-env-changed=HOST_CC
  HOST_CC = None
  cargo:rerun-if-env-changed=CC
  CC = None
  cargo:rerun-if-env-changed=CRATE_CC_NO_DEFAULTS
  CRATE_CC_NO_DEFAULTS = None
  cargo:rerun-if-env-changed=CFLAGS
  CFLAGS = None
  cargo:rerun-if-env-changed=HOST_CFLAGS
  HOST_CFLAGS = None
  cargo:rerun-if-env-changed=CFLAGS_x86_64_unknown_linux_gnu
  CFLAGS_x86_64_unknown_linux_gnu = None
  cargo:rerun-if-env-changed=CFLAGS_x86_64-unknown-linux-gnu
  CFLAGS_x86_64-unknown-linux-gnu = None
  cargo:rerun-if-env-changed=CC_x86_64-unknown-linux-gnu
  CC_x86_64-unknown-linux-gnu = None
  cargo:rerun-if-env-changed=CC_x86_64_unknown_linux_gnu
  CC_x86_64_unknown_linux_gnu = None
  cargo:rerun-if-env-changed=HOST_CC
  HOST_CC = None
  cargo:rerun-if-env-changed=CC
  CC = None
  cargo:rerun-if-env-changed=CRATE_CC_NO_DEFAULTS
  CRATE_CC_NO_DEFAULTS = None
  cargo:rerun-if-env-changed=CFLAGS
  CFLAGS = None
  cargo:rerun-if-env-changed=HOST_CFLAGS
  HOST_CFLAGS = None
  cargo:rerun-if-env-changed=CFLAGS_x86_64_unknown_linux_gnu
  CFLAGS_x86_64_unknown_linux_gnu = None
  cargo:rerun-if-env-changed=CFLAGS_x86_64-unknown-linux-gnu
  CFLAGS_x86_64-unknown-linux-gnu = None
  cargo:rerun-if-env-changed=CC_x86_64-unknown-linux-gnu
  CC_x86_64-unknown-linux-gnu = None
  cargo:rerun-if-env-changed=CC_x86_64_unknown_linux_gnu
  CC_x86_64_unknown_linux_gnu = None
  cargo:rerun-if-env-changed=HOST_CC
  HOST_CC = None
  cargo:rerun-if-env-changed=CC
  CC = None
  cargo:rerun-if-env-changed=CRATE_CC_NO_DEFAULTS
  CRATE_CC_NO_DEFAULTS = None
  cargo:rerun-if-env-changed=CFLAGS
  CFLAGS = None
  cargo:rerun-if-env-changed=HOST_CFLAGS
  HOST_CFLAGS = None
  cargo:rerun-if-env-changed=CFLAGS_x86_64_unknown_linux_gnu
  CFLAGS_x86_64_unknown_linux_gnu = None
  cargo:rerun-if-env-changed=CFLAGS_x86_64-unknown-linux-gnu
  CFLAGS_x86_64-unknown-linux-gnu = None
  exit status: 0
  exit status: 0
  exit status: 0
  exit status: 0
  exit status: 0
  exit status: 0
  exit status: 0
  exit status: 0

  --- stderr


  error occurred in cc-rs: command did not execute successfully (status code signal: 11 (SIGSEGV) (core dumped)): LC_ALL="C" "cc" "-O1" "-ffunction-sections" "-fdata-sections" "-fPIC" "-m64" "-I" "/tmp/cargo-installanfjzz/release/build/libgit2-sys-74f0324df8f013ba/out/include" "-I" "libgit2/src/libgit2" "-I" "libgit2/src/util" "-I" "libgit2/deps/llhttp" "-I" "libgit2/deps/xdiff" "-I" "libgit2/deps/pcre" "-I" "/tmp/cargo-installanfjzz/release/build/libz-sys-fcfc61bf0a294261/out/include" "-w" "-fvisibility=hidden" "-DGIT_REGEX_BUILTIN=1" "-DHAVE_STDINT_H=1" "-DHAVE_MEMMOVE=1" "-DNO_RECURSE=1" "-DNEWLINE=10" "-DPOSIX_MALLOC_THRESHOLD=10" "-DLINK_SIZE=2" "-DPARENS_NEST_LIMIT=250" "-DMATCH_LIMIT=10000000" "-DMATCH_LIMIT_RECURSION=MATCH_LIMIT" "-DMAX_NAME_SIZE=32" "-DMAX_NAME_COUNT=10000" "-DSHA1DC_NO_STANDARD_INCLUDES=1" "-DSHA1DC_CUSTOM_INCLUDE_SHA1_C=\"common.h\"" "-DSHA1DC_CUSTOM_INCLUDE_UBC_CHECK_C=\"common.h\"" "-o" "/tmp/cargo-installanfjzz/release/build/libgit2-sys-74f0324df8f013ba/out/build/ce06de217e8a4ca5-smart_protocol.o" "-c" "libgit2/src/libgit2/transports/smart_protocol.c"


warning: build failed, waiting for other jobs to finish...
error: failed to compile `cargo-tarpaulin v0.37.2`, intermediate artifacts can be found at `/tmp/cargo-installanfjzz`.
To reuse those artifacts with a future compilation, set the environment variable `CARGO_BUILD_BUILD_DIR` to that path.
Pinned tool installation failed.
