group,scenario,round,round_millis,metric,value
driver,driver/single_origin_split_download,0,162.6868,active,0
driver,driver/single_origin_split_download,0,162.6868,avg_block_bytes,1048576
driver,driver/single_origin_split_download,0,162.6868,body_reads,787
driver,driver/single_origin_split_download,0,162.6868,body_wait_ms,151.403
driver,driver/single_origin_split_download,0,162.6868,cache_copied_bytes,12582912
driver,driver/single_origin_split_download,0,162.6868,cache_evicted_bytes,12582912
driver,driver/single_origin_split_download,0,162.6868,cancelled,0
driver,driver/single_origin_split_download,0,162.6868,checksum_ms,0
driver,driver/single_origin_split_download,0,162.6868,commands,13
driver,driver/single_origin_split_download,0,162.6868,completed,5
driver,driver/single_origin_split_download,0,162.6868,connections,4
driver,driver/single_origin_split_download,0,162.6868,cpu_ms,16.299999999999997
driver,driver/single_origin_split_download,0,162.6868,cpu_percent,10.019249621638096
driver,driver/single_origin_split_download,0,162.6868,distinct_ranges,5
driver,driver/single_origin_split_download,0,162.6868,duplicate_bytes,0
driver,driver/single_origin_split_download,0,162.6868,failed,0
driver,driver/single_origin_split_download,0,162.6868,file_bytes,12582912
driver,driver/single_origin_split_download,0,162.6868,finalize,0.0019580000000019027
driver,driver/single_origin_split_download,0,162.6868,fsync_calls,1
driver,driver/single_origin_split_download,0,162.6868,fsync_ms,4.061
driver,driver/single_origin_split_download,0,162.6868,loops,83
driver,driver/single_origin_split_download,0,162.6868,max_command_latency_ms,27.913
driver,driver/single_origin_split_download,0,162.6868,pauses,8
driver,driver/single_origin_split_download,0,162.6868,pools,1
driver,driver/single_origin_split_download,0,162.6868,prealloc_ms,3.799
driver,driver/single_origin_split_download,0,162.6868,process_peak_rss_bytes,56049664
driver,driver/single_origin_split_download,0,162.6868,report_span,0
driver,driver/single_origin_split_download,0,162.6868,requests,5
driver,driver/single_origin_split_download,0,162.6868,response_head_ms,55.292
driver,driver/single_origin_split_download,0,162.6868,response_heads,5
driver,driver/single_origin_split_download,0,162.6868,resumes,8
driver,driver/single_origin_split_download,0,162.6868,running_reports,1
driver,driver/single_origin_split_download,0,162.6868,served_bytes,12582912
driver,driver/single_origin_split_download,0,162.6868,submitted,5
driver,driver/single_origin_split_download,0,162.6868,to_first_report,159.645375
driver,driver/single_origin_split_download,0,162.6868,total,159.647333
driver,driver/single_origin_split_download,0,162.6868,unique_bytes,12582912
driver,driver/single_origin_split_download,0,162.6868,verified,1
driver,driver/single_origin_split_download,0,162.6868,writer_blocks,12
driver,driver/single_origin_split_download,0,162.6868,writer_bytes,12582912
driver,driver/single_origin_split_download,0,162.6868,writer_seeks,1
driver,driver/single_origin_split_download,1,82.7587,active,0
driver,driver/single_origin_split_download,1,82.7587,avg_block_bytes,1048576
driver,driver/single_origin_split_download,1,82.7587,body_reads,779
driver,driver/single_origin_split_download,1,82.7587,body_wait_ms,94.372
driver,driver/single_origin_split_download,1,82.7587,cache_copied_bytes,12582912
driver,driver/single_origin_split_download,1,82.7587,cache_evicted_bytes,12582912
driver,driver/single_origin_split_download,1,82.7587,cancelled,0
driver,driver/single_origin_split_download,1,82.7587,checksum_ms,0
driver,driver/single_origin_split_download,1,82.7587,commands,12
driver,driver/single_origin_split_download,1,82.7587,completed,4
driver,driver/single_origin_split_download,1,82.7587,connections,4
driver,driver/single_origin_split_download,1,82.7587,cpu_ms,21.335
driver,driver/single_origin_split_download,1,82.7587,cpu_percent,25.77977755223846
driver,driver/single_origin_split_download,1,82.7587,distinct_ranges,4
driver,driver/single_origin_split_download,1,82.7587,duplicate_bytes,0
driver,driver/single_origin_split_download,1,82.7587,failed,0
driver,driver/single_origin_split_download,1,82.7587,file_bytes,12582912
driver,driver/single_origin_split_download,1,82.7587,fsync_calls,1
driver,driver/single_origin_split_download,1,82.7587,fsync_ms,6.318
driver,driver/single_origin_split_download,1,82.7587,loops,60
driver,driver/single_origin_split_download,1,82.7587,max_command_latency_ms,24.805
driver,driver/single_origin_split_download,1,82.7587,pauses,8
driver,driver/single_origin_split_download,1,82.7587,pools,1
driver,driver/single_origin_split_download,1,82.7587,prealloc_ms,4.145
driver,driver/single_origin_split_download,1,82.7587,process_peak_rss_bytes,59424768
driver,driver/single_origin_split_download,1,82.7587,requests,4
driver,driver/single_origin_split_download,1,82.7587,response_head_ms,50.7
driver,driver/single_origin_split_download,1,82.7587,response_heads,4
driver,driver/single_origin_split_download,1,82.7587,resumes,8
driver,driver/single_origin_split_download,1,82.7587,running_reports,0
driver,driver/single_origin_split_download,1,82.7587,served_bytes,12582912
driver,driver/single_origin_split_download,1,82.7587,submitted,4
driver,driver/single_origin_split_download,1,82.7587,total,79.81112499999999
driver,driver/single_origin_split_download,1,82.7587,unique_bytes,12582912
driver,driver/single_origin_split_download,1,82.7587,verified,1
driver,driver/single_origin_split_download,1,82.7587,writer_blocks,12
driver,driver/single_origin_split_download,1,82.7587,writer_bytes,12582912
driver,driver/single_origin_split_download,1,82.7587,writer_seeks,10
driver,driver/single_origin_split_download,2,113.0791,active,0
driver,driver/single_origin_split_download,2,113.0791,avg_block_bytes,1048576
driver,driver/single_origin_split_download,2,113.0791,body_reads,781
driver,driver/single_origin_split_download,2,113.0791,body_wait_ms,148.688
driver,driver/single_origin_split_download,2,113.0791,cache_copied_bytes,12582912
driver,driver/single_origin_split_download,2,113.0791,cache_evicted_bytes,12582912
driver,driver/single_origin_split_download,2,113.0791,cancelled,0
driver,driver/single_origin_split_download,2,113.0791,checksum_ms,0
driver,driver/single_origin_split_download,2,113.0791,commands,12
driver,driver/single_origin_split_download,2,113.0791,completed,4
driver,driver/single_origin_split_download,2,113.0791,connections,4
driver,driver/single_origin_split_download,2,113.0791,cpu_ms,26.99900000000001
driver,driver/single_origin_split_download,2,113.0791,cpu_percent,23.876201730425496
driver,driver/single_origin_split_download,2,113.0791,distinct_ranges,4
driver,driver/single_origin_split_download,2,113.0791,duplicate_bytes,0
driver,driver/single_origin_split_download,2,113.0791,failed,0
driver,driver/single_origin_split_download,2,113.0791,file_bytes,12582912
driver,driver/single_origin_split_download,2,113.0791,finalize,0.0021660000000025548
driver,driver/single_origin_split_download,2,113.0791,fsync_calls,1
driver,driver/single_origin_split_download,2,113.0791,fsync_ms,7.579
driver,driver/single_origin_split_download,2,113.0791,loops,67
driver,driver/single_origin_split_download,2,113.0791,max_command_latency_ms,25.023
driver,driver/single_origin_split_download,2,113.0791,pauses,8
driver,driver/single_origin_split_download,2,113.0791,pools,1
driver,driver/single_origin_split_download,2,113.0791,prealloc_ms,3.239
driver,driver/single_origin_split_download,2,113.0791,process_peak_rss_bytes,62144512
driver,driver/single_origin_split_download,2,113.0791,report_span,0
driver,driver/single_origin_split_download,2,113.0791,requests,4
driver,driver/single_origin_split_download,2,113.0791,response_head_ms,63.368
driver,driver/single_origin_split_download,2,113.0791,response_heads,4
driver,driver/single_origin_split_download,2,113.0791,resumes,8
driver,driver/single_origin_split_download,2,113.0791,running_reports,1
driver,driver/single_origin_split_download,2,113.0791,served_bytes,12582912
driver,driver/single_origin_split_download,2,113.0791,submitted,4
driver,driver/single_origin_split_download,2,113.0791,to_first_report,109.088084
driver,driver/single_origin_split_download,2,113.0791,total,109.09025
driver,driver/single_origin_split_download,2,113.0791,unique_bytes,12582912
driver,driver/single_origin_split_download,2,113.0791,verified,1
driver,driver/single_origin_split_download,2,113.0791,writer_blocks,12
driver,driver/single_origin_split_download,2,113.0791,writer_bytes,12582912
driver,driver/single_origin_split_download,2,113.0791,writer_seeks,10
driver,driver/single_origin_split_download,3,61.0016,active,0
driver,driver/single_origin_split_download,3,61.0016,avg_block_bytes,1048576
driver,driver/single_origin_split_download,3,61.0016,body_reads,779
driver,driver/single_origin_split_download,3,61.0016,body_wait_ms,71.318
driver,driver/single_origin_split_download,3,61.0016,cache_copied_bytes,12582912
driver,driver/single_origin_split_download,3,61.0016,cache_evicted_bytes,12582912
driver,driver/single_origin_split_download,3,61.0016,cancelled,0
driver,driver/single_origin_split_download,3,61.0016,checksum_ms,0
driver,driver/single_origin_split_download,3,61.0016,commands,12
driver,driver/single_origin_split_download,3,61.0016,completed,4
driver,driver/single_origin_split_download,3,61.0016,connections,4
driver,driver/single_origin_split_download,3,61.0016,cpu_ms,26.253
driver,driver/single_origin_split_download,3,61.0016,cpu_percent,43.03658808329614
driver,driver/single_origin_split_download,3,61.0016,distinct_ranges,4
driver,driver/single_origin_split_download,3,61.0016,duplicate_bytes,0
driver,driver/single_origin_split_download,3,61.0016,failed,0
driver,driver/single_origin_split_download,3,61.0016,file_bytes,12582912
driver,driver/single_origin_split_download,3,61.0016,fsync_calls,1
driver,driver/single_origin_split_download,3,61.0016,fsync_ms,6.644
driver,driver/single_origin_split_download,3,61.0016,loops,59
driver,driver/single_origin_split_download,3,61.0016,max_command_latency_ms,22.447
driver,driver/single_origin_split_download,3,61.0016,pauses,8
driver,driver/single_origin_split_download,3,61.0016,pools,1
driver,driver/single_origin_split_download,3,61.0016,prealloc_ms,3.999
driver,driver/single_origin_split_download,3,61.0016,process_peak_rss_bytes,62324736
driver,driver/single_origin_split_download,3,61.0016,requests,4
driver,driver/single_origin_split_download,3,61.0016,response_head_ms,58.364
driver,driver/single_origin_split_download,3,61.0016,response_heads,4
driver,driver/single_origin_split_download,3,61.0016,resumes,8
driver,driver/single_origin_split_download,3,61.0016,running_reports,0
driver,driver/single_origin_split_download,3,61.0016,served_bytes,12582912
driver,driver/single_origin_split_download,3,61.0016,submitted,4
driver,driver/single_origin_split_download,3,61.0016,total,57.770125
driver,driver/single_origin_split_download,3,61.0016,unique_bytes,12582912
driver,driver/single_origin_split_download,3,61.0016,verified,1
driver,driver/single_origin_split_download,3,61.0016,writer_blocks,12
driver,driver/single_origin_split_download,3,61.0016,writer_bytes,12582912
driver,driver/single_origin_split_download,3,61.0016,writer_seeks,12
driver,driver/single_origin_split_download,4,131.0483,active,0
driver,driver/single_origin_split_download,4,131.0483,avg_block_bytes,1048576
driver,driver/single_origin_split_download,4,131.0483,body_reads,779
driver,driver/single_origin_split_download,4,131.0483,body_wait_ms,161.143
driver,driver/single_origin_split_download,4,131.0483,cache_copied_bytes,12582912
driver,driver/single_origin_split_download,4,131.0483,cache_evicted_bytes,12582912
driver,driver/single_origin_split_download,4,131.0483,cancelled,0
driver,driver/single_origin_split_download,4,131.0483,checksum_ms,0
driver,driver/single_origin_split_download,4,131.0483,commands,11
driver,driver/single_origin_split_download,4,131.0483,completed,4
driver,driver/single_origin_split_download,4,131.0483,connections,4
driver,driver/single_origin_split_download,4,131.0483,cpu_ms,28.320999999999984
driver,driver/single_origin_split_download,4,131.0483,cpu_percent,21.611117220818098
driver,driver/single_origin_split_download,4,131.0483,distinct_ranges,4
driver,driver/single_origin_split_download,4,131.0483,duplicate_bytes,0
driver,driver/single_origin_split_download,4,131.0483,failed,0
driver,driver/single_origin_split_download,4,131.0483,file_bytes,12582912
driver,driver/single_origin_split_download,4,131.0483,finalize,0.011499999999998067
driver,driver/single_origin_split_download,4,131.0483,fsync_calls,1
driver,driver/single_origin_split_download,4,131.0483,fsync_ms,8.033
driver,driver/single_origin_split_download,4,131.0483,loops,64
driver,driver/single_origin_split_download,4,131.0483,max_command_latency_ms,23.94
driver,driver/single_origin_split_download,4,131.0483,pauses,7
driver,driver/single_origin_split_download,4,131.0483,pools,1
driver,driver/single_origin_split_download,4,131.0483,prealloc_ms,4.09
driver,driver/single_origin_split_download,4,131.0483,process_peak_rss_bytes,63012864
driver,driver/single_origin_split_download,4,131.0483,report_span,0
driver,driver/single_origin_split_download,4,131.0483,requests,4
driver,driver/single_origin_split_download,4,131.0483,response_head_ms,56.428
driver,driver/single_origin_split_download,4,131.0483,response_heads,4
driver,driver/single_origin_split_download,4,131.0483,resumes,7
driver,driver/single_origin_split_download,4,131.0483,running_reports,1
driver,driver/single_origin_split_download,4,131.0483,served_bytes,12582912
driver,driver/single_origin_split_download,4,131.0483,submitted,4
driver,driver/single_origin_split_download,4,131.0483,to_first_report,127.394542
driver,driver/single_origin_split_download,4,131.0483,total,127.406042
driver,driver/single_origin_split_download,4,131.0483,unique_bytes,12582912
driver,driver/single_origin_split_download,4,131.0483,verified,1
driver,driver/single_origin_split_download,4,131.0483,writer_blocks,12
driver,driver/single_origin_split_download,4,131.0483,writer_bytes,12582912
driver,driver/single_origin_split_download,4,131.0483,writer_seeks,10
driver,driver/single_origin_split_download,5,67.1326,active,0
driver,driver/single_origin_split_download,5,67.1326,avg_block_bytes,1048576
driver,driver/single_origin_split_download,5,67.1326,body_reads,782
driver,driver/single_origin_split_download,5,67.1326,body_wait_ms,105.585
driver,driver/single_origin_split_download,5,67.1326,cache_copied_bytes,12582912
driver,driver/single_origin_split_download,5,67.1326,cache_evicted_bytes,12582912
driver,driver/single_origin_split_download,5,67.1326,cancelled,0
driver,driver/single_origin_split_download,5,67.1326,checksum_ms,0
driver,driver/single_origin_split_download,5,67.1326,commands,11
driver,driver/single_origin_split_download,5,67.1326,completed,5
driver,driver/single_origin_split_download,5,67.1326,connections,4
driver,driver/single_origin_split_download,5,67.1326,cpu_ms,25.57300000000001
driver,driver/single_origin_split_download,5,67.1326,cpu_percent,38.093275809155166
driver,driver/single_origin_split_download,5,67.1326,distinct_ranges,5
driver,driver/single_origin_split_download,5,67.1326,duplicate_bytes,0
driver,driver/single_origin_split_download,5,67.1326,failed,0
driver,driver/single_origin_split_download,5,67.1326,file_bytes,12582912
driver,driver/single_origin_split_download,5,67.1326,finalize,0.008208999999993694
driver,driver/single_origin_split_download,5,67.1326,fsync_calls,1
driver,driver/single_origin_split_download,5,67.1326,fsync_ms,6.927
driver,driver/single_origin_split_download,5,67.1326,loops,49
driver,driver/single_origin_split_download,5,67.1326,max_command_latency_ms,25.01
driver,driver/single_origin_split_download,5,67.1326,pauses,6
driver,driver/single_origin_split_download,5,67.1326,pools,1
driver,driver/single_origin_split_download,5,67.1326,prealloc_ms,3.494
driver,driver/single_origin_split_download,5,67.1326,process_peak_rss_bytes,63438848
driver,driver/single_origin_split_download,5,67.1326,report_span,0
driver,driver/single_origin_split_download,5,67.1326,requests,5
driver,driver/single_origin_split_download,5,67.1326,response_head_ms,68.086
driver,driver/single_origin_split_download,5,67.1326,response_heads,5
driver,driver/single_origin_split_download,5,67.1326,resumes,6
driver,driver/single_origin_split_download,5,67.1326,running_reports,1
driver,driver/single_origin_split_download,5,67.1326,served_bytes,12582912
driver,driver/single_origin_split_download,5,67.1326,submitted,5
driver,driver/single_origin_split_download,5,67.1326,to_first_report,64.329208
driver,driver/single_origin_split_download,5,67.1326,total,64.33741699999999
driver,driver/single_origin_split_download,5,67.1326,unique_bytes,12582912
driver,driver/single_origin_split_download,5,67.1326,verified,1
driver,driver/single_origin_split_download,5,67.1326,writer_blocks,12
driver,driver/single_origin_split_download,5,67.1326,writer_bytes,12582912
driver,driver/single_origin_split_download,5,67.1326,writer_seeks,10
driver,driver/single_origin_split_download,6,116.9267,active,0
driver,driver/single_origin_split_download,6,116.9267,avg_block_bytes,1048576
driver,driver/single_origin_split_download,6,116.9267,body_reads,778
driver,driver/single_origin_split_download,6,116.9267,body_wait_ms,152.741
driver,driver/single_origin_split_download,6,116.9267,cache_copied_bytes,12582912
driver,driver/single_origin_split_download,6,116.9267,cache_evicted_bytes,12582912
driver,driver/single_origin_split_download,6,116.9267,cancelled,0
driver,driver/single_origin_split_download,6,116.9267,checksum_ms,0
driver,driver/single_origin_split_download,6,116.9267,commands,12
driver,driver/single_origin_split_download,6,116.9267,completed,4
driver,driver/single_origin_split_download,6,116.9267,connections,4
driver,driver/single_origin_split_download,6,116.9267,cpu_ms,27.011000000000006
driver,driver/single_origin_split_download,6,116.9267,cpu_percent,23.100795756603365
driver,driver/single_origin_split_download,6,116.9267,distinct_ranges,4
driver,driver/single_origin_split_download,6,116.9267,duplicate_bytes,0
driver,driver/single_origin_split_download,6,116.9267,failed,0
driver,driver/single_origin_split_download,6,116.9267,file_bytes,12582912
driver,driver/single_origin_split_download,6,116.9267,finalize,0.003958999999994717
driver,driver/single_origin_split_download,6,116.9267,fsync_calls,1
driver,driver/single_origin_split_download,6,116.9267,fsync_ms,7.306
driver,driver/single_origin_split_download,6,116.9267,loops,63
driver,driver/single_origin_split_download,6,116.9267,max_command_latency_ms,25.034
driver,driver/single_origin_split_download,6,116.9267,pauses,8
driver,driver/single_origin_split_download,6,116.9267,pools,1
driver,driver/single_origin_split_download,6,116.9267,prealloc_ms,3.241
driver,driver/single_origin_split_download,6,116.9267,process_peak_rss_bytes,63979520
driver,driver/single_origin_split_download,6,116.9267,report_span,0
driver,driver/single_origin_split_download,6,116.9267,requests,4
driver,driver/single_origin_split_download,6,116.9267,response_head_ms,67.766
driver,driver/single_origin_split_download,6,116.9267,response_heads,4
driver,driver/single_origin_split_download,6,116.9267,resumes,8
driver,driver/single_origin_split_download,6,116.9267,running_reports,1
driver,driver/single_origin_split_download,6,116.9267,served_bytes,12582912
driver,driver/single_origin_split_download,6,116.9267,submitted,4
driver,driver/single_origin_split_download,6,116.9267,to_first_report,113.258208
driver,driver/single_origin_split_download,6,116.9267,total,113.26216699999999
driver,driver/single_origin_split_download,6,116.9267,unique_bytes,12582912
driver,driver/single_origin_split_download,6,116.9267,verified,1
driver,driver/single_origin_split_download,6,116.9267,writer_blocks,12
driver,driver/single_origin_split_download,6,116.9267,writer_bytes,12582912
driver,driver/single_origin_split_download,6,116.9267,writer_seeks,10
driver,driver/single_origin_split_download,7,167.9390,active,0
driver,driver/single_origin_split_download,7,167.9390,avg_block_bytes,1048576
driver,driver/single_origin_split_download,7,167.9390,body_reads,779
driver,driver/single_origin_split_download,7,167.9390,body_wait_ms,253.697
driver,driver/single_origin_split_download,7,167.9390,cache_copied_bytes,12582912
driver,driver/single_origin_split_download,7,167.9390,cache_evicted_bytes,12582912
driver,driver/single_origin_split_download,7,167.9390,cancelled,0
driver,driver/single_origin_split_download,7,167.9390,checksum_ms,0
driver,driver/single_origin_split_download,7,167.9390,commands,14
driver,driver/single_origin_split_download,7,167.9390,completed,4
driver,driver/single_origin_split_download,7,167.9390,connections,4
driver,driver/single_origin_split_download,7,167.9390,cpu_ms,34.54599999999999
driver,driver/single_origin_split_download,7,167.9390,cpu_percent,20.57055916753413
driver,driver/single_origin_split_download,7,167.9390,distinct_ranges,4
driver,driver/single_origin_split_download,7,167.9390,duplicate_bytes,0
driver,driver/single_origin_split_download,7,167.9390,failed,0
driver,driver/single_origin_split_download,7,167.9390,file_bytes,12582912
driver,driver/single_origin_split_download,7,167.9390,finalize,0.01824999999999477
driver,driver/single_origin_split_download,7,167.9390,fsync_calls,1
driver,driver/single_origin_split_download,7,167.9390,fsync_ms,7.559
driver,driver/single_origin_split_download,7,167.9390,loops,60
driver,driver/single_origin_split_download,7,167.9390,max_command_latency_ms,25.064
driver,driver/single_origin_split_download,7,167.9390,pauses,10
driver,driver/single_origin_split_download,7,167.9390,pools,1
driver,driver/single_origin_split_download,7,167.9390,prealloc_ms,3.601
driver,driver/single_origin_split_download,7,167.9390,process_peak_rss_bytes,66453504
driver,driver/single_origin_split_download,7,167.9390,report_span,0
driver,driver/single_origin_split_download,7,167.9390,requests,4
driver,driver/single_origin_split_download,7,167.9390,response_head_ms,62.147
driver,driver/single_origin_split_download,7,167.9390,response_heads,4
driver,driver/single_origin_split_download,7,167.9390,resumes,10
driver,driver/single_origin_split_download,7,167.9390,running_reports,1
driver,driver/single_origin_split_download,7,167.9390,served_bytes,12582912
driver,driver/single_origin_split_download,7,167.9390,submitted,4
driver,driver/single_origin_split_download,7,167.9390,to_first_report,163.576166
driver,driver/single_origin_split_download,7,167.9390,total,163.594416
driver,driver/single_origin_split_download,7,167.9390,unique_bytes,12582912
driver,driver/single_origin_split_download,7,167.9390,verified,1
driver,driver/single_origin_split_download,7,167.9390,writer_blocks,12
driver,driver/single_origin_split_download,7,167.9390,writer_bytes,12582912
driver,driver/single_origin_split_download,7,167.9390,writer_seeks,12
driver,driver/single_origin_split_download,8,239.3137,active,0
driver,driver/single_origin_split_download,8,239.3137,avg_block_bytes,1048576
driver,driver/single_origin_split_download,8,239.3137,body_reads,777
driver,driver/single_origin_split_download,8,239.3137,body_wait_ms,225.614
driver,driver/single_origin_split_download,8,239.3137,cache_copied_bytes,12582912
driver,driver/single_origin_split_download,8,239.3137,cache_evicted_bytes,12582912
driver,driver/single_origin_split_download,8,239.3137,cancelled,0
driver,driver/single_origin_split_download,8,239.3137,checksum_ms,0
driver,driver/single_origin_split_download,8,239.3137,commands,13
driver,driver/single_origin_split_download,8,239.3137,completed,4
driver,driver/single_origin_split_download,8,239.3137,connections,4
driver,driver/single_origin_split_download,8,239.3137,cpu_ms,37.200999999999986
driver,driver/single_origin_split_download,8,239.3137,cpu_percent,15.544865265786017
driver,driver/single_origin_split_download,8,239.3137,distinct_ranges,4
driver,driver/single_origin_split_download,8,239.3137,duplicate_bytes,0
driver,driver/single_origin_split_download,8,239.3137,failed,0
driver,driver/single_origin_split_download,8,239.3137,file_bytes,12582912
driver,driver/single_origin_split_download,8,239.3137,finalize,0.02720899999999915
driver,driver/single_origin_split_download,8,239.3137,fsync_calls,1
driver,driver/single_origin_split_download,8,239.3137,fsync_ms,5.142
driver,driver/single_origin_split_download,8,239.3137,loops,77
driver,driver/single_origin_split_download,8,239.3137,max_command_latency_ms,24.976
driver,driver/single_origin_split_download,8,239.3137,pauses,9
driver,driver/single_origin_split_download,8,239.3137,pools,1
driver,driver/single_origin_split_download,8,239.3137,prealloc_ms,2.577
driver,driver/single_origin_split_download,8,239.3137,process_peak_rss_bytes,68550656
driver,driver/single_origin_split_download,8,239.3137,report_span,29.03604100000001
driver,driver/single_origin_split_download,8,239.3137,requests,4
driver,driver/single_origin_split_download,8,239.3137,response_head_ms,63.748
driver,driver/single_origin_split_download,8,239.3137,response_heads,4
driver,driver/single_origin_split_download,8,239.3137,resumes,9
driver,driver/single_origin_split_download,8,239.3137,running_reports,2
driver,driver/single_origin_split_download,8,239.3137,served_bytes,12582912
driver,driver/single_origin_split_download,8,239.3137,submitted,4
driver,driver/single_origin_split_download,8,239.3137,to_first_report,204.994084
driver,driver/single_origin_split_download,8,239.3137,total,234.057334
driver,driver/single_origin_split_download,8,239.3137,unique_bytes,12582912
driver,driver/single_origin_split_download,8,239.3137,verified,1
driver,driver/single_origin_split_download,8,239.3137,writer_blocks,12
driver,driver/single_origin_split_download,8,239.3137,writer_bytes,12582912
driver,driver/single_origin_split_download,8,239.3137,writer_seeks,5
driver,driver/single_origin_split_download,9,181.1569,active,0
driver,driver/single_origin_split_download,9,181.1569,avg_block_bytes,1048576
driver,driver/single_origin_split_download,9,181.1569,body_reads,776
driver,driver/single_origin_split_download,9,181.1569,body_wait_ms,432.211
driver,driver/single_origin_split_download,9,181.1569,cache_copied_bytes,12582912
driver,driver/single_origin_split_download,9,181.1569,cache_evicted_bytes,12582912
driver,driver/single_origin_split_download,9,181.1569,cancelled,0
driver,driver/single_origin_split_download,9,181.1569,checksum_ms,0
driver,driver/single_origin_split_download,9,181.1569,commands,26
driver,driver/single_origin_split_download,9,181.1569,completed,5
driver,driver/single_origin_split_download,9,181.1569,connections,4
driver,driver/single_origin_split_download,9,181.1569,cpu_ms,41.17199999999998
driver,driver/single_origin_split_download,9,181.1569,cpu_percent,22.72726331804961
driver,driver/single_origin_split_download,9,181.1569,distinct_ranges,5
driver,driver/single_origin_split_download,9,181.1569,duplicate_bytes,0
driver,driver/single_origin_split_download,9,181.1569,failed,0
driver,driver/single_origin_split_download,9,181.1569,file_bytes,12582912
driver,driver/single_origin_split_download,9,181.1569,finalize,0.020041999999989457
driver,driver/single_origin_split_download,9,181.1569,fsync_calls,1
driver,driver/single_origin_split_download,9,181.1569,fsync_ms,8.453
driver,driver/single_origin_split_download,9,181.1569,loops,57
driver,driver/single_origin_split_download,9,181.1569,max_command_latency_ms,24.681
driver,driver/single_origin_split_download,9,181.1569,pauses,21
driver,driver/single_origin_split_download,9,181.1569,pools,1
driver,driver/single_origin_split_download,9,181.1569,prealloc_ms,4.715
driver,driver/single_origin_split_download,9,181.1569,process_peak_rss_bytes,69238784
driver,driver/single_origin_split_download,9,181.1569,report_span,0
driver,driver/single_origin_split_download,9,181.1569,requests,5
driver,driver/single_origin_split_download,9,181.1569,response_head_ms,77.266
driver,driver/single_origin_split_download,9,181.1569,response_heads,5
driver,driver/single_origin_split_download,9,181.1569,resumes,21
driver,driver/single_origin_split_download,9,181.1569,running_reports,1
driver,driver/single_origin_split_download,9,181.1569,served_bytes,12582912
driver,driver/single_origin_split_download,9,181.1569,submitted,5
driver,driver/single_origin_split_download,9,181.1569,to_first_report,175.725916
driver,driver/single_origin_split_download,9,181.1569,total,175.745958
driver,driver/single_origin_split_download,9,181.1569,unique_bytes,12582912
driver,driver/single_origin_split_download,9,181.1569,verified,1
driver,driver/single_origin_split_download,9,181.1569,writer_blocks,12
driver,driver/single_origin_split_download,9,181.1569,writer_bytes,12582912
driver,driver/single_origin_split_download,9,181.1569,writer_seeks,12
driver,driver/body_backpressure_256KiB_budget,0,722.5626,active,0
driver,driver/body_backpressure_256KiB_budget,0,722.5626,avg_block_bytes,60494.769230769234
driver,driver/body_backpressure_256KiB_budget,0,722.5626,body_reads,772
driver,driver/body_backpressure_256KiB_budget,0,722.5626,body_wait_ms,1659.513
driver,driver/body_backpressure_256KiB_budget,0,722.5626,cache_copied_bytes,12582912
driver,driver/body_backpressure_256KiB_budget,0,722.5626,cache_evicted_bytes,12582912
driver,driver/body_backpressure_256KiB_budget,0,722.5626,cancelled,0
driver,driver/body_backpressure_256KiB_budget,0,722.5626,checksum_ms,0
driver,driver/body_backpressure_256KiB_budget,0,722.5626,commands,79
driver,driver/body_backpressure_256KiB_budget,0,722.5626,completed,4
driver,driver/body_backpressure_256KiB_budget,0,722.5626,connections,4
driver,driver/body_backpressure_256KiB_budget,0,722.5626,cpu_ms,64.65500000000002
driver,driver/body_backpressure_256KiB_budget,0,722.5626,cpu_percent,8.94801332964046
driver,driver/body_backpressure_256KiB_budget,0,722.5626,distinct_ranges,4
driver,driver/body_backpressure_256KiB_budget,0,722.5626,duplicate_bytes,0
driver,driver/body_backpressure_256KiB_budget,0,722.5626,failed,0
driver,driver/body_backpressure_256KiB_budget,0,722.5626,file_bytes,12582912
driver,driver/body_backpressure_256KiB_budget,0,722.5626,finalize,103.49466700000005
driver,driver/body_backpressure_256KiB_budget,0,722.5626,fsync_calls,1
driver,driver/body_backpressure_256KiB_budget,0,722.5626,fsync_ms,5.752
driver,driver/body_backpressure_256KiB_budget,0,722.5626,loops,71
driver,driver/body_backpressure_256KiB_budget,0,722.5626,max_command_latency_ms,25.042
driver,driver/body_backpressure_256KiB_budget,0,722.5626,pauses,75
driver,driver/body_backpressure_256KiB_budget,0,722.5626,pools,1
driver,driver/body_backpressure_256KiB_budget,0,722.5626,prealloc_ms,2.7
driver,driver/body_backpressure_256KiB_budget,0,722.5626,process_peak_rss_bytes,69238784
driver,driver/body_backpressure_256KiB_budget,0,722.5626,report_span,400.63091599999996
driver,driver/body_backpressure_256KiB_budget,0,722.5626,requests,4
driver,driver/body_backpressure_256KiB_budget,0,722.5626,response_head_ms,65.629
driver,driver/body_backpressure_256KiB_budget,0,722.5626,response_heads,4
driver,driver/body_backpressure_256KiB_budget,0,722.5626,resumes,75
driver,driver/body_backpressure_256KiB_budget,0,722.5626,running_reports,3
driver,driver/body_backpressure_256KiB_budget,0,722.5626,served_bytes,12582912
driver,driver/body_backpressure_256KiB_budget,0,722.5626,submitted,4
driver,driver/body_backpressure_256KiB_budget,0,722.5626,to_first_report,205.96283400000002
driver,driver/body_backpressure_256KiB_budget,0,722.5626,total,710.088417
driver,driver/body_backpressure_256KiB_budget,0,722.5626,unique_bytes,12582912
driver,driver/body_backpressure_256KiB_budget,0,722.5626,verified,1
driver,driver/body_backpressure_256KiB_budget,0,722.5626,writer_blocks,208
driver,driver/body_backpressure_256KiB_budget,0,722.5626,writer_bytes,12582912
driver,driver/body_backpressure_256KiB_budget,0,722.5626,writer_seeks,174
driver,driver/body_backpressure_256KiB_budget,1,799.4375,active,0
driver,driver/body_backpressure_256KiB_budget,1,799.4375,avg_block_bytes,86778.70344827586
driver,driver/body_backpressure_256KiB_budget,1,799.4375,body_reads,778
driver,driver/body_backpressure_256KiB_budget,1,799.4375,body_wait_ms,1155.719
driver,driver/body_backpressure_256KiB_budget,1,799.4375,cache_copied_bytes,12582912
driver,driver/body_backpressure_256KiB_budget,1,799.4375,cache_evicted_bytes,12582912
driver,driver/body_backpressure_256KiB_budget,1,799.4375,cancelled,0
driver,driver/body_backpressure_256KiB_budget,1,799.4375,checksum_ms,0
driver,driver/body_backpressure_256KiB_budget,1,799.4375,commands,60
driver,driver/body_backpressure_256KiB_budget,1,799.4375,completed,5
driver,driver/body_backpressure_256KiB_budget,1,799.4375,connections,4
driver,driver/body_backpressure_256KiB_budget,1,799.4375,cpu_ms,54.38500000000002
driver,driver/body_backpressure_256KiB_budget,1,799.4375,cpu_percent,6.80290829489485
driver,driver/body_backpressure_256KiB_budget,1,799.4375,distinct_ranges,5
driver,driver/body_backpressure_256KiB_budget,1,799.4375,duplicate_bytes,0
driver,driver/body_backpressure_256KiB_budget,1,799.4375,failed,0
driver,driver/body_backpressure_256KiB_budget,1,799.4375,file_bytes,12582912
driver,driver/body_backpressure_256KiB_budget,1,799.4375,finalize,0.006250000000022737
driver,driver/body_backpressure_256KiB_budget,1,799.4375,fsync_calls,1
driver,driver/body_backpressure_256KiB_budget,1,799.4375,fsync_ms,5.799
driver,driver/body_backpressure_256KiB_budget,1,799.4375,loops,89
driver,driver/body_backpressure_256KiB_budget,1,799.4375,max_command_latency_ms,25.028
driver,driver/body_backpressure_256KiB_budget,1,799.4375,pauses,55
driver,driver/body_backpressure_256KiB_budget,1,799.4375,pools,1
driver,driver/body_backpressure_256KiB_budget,1,799.4375,prealloc_ms,3.05
driver,driver/body_backpressure_256KiB_budget,1,799.4375,process_peak_rss_bytes,69238784
driver,driver/body_backpressure_256KiB_budget,1,799.4375,report_span,588.985125
driver,driver/body_backpressure_256KiB_budget,1,799.4375,requests,5
driver,driver/body_backpressure_256KiB_budget,1,799.4375,response_head_ms,92.374
driver,driver/body_backpressure_256KiB_budget,1,799.4375,response_heads,5
driver,driver/body_backpressure_256KiB_budget,1,799.4375,resumes,55
driver,driver/body_backpressure_256KiB_budget,1,799.4375,running_reports,4
driver,driver/body_backpressure_256KiB_budget,1,799.4375,served_bytes,12582912
driver,driver/body_backpressure_256KiB_budget,1,799.4375,submitted,5
driver,driver/body_backpressure_256KiB_budget,1,799.4375,to_first_report,206.784583
driver,driver/body_backpressure_256KiB_budget,1,799.4375,total,795.7759580000001
driver,driver/body_backpressure_256KiB_budget,1,799.4375,unique_bytes,12582912
driver,driver/body_backpressure_256KiB_budget,1,799.4375,verified,1
driver,driver/body_backpressure_256KiB_budget,1,799.4375,writer_blocks,145
driver,driver/body_backpressure_256KiB_budget,1,799.4375,writer_bytes,12582912
driver,driver/body_backpressure_256KiB_budget,1,799.4375,writer_seeks,76
driver,driver/body_backpressure_256KiB_budget,2,981.2052,active,0
driver,driver/body_backpressure_256KiB_budget,2,981.2052,avg_block_bytes,96052.76335877863
driver,driver/body_backpressure_256KiB_budget,2,981.2052,body_reads,776
driver,driver/body_backpressure_256KiB_budget,2,981.2052,body_wait_ms,1230.686
driver,driver/body_backpressure_256KiB_budget,2,981.2052,cache_copied_bytes,12582912
driver,driver/body_backpressure_256KiB_budget,2,981.2052,cache_evicted_bytes,12582912
driver,driver/body_backpressure_256KiB_budget,2,981.2052,cancelled,0
driver,driver/body_backpressure_256KiB_budget,2,981.2052,checksum_ms,0
driver,driver/body_backpressure_256KiB_budget,2,981.2052,commands,59
driver,driver/body_backpressure_256KiB_budget,2,981.2052,completed,4
driver,driver/body_backpressure_256KiB_budget,2,981.2052,connections,4
driver,driver/body_backpressure_256KiB_budget,2,981.2052,cpu_ms,44.937000000000005
driver,driver/body_backpressure_256KiB_budget,2,981.2052,cpu_percent,4.579775740091078
driver,driver/body_backpressure_256KiB_budget,2,981.2052,distinct_ranges,4
driver,driver/body_backpressure_256KiB_budget,2,981.2052,duplicate_bytes,0
driver,driver/body_backpressure_256KiB_budget,2,981.2052,failed,0
driver,driver/body_backpressure_256KiB_budget,2,981.2052,file_bytes,12582912
driver,driver/body_backpressure_256KiB_budget,2,981.2052,finalize,167.19437500000004
driver,driver/body_backpressure_256KiB_budget,2,981.2052,fsync_calls,1
driver,driver/body_backpressure_256KiB_budget,2,981.2052,fsync_ms,5.204
driver,driver/body_backpressure_256KiB_budget,2,981.2052,loops,100
driver,driver/body_backpressure_256KiB_budget,2,981.2052,max_command_latency_ms,25.053
driver,driver/body_backpressure_256KiB_budget,2,981.2052,pauses,55
driver,driver/body_backpressure_256KiB_budget,2,981.2052,pools,1
driver,driver/body_backpressure_256KiB_budget,2,981.2052,prealloc_ms,3.768
driver,driver/body_backpressure_256KiB_budget,2,981.2052,process_peak_rss_bytes,69238784
driver,driver/body_backpressure_256KiB_budget,2,981.2052,report_span,601.2363330000001
driver,driver/body_backpressure_256KiB_budget,2,981.2052,requests,4
driver,driver/body_backpressure_256KiB_budget,2,981.2052,response_head_ms,65.86
driver,driver/body_backpressure_256KiB_budget,2,981.2052,response_heads,4
driver,driver/body_backpressure_256KiB_budget,2,981.2052,resumes,55
driver,driver/body_backpressure_256KiB_budget,2,981.2052,running_reports,4
driver,driver/body_backpressure_256KiB_budget,2,981.2052,served_bytes,12582912
driver,driver/body_backpressure_256KiB_budget,2,981.2052,submitted,4
driver,driver/body_backpressure_256KiB_budget,2,981.2052,to_first_report,206.429917
driver,driver/body_backpressure_256KiB_budget,2,981.2052,total,974.860625
driver,driver/body_backpressure_256KiB_budget,2,981.2052,unique_bytes,12582912
driver,driver/body_backpressure_256KiB_budget,2,981.2052,verified,1
driver,driver/body_backpressure_256KiB_budget,2,981.2052,writer_blocks,131
driver,driver/body_backpressure_256KiB_budget,2,981.2052,writer_bytes,12582912
driver,driver/body_backpressure_256KiB_budget,2,981.2052,writer_seeks,56
driver,driver/body_backpressure_256KiB_budget,3,741.4939,active,0
driver,driver/body_backpressure_256KiB_budget,3,741.4939,avg_block_bytes,86184.32876712328
driver,driver/body_backpressure_256KiB_budget,3,741.4939,body_reads,778
driver,driver/body_backpressure_256KiB_budget,3,741.4939,body_wait_ms,1119.165
driver,driver/body_backpressure_256KiB_budget,3,741.4939,cache_copied_bytes,12582912
driver,driver/body_backpressure_256KiB_budget,3,741.4939,cache_evicted_bytes,12582912
driver,driver/body_backpressure_256KiB_budget,3,741.4939,cancelled,0
driver,driver/body_backpressure_256KiB_budget,3,741.4939,checksum_ms,0
driver,driver/body_backpressure_256KiB_budget,3,741.4939,commands,55
driver,driver/body_backpressure_256KiB_budget,3,741.4939,completed,5
driver,driver/body_backpressure_256KiB_budget,3,741.4939,connections,4
driver,driver/body_backpressure_256KiB_budget,3,741.4939,cpu_ms,48.750000000000014
driver,driver/body_backpressure_256KiB_budget,3,741.4939,cpu_percent,6.5745654338682185
driver,driver/body_backpressure_256KiB_budget,3,741.4939,distinct_ranges,5
driver,driver/body_backpressure_256KiB_budget,3,741.4939,duplicate_bytes,0
driver,driver/body_backpressure_256KiB_budget,3,741.4939,failed,0
driver,driver/body_backpressure_256KiB_budget,3,741.4939,file_bytes,12582912
driver,driver/body_backpressure_256KiB_budget,3,741.4939,finalize,0.005791999999928521
driver,driver/body_backpressure_256KiB_budget,3,741.4939,fsync_calls,1
driver,driver/body_backpressure_256KiB_budget,3,741.4939,fsync_ms,6.023
driver,driver/body_backpressure_256KiB_budget,3,741.4939,loops,85
driver,driver/body_backpressure_256KiB_budget,3,741.4939,max_command_latency_ms,25.28
driver,driver/body_backpressure_256KiB_budget,3,741.4939,pauses,50
driver,driver/body_backpressure_256KiB_budget,3,741.4939,pools,1
driver,driver/body_backpressure_256KiB_budget,3,741.4939,prealloc_ms,3.769
driver,driver/body_backpressure_256KiB_budget,3,741.4939,process_peak_rss_bytes,69238784
driver,driver/body_backpressure_256KiB_budget,3,741.4939,report_span,529.5145
driver,driver/body_backpressure_256KiB_budget,3,741.4939,requests,5
driver,driver/body_backpressure_256KiB_budget,3,741.4939,response_head_ms,65.619
driver,driver/body_backpressure_256KiB_budget,3,741.4939,response_heads,5
driver,driver/body_backpressure_256KiB_budget,3,741.4939,resumes,50
driver,driver/body_backpressure_256KiB_budget,3,741.4939,running_reports,4
driver,driver/body_backpressure_256KiB_budget,3,741.4939,served_bytes,12582912
driver,driver/body_backpressure_256KiB_budget,3,741.4939,submitted,5
driver,driver/body_backpressure_256KiB_budget,3,741.4939,to_first_report,207.261208
driver,driver/body_backpressure_256KiB_budget,3,741.4939,total,736.7814999999999
driver,driver/body_backpressure_256KiB_budget,3,741.4939,unique_bytes,12582912
driver,driver/body_backpressure_256KiB_budget,3,741.4939,verified,1
driver,driver/body_backpressure_256KiB_budget,3,741.4939,writer_blocks,146
driver,driver/body_backpressure_256KiB_budget,3,741.4939,writer_bytes,12582912
driver,driver/body_backpressure_256KiB_budget,3,741.4939,writer_seeks,75
driver,driver/body_backpressure_256KiB_budget,4,814.0255,active,0
driver,driver/body_backpressure_256KiB_budget,4,814.0255,avg_block_bytes,84449.07382550335
driver,driver/body_backpressure_256KiB_budget,4,814.0255,body_reads,774
driver,driver/body_backpressure_256KiB_budget,4,814.0255,body_wait_ms,1232.36
driver,driver/body_backpressure_256KiB_budget,4,814.0255,cache_copied_bytes,12582912
driver,driver/body_backpressure_256KiB_budget,4,814.0255,cache_evicted_bytes,12582912
driver,driver/body_backpressure_256KiB_budget,4,814.0255,cancelled,0
driver,driver/body_backpressure_256KiB_budget,4,814.0255,checksum_ms,0
driver,driver/body_backpressure_256KiB_budget,4,814.0255,commands,68
driver,driver/body_backpressure_256KiB_budget,4,814.0255,completed,5
driver,driver/body_backpressure_256KiB_budget,4,814.0255,connections,4
driver,driver/body_backpressure_256KiB_budget,4,814.0255,cpu_ms,63.76599999999999
driver,driver/body_backpressure_256KiB_budget,4,814.0255,cpu_percent,7.833415143419928
driver,driver/body_backpressure_256KiB_budget,4,814.0255,distinct_ranges,5
driver,driver/body_backpressure_256KiB_budget,4,814.0255,duplicate_bytes,0
driver,driver/body_backpressure_256KiB_budget,4,814.0255,failed,0
driver,driver/body_backpressure_256KiB_budget,4,814.0255,file_bytes,12582912
driver,driver/body_backpressure_256KiB_budget,4,814.0255,finalize,0.020790999999917403
driver,driver/body_backpressure_256KiB_budget,4,814.0255,fsync_calls,1
driver,driver/body_backpressure_256KiB_budget,4,814.0255,fsync_ms,7.005
driver,driver/body_backpressure_256KiB_budget,4,814.0255,loops,84
driver,driver/body_backpressure_256KiB_budget,4,814.0255,max_command_latency_ms,25.214
driver,driver/body_backpressure_256KiB_budget,4,814.0255,pauses,63
driver,driver/body_backpressure_256KiB_budget,4,814.0255,pools,1
driver,driver/body_backpressure_256KiB_budget,4,814.0255,prealloc_ms,3.386
driver,driver/body_backpressure_256KiB_budget,4,814.0255,process_peak_rss_bytes,69238784
driver,driver/body_backpressure_256KiB_budget,4,814.0255,report_span,598.720667
driver,driver/body_backpressure_256KiB_budget,4,814.0255,requests,5
driver,driver/body_backpressure_256KiB_budget,4,814.0255,response_head_ms,80.201
driver,driver/body_backpressure_256KiB_budget,4,814.0255,response_heads,5
driver,driver/body_backpressure_256KiB_budget,4,814.0255,resumes,63
driver,driver/body_backpressure_256KiB_budget,4,814.0255,running_reports,4
driver,driver/body_backpressure_256KiB_budget,4,814.0255,served_bytes,12582912
driver,driver/body_backpressure_256KiB_budget,4,814.0255,submitted,5
driver,driver/body_backpressure_256KiB_budget,4,814.0255,to_first_report,206.601917
driver,driver/body_backpressure_256KiB_budget,4,814.0255,total,805.3433749999999
driver,driver/body_backpressure_256KiB_budget,4,814.0255,unique_bytes,12582912
driver,driver/body_backpressure_256KiB_budget,4,814.0255,verified,1
driver,driver/body_backpressure_256KiB_budget,4,814.0255,writer_blocks,149
driver,driver/body_backpressure_256KiB_budget,4,814.0255,writer_bytes,12582912
driver,driver/body_backpressure_256KiB_budget,4,814.0255,writer_seeks,80
driver,driver/body_backpressure_256KiB_budget,5,781.6745,active,0
driver,driver/body_backpressure_256KiB_budget,5,781.6745,avg_block_bytes,82241.25490196078
driver,driver/body_backpressure_256KiB_budget,5,781.6745,body_reads,774
driver,driver/body_backpressure_256KiB_budget,5,781.6745,body_wait_ms,1229.778
driver,driver/body_backpressure_256KiB_budget,5,781.6745,cache_copied_bytes,12582912
driver,driver/body_backpressure_256KiB_budget,5,781.6745,cache_evicted_bytes,12582912
driver,driver/body_backpressure_256KiB_budget,5,781.6745,cancelled,0
driver,driver/body_backpressure_256KiB_budget,5,781.6745,checksum_ms,0
driver,driver/body_backpressure_256KiB_budget,5,781.6745,commands,60
driver,driver/body_backpressure_256KiB_budget,5,781.6745,completed,4
driver,driver/body_backpressure_256KiB_budget,5,781.6745,connections,4
driver,driver/body_backpressure_256KiB_budget,5,781.6745,cpu_ms,57.43100000000001
driver,driver/body_backpressure_256KiB_budget,5,781.6745,cpu_percent,7.347175838536374
driver,driver/body_backpressure_256KiB_budget,5,781.6745,distinct_ranges,4
driver,driver/body_backpressure_256KiB_budget,5,781.6745,duplicate_bytes,0
driver,driver/body_backpressure_256KiB_budget,5,781.6745,failed,0
driver,driver/body_backpressure_256KiB_budget,5,781.6745,file_bytes,12582912
driver,driver/body_backpressure_256KiB_budget,5,781.6745,finalize,0.01700000000005275
driver,driver/body_backpressure_256KiB_budget,5,781.6745,fsync_calls,1
driver,driver/body_backpressure_256KiB_budget,5,781.6745,fsync_ms,4.603
driver,driver/body_backpressure_256KiB_budget,5,781.6745,loops,84
driver,driver/body_backpressure_256KiB_budget,5,781.6745,max_command_latency_ms,25.196
driver,driver/body_backpressure_256KiB_budget,5,781.6745,pauses,56
driver,driver/body_backpressure_256KiB_budget,5,781.6745,pools,1
driver,driver/body_backpressure_256KiB_budget,5,781.6745,prealloc_ms,4.416
driver,driver/body_backpressure_256KiB_budget,5,781.6745,process_peak_rss_bytes,69238784
driver,driver/body_backpressure_256KiB_budget,5,781.6745,report_span,568.439667
driver,driver/body_backpressure_256KiB_budget,5,781.6745,requests,4
driver,driver/body_backpressure_256KiB_budget,5,781.6745,response_head_ms,64.801
driver,driver/body_backpressure_256KiB_budget,5,781.6745,response_heads,4
driver,driver/body_backpressure_256KiB_budget,5,781.6745,resumes,56
driver,driver/body_backpressure_256KiB_budget,5,781.6745,running_reports,4
driver,driver/body_backpressure_256KiB_budget,5,781.6745,served_bytes,12582912
driver,driver/body_backpressure_256KiB_budget,5,781.6745,submitted,4
driver,driver/body_backpressure_256KiB_budget,5,781.6745,to_first_report,207.57704199999998
driver,driver/body_backpressure_256KiB_budget,5,781.6745,total,776.033709
driver,driver/body_backpressure_256KiB_budget,5,781.6745,unique_bytes,12582912
driver,driver/body_backpressure_256KiB_budget,5,781.6745,verified,1
driver,driver/body_backpressure_256KiB_budget,5,781.6745,writer_blocks,153
driver,driver/body_backpressure_256KiB_budget,5,781.6745,writer_bytes,12582912
driver,driver/body_backpressure_256KiB_budget,5,781.6745,writer_seeks,86
driver,driver/body_backpressure_256KiB_budget,6,734.9445,active,0
driver,driver/body_backpressure_256KiB_budget,6,734.9445,avg_block_bytes,83330.54304635762
driver,driver/body_backpressure_256KiB_budget,6,734.9445,body_reads,774
driver,driver/body_backpressure_256KiB_budget,6,734.9445,body_wait_ms,1124.009
driver,driver/body_backpressure_256KiB_budget,6,734.9445,cache_copied_bytes,12582912
driver,driver/body_backpressure_256KiB_budget,6,734.9445,cache_evicted_bytes,12582912
driver,driver/body_backpressure_256KiB_budget,6,734.9445,cancelled,0
driver,driver/body_backpressure_256KiB_budget,6,734.9445,checksum_ms,0
driver,driver/body_backpressure_256KiB_budget,6,734.9445,commands,59
driver,driver/body_backpressure_256KiB_budget,6,734.9445,completed,5
driver,driver/body_backpressure_256KiB_budget,6,734.9445,connections,4
driver,driver/body_backpressure_256KiB_budget,6,734.9445,cpu_ms,58.42500000000006
driver,driver/body_backpressure_256KiB_budget,6,734.9445,cpu_percent,7.949580320530843
driver,driver/body_backpressure_256KiB_budget,6,734.9445,distinct_ranges,5
driver,driver/body_backpressure_256KiB_budget,6,734.9445,duplicate_bytes,0
driver,driver/body_backpressure_256KiB_budget,6,734.9445,failed,0
driver,driver/body_backpressure_256KiB_budget,6,734.9445,file_bytes,12582912
driver,driver/body_backpressure_256KiB_budget,6,734.9445,finalize,0.008375000000114596
driver,driver/body_backpressure_256KiB_budget,6,734.9445,fsync_calls,1
driver,driver/body_backpressure_256KiB_budget,6,734.9445,fsync_ms,5.88
driver,driver/body_backpressure_256KiB_budget,6,734.9445,loops,85
driver,driver/body_backpressure_256KiB_budget,6,734.9445,max_command_latency_ms,25.218
driver,driver/body_backpressure_256KiB_budget,6,734.9445,pauses,54
driver,driver/body_backpressure_256KiB_budget,6,734.9445,pools,1
driver,driver/body_backpressure_256KiB_budget,6,734.9445,prealloc_ms,3.454
driver,driver/body_backpressure_256KiB_budget,6,734.9445,process_peak_rss_bytes,69238784
driver,driver/body_backpressure_256KiB_budget,6,734.9445,report_span,523.9075
driver,driver/body_backpressure_256KiB_budget,6,734.9445,requests,5
driver,driver/body_backpressure_256KiB_budget,6,734.9445,response_head_ms,85.806
driver,driver/body_backpressure_256KiB_budget,6,734.9445,response_heads,5
driver,driver/body_backpressure_256KiB_budget,6,734.9445,resumes,54
driver,driver/body_backpressure_256KiB_budget,6,734.9445,running_reports,4
driver,driver/body_backpressure_256KiB_budget,6,734.9445,served_bytes,12582912
driver,driver/body_backpressure_256KiB_budget,6,734.9445,submitted,5
driver,driver/body_backpressure_256KiB_budget,6,734.9445,to_first_report,207.34175
driver,driver/body_backpressure_256KiB_budget,6,734.9445,total,731.2576250000001
driver,driver/body_backpressure_256KiB_budget,6,734.9445,unique_bytes,12582912
driver,driver/body_backpressure_256KiB_budget,6,734.9445,verified,1
driver,driver/body_backpressure_256KiB_budget,6,734.9445,writer_blocks,151
driver,driver/body_backpressure_256KiB_budget,6,734.9445,writer_bytes,12582912
driver,driver/body_backpressure_256KiB_budget,6,734.9445,writer_seeks,84
driver,driver/body_backpressure_256KiB_budget,7,833.0731,active,0
driver,driver/body_backpressure_256KiB_budget,7,833.0731,avg_block_bytes,65536
driver,driver/body_backpressure_256KiB_budget,7,833.0731,body_reads,773
driver,driver/body_backpressure_256KiB_budget,7,833.0731,body_wait_ms,1623.202
driver,driver/body_backpressure_256KiB_budget,7,833.0731,cache_copied_bytes,12582912
driver,driver/body_backpressure_256KiB_budget,7,833.0731,cache_evicted_bytes,12582912
driver,driver/body_backpressure_256KiB_budget,7,833.0731,cancelled,0
driver,driver/body_backpressure_256KiB_budget,7,833.0731,checksum_ms,0
driver,driver/body_backpressure_256KiB_budget,7,833.0731,commands,81
driver,driver/body_backpressure_256KiB_budget,7,833.0731,completed,4
driver,driver/body_backpressure_256KiB_budget,7,833.0731,connections,4
driver,driver/body_backpressure_256KiB_budget,7,833.0731,cpu_ms,38.86999999999996
driver,driver/body_backpressure_256KiB_budget,7,833.0731,cpu_percent,4.665856913821337
driver,driver/body_backpressure_256KiB_budget,7,833.0731,distinct_ranges,4
driver,driver/body_backpressure_256KiB_budget,7,833.0731,duplicate_bytes,0
driver,driver/body_backpressure_256KiB_budget,7,833.0731,failed,0
driver,driver/body_backpressure_256KiB_budget,7,833.0731,file_bytes,12582912
driver,driver/body_backpressure_256KiB_budget,7,833.0731,finalize,22.49924999999996
driver,driver/body_backpressure_256KiB_budget,7,833.0731,fsync_calls,1
driver,driver/body_backpressure_256KiB_budget,7,833.0731,fsync_ms,8.28
driver,driver/body_backpressure_256KiB_budget,7,833.0731,loops,75
driver,driver/body_backpressure_256KiB_budget,7,833.0731,max_command_latency_ms,25.108
driver,driver/body_backpressure_256KiB_budget,7,833.0731,pauses,77
driver,driver/body_backpressure_256KiB_budget,7,833.0731,pools,1
driver,driver/body_backpressure_256KiB_budget,7,833.0731,prealloc_ms,2.449
driver,driver/body_backpressure_256KiB_budget,7,833.0731,process_peak_rss_bytes,69238784
driver,driver/body_backpressure_256KiB_budget,7,833.0731,report_span,600.436917
driver,driver/body_backpressure_256KiB_budget,7,833.0731,requests,4
driver,driver/body_backpressure_256KiB_budget,7,833.0731,response_head_ms,69.971
driver,driver/body_backpressure_256KiB_budget,7,833.0731,response_heads,4
driver,driver/body_backpressure_256KiB_budget,7,833.0731,resumes,77
driver,driver/body_backpressure_256KiB_budget,7,833.0731,running_reports,4
driver,driver/body_backpressure_256KiB_budget,7,833.0731,served_bytes,12582912
driver,driver/body_backpressure_256KiB_budget,7,833.0731,submitted,4
driver,driver/body_backpressure_256KiB_budget,7,833.0731,to_first_report,205.364541
driver,driver/body_backpressure_256KiB_budget,7,833.0731,total,828.300708
driver,driver/body_backpressure_256KiB_budget,7,833.0731,unique_bytes,12582912
driver,driver/body_backpressure_256KiB_budget,7,833.0731,verified,1
driver,driver/body_backpressure_256KiB_budget,7,833.0731,writer_blocks,192
driver,driver/body_backpressure_256KiB_budget,7,833.0731,writer_bytes,12582912
driver,driver/body_backpressure_256KiB_budget,7,833.0731,writer_seeks,167
driver,driver/body_backpressure_256KiB_budget,8,746.4962,active,0
driver,driver/body_backpressure_256KiB_budget,8,746.4962,avg_block_bytes,92521.41176470589
driver,driver/body_backpressure_256KiB_budget,8,746.4962,body_reads,775
driver,driver/body_backpressure_256KiB_budget,8,746.4962,body_wait_ms,1050.848
driver,driver/body_backpressure_256KiB_budget,8,746.4962,cache_copied_bytes,12582912
driver,driver/body_backpressure_256KiB_budget,8,746.4962,cache_evicted_bytes,12582912
driver,driver/body_backpressure_256KiB_budget,8,746.4962,cancelled,0
driver,driver/body_backpressure_256KiB_budget,8,746.4962,checksum_ms,0
driver,driver/body_backpressure_256KiB_budget,8,746.4962,commands,50
driver,driver/body_backpressure_256KiB_budget,8,746.4962,completed,4
driver,driver/body_backpressure_256KiB_budget,8,746.4962,connections,4
driver,driver/body_backpressure_256KiB_budget,8,746.4962,cpu_ms,56.680000000000064
driver,driver/body_backpressure_256KiB_budget,8,746.4962,cpu_percent,7.592805228697184
driver,driver/body_backpressure_256KiB_budget,8,746.4962,distinct_ranges,4
driver,driver/body_backpressure_256KiB_budget,8,746.4962,duplicate_bytes,0
driver,driver/body_backpressure_256KiB_budget,8,746.4962,failed,0
driver,driver/body_backpressure_256KiB_budget,8,746.4962,file_bytes,12582912
driver,driver/body_backpressure_256KiB_budget,8,746.4962,finalize,0.013790999999969245
driver,driver/body_backpressure_256KiB_budget,8,746.4962,fsync_calls,1
driver,driver/body_backpressure_256KiB_budget,8,746.4962,fsync_ms,5.506
driver,driver/body_backpressure_256KiB_budget,8,746.4962,loops,91
driver,driver/body_backpressure_256KiB_budget,8,746.4962,max_command_latency_ms,25.029
driver,driver/body_backpressure_256KiB_budget,8,746.4962,pauses,46
driver,driver/body_backpressure_256KiB_budget,8,746.4962,pools,1
driver,driver/body_backpressure_256KiB_budget,8,746.4962,prealloc_ms,3.315
driver,driver/body_backpressure_256KiB_budget,8,746.4962,process_peak_rss_bytes,69238784
driver,driver/body_backpressure_256KiB_budget,8,746.4962,report_span,535.281875
driver,driver/body_backpressure_256KiB_budget,8,746.4962,requests,4
driver,driver/body_backpressure_256KiB_budget,8,746.4962,response_head_ms,61.663
driver,driver/body_backpressure_256KiB_budget,8,746.4962,response_heads,4
driver,driver/body_backpressure_256KiB_budget,8,746.4962,resumes,46
driver,driver/body_backpressure_256KiB_budget,8,746.4962,running_reports,4
driver,driver/body_backpressure_256KiB_budget,8,746.4962,served_bytes,12582912
driver,driver/body_backpressure_256KiB_budget,8,746.4962,submitted,4
driver,driver/body_backpressure_256KiB_budget,8,746.4962,to_first_report,206.530709
driver,driver/body_backpressure_256KiB_budget,8,746.4962,total,741.826375
driver,driver/body_backpressure_256KiB_budget,8,746.4962,unique_bytes,12582912
driver,driver/body_backpressure_256KiB_budget,8,746.4962,verified,1
driver,driver/body_backpressure_256KiB_budget,8,746.4962,writer_blocks,136
driver,driver/body_backpressure_256KiB_budget,8,746.4962,writer_bytes,12582912
driver,driver/body_backpressure_256KiB_budget,8,746.4962,writer_seeks,62
driver,driver/body_backpressure_256KiB_budget,9,694.0602,active,0
driver,driver/body_backpressure_256KiB_budget,9,694.0602,avg_block_bytes,82782.31578947368
driver,driver/body_backpressure_256KiB_budget,9,694.0602,body_reads,777
driver,driver/body_backpressure_256KiB_budget,9,694.0602,body_wait_ms,1109.71
driver,driver/body_backpressure_256KiB_budget,9,694.0602,cache_copied_bytes,12582912
driver,driver/body_backpressure_256KiB_budget,9,694.0602,cache_evicted_bytes,12582912
driver,driver/body_backpressure_256KiB_budget,9,694.0602,cancelled,0
driver,driver/body_backpressure_256KiB_budget,9,694.0602,checksum_ms,0
driver,driver/body_backpressure_256KiB_budget,9,694.0602,commands,57
driver,driver/body_backpressure_256KiB_budget,9,694.0602,completed,5
driver,driver/body_backpressure_256KiB_budget,9,694.0602,connections,4
driver,driver/body_backpressure_256KiB_budget,9,694.0602,cpu_ms,63.21599999999994
driver,driver/body_backpressure_256KiB_budget,9,694.0602,cpu_percent,9.108142989027241
driver,driver/body_backpressure_256KiB_budget,9,694.0602,distinct_ranges,5
driver,driver/body_backpressure_256KiB_budget,9,694.0602,duplicate_bytes,0
driver,driver/body_backpressure_256KiB_budget,9,694.0602,failed,0
driver,driver/body_backpressure_256KiB_budget,9,694.0602,file_bytes,12582912
driver,driver/body_backpressure_256KiB_budget,9,694.0602,finalize,0.013749999999959073
driver,driver/body_backpressure_256KiB_budget,9,694.0602,fsync_calls,1
driver,driver/body_backpressure_256KiB_budget,9,694.0602,fsync_ms,4.75
driver,driver/body_backpressure_256KiB_budget,9,694.0602,loops,82
driver,driver/body_backpressure_256KiB_budget,9,694.0602,max_command_latency_ms,25.032
driver,driver/body_backpressure_256KiB_budget,9,694.0602,pauses,52
driver,driver/body_backpressure_256KiB_budget,9,694.0602,pools,1
driver,driver/body_backpressure_256KiB_budget,9,694.0602,prealloc_ms,2.573
driver,driver/body_backpressure_256KiB_budget,9,694.0602,process_peak_rss_bytes,69238784
driver,driver/body_backpressure_256KiB_budget,9,694.0602,report_span,481.46475000000004
driver,driver/body_backpressure_256KiB_budget,9,694.0602,requests,5
driver,driver/body_backpressure_256KiB_budget,9,694.0602,response_head_ms,93.587
driver,driver/body_backpressure_256KiB_budget,9,694.0602,response_heads,5
driver,driver/body_backpressure_256KiB_budget,9,694.0602,resumes,52
driver,driver/body_backpressure_256KiB_budget,9,694.0602,running_reports,4
driver,driver/body_backpressure_256KiB_budget,9,694.0602,served_bytes,12582912
driver,driver/body_backpressure_256KiB_budget,9,694.0602,submitted,5
driver,driver/body_backpressure_256KiB_budget,9,694.0602,to_first_report,205.047667
driver,driver/body_backpressure_256KiB_budget,9,694.0602,total,686.526167
driver,driver/body_backpressure_256KiB_budget,9,694.0602,unique_bytes,12582912
driver,driver/body_backpressure_256KiB_budget,9,694.0602,verified,1
driver,driver/body_backpressure_256KiB_budget,9,694.0602,writer_blocks,152
driver,driver/body_backpressure_256KiB_budget,9,694.0602,writer_bytes,12582912
driver,driver/body_backpressure_256KiB_budget,9,694.0602,writer_seeks,83
driver,driver/idle_pool_loop_rate,0,468.9746,active,0
driver,driver/idle_pool_loop_rate,0,468.9746,cancelled,0
driver,driver/idle_pool_loop_rate,0,468.9746,commands,17
driver,driver/idle_pool_loop_rate,0,468.9746,completed,4
driver,driver/idle_pool_loop_rate,0,468.9746,connections,4
driver,driver/idle_pool_loop_rate,0,468.9746,cpu_ms,39.57299999999997
driver,driver/idle_pool_loop_rate,0,468.9746,cpu_percent,8.438197153984781
driver,driver/idle_pool_loop_rate,0,468.9746,idle_loops,0
driver,driver/idle_pool_loop_rate,0,468.9746,idle_loops_per_sec,0
driver,driver/idle_pool_loop_rate,0,468.9746,loops,51
driver,driver/idle_pool_loop_rate,0,468.9746,max_command_latency_ms,25.035
driver,driver/idle_pool_loop_rate,0,468.9746,pauses,13
driver,driver/idle_pool_loop_rate,0,468.9746,pools,1
driver,driver/idle_pool_loop_rate,0,468.9746,process_peak_rss_bytes,69238784
driver,driver/idle_pool_loop_rate,0,468.9746,resumes,13
driver,driver/idle_pool_loop_rate,0,468.9746,submitted,4
driver,driver/idle_pool_loop_rate,0,468.9746,total,301.927666
driver,driver/idle_pool_loop_rate,1,411.3761,active,0
driver,driver/idle_pool_loop_rate,1,411.3761,cancelled,0
driver,driver/idle_pool_loop_rate,1,411.3761,commands,13
driver,driver/idle_pool_loop_rate,1,411.3761,completed,4
driver,driver/idle_pool_loop_rate,1,411.3761,connections,4
driver,driver/idle_pool_loop_rate,1,411.3761,cpu_ms,19.78599999999997
driver,driver/idle_pool_loop_rate,1,411.3761,cpu_percent,4.809710826090969
driver,driver/idle_pool_loop_rate,1,411.3761,idle_loops,0
driver,driver/idle_pool_loop_rate,1,411.3761,idle_loops_per_sec,0
driver,driver/idle_pool_loop_rate,1,411.3761,loops,60
driver,driver/idle_pool_loop_rate,1,411.3761,max_command_latency_ms,25.011
driver,driver/idle_pool_loop_rate,1,411.3761,pauses,9
driver,driver/idle_pool_loop_rate,1,411.3761,pools,1
driver,driver/idle_pool_loop_rate,1,411.3761,process_peak_rss_bytes,69238784
driver,driver/idle_pool_loop_rate,1,411.3761,resumes,9
driver,driver/idle_pool_loop_rate,1,411.3761,submitted,4
driver,driver/idle_pool_loop_rate,1,411.3761,total,302.846375
driver,driver/idle_pool_loop_rate,2,524.2644,active,0
driver,driver/idle_pool_loop_rate,2,524.2644,cancelled,0
driver,driver/idle_pool_loop_rate,2,524.2644,commands,14
driver,driver/idle_pool_loop_rate,2,524.2644,completed,5
driver,driver/idle_pool_loop_rate,2,524.2644,connections,4
driver,driver/idle_pool_loop_rate,2,524.2644,cpu_ms,16.707999999999945
driver,driver/idle_pool_loop_rate,2,524.2644,cpu_percent,3.1869417028383715
driver,driver/idle_pool_loop_rate,2,524.2644,idle_loops,0
driver,driver/idle_pool_loop_rate,2,524.2644,idle_loops_per_sec,0
driver,driver/idle_pool_loop_rate,2,524.2644,loops,86
driver,driver/idle_pool_loop_rate,2,524.2644,max_command_latency_ms,24.741
driver,driver/idle_pool_loop_rate,2,524.2644,pauses,9
driver,driver/idle_pool_loop_rate,2,524.2644,pools,1
driver,driver/idle_pool_loop_rate,2,524.2644,process_peak_rss_bytes,69238784
driver,driver/idle_pool_loop_rate,2,524.2644,resumes,9
driver,driver/idle_pool_loop_rate,2,524.2644,submitted,5
driver,driver/idle_pool_loop_rate,2,524.2644,total,301.433709
driver,driver/idle_pool_loop_rate,3,495.3767,active,0
driver,driver/idle_pool_loop_rate,3,495.3767,cancelled,0
driver,driver/idle_pool_loop_rate,3,495.3767,commands,13
driver,driver/idle_pool_loop_rate,3,495.3767,completed,5
driver,driver/idle_pool_loop_rate,3,495.3767,connections,4
driver,driver/idle_pool_loop_rate,3,495.3767,cpu_ms,43.101000000000056
driver,driver/idle_pool_loop_rate,3,495.3767,cpu_percent,8.700651303129105
driver,driver/idle_pool_loop_rate,3,495.3767,idle_loops,0
driver,driver/idle_pool_loop_rate,3,495.3767,idle_loops_per_sec,0
driver,driver/idle_pool_loop_rate,3,495.3767,loops,79
driver,driver/idle_pool_loop_rate,3,495.3767,max_command_latency_ms,25.025
driver,driver/idle_pool_loop_rate,3,495.3767,pauses,8
driver,driver/idle_pool_loop_rate,3,495.3767,pools,1
driver,driver/idle_pool_loop_rate,3,495.3767,process_peak_rss_bytes,69238784
driver,driver/idle_pool_loop_rate,3,495.3767,resumes,8
driver,driver/idle_pool_loop_rate,3,495.3767,submitted,5
driver,driver/idle_pool_loop_rate,3,495.3767,total,302.10170899999997
driver,driver/idle_pool_loop_rate,4,461.1792,active,0
driver,driver/idle_pool_loop_rate,4,461.1792,cancelled,0
driver,driver/idle_pool_loop_rate,4,461.1792,commands,15
driver,driver/idle_pool_loop_rate,4,461.1792,completed,4
driver,driver/idle_pool_loop_rate,4,461.1792,connections,4
driver,driver/idle_pool_loop_rate,4,461.1792,cpu_ms,24.52899999999991
driver,driver/idle_pool_loop_rate,4,461.1792,cpu_percent,5.318757179069948
driver,driver/idle_pool_loop_rate,4,461.1792,idle_loops,0
driver,driver/idle_pool_loop_rate,4,461.1792,idle_loops_per_sec,0
driver,driver/idle_pool_loop_rate,4,461.1792,loops,60
driver,driver/idle_pool_loop_rate,4,461.1792,max_command_latency_ms,24.799
driver,driver/idle_pool_loop_rate,4,461.1792,pauses,11
driver,driver/idle_pool_loop_rate,4,461.1792,pools,1
driver,driver/idle_pool_loop_rate,4,461.1792,process_peak_rss_bytes,69238784
driver,driver/idle_pool_loop_rate,4,461.1792,resumes,11
driver,driver/idle_pool_loop_rate,4,461.1792,submitted,4
driver,driver/idle_pool_loop_rate,4,461.1792,total,301.067708
driver,driver/idle_pool_loop_rate,5,410.7930,active,0
driver,driver/idle_pool_loop_rate,5,410.7930,cancelled,0
driver,driver/idle_pool_loop_rate,5,410.7930,commands,15
driver,driver/idle_pool_loop_rate,5,410.7930,completed,4
driver,driver/idle_pool_loop_rate,5,410.7930,connections,4
driver,driver/idle_pool_loop_rate,5,410.7930,cpu_ms,15.859000000000067
driver,driver/idle_pool_loop_rate,5,410.7930,cpu_percent,3.8605814555155162
driver,driver/idle_pool_loop_rate,5,410.7930,idle_loops,0
driver,driver/idle_pool_loop_rate,5,410.7930,idle_loops_per_sec,0
driver,driver/idle_pool_loop_rate,5,410.7930,loops,50
driver,driver/idle_pool_loop_rate,5,410.7930,max_command_latency_ms,25.075
driver,driver/idle_pool_loop_rate,5,410.7930,pauses,11
driver,driver/idle_pool_loop_rate,5,410.7930,pools,1
driver,driver/idle_pool_loop_rate,5,410.7930,process_peak_rss_bytes,69238784
driver,driver/idle_pool_loop_rate,5,410.7930,resumes,11
driver,driver/idle_pool_loop_rate,5,410.7930,submitted,4
driver,driver/idle_pool_loop_rate,5,410.7930,total,302.309291
driver,driver/idle_pool_loop_rate,6,539.0716,active,0
driver,driver/idle_pool_loop_rate,6,539.0716,cancelled,0
driver,driver/idle_pool_loop_rate,6,539.0716,commands,13
driver,driver/idle_pool_loop_rate,6,539.0716,completed,4
driver,driver/idle_pool_loop_rate,6,539.0716,connections,4
driver,driver/idle_pool_loop_rate,6,539.0716,cpu_ms,20.89699999999994
driver,driver/idle_pool_loop_rate,6,539.0716,cpu_percent,3.8764793082922777
driver,driver/idle_pool_loop_rate,6,539.0716,idle_loops,0
driver,driver/idle_pool_loop_rate,6,539.0716,idle_loops_per_sec,0
driver,driver/idle_pool_loop_rate,6,539.0716,loops,75
driver,driver/idle_pool_loop_rate,6,539.0716,max_command_latency_ms,25.005
driver,driver/idle_pool_loop_rate,6,539.0716,pauses,9
driver,driver/idle_pool_loop_rate,6,539.0716,pools,1
driver,driver/idle_pool_loop_rate,6,539.0716,process_peak_rss_bytes,69238784
driver,driver/idle_pool_loop_rate,6,539.0716,resumes,9
driver,driver/idle_pool_loop_rate,6,539.0716,submitted,4
driver,driver/idle_pool_loop_rate,6,539.0716,total,302.137584
driver,driver/idle_pool_loop_rate,7,454.3142,active,0
driver,driver/idle_pool_loop_rate,7,454.3142,cancelled,0
driver,driver/idle_pool_loop_rate,7,454.3142,commands,10
driver,driver/idle_pool_loop_rate,7,454.3142,completed,4
driver,driver/idle_pool_loop_rate,7,454.3142,connections,4
driver,driver/idle_pool_loop_rate,7,454.3142,cpu_ms,24.676000000000144
driver,driver/idle_pool_loop_rate,7,454.3142,cpu_percent,5.431483225811891
driver,driver/idle_pool_loop_rate,7,454.3142,idle_loops,0
driver,driver/idle_pool_loop_rate,7,454.3142,idle_loops_per_sec,0
driver,driver/idle_pool_loop_rate,7,454.3142,loops,69
driver,driver/idle_pool_loop_rate,7,454.3142,max_command_latency_ms,24.994
driver,driver/idle_pool_loop_rate,7,454.3142,pauses,6
driver,driver/idle_pool_loop_rate,7,454.3142,pools,1
driver,driver/idle_pool_loop_rate,7,454.3142,process_peak_rss_bytes,69238784
driver,driver/idle_pool_loop_rate,7,454.3142,resumes,6
driver,driver/idle_pool_loop_rate,7,454.3142,submitted,4
driver,driver/idle_pool_loop_rate,7,454.3142,total,302.93179100000003
driver,driver/idle_pool_loop_rate,8,554.5538,active,0
driver,driver/idle_pool_loop_rate,8,554.5538,cancelled,0
driver,driver/idle_pool_loop_rate,8,554.5538,commands,19
driver,driver/idle_pool_loop_rate,8,554.5538,completed,5
driver,driver/idle_pool_loop_rate,8,554.5538,connections,4
driver,driver/idle_pool_loop_rate,8,554.5538,cpu_ms,41.15500000000005
driver,driver/idle_pool_loop_rate,8,554.5538,cpu_percent,7.421281316795091
driver,driver/idle_pool_loop_rate,8,554.5538,idle_loops,0
driver,driver/idle_pool_loop_rate,8,554.5538,idle_loops_per_sec,0
driver,driver/idle_pool_loop_rate,8,554.5538,loops,79
driver,driver/idle_pool_loop_rate,8,554.5538,max_command_latency_ms,24.991
driver,driver/idle_pool_loop_rate,8,554.5538,pauses,14
driver,driver/idle_pool_loop_rate,8,554.5538,pools,1
driver,driver/idle_pool_loop_rate,8,554.5538,process_peak_rss_bytes,69238784
driver,driver/idle_pool_loop_rate,8,554.5538,resumes,14
driver,driver/idle_pool_loop_rate,8,554.5538,submitted,5
driver,driver/idle_pool_loop_rate,8,554.5538,total,301.368083
driver,driver/idle_pool_loop_rate,9,443.0892,active,0
driver,driver/idle_pool_loop_rate,9,443.0892,cancelled,0
driver,driver/idle_pool_loop_rate,9,443.0892,commands,17
driver,driver/idle_pool_loop_rate,9,443.0892,completed,4
driver,driver/idle_pool_loop_rate,9,443.0892,connections,4
driver,driver/idle_pool_loop_rate,9,443.0892,cpu_ms,31.25700000000009
driver,driver/idle_pool_loop_rate,9,443.0892,cpu_percent,7.054336311499145
driver,driver/idle_pool_loop_rate,9,443.0892,idle_loops,0
driver,driver/idle_pool_loop_rate,9,443.0892,idle_loops_per_sec,0
driver,driver/idle_pool_loop_rate,9,443.0892,loops,48
driver,driver/idle_pool_loop_rate,9,443.0892,max_command_latency_ms,25.049
driver,driver/idle_pool_loop_rate,9,443.0892,pauses,13
driver,driver/idle_pool_loop_rate,9,443.0892,pools,1
driver,driver/idle_pool_loop_rate,9,443.0892,process_peak_rss_bytes,69238784
driver,driver/idle_pool_loop_rate,9,443.0892,resumes,13
driver,driver/idle_pool_loop_rate,9,443.0892,submitted,4
driver,driver/idle_pool_loop_rate,9,443.0892,total,302.24875000000003
driver,driver/two_origins_one_idle_pool,0,511.0035,active,0
driver,driver/two_origins_one_idle_pool,0,511.0035,cancelled,0
driver,driver/two_origins_one_idle_pool,0,511.0035,commands,22
driver,driver/two_origins_one_idle_pool,0,511.0035,completed,8
driver,driver/two_origins_one_idle_pool,0,511.0035,connections,8
driver,driver/two_origins_one_idle_pool,0,511.0035,cpu_ms,58.257999999999925
driver,driver/two_origins_one_idle_pool,0,511.0035,cpu_percent,11.400705628884397
driver,driver/two_origins_one_idle_pool,0,511.0035,idle_loops,0
driver,driver/two_origins_one_idle_pool,0,511.0035,idle_loops_per_sec,0
driver,driver/two_origins_one_idle_pool,0,511.0035,loops,135
driver,driver/two_origins_one_idle_pool,0,511.0035,max_command_latency_ms,25
driver,driver/two_origins_one_idle_pool,0,511.0035,pauses,14
driver,driver/two_origins_one_idle_pool,0,511.0035,pools,2
driver,driver/two_origins_one_idle_pool,0,511.0035,process_peak_rss_bytes,73089024
driver,driver/two_origins_one_idle_pool,0,511.0035,resumes,14
driver,driver/two_origins_one_idle_pool,0,511.0035,submitted,8
driver,driver/two_origins_one_idle_pool,0,511.0035,total,302.08375
driver,driver/two_origins_one_idle_pool,1,581.3424,active,0
driver,driver/two_origins_one_idle_pool,1,581.3424,cancelled,0
driver,driver/two_origins_one_idle_pool,1,581.3424,commands,29
driver,driver/two_origins_one_idle_pool,1,581.3424,completed,8
driver,driver/two_origins_one_idle_pool,1,581.3424,connections,8
driver,driver/two_origins_one_idle_pool,1,581.3424,cpu_ms,68.20100000000018
driver,driver/two_origins_one_idle_pool,1,581.3424,cpu_percent,11.731640101072578
driver,driver/two_origins_one_idle_pool,1,581.3424,idle_loops,0
driver,driver/two_origins_one_idle_pool,1,581.3424,idle_loops_per_sec,0
driver,driver/two_origins_one_idle_pool,1,581.3424,loops,114
driver,driver/two_origins_one_idle_pool,1,581.3424,max_command_latency_ms,25.039
driver,driver/two_origins_one_idle_pool,1,581.3424,pauses,21
driver,driver/two_origins_one_idle_pool,1,581.3424,pools,2
driver,driver/two_origins_one_idle_pool,1,581.3424,process_peak_rss_bytes,73105408
driver,driver/two_origins_one_idle_pool,1,581.3424,resumes,21
driver,driver/two_origins_one_idle_pool,1,581.3424,submitted,8
driver,driver/two_origins_one_idle_pool,1,581.3424,total,302.10787500000004
driver,driver/two_origins_one_idle_pool,2,413.6010,active,0
driver,driver/two_origins_one_idle_pool,2,413.6010,cancelled,0
driver,driver/two_origins_one_idle_pool,2,413.6010,commands,39
driver,driver/two_origins_one_idle_pool,2,413.6010,completed,9
driver,driver/two_origins_one_idle_pool,2,413.6010,connections,8
driver,driver/two_origins_one_idle_pool,2,413.6010,cpu_ms,51.37499999999995
driver,driver/two_origins_one_idle_pool,2,413.6010,cpu_percent,12.421390399740302
driver,driver/two_origins_one_idle_pool,2,413.6010,idle_loops,0
driver,driver/two_origins_one_idle_pool,2,413.6010,idle_loops_per_sec,0
driver,driver/two_origins_one_idle_pool,2,413.6010,loops,5543
driver,driver/two_origins_one_idle_pool,2,413.6010,max_command_latency_ms,23.205
driver,driver/two_origins_one_idle_pool,2,413.6010,pauses,30
driver,driver/two_origins_one_idle_pool,2,413.6010,pools,2
driver,driver/two_origins_one_idle_pool,2,413.6010,process_peak_rss_bytes,73269248
driver,driver/two_origins_one_idle_pool,2,413.6010,resumes,30
driver,driver/two_origins_one_idle_pool,2,413.6010,submitted,9
driver,driver/two_origins_one_idle_pool,2,413.6010,total,302.2815
driver,driver/two_origins_one_idle_pool,3,372.9649,active,0
driver,driver/two_origins_one_idle_pool,3,372.9649,cancelled,0
driver,driver/two_origins_one_idle_pool,3,372.9649,commands,35
driver,driver/two_origins_one_idle_pool,3,372.9649,completed,8
driver,driver/two_origins_one_idle_pool,3,372.9649,connections,8
driver,driver/two_origins_one_idle_pool,3,372.9649,cpu_ms,31.07700000000002
driver,driver/two_origins_one_idle_pool,3,372.9649,cpu_percent,8.332419105253274
driver,driver/two_origins_one_idle_pool,3,372.9649,idle_loops,0
driver,driver/two_origins_one_idle_pool,3,372.9649,idle_loops_per_sec,0
driver,driver/two_origins_one_idle_pool,3,372.9649,loops,6275
driver,driver/two_origins_one_idle_pool,3,372.9649,max_command_latency_ms,22.134
driver,driver/two_origins_one_idle_pool,3,372.9649,pauses,27
driver,driver/two_origins_one_idle_pool,3,372.9649,pools,2
driver,driver/two_origins_one_idle_pool,3,372.9649,process_peak_rss_bytes,73334784
driver,driver/two_origins_one_idle_pool,3,372.9649,resumes,27
driver,driver/two_origins_one_idle_pool,3,372.9649,submitted,8
driver,driver/two_origins_one_idle_pool,3,372.9649,total,302.768209
driver,driver/two_origins_one_idle_pool,4,405.9726,active,0
driver,driver/two_origins_one_idle_pool,4,405.9726,cancelled,0
driver,driver/two_origins_one_idle_pool,4,405.9726,commands,36
driver,driver/two_origins_one_idle_pool,4,405.9726,completed,9
driver,driver/two_origins_one_idle_pool,4,405.9726,connections,8
driver,driver/two_origins_one_idle_pool,4,405.9726,cpu_ms,48.85200000000012
driver,driver/two_origins_one_idle_pool,4,405.9726,cpu_percent,12.03332367545721
driver,driver/two_origins_one_idle_pool,4,405.9726,idle_loops,0
driver,driver/two_origins_one_idle_pool,4,405.9726,idle_loops_per_sec,0
driver,driver/two_origins_one_idle_pool,4,405.9726,loops,3888
driver,driver/two_origins_one_idle_pool,4,405.9726,max_command_latency_ms,25.016
driver,driver/two_origins_one_idle_pool,4,405.9726,pauses,27
driver,driver/two_origins_one_idle_pool,4,405.9726,pools,2
driver,driver/two_origins_one_idle_pool,4,405.9726,process_peak_rss_bytes,74350592
driver,driver/two_origins_one_idle_pool,4,405.9726,resumes,27
driver,driver/two_origins_one_idle_pool,4,405.9726,submitted,9
driver,driver/two_origins_one_idle_pool,4,405.9726,total,301.165333
driver,driver/two_origins_one_idle_pool,5,533.0648,active,0
driver,driver/two_origins_one_idle_pool,5,533.0648,cancelled,0
driver,driver/two_origins_one_idle_pool,5,533.0648,commands,32
driver,driver/two_origins_one_idle_pool,5,533.0648,completed,9
driver,driver/two_origins_one_idle_pool,5,533.0648,connections,8
driver,driver/two_origins_one_idle_pool,5,533.0648,cpu_ms,71.24600000000014
driver,driver/two_origins_one_idle_pool,5,533.0648,cpu_percent,13.365354656549918
driver,driver/two_origins_one_idle_pool,5,533.0648,idle_loops,0
driver,driver/two_origins_one_idle_pool,5,533.0648,idle_loops_per_sec,0
driver,driver/two_origins_one_idle_pool,5,533.0648,loops,100
driver,driver/two_origins_one_idle_pool,5,533.0648,max_command_latency_ms,25.076
driver,driver/two_origins_one_idle_pool,5,533.0648,pauses,23
driver,driver/two_origins_one_idle_pool,5,533.0648,pools,2
driver,driver/two_origins_one_idle_pool,5,533.0648,process_peak_rss_bytes,74858496
driver,driver/two_origins_one_idle_pool,5,533.0648,resumes,23
driver,driver/two_origins_one_idle_pool,5,533.0648,submitted,9
driver,driver/two_origins_one_idle_pool,5,533.0648,total,302.020708
driver,driver/two_origins_one_idle_pool,6,697.6002,active,0
driver,driver/two_origins_one_idle_pool,6,697.6002,cancelled,0
driver,driver/two_origins_one_idle_pool,6,697.6002,commands,32
driver,driver/two_origins_one_idle_pool,6,697.6002,completed,8
driver,driver/two_origins_one_idle_pool,6,697.6002,connections,8
driver,driver/two_origins_one_idle_pool,6,697.6002,cpu_ms,74.24399999999997
driver,driver/two_origins_one_idle_pool,6,697.6002,cpu_percent,10.642772696817273
driver,driver/two_origins_one_idle_pool,6,697.6002,idle_loops,0
driver,driver/two_origins_one_idle_pool,6,697.6002,idle_loops_per_sec,0
driver,driver/two_origins_one_idle_pool,6,697.6002,loops,121
driver,driver/two_origins_one_idle_pool,6,697.6002,max_command_latency_ms,25.006
driver,driver/two_origins_one_idle_pool,6,697.6002,pauses,24
driver,driver/two_origins_one_idle_pool,6,697.6002,pools,2
driver,driver/two_origins_one_idle_pool,6,697.6002,process_peak_rss_bytes,74874880
driver,driver/two_origins_one_idle_pool,6,697.6002,resumes,24
driver,driver/two_origins_one_idle_pool,6,697.6002,submitted,8
driver,driver/two_origins_one_idle_pool,6,697.6002,total,300.887334
driver,driver/two_origins_one_idle_pool,7,551.0930,active,0
driver,driver/two_origins_one_idle_pool,7,551.0930,cancelled,0
driver,driver/two_origins_one_idle_pool,7,551.0930,commands,28
driver,driver/two_origins_one_idle_pool,7,551.0930,completed,9
driver,driver/two_origins_one_idle_pool,7,551.0930,connections,8
driver,driver/two_origins_one_idle_pool,7,551.0930,cpu_ms,66.89100000000003
driver,driver/two_origins_one_idle_pool,7,551.0930,cpu_percent,12.137877799589427
driver,driver/two_origins_one_idle_pool,7,551.0930,idle_loops,0
driver,driver/two_origins_one_idle_pool,7,551.0930,idle_loops_per_sec,0
driver,driver/two_origins_one_idle_pool,7,551.0930,loops,121
driver,driver/two_origins_one_idle_pool,7,551.0930,max_command_latency_ms,25.016
driver,driver/two_origins_one_idle_pool,7,551.0930,pauses,19
driver,driver/two_origins_one_idle_pool,7,551.0930,pools,2
driver,driver/two_origins_one_idle_pool,7,551.0930,process_peak_rss_bytes,74874880
driver,driver/two_origins_one_idle_pool,7,551.0930,resumes,19
driver,driver/two_origins_one_idle_pool,7,551.0930,submitted,9
driver,driver/two_origins_one_idle_pool,7,551.0930,total,301.29254199999997
driver,driver/two_origins_one_idle_pool,8,547.8169,active,0
driver,driver/two_origins_one_idle_pool,8,547.8169,cancelled,0
driver,driver/two_origins_one_idle_pool,8,547.8169,commands,23
driver,driver/two_origins_one_idle_pool,8,547.8169,completed,8
driver,driver/two_origins_one_idle_pool,8,547.8169,connections,8
driver,driver/two_origins_one_idle_pool,8,547.8169,cpu_ms,55.458999999999925
driver,driver/two_origins_one_idle_pool,8,547.8169,cpu_percent,10.123637711611583
driver,driver/two_origins_one_idle_pool,8,547.8169,idle_loops,0
driver,driver/two_origins_one_idle_pool,8,547.8169,idle_loops_per_sec,0
driver,driver/two_origins_one_idle_pool,8,547.8169,loops,133
driver,driver/two_origins_one_idle_pool,8,547.8169,max_command_latency_ms,25.044
driver,driver/two_origins_one_idle_pool,8,547.8169,pauses,15
driver,driver/two_origins_one_idle_pool,8,547.8169,pools,2
driver,driver/two_origins_one_idle_pool,8,547.8169,process_peak_rss_bytes,74874880
driver,driver/two_origins_one_idle_pool,8,547.8169,resumes,15
driver,driver/two_origins_one_idle_pool,8,547.8169,submitted,8
driver,driver/two_origins_one_idle_pool,8,547.8169,total,301.82675
driver,driver/two_origins_one_idle_pool,9,418.4866,active,0
driver,driver/two_origins_one_idle_pool,9,418.4866,cancelled,0
driver,driver/two_origins_one_idle_pool,9,418.4866,commands,24
driver,driver/two_origins_one_idle_pool,9,418.4866,completed,10
driver,driver/two_origins_one_idle_pool,9,418.4866,connections,8
driver,driver/two_origins_one_idle_pool,9,418.4866,cpu_ms,43.061999999999934
driver,driver/two_origins_one_idle_pool,9,418.4866,cpu_percent,10.289934594683865
driver,driver/two_origins_one_idle_pool,9,418.4866,idle_loops,0
driver,driver/two_origins_one_idle_pool,9,418.4866,idle_loops_per_sec,0
driver,driver/two_origins_one_idle_pool,9,418.4866,loops,10182
driver,driver/two_origins_one_idle_pool,9,418.4866,max_command_latency_ms,24.701
driver,driver/two_origins_one_idle_pool,9,418.4866,pauses,14
driver,driver/two_origins_one_idle_pool,9,418.4866,pools,2
driver,driver/two_origins_one_idle_pool,9,418.4866,process_peak_rss_bytes,74874880
driver,driver/two_origins_one_idle_pool,9,418.4866,resumes,14
driver,driver/two_origins_one_idle_pool,9,418.4866,submitted,10
driver,driver/two_origins_one_idle_pool,9,418.4866,total,301.769667
driver,driver/cancel_latency,0,20.7617,active,1
driver,driver/cancel_latency,0,20.7617,cancel_ms,13.549917
driver,driver/cancel_latency,0,20.7617,cancelled,1
driver,driver/cancel_latency,0,20.7617,commands,1
driver,driver/cancel_latency,0,20.7617,completed,0
driver,driver/cancel_latency,0,20.7617,connections,0
driver,driver/cancel_latency,0,20.7617,cpu_ms,3.6970000000000613
driver,driver/cancel_latency,0,20.7617,cpu_percent,17.80681927484901
driver,driver/cancel_latency,0,20.7617,file_bytes,0
driver,driver/cancel_latency,0,20.7617,loops,5
driver,driver/cancel_latency,0,20.7617,max_command_latency_ms,0.006
driver,driver/cancel_latency,0,20.7617,pauses,0
driver,driver/cancel_latency,0,20.7617,pools,1
driver,driver/cancel_latency,0,20.7617,process_peak_rss_bytes,74874880
driver,driver/cancel_latency,0,20.7617,resumes,0
driver,driver/cancel_latency,0,20.7617,submitted,4
driver,driver/cancel_latency,0,20.7617,total,13.549917
driver,driver/cancel_latency,1,21.7688,active,1
driver,driver/cancel_latency,1,21.7688,cancel_ms,15.095791
driver,driver/cancel_latency,1,21.7688,cancelled,1
driver,driver/cancel_latency,1,21.7688,commands,2
driver,driver/cancel_latency,1,21.7688,completed,0
driver,driver/cancel_latency,1,21.7688,connections,0
driver,driver/cancel_latency,1,21.7688,cpu_ms,5.486999999999798
driver,driver/cancel_latency,1,21.7688,cpu_percent,25.205808388448006
driver,driver/cancel_latency,1,21.7688,file_bytes,0
driver,driver/cancel_latency,1,21.7688,loops,6
driver,driver/cancel_latency,1,21.7688,max_command_latency_ms,15.283
driver,driver/cancel_latency,1,21.7688,pauses,0
driver,driver/cancel_latency,1,21.7688,pools,1
driver,driver/cancel_latency,1,21.7688,process_peak_rss_bytes,74874880
driver,driver/cancel_latency,1,21.7688,resumes,0
driver,driver/cancel_latency,1,21.7688,submitted,4
driver,driver/cancel_latency,1,21.7688,total,15.095791
driver,driver/cancel_latency,2,20.6388,active,1
driver,driver/cancel_latency,2,20.6388,cancel_ms,14.889375
driver,driver/cancel_latency,2,20.6388,cancelled,1
driver,driver/cancel_latency,2,20.6388,commands,1
driver,driver/cancel_latency,2,20.6388,completed,0
driver,driver/cancel_latency,2,20.6388,connections,0
driver,driver/cancel_latency,2,20.6388,cpu_ms,4.0000000000000036
driver,driver/cancel_latency,2,20.6388,cpu_percent,19.3809792743684
driver,driver/cancel_latency,2,20.6388,file_bytes,0
driver,driver/cancel_latency,2,20.6388,loops,5
driver,driver/cancel_latency,2,20.6388,max_command_latency_ms,0.008
driver,driver/cancel_latency,2,20.6388,pauses,0
driver,driver/cancel_latency,2,20.6388,pools,1
driver,driver/cancel_latency,2,20.6388,process_peak_rss_bytes,74874880
driver,driver/cancel_latency,2,20.6388,resumes,0
driver,driver/cancel_latency,2,20.6388,submitted,4
driver,driver/cancel_latency,2,20.6388,total,14.889375
driver,driver/cancel_latency,3,22.5246,active,1
driver,driver/cancel_latency,3,22.5246,cancel_ms,15.389667
driver,driver/cancel_latency,3,22.5246,cancelled,1
driver,driver/cancel_latency,3,22.5246,commands,1
driver,driver/cancel_latency,3,22.5246,completed,0
driver,driver/cancel_latency,3,22.5246,connections,0
driver,driver/cancel_latency,3,22.5246,cpu_ms,3.4890000000000754
driver,driver/cancel_latency,3,22.5246,cpu_percent,15.489742917771554
driver,driver/cancel_latency,3,22.5246,file_bytes,0
driver,driver/cancel_latency,3,22.5246,loops,5
driver,driver/cancel_latency,3,22.5246,max_command_latency_ms,0.003
driver,driver/cancel_latency,3,22.5246,pauses,0
driver,driver/cancel_latency,3,22.5246,pools,1
driver,driver/cancel_latency,3,22.5246,process_peak_rss_bytes,74874880
driver,driver/cancel_latency,3,22.5246,resumes,0
driver,driver/cancel_latency,3,22.5246,submitted,4
driver,driver/cancel_latency,3,22.5246,total,15.389667
driver,driver/cancel_latency,4,20.4847,active,1
driver,driver/cancel_latency,4,20.4847,cancel_ms,13.872041999999999
driver,driver/cancel_latency,4,20.4847,cancelled,1
driver,driver/cancel_latency,4,20.4847,commands,1
driver,driver/cancel_latency,4,20.4847,completed,0
driver,driver/cancel_latency,4,20.4847,connections,0
driver,driver/cancel_latency,4,20.4847,cpu_ms,3.3090000000000064
driver,driver/cancel_latency,4,20.4847,cpu_percent,16.1535454786744
driver,driver/cancel_latency,4,20.4847,file_bytes,0
driver,driver/cancel_latency,4,20.4847,loops,5
driver,driver/cancel_latency,4,20.4847,max_command_latency_ms,0.004
driver,driver/cancel_latency,4,20.4847,pauses,0
driver,driver/cancel_latency,4,20.4847,pools,1
driver,driver/cancel_latency,4,20.4847,process_peak_rss_bytes,74874880
driver,driver/cancel_latency,4,20.4847,resumes,0
driver,driver/cancel_latency,4,20.4847,submitted,4
driver,driver/cancel_latency,4,20.4847,total,13.872041999999999
driver,driver/cancel_latency,5,18.0880,active,1
driver,driver/cancel_latency,5,18.0880,cancel_ms,10.890667
driver,driver/cancel_latency,5,18.0880,cancelled,1
driver,driver/cancel_latency,5,18.0880,commands,1
driver,driver/cancel_latency,5,18.0880,completed,0
driver,driver/cancel_latency,5,18.0880,connections,0
driver,driver/cancel_latency,5,18.0880,cpu_ms,3.6279999999999646
driver,driver/cancel_latency,5,18.0880,cpu_percent,20.05745121873598
driver,driver/cancel_latency,5,18.0880,file_bytes,0
driver,driver/cancel_latency,5,18.0880,loops,5
driver,driver/cancel_latency,5,18.0880,max_command_latency_ms,0.004
driver,driver/cancel_latency,5,18.0880,pauses,0
driver,driver/cancel_latency,5,18.0880,pools,1
driver,driver/cancel_latency,5,18.0880,process_peak_rss_bytes,74874880
driver,driver/cancel_latency,5,18.0880,resumes,0
driver,driver/cancel_latency,5,18.0880,submitted,4
driver,driver/cancel_latency,5,18.0880,total,10.890667
driver,driver/cancel_latency,6,19.8536,active,1
driver,driver/cancel_latency,6,19.8536,cancel_ms,12.978125
driver,driver/cancel_latency,6,19.8536,cancelled,1
driver,driver/cancel_latency,6,19.8536,commands,1
driver,driver/cancel_latency,6,19.8536,completed,0
driver,driver/cancel_latency,6,19.8536,connections,0
driver,driver/cancel_latency,6,19.8536,cpu_ms,2.958999999999934
driver,driver/cancel_latency,6,19.8536,cpu_percent,14.90407922986323
driver,driver/cancel_latency,6,19.8536,file_bytes,0
driver,driver/cancel_latency,6,19.8536,loops,5
driver,driver/cancel_latency,6,19.8536,max_command_latency_ms,0.004
driver,driver/cancel_latency,6,19.8536,pauses,0
driver,driver/cancel_latency,6,19.8536,pools,1
driver,driver/cancel_latency,6,19.8536,process_peak_rss_bytes,74874880
driver,driver/cancel_latency,6,19.8536,resumes,0
driver,driver/cancel_latency,6,19.8536,submitted,4
driver,driver/cancel_latency,6,19.8536,total,12.978125
driver,driver/cancel_latency,7,16.9443,active,1
driver,driver/cancel_latency,7,16.9443,cancel_ms,9.748
driver,driver/cancel_latency,7,16.9443,cancelled,1
driver,driver/cancel_latency,7,16.9443,commands,5
driver,driver/cancel_latency,7,16.9443,completed,0
driver,driver/cancel_latency,7,16.9443,connections,0
driver,driver/cancel_latency,7,16.9443,cpu_ms,2.503000000000144
driver,driver/cancel_latency,7,16.9443,cpu_percent,14.771936177682395
driver,driver/cancel_latency,7,16.9443,file_bytes,0
driver,driver/cancel_latency,7,16.9443,loops,6
driver,driver/cancel_latency,7,16.9443,max_command_latency_ms,12.194
driver,driver/cancel_latency,7,16.9443,pauses,0
driver,driver/cancel_latency,7,16.9443,pools,1
driver,driver/cancel_latency,7,16.9443,process_peak_rss_bytes,74874880
driver,driver/cancel_latency,7,16.9443,resumes,0
driver,driver/cancel_latency,7,16.9443,submitted,4
driver,driver/cancel_latency,7,16.9443,total,9.748
driver,driver/cancel_latency,8,21.0788,active,1
driver,driver/cancel_latency,8,21.0788,cancel_ms,13.869875
driver,driver/cancel_latency,8,21.0788,cancelled,1
driver,driver/cancel_latency,8,21.0788,commands,1
driver,driver/cancel_latency,8,21.0788,completed,0
driver,driver/cancel_latency,8,21.0788,connections,0
driver,driver/cancel_latency,8,21.0788,cpu_ms,2.349999999999852
driver,driver/cancel_latency,8,21.0788,cpu_percent,11.14862478392353
driver,driver/cancel_latency,8,21.0788,file_bytes,0
driver,driver/cancel_latency,8,21.0788,loops,5
driver,driver/cancel_latency,8,21.0788,max_command_latency_ms,0.002
driver,driver/cancel_latency,8,21.0788,pauses,0
driver,driver/cancel_latency,8,21.0788,pools,1
driver,driver/cancel_latency,8,21.0788,process_peak_rss_bytes,74874880
driver,driver/cancel_latency,8,21.0788,resumes,0
driver,driver/cancel_latency,8,21.0788,submitted,4
driver,driver/cancel_latency,8,21.0788,total,13.869875
driver,driver/cancel_latency,9,17.1560,active,1
driver,driver/cancel_latency,9,17.1560,cancel_ms,10.705417
driver,driver/cancel_latency,9,17.1560,cancelled,1
driver,driver/cancel_latency,9,17.1560,commands,1
driver,driver/cancel_latency,9,17.1560,completed,0
driver,driver/cancel_latency,9,17.1560,connections,0
driver,driver/cancel_latency,9,17.1560,cpu_ms,3.063000000000038
driver,driver/cancel_latency,9,17.1560,cpu_percent,17.85381207740754
driver,driver/cancel_latency,9,17.1560,file_bytes,0
driver,driver/cancel_latency,9,17.1560,loops,6
driver,driver/cancel_latency,9,17.1560,max_command_latency_ms,0.021
driver,driver/cancel_latency,9,17.1560,pauses,0
driver,driver/cancel_latency,9,17.1560,pools,1
driver,driver/cancel_latency,9,17.1560,process_peak_rss_bytes,74874880
driver,driver/cancel_latency,9,17.1560,resumes,0
driver,driver/cancel_latency,9,17.1560,submitted,4
driver,driver/cancel_latency,9,17.1560,total,10.705417
driver,driver/stalled_pool_with_idle_pool,0,334.0313,active,0
driver,driver/stalled_pool_with_idle_pool,0,334.0313,cancel_ms,15.798208
driver,driver/stalled_pool_with_idle_pool,0,334.0313,cancelled,1
driver,driver/stalled_pool_with_idle_pool,0,334.0313,commands,9
driver,driver/stalled_pool_with_idle_pool,0,334.0313,completed,1
driver,driver/stalled_pool_with_idle_pool,0,334.0313,connections,1
driver,driver/stalled_pool_with_idle_pool,0,334.0313,cpu_ms,310.36300000000017
driver,driver/stalled_pool_with_idle_pool,0,334.0313,cpu_percent,92.91434887483541
driver,driver/stalled_pool_with_idle_pool,0,334.0313,held_loops,184851
driver,driver/stalled_pool_with_idle_pool,0,334.0313,held_loops_per_sec,611520.5744198533
driver,driver/stalled_pool_with_idle_pool,0,334.0313,loops,189057
driver,driver/stalled_pool_with_idle_pool,0,334.0313,max_command_latency_ms,0.118
driver,driver/stalled_pool_with_idle_pool,0,334.0313,pauses,0
driver,driver/stalled_pool_with_idle_pool,0,334.0313,pools,2
driver,driver/stalled_pool_with_idle_pool,0,334.0313,process_peak_rss_bytes,74874880
driver,driver/stalled_pool_with_idle_pool,0,334.0313,resumes,0
driver,driver/stalled_pool_with_idle_pool,0,334.0313,submitted,5
driver,driver/stalled_pool_with_idle_pool,0,334.0313,total,302.280917
driver,driver/stalled_pool_with_idle_pool,1,335.3403,active,0
driver,driver/stalled_pool_with_idle_pool,1,335.3403,cancel_ms,16.783042000000002
driver,driver/stalled_pool_with_idle_pool,1,335.3403,cancelled,1
driver,driver/stalled_pool_with_idle_pool,1,335.3403,commands,9
driver,driver/stalled_pool_with_idle_pool,1,335.3403,completed,1
driver,driver/stalled_pool_with_idle_pool,1,335.3403,connections,1
driver,driver/stalled_pool_with_idle_pool,1,335.3403,cpu_ms,5.732999999999766
driver,driver/stalled_pool_with_idle_pool,1,335.3403,cpu_percent,1.7096064612066115
driver,driver/stalled_pool_with_idle_pool,1,335.3403,held_loops,14
driver,driver/stalled_pool_with_idle_pool,1,335.3403,held_loops_per_sec,46.267411141478796
driver,driver/stalled_pool_with_idle_pool,1,335.3403,loops,29
driver,driver/stalled_pool_with_idle_pool,1,335.3403,max_command_latency_ms,18.96
driver,driver/stalled_pool_with_idle_pool,1,335.3403,pauses,0
driver,driver/stalled_pool_with_idle_pool,1,335.3403,pools,2
driver,driver/stalled_pool_with_idle_pool,1,335.3403,process_peak_rss_bytes,74874880
driver,driver/stalled_pool_with_idle_pool,1,335.3403,resumes,0
driver,driver/stalled_pool_with_idle_pool,1,335.3403,submitted,5
driver,driver/stalled_pool_with_idle_pool,1,335.3403,total,302.588791
driver,driver/stalled_pool_with_idle_pool,2,339.2803,active,0
driver,driver/stalled_pool_with_idle_pool,2,339.2803,cancel_ms,15.648542
driver,driver/stalled_pool_with_idle_pool,2,339.2803,cancelled,1
driver,driver/stalled_pool_with_idle_pool,2,339.2803,commands,9
driver,driver/stalled_pool_with_idle_pool,2,339.2803,completed,1
driver,driver/stalled_pool_with_idle_pool,2,339.2803,connections,1
driver,driver/stalled_pool_with_idle_pool,2,339.2803,cpu_ms,7.918000000000092
driver,driver/stalled_pool_with_idle_pool,2,339.2803,cpu_percent,2.3337636127712633
driver,driver/stalled_pool_with_idle_pool,2,339.2803,held_loops,14
driver,driver/stalled_pool_with_idle_pool,2,339.2803,held_loops_per_sec,46.310059909505185
driver,driver/stalled_pool_with_idle_pool,2,339.2803,loops,28
driver,driver/stalled_pool_with_idle_pool,2,339.2803,max_command_latency_ms,19.846
driver,driver/stalled_pool_with_idle_pool,2,339.2803,pauses,0
driver,driver/stalled_pool_with_idle_pool,2,339.2803,pools,2
driver,driver/stalled_pool_with_idle_pool,2,339.2803,process_peak_rss_bytes,74874880
driver,driver/stalled_pool_with_idle_pool,2,339.2803,resumes,0
driver,driver/stalled_pool_with_idle_pool,2,339.2803,submitted,5
driver,driver/stalled_pool_with_idle_pool,2,339.2803,total,302.31012499999997
driver,driver/stalled_pool_with_idle_pool,3,333.2222,active,0
driver,driver/stalled_pool_with_idle_pool,3,333.2222,cancel_ms,15.168834
driver,driver/stalled_pool_with_idle_pool,3,333.2222,cancelled,1
driver,driver/stalled_pool_with_idle_pool,3,333.2222,commands,9
driver,driver/stalled_pool_with_idle_pool,3,333.2222,completed,1
driver,driver/stalled_pool_with_idle_pool,3,333.2222,connections,1
driver,driver/stalled_pool_with_idle_pool,3,333.2222,cpu_ms,7.670000000000066
driver,driver/stalled_pool_with_idle_pool,3,333.2222,cpu_percent,2.301767063874056
driver,driver/stalled_pool_with_idle_pool,3,333.2222,held_loops,15
driver,driver/stalled_pool_with_idle_pool,3,333.2222,held_loops_per_sec,49.56579684563996
driver,driver/stalled_pool_with_idle_pool,3,333.2222,loops,29
driver,driver/stalled_pool_with_idle_pool,3,333.2222,max_command_latency_ms,21.061
driver,driver/stalled_pool_with_idle_pool,3,333.2222,pauses,0
driver,driver/stalled_pool_with_idle_pool,3,333.2222,pools,2
driver,driver/stalled_pool_with_idle_pool,3,333.2222,process_peak_rss_bytes,74874880
driver,driver/stalled_pool_with_idle_pool,3,333.2222,resumes,0
driver,driver/stalled_pool_with_idle_pool,3,333.2222,submitted,5
driver,driver/stalled_pool_with_idle_pool,3,333.2222,total,302.628041
driver,driver/stalled_pool_with_idle_pool,4,331.9613,active,4
driver,driver/stalled_pool_with_idle_pool,4,331.9613,cancel_ms,12.843833
driver,driver/stalled_pool_with_idle_pool,4,331.9613,cancelled,1
driver,driver/stalled_pool_with_idle_pool,4,331.9613,commands,5
driver,driver/stalled_pool_with_idle_pool,4,331.9613,completed,1
driver,driver/stalled_pool_with_idle_pool,4,331.9613,connections,1
driver,driver/stalled_pool_with_idle_pool,4,331.9613,cpu_ms,8.013999999999744
driver,driver/stalled_pool_with_idle_pool,4,331.9613,cpu_percent,2.4141368940512233
driver,driver/stalled_pool_with_idle_pool,4,331.9613,held_loops,15
driver,driver/stalled_pool_with_idle_pool,4,331.9613,held_loops_per_sec,49.64157410082323
driver,driver/stalled_pool_with_idle_pool,4,331.9613,loops,27
driver,driver/stalled_pool_with_idle_pool,4,331.9613,max_command_latency_ms,18.05
driver,driver/stalled_pool_with_idle_pool,4,331.9613,pauses,0
driver,driver/stalled_pool_with_idle_pool,4,331.9613,pools,2
driver,driver/stalled_pool_with_idle_pool,4,331.9613,process_peak_rss_bytes,74874880
driver,driver/stalled_pool_with_idle_pool,4,331.9613,resumes,0
driver,driver/stalled_pool_with_idle_pool,4,331.9613,submitted,5
driver,driver/stalled_pool_with_idle_pool,4,331.9613,total,302.16608299999996
driver,driver/stalled_pool_with_idle_pool,5,329.5630,active,0
driver,driver/stalled_pool_with_idle_pool,5,329.5630,cancel_ms,12.331959
driver,driver/stalled_pool_with_idle_pool,5,329.5630,cancelled,1
driver,driver/stalled_pool_with_idle_pool,5,329.5630,commands,9
driver,driver/stalled_pool_with_idle_pool,5,329.5630,completed,1
driver,driver/stalled_pool_with_idle_pool,5,329.5630,connections,1
driver,driver/stalled_pool_with_idle_pool,5,329.5630,cpu_ms,311.52200000000005
driver,driver/stalled_pool_with_idle_pool,5,329.5630,cpu_percent,94.52576906363186
driver,driver/stalled_pool_with_idle_pool,5,329.5630,held_loops,184799
driver,driver/stalled_pool_with_idle_pool,5,329.5630,held_loops_per_sec,611846.0559843826
driver,driver/stalled_pool_with_idle_pool,5,329.5630,loops,189817
driver,driver/stalled_pool_with_idle_pool,5,329.5630,max_command_latency_ms,0.046
driver,driver/stalled_pool_with_idle_pool,5,329.5630,pauses,0
driver,driver/stalled_pool_with_idle_pool,5,329.5630,pools,2
driver,driver/stalled_pool_with_idle_pool,5,329.5630,process_peak_rss_bytes,74874880
driver,driver/stalled_pool_with_idle_pool,5,329.5630,resumes,0
driver,driver/stalled_pool_with_idle_pool,5,329.5630,submitted,5
driver,driver/stalled_pool_with_idle_pool,5,329.5630,total,302.035125
driver,driver/stalled_pool_with_idle_pool,6,331.8735,active,0
driver,driver/stalled_pool_with_idle_pool,6,331.8735,cancel_ms,14.135791
driver,driver/stalled_pool_with_idle_pool,6,331.8735,cancelled,1
driver,driver/stalled_pool_with_idle_pool,6,331.8735,commands,9
driver,driver/stalled_pool_with_idle_pool,6,331.8735,completed,1
driver,driver/stalled_pool_with_idle_pool,6,331.8735,connections,1
driver,driver/stalled_pool_with_idle_pool,6,331.8735,cpu_ms,309.3349999999999
driver,driver/stalled_pool_with_idle_pool,6,331.8735,cpu_percent,93.2086957386919
driver,driver/stalled_pool_with_idle_pool,6,331.8735,held_loops,185421
driver,driver/stalled_pool_with_idle_pool,6,331.8735,held_loops_per_sec,614729.2864781962
driver,driver/stalled_pool_with_idle_pool,6,331.8735,loops,191002
driver,driver/stalled_pool_with_idle_pool,6,331.8735,max_command_latency_ms,0.04
driver,driver/stalled_pool_with_idle_pool,6,331.8735,pauses,0
driver,driver/stalled_pool_with_idle_pool,6,331.8735,pools,2
driver,driver/stalled_pool_with_idle_pool,6,331.8735,process_peak_rss_bytes,74874880
driver,driver/stalled_pool_with_idle_pool,6,331.8735,resumes,0
driver,driver/stalled_pool_with_idle_pool,6,331.8735,submitted,5
driver,driver/stalled_pool_with_idle_pool,6,331.8735,total,301.630334
driver,driver/stalled_pool_with_idle_pool,7,331.8113,active,0
driver,driver/stalled_pool_with_idle_pool,7,331.8113,cancel_ms,15.570917
driver,driver/stalled_pool_with_idle_pool,7,331.8113,cancelled,1
driver,driver/stalled_pool_with_idle_pool,7,331.8113,commands,9
driver,driver/stalled_pool_with_idle_pool,7,331.8113,completed,1
driver,driver/stalled_pool_with_idle_pool,7,331.8113,connections,1
driver,driver/stalled_pool_with_idle_pool,7,331.8113,cpu_ms,309.86900000000037
driver,driver/stalled_pool_with_idle_pool,7,331.8113,cpu_percent,93.38711715694124
driver,driver/stalled_pool_with_idle_pool,7,331.8113,held_loops,186931
driver,driver/stalled_pool_with_idle_pool,7,331.8113,held_loops_per_sec,618800.3503967619
driver,driver/stalled_pool_with_idle_pool,7,331.8113,loops,192992
driver,driver/stalled_pool_with_idle_pool,7,331.8113,max_command_latency_ms,0.069
driver,driver/stalled_pool_with_idle_pool,7,331.8113,pauses,0
driver,driver/stalled_pool_with_idle_pool,7,331.8113,pools,2
driver,driver/stalled_pool_with_idle_pool,7,331.8113,process_peak_rss_bytes,74874880
driver,driver/stalled_pool_with_idle_pool,7,331.8113,resumes,0
driver,driver/stalled_pool_with_idle_pool,7,331.8113,submitted,5
driver,driver/stalled_pool_with_idle_pool,7,331.8113,total,302.086125
driver,driver/stalled_pool_with_idle_pool,8,329.9020,active,0
driver,driver/stalled_pool_with_idle_pool,8,329.9020,cancel_ms,14.582041
driver,driver/stalled_pool_with_idle_pool,8,329.9020,cancelled,1
driver,driver/stalled_pool_with_idle_pool,8,329.9020,commands,9
driver,driver/stalled_pool_with_idle_pool,8,329.9020,completed,1
driver,driver/stalled_pool_with_idle_pool,8,329.9020,connections,1
driver,driver/stalled_pool_with_idle_pool,8,329.9020,cpu_ms,276.71999999999963
driver,driver/stalled_pool_with_idle_pool,8,329.9020,cpu_percent,83.87946578965125
driver,driver/stalled_pool_with_idle_pool,8,329.9020,held_loops,153467
driver,driver/stalled_pool_with_idle_pool,8,329.9020,held_loops_per_sec,509110.4621713978
driver,driver/stalled_pool_with_idle_pool,8,329.9020,loops,159055
driver,driver/stalled_pool_with_idle_pool,8,329.9020,max_command_latency_ms,0.147
driver,driver/stalled_pool_with_idle_pool,8,329.9020,pauses,0
driver,driver/stalled_pool_with_idle_pool,8,329.9020,pools,2
driver,driver/stalled_pool_with_idle_pool,8,329.9020,process_peak_rss_bytes,74874880
driver,driver/stalled_pool_with_idle_pool,8,329.9020,resumes,0
driver,driver/stalled_pool_with_idle_pool,8,329.9020,submitted,5
driver,driver/stalled_pool_with_idle_pool,8,329.9020,total,301.441458
driver,driver/stalled_pool_with_idle_pool,9,332.6883,active,0
driver,driver/stalled_pool_with_idle_pool,9,332.6883,cancel_ms,15.272417
driver,driver/stalled_pool_with_idle_pool,9,332.6883,cancelled,1
driver,driver/stalled_pool_with_idle_pool,9,332.6883,commands,9
driver,driver/stalled_pool_with_idle_pool,9,332.6883,completed,1
driver,driver/stalled_pool_with_idle_pool,9,332.6883,connections,1
driver,driver/stalled_pool_with_idle_pool,9,332.6883,cpu_ms,6.9350000000003575
driver,driver/stalled_pool_with_idle_pool,9,332.6883,cpu_percent,2.0845340946066946
driver,driver/stalled_pool_with_idle_pool,9,332.6883,held_loops,15
driver,driver/stalled_pool_with_idle_pool,9,332.6883,held_loops_per_sec,49.725920340759664
driver,driver/stalled_pool_with_idle_pool,9,332.6883,loops,28
driver,driver/stalled_pool_with_idle_pool,9,332.6883,max_command_latency_ms,19.311
driver,driver/stalled_pool_with_idle_pool,9,332.6883,pauses,0
driver,driver/stalled_pool_with_idle_pool,9,332.6883,pools,2
driver,driver/stalled_pool_with_idle_pool,9,332.6883,process_peak_rss_bytes,74874880
driver,driver/stalled_pool_with_idle_pool,9,332.6883,resumes,0
driver,driver/stalled_pool_with_idle_pool,9,332.6883,submitted,5
driver,driver/stalled_pool_with_idle_pool,9,332.6883,total,301.653542
