group,scenario,round,round_millis,metric,value
driver,driver/single_origin_split_download,0,14.9820,active,0
driver,driver/single_origin_split_download,0,14.9820,avg_block_bytes,1048576
driver,driver/single_origin_split_download,0,14.9820,body_reads,776
driver,driver/single_origin_split_download,0,14.9820,body_wait_ms,6.119
driver,driver/single_origin_split_download,0,14.9820,cache_copied_bytes,12582912
driver,driver/single_origin_split_download,0,14.9820,cache_evicted_bytes,12582912
driver,driver/single_origin_split_download,0,14.9820,cancelled,0
driver,driver/single_origin_split_download,0,14.9820,checksum_ms,0
driver,driver/single_origin_split_download,0,14.9820,commands,10
driver,driver/single_origin_split_download,0,14.9820,completed,4
driver,driver/single_origin_split_download,0,14.9820,connections,4
driver,driver/single_origin_split_download,0,14.9820,cpu_ms,16.661999999999995
driver,driver/single_origin_split_download,0,14.9820,cpu_percent,111.21376792005421
driver,driver/single_origin_split_download,0,14.9820,distinct_ranges,4
driver,driver/single_origin_split_download,0,14.9820,duplicate_bytes,0
driver,driver/single_origin_split_download,0,14.9820,failed,0
driver,driver/single_origin_split_download,0,14.9820,file_bytes,12582912
driver,driver/single_origin_split_download,0,14.9820,fsync_calls,1
driver,driver/single_origin_split_download,0,14.9820,fsync_ms,5.379
driver,driver/single_origin_split_download,0,14.9820,loops,53
driver,driver/single_origin_split_download,0,14.9820,max_command_latency_ms,0.113
driver,driver/single_origin_split_download,0,14.9820,pauses,6
driver,driver/single_origin_split_download,0,14.9820,pools,1
driver,driver/single_origin_split_download,0,14.9820,prealloc_ms,3.514
driver,driver/single_origin_split_download,0,14.9820,process_peak_rss_bytes,59899904
driver,driver/single_origin_split_download,0,14.9820,requests,4
driver,driver/single_origin_split_download,0,14.9820,response_head_ms,1.929
driver,driver/single_origin_split_download,0,14.9820,response_heads,4
driver,driver/single_origin_split_download,0,14.9820,resumes,6
driver,driver/single_origin_split_download,0,14.9820,running_reports,0
driver,driver/single_origin_split_download,0,14.9820,served_bytes,12582912
driver,driver/single_origin_split_download,0,14.9820,submitted,4
driver,driver/single_origin_split_download,0,14.9820,total,13.174333
driver,driver/single_origin_split_download,0,14.9820,unique_bytes,12582912
driver,driver/single_origin_split_download,0,14.9820,verified,1
driver,driver/single_origin_split_download,0,14.9820,writer_blocks,12
driver,driver/single_origin_split_download,0,14.9820,writer_bytes,12582912
driver,driver/single_origin_split_download,0,14.9820,writer_seeks,12
driver,driver/single_origin_split_download,1,15.7431,active,0
driver,driver/single_origin_split_download,1,15.7431,avg_block_bytes,1048576
driver,driver/single_origin_split_download,1,15.7431,body_reads,781
driver,driver/single_origin_split_download,1,15.7431,body_wait_ms,7.157
driver,driver/single_origin_split_download,1,15.7431,cache_copied_bytes,12582912
driver,driver/single_origin_split_download,1,15.7431,cache_evicted_bytes,12582912
driver,driver/single_origin_split_download,1,15.7431,cancelled,0
driver,driver/single_origin_split_download,1,15.7431,checksum_ms,0
driver,driver/single_origin_split_download,1,15.7431,commands,8
driver,driver/single_origin_split_download,1,15.7431,completed,4
driver,driver/single_origin_split_download,1,15.7431,connections,4
driver,driver/single_origin_split_download,1,15.7431,cpu_ms,14.169999999999995
driver,driver/single_origin_split_download,1,15.7431,cpu_percent,90.00754297510815
driver,driver/single_origin_split_download,1,15.7431,distinct_ranges,4
driver,driver/single_origin_split_download,1,15.7431,duplicate_bytes,0
driver,driver/single_origin_split_download,1,15.7431,failed,0
driver,driver/single_origin_split_download,1,15.7431,file_bytes,12582912
driver,driver/single_origin_split_download,1,15.7431,finalize,0.004374999999997797
driver,driver/single_origin_split_download,1,15.7431,fsync_calls,1
driver,driver/single_origin_split_download,1,15.7431,fsync_ms,6.98
driver,driver/single_origin_split_download,1,15.7431,loops,79
driver,driver/single_origin_split_download,1,15.7431,max_command_latency_ms,0.045
driver,driver/single_origin_split_download,1,15.7431,pauses,4
driver,driver/single_origin_split_download,1,15.7431,pools,1
driver,driver/single_origin_split_download,1,15.7431,prealloc_ms,2.652
driver,driver/single_origin_split_download,1,15.7431,process_peak_rss_bytes,61292544
driver,driver/single_origin_split_download,1,15.7431,report_span,0
driver,driver/single_origin_split_download,1,15.7431,requests,4
driver,driver/single_origin_split_download,1,15.7431,response_head_ms,1.36
driver,driver/single_origin_split_download,1,15.7431,response_heads,4
driver,driver/single_origin_split_download,1,15.7431,resumes,4
driver,driver/single_origin_split_download,1,15.7431,running_reports,1
driver,driver/single_origin_split_download,1,15.7431,served_bytes,12582912
driver,driver/single_origin_split_download,1,15.7431,submitted,4
driver,driver/single_origin_split_download,1,15.7431,to_first_report,14.138958
driver,driver/single_origin_split_download,1,15.7431,total,14.143332999999998
driver,driver/single_origin_split_download,1,15.7431,unique_bytes,12582912
driver,driver/single_origin_split_download,1,15.7431,verified,1
driver,driver/single_origin_split_download,1,15.7431,writer_blocks,12
driver,driver/single_origin_split_download,1,15.7431,writer_bytes,12582912
driver,driver/single_origin_split_download,1,15.7431,writer_seeks,12
driver,driver/single_origin_split_download,2,15.1040,active,0
driver,driver/single_origin_split_download,2,15.1040,avg_block_bytes,1048576
driver,driver/single_origin_split_download,2,15.1040,body_reads,783
driver,driver/single_origin_split_download,2,15.1040,body_wait_ms,6.581
driver,driver/single_origin_split_download,2,15.1040,cache_copied_bytes,12582912
driver,driver/single_origin_split_download,2,15.1040,cache_evicted_bytes,12582912
driver,driver/single_origin_split_download,2,15.1040,cancelled,0
driver,driver/single_origin_split_download,2,15.1040,checksum_ms,0
driver,driver/single_origin_split_download,2,15.1040,commands,13
driver,driver/single_origin_split_download,2,15.1040,completed,5
driver,driver/single_origin_split_download,2,15.1040,connections,4
driver,driver/single_origin_split_download,2,15.1040,cpu_ms,14.32
driver,driver/single_origin_split_download,2,15.1040,cpu_percent,94.80906467348704
driver,driver/single_origin_split_download,2,15.1040,distinct_ranges,5
driver,driver/single_origin_split_download,2,15.1040,duplicate_bytes,0
driver,driver/single_origin_split_download,2,15.1040,failed,0
driver,driver/single_origin_split_download,2,15.1040,file_bytes,12582912
driver,driver/single_origin_split_download,2,15.1040,finalize,0.01287500000000108
driver,driver/single_origin_split_download,2,15.1040,fsync_calls,1
driver,driver/single_origin_split_download,2,15.1040,fsync_ms,6.34
driver,driver/single_origin_split_download,2,15.1040,loops,72
driver,driver/single_origin_split_download,2,15.1040,max_command_latency_ms,0.036
driver,driver/single_origin_split_download,2,15.1040,pauses,8
driver,driver/single_origin_split_download,2,15.1040,pools,1
driver,driver/single_origin_split_download,2,15.1040,prealloc_ms,3.052
driver,driver/single_origin_split_download,2,15.1040,process_peak_rss_bytes,66027520
driver,driver/single_origin_split_download,2,15.1040,report_span,0
driver,driver/single_origin_split_download,2,15.1040,requests,5
driver,driver/single_origin_split_download,2,15.1040,response_head_ms,1.479
driver,driver/single_origin_split_download,2,15.1040,response_heads,5
driver,driver/single_origin_split_download,2,15.1040,resumes,8
driver,driver/single_origin_split_download,2,15.1040,running_reports,1
driver,driver/single_origin_split_download,2,15.1040,served_bytes,12582912
driver,driver/single_origin_split_download,2,15.1040,submitted,5
driver,driver/single_origin_split_download,2,15.1040,to_first_report,13.479709
driver,driver/single_origin_split_download,2,15.1040,total,13.492584
driver,driver/single_origin_split_download,2,15.1040,unique_bytes,12582912
driver,driver/single_origin_split_download,2,15.1040,verified,1
driver,driver/single_origin_split_download,2,15.1040,writer_blocks,12
driver,driver/single_origin_split_download,2,15.1040,writer_bytes,12582912
driver,driver/single_origin_split_download,2,15.1040,writer_seeks,12
driver,driver/single_origin_split_download,3,13.9357,active,0
driver,driver/single_origin_split_download,3,13.9357,avg_block_bytes,1048576
driver,driver/single_origin_split_download,3,13.9357,body_reads,782
driver,driver/single_origin_split_download,3,13.9357,body_wait_ms,5.083
driver,driver/single_origin_split_download,3,13.9357,cache_copied_bytes,12582912
driver,driver/single_origin_split_download,3,13.9357,cache_evicted_bytes,12582912
driver,driver/single_origin_split_download,3,13.9357,cancelled,0
driver,driver/single_origin_split_download,3,13.9357,checksum_ms,0
driver,driver/single_origin_split_download,3,13.9357,commands,6
driver,driver/single_origin_split_download,3,13.9357,completed,4
driver,driver/single_origin_split_download,3,13.9357,connections,4
driver,driver/single_origin_split_download,3,13.9357,cpu_ms,12.884999999999994
driver,driver/single_origin_split_download,3,13.9357,cpu_percent,92.46031185065644
driver,driver/single_origin_split_download,3,13.9357,distinct_ranges,4
driver,driver/single_origin_split_download,3,13.9357,duplicate_bytes,0
driver,driver/single_origin_split_download,3,13.9357,failed,0
driver,driver/single_origin_split_download,3,13.9357,file_bytes,12582912
driver,driver/single_origin_split_download,3,13.9357,finalize,0.0057910000000021
driver,driver/single_origin_split_download,3,13.9357,fsync_calls,1
driver,driver/single_origin_split_download,3,13.9357,fsync_ms,6.069
driver,driver/single_origin_split_download,3,13.9357,loops,72
driver,driver/single_origin_split_download,3,13.9357,max_command_latency_ms,0.03
driver,driver/single_origin_split_download,3,13.9357,pauses,2
driver,driver/single_origin_split_download,3,13.9357,pools,1
driver,driver/single_origin_split_download,3,13.9357,prealloc_ms,2.711
driver,driver/single_origin_split_download,3,13.9357,process_peak_rss_bytes,66174976
driver,driver/single_origin_split_download,3,13.9357,report_span,0
driver,driver/single_origin_split_download,3,13.9357,requests,4
driver,driver/single_origin_split_download,3,13.9357,response_head_ms,1.252
driver,driver/single_origin_split_download,3,13.9357,response_heads,4
driver,driver/single_origin_split_download,3,13.9357,resumes,2
driver,driver/single_origin_split_download,3,13.9357,running_reports,1
driver,driver/single_origin_split_download,3,13.9357,served_bytes,12582912
driver,driver/single_origin_split_download,3,13.9357,submitted,4
driver,driver/single_origin_split_download,3,13.9357,to_first_report,12.294709
driver,driver/single_origin_split_download,3,13.9357,total,12.300500000000001
driver,driver/single_origin_split_download,3,13.9357,unique_bytes,12582912
driver,driver/single_origin_split_download,3,13.9357,verified,1
driver,driver/single_origin_split_download,3,13.9357,writer_blocks,12
driver,driver/single_origin_split_download,3,13.9357,writer_bytes,12582912
driver,driver/single_origin_split_download,3,13.9357,writer_seeks,12
driver,driver/single_origin_split_download,4,15.0208,active,0
driver,driver/single_origin_split_download,4,15.0208,avg_block_bytes,1048576
driver,driver/single_origin_split_download,4,15.0208,body_reads,784
driver,driver/single_origin_split_download,4,15.0208,body_wait_ms,4.527
driver,driver/single_origin_split_download,4,15.0208,cache_copied_bytes,12582912
driver,driver/single_origin_split_download,4,15.0208,cache_evicted_bytes,12582912
driver,driver/single_origin_split_download,4,15.0208,cancelled,0
driver,driver/single_origin_split_download,4,15.0208,checksum_ms,0
driver,driver/single_origin_split_download,4,15.0208,commands,11
driver,driver/single_origin_split_download,4,15.0208,completed,4
driver,driver/single_origin_split_download,4,15.0208,connections,4
driver,driver/single_origin_split_download,4,15.0208,cpu_ms,13.035999999999992
driver,driver/single_origin_split_download,4,15.0208,cpu_percent,86.78613230038567
driver,driver/single_origin_split_download,4,15.0208,distinct_ranges,4
driver,driver/single_origin_split_download,4,15.0208,duplicate_bytes,0
driver,driver/single_origin_split_download,4,15.0208,failed,0
driver,driver/single_origin_split_download,4,15.0208,file_bytes,12582912
driver,driver/single_origin_split_download,4,15.0208,finalize,0.0008330000000000837
driver,driver/single_origin_split_download,4,15.0208,fsync_calls,1
driver,driver/single_origin_split_download,4,15.0208,fsync_ms,6.559
driver,driver/single_origin_split_download,4,15.0208,loops,81
driver,driver/single_origin_split_download,4,15.0208,max_command_latency_ms,0.206
driver,driver/single_origin_split_download,4,15.0208,pauses,7
driver,driver/single_origin_split_download,4,15.0208,pools,1
driver,driver/single_origin_split_download,4,15.0208,prealloc_ms,2.958
driver,driver/single_origin_split_download,4,15.0208,process_peak_rss_bytes,66256896
driver,driver/single_origin_split_download,4,15.0208,report_span,0
driver,driver/single_origin_split_download,4,15.0208,requests,4
driver,driver/single_origin_split_download,4,15.0208,response_head_ms,1.528
driver,driver/single_origin_split_download,4,15.0208,response_heads,4
driver,driver/single_origin_split_download,4,15.0208,resumes,7
driver,driver/single_origin_split_download,4,15.0208,running_reports,1
driver,driver/single_origin_split_download,4,15.0208,served_bytes,12582912
driver,driver/single_origin_split_download,4,15.0208,submitted,4
driver,driver/single_origin_split_download,4,15.0208,to_first_report,13.185459
driver,driver/single_origin_split_download,4,15.0208,total,13.186292
driver,driver/single_origin_split_download,4,15.0208,unique_bytes,12582912
driver,driver/single_origin_split_download,4,15.0208,verified,1
driver,driver/single_origin_split_download,4,15.0208,writer_blocks,12
driver,driver/single_origin_split_download,4,15.0208,writer_bytes,12582912
driver,driver/single_origin_split_download,4,15.0208,writer_seeks,11
driver,driver/single_origin_split_download,5,15.5751,active,0
driver,driver/single_origin_split_download,5,15.5751,avg_block_bytes,1048576
driver,driver/single_origin_split_download,5,15.5751,body_reads,783
driver,driver/single_origin_split_download,5,15.5751,body_wait_ms,6.497
driver,driver/single_origin_split_download,5,15.5751,cache_copied_bytes,12582912
driver,driver/single_origin_split_download,5,15.5751,cache_evicted_bytes,12582912
driver,driver/single_origin_split_download,5,15.5751,cancelled,0
driver,driver/single_origin_split_download,5,15.5751,checksum_ms,0
driver,driver/single_origin_split_download,5,15.5751,commands,18
driver,driver/single_origin_split_download,5,15.5751,completed,5
driver,driver/single_origin_split_download,5,15.5751,connections,4
driver,driver/single_origin_split_download,5,15.5751,cpu_ms,14.722999999999987
driver,driver/single_origin_split_download,5,15.5751,cpu_percent,94.5289363648766
driver,driver/single_origin_split_download,5,15.5751,distinct_ranges,5
driver,driver/single_origin_split_download,5,15.5751,duplicate_bytes,0
driver,driver/single_origin_split_download,5,15.5751,failed,0
driver,driver/single_origin_split_download,5,15.5751,file_bytes,12582912
driver,driver/single_origin_split_download,5,15.5751,fsync_calls,1
driver,driver/single_origin_split_download,5,15.5751,fsync_ms,6.632
driver,driver/single_origin_split_download,5,15.5751,loops,65
driver,driver/single_origin_split_download,5,15.5751,max_command_latency_ms,0.072
driver,driver/single_origin_split_download,5,15.5751,pauses,13
driver,driver/single_origin_split_download,5,15.5751,pools,1
driver,driver/single_origin_split_download,5,15.5751,prealloc_ms,2.696
driver,driver/single_origin_split_download,5,15.5751,process_peak_rss_bytes,66322432
driver,driver/single_origin_split_download,5,15.5751,requests,5
driver,driver/single_origin_split_download,5,15.5751,response_head_ms,1.845
driver,driver/single_origin_split_download,5,15.5751,response_heads,5
driver,driver/single_origin_split_download,5,15.5751,resumes,13
driver,driver/single_origin_split_download,5,15.5751,running_reports,0
driver,driver/single_origin_split_download,5,15.5751,served_bytes,12582912
driver,driver/single_origin_split_download,5,15.5751,submitted,5
driver,driver/single_origin_split_download,5,15.5751,total,13.144334
driver,driver/single_origin_split_download,5,15.5751,unique_bytes,12582912
driver,driver/single_origin_split_download,5,15.5751,verified,1
driver,driver/single_origin_split_download,5,15.5751,writer_blocks,12
driver,driver/single_origin_split_download,5,15.5751,writer_bytes,12582912
driver,driver/single_origin_split_download,5,15.5751,writer_seeks,11
driver,driver/single_origin_split_download,6,13.5213,active,0
driver,driver/single_origin_split_download,6,13.5213,avg_block_bytes,1048576
driver,driver/single_origin_split_download,6,13.5213,body_reads,780
driver,driver/single_origin_split_download,6,13.5213,body_wait_ms,4.824
driver,driver/single_origin_split_download,6,13.5213,cache_copied_bytes,12582912
driver,driver/single_origin_split_download,6,13.5213,cache_evicted_bytes,12582912
driver,driver/single_origin_split_download,6,13.5213,cancelled,0
driver,driver/single_origin_split_download,6,13.5213,checksum_ms,0
driver,driver/single_origin_split_download,6,13.5213,commands,11
driver,driver/single_origin_split_download,6,13.5213,completed,4
driver,driver/single_origin_split_download,6,13.5213,connections,4
driver,driver/single_origin_split_download,6,13.5213,cpu_ms,13.404
driver,driver/single_origin_split_download,6,13.5213,cpu_percent,99.13223059204071
driver,driver/single_origin_split_download,6,13.5213,distinct_ranges,4
driver,driver/single_origin_split_download,6,13.5213,duplicate_bytes,0
driver,driver/single_origin_split_download,6,13.5213,failed,0
driver,driver/single_origin_split_download,6,13.5213,file_bytes,12582912
driver,driver/single_origin_split_download,6,13.5213,finalize,0.005041999999999547
driver,driver/single_origin_split_download,6,13.5213,fsync_calls,1
driver,driver/single_origin_split_download,6,13.5213,fsync_ms,4.952
driver,driver/single_origin_split_download,6,13.5213,loops,72
driver,driver/single_origin_split_download,6,13.5213,max_command_latency_ms,0.079
driver,driver/single_origin_split_download,6,13.5213,pauses,7
driver,driver/single_origin_split_download,6,13.5213,pools,1
driver,driver/single_origin_split_download,6,13.5213,prealloc_ms,3.191
driver,driver/single_origin_split_download,6,13.5213,process_peak_rss_bytes,66797568
driver,driver/single_origin_split_download,6,13.5213,report_span,0
driver,driver/single_origin_split_download,6,13.5213,requests,4
driver,driver/single_origin_split_download,6,13.5213,response_head_ms,1.171
driver,driver/single_origin_split_download,6,13.5213,response_heads,4
driver,driver/single_origin_split_download,6,13.5213,resumes,7
driver,driver/single_origin_split_download,6,13.5213,running_reports,1
driver,driver/single_origin_split_download,6,13.5213,served_bytes,12582912
driver,driver/single_origin_split_download,6,13.5213,submitted,4
driver,driver/single_origin_split_download,6,13.5213,to_first_report,11.553583
driver,driver/single_origin_split_download,6,13.5213,total,11.558625
driver,driver/single_origin_split_download,6,13.5213,unique_bytes,12582912
driver,driver/single_origin_split_download,6,13.5213,verified,1
driver,driver/single_origin_split_download,6,13.5213,writer_blocks,12
driver,driver/single_origin_split_download,6,13.5213,writer_bytes,12582912
driver,driver/single_origin_split_download,6,13.5213,writer_seeks,12
driver,driver/single_origin_split_download,7,12.6872,active,0
driver,driver/single_origin_split_download,7,12.6872,avg_block_bytes,1048576
driver,driver/single_origin_split_download,7,12.6872,body_reads,784
driver,driver/single_origin_split_download,7,12.6872,body_wait_ms,4.387
driver,driver/single_origin_split_download,7,12.6872,cache_copied_bytes,12582912
driver,driver/single_origin_split_download,7,12.6872,cache_evicted_bytes,12582912
driver,driver/single_origin_split_download,7,12.6872,cancelled,0
driver,driver/single_origin_split_download,7,12.6872,checksum_ms,0
driver,driver/single_origin_split_download,7,12.6872,commands,7
driver,driver/single_origin_split_download,7,12.6872,completed,4
driver,driver/single_origin_split_download,7,12.6872,connections,4
driver,driver/single_origin_split_download,7,12.6872,cpu_ms,12.354000000000005
driver,driver/single_origin_split_download,7,12.6872,cpu_percent,97.37366960484927
driver,driver/single_origin_split_download,7,12.6872,distinct_ranges,4
driver,driver/single_origin_split_download,7,12.6872,duplicate_bytes,0
driver,driver/single_origin_split_download,7,12.6872,failed,0
driver,driver/single_origin_split_download,7,12.6872,file_bytes,12582912
driver,driver/single_origin_split_download,7,12.6872,finalize,0.0008339999999993353
driver,driver/single_origin_split_download,7,12.6872,fsync_calls,1
driver,driver/single_origin_split_download,7,12.6872,fsync_ms,4.994
driver,driver/single_origin_split_download,7,12.6872,loops,81
driver,driver/single_origin_split_download,7,12.6872,max_command_latency_ms,0.115
driver,driver/single_origin_split_download,7,12.6872,pauses,3
driver,driver/single_origin_split_download,7,12.6872,pools,1
driver,driver/single_origin_split_download,7,12.6872,prealloc_ms,2.466
driver,driver/single_origin_split_download,7,12.6872,process_peak_rss_bytes,66830336
driver,driver/single_origin_split_download,7,12.6872,report_span,0
driver,driver/single_origin_split_download,7,12.6872,requests,4
driver,driver/single_origin_split_download,7,12.6872,response_head_ms,1.589
driver,driver/single_origin_split_download,7,12.6872,response_heads,4
driver,driver/single_origin_split_download,7,12.6872,resumes,3
driver,driver/single_origin_split_download,7,12.6872,running_reports,1
driver,driver/single_origin_split_download,7,12.6872,served_bytes,12582912
driver,driver/single_origin_split_download,7,12.6872,submitted,4
driver,driver/single_origin_split_download,7,12.6872,to_first_report,10.883833000000001
driver,driver/single_origin_split_download,7,12.6872,total,10.884667
driver,driver/single_origin_split_download,7,12.6872,unique_bytes,12582912
driver,driver/single_origin_split_download,7,12.6872,verified,1
driver,driver/single_origin_split_download,7,12.6872,writer_blocks,12
driver,driver/single_origin_split_download,7,12.6872,writer_bytes,12582912
driver,driver/single_origin_split_download,7,12.6872,writer_seeks,10
driver,driver/single_origin_split_download,8,14.7808,active,0
driver,driver/single_origin_split_download,8,14.7808,avg_block_bytes,1048576
driver,driver/single_origin_split_download,8,14.7808,body_reads,779
driver,driver/single_origin_split_download,8,14.7808,body_wait_ms,5.234
driver,driver/single_origin_split_download,8,14.7808,cache_copied_bytes,12582912
driver,driver/single_origin_split_download,8,14.7808,cache_evicted_bytes,12582912
driver,driver/single_origin_split_download,8,14.7808,cancelled,0
driver,driver/single_origin_split_download,8,14.7808,checksum_ms,0
driver,driver/single_origin_split_download,8,14.7808,commands,17
driver,driver/single_origin_split_download,8,14.7808,completed,4
driver,driver/single_origin_split_download,8,14.7808,connections,4
driver,driver/single_origin_split_download,8,14.7808,cpu_ms,13.469999999999981
driver,driver/single_origin_split_download,8,14.7808,cpu_percent,91.13204674999564
driver,driver/single_origin_split_download,8,14.7808,distinct_ranges,4
driver,driver/single_origin_split_download,8,14.7808,duplicate_bytes,0
driver,driver/single_origin_split_download,8,14.7808,failed,0
driver,driver/single_origin_split_download,8,14.7808,file_bytes,12582912
driver,driver/single_origin_split_download,8,14.7808,finalize,0.0009580000000006805
driver,driver/single_origin_split_download,8,14.7808,fsync_calls,1
driver,driver/single_origin_split_download,8,14.7808,fsync_ms,6.089
driver,driver/single_origin_split_download,8,14.7808,loops,67
driver,driver/single_origin_split_download,8,14.7808,max_command_latency_ms,0.395
driver,driver/single_origin_split_download,8,14.7808,pauses,13
driver,driver/single_origin_split_download,8,14.7808,pools,1
driver,driver/single_origin_split_download,8,14.7808,prealloc_ms,2.932
driver,driver/single_origin_split_download,8,14.7808,process_peak_rss_bytes,68091904
driver,driver/single_origin_split_download,8,14.7808,report_span,0
driver,driver/single_origin_split_download,8,14.7808,requests,4
driver,driver/single_origin_split_download,8,14.7808,response_head_ms,1.456
driver,driver/single_origin_split_download,8,14.7808,response_heads,4
driver,driver/single_origin_split_download,8,14.7808,resumes,13
driver,driver/single_origin_split_download,8,14.7808,running_reports,1
driver,driver/single_origin_split_download,8,14.7808,served_bytes,12582912
driver,driver/single_origin_split_download,8,14.7808,submitted,4
driver,driver/single_origin_split_download,8,14.7808,to_first_report,13.34575
driver,driver/single_origin_split_download,8,14.7808,total,13.346708000000001
driver,driver/single_origin_split_download,8,14.7808,unique_bytes,12582912
driver,driver/single_origin_split_download,8,14.7808,verified,1
driver,driver/single_origin_split_download,8,14.7808,writer_blocks,12
driver,driver/single_origin_split_download,8,14.7808,writer_bytes,12582912
driver,driver/single_origin_split_download,8,14.7808,writer_seeks,12
driver,driver/single_origin_split_download,9,15.1883,active,0
driver,driver/single_origin_split_download,9,15.1883,avg_block_bytes,1048576
driver,driver/single_origin_split_download,9,15.1883,body_reads,780
driver,driver/single_origin_split_download,9,15.1883,body_wait_ms,5.127
driver,driver/single_origin_split_download,9,15.1883,cache_copied_bytes,12582912
driver,driver/single_origin_split_download,9,15.1883,cache_evicted_bytes,12582912
driver,driver/single_origin_split_download,9,15.1883,cancelled,0
driver,driver/single_origin_split_download,9,15.1883,checksum_ms,0
driver,driver/single_origin_split_download,9,15.1883,commands,9
driver,driver/single_origin_split_download,9,15.1883,completed,4
driver,driver/single_origin_split_download,9,15.1883,connections,4
driver,driver/single_origin_split_download,9,15.1883,cpu_ms,12.845999999999997
driver,driver/single_origin_split_download,9,15.1883,cpu_percent,84.5783054473801
driver,driver/single_origin_split_download,9,15.1883,distinct_ranges,4
driver,driver/single_origin_split_download,9,15.1883,duplicate_bytes,0
driver,driver/single_origin_split_download,9,15.1883,failed,0
driver,driver/single_origin_split_download,9,15.1883,file_bytes,12582912
driver,driver/single_origin_split_download,9,15.1883,finalize,0.004958000000002016
driver,driver/single_origin_split_download,9,15.1883,fsync_calls,1
driver,driver/single_origin_split_download,9,15.1883,fsync_ms,6.33
driver,driver/single_origin_split_download,9,15.1883,loops,83
driver,driver/single_origin_split_download,9,15.1883,max_command_latency_ms,0.223
driver,driver/single_origin_split_download,9,15.1883,pauses,5
driver,driver/single_origin_split_download,9,15.1883,pools,1
driver,driver/single_origin_split_download,9,15.1883,prealloc_ms,3.227
driver,driver/single_origin_split_download,9,15.1883,process_peak_rss_bytes,68435968
driver,driver/single_origin_split_download,9,15.1883,report_span,0
driver,driver/single_origin_split_download,9,15.1883,requests,4
driver,driver/single_origin_split_download,9,15.1883,response_head_ms,1.319
driver,driver/single_origin_split_download,9,15.1883,response_heads,4
driver,driver/single_origin_split_download,9,15.1883,resumes,5
driver,driver/single_origin_split_download,9,15.1883,running_reports,1
driver,driver/single_origin_split_download,9,15.1883,served_bytes,12582912
driver,driver/single_origin_split_download,9,15.1883,submitted,4
driver,driver/single_origin_split_download,9,15.1883,to_first_report,13.567041999999999
driver,driver/single_origin_split_download,9,15.1883,total,13.572000000000001
driver,driver/single_origin_split_download,9,15.1883,unique_bytes,12582912
driver,driver/single_origin_split_download,9,15.1883,verified,1
driver,driver/single_origin_split_download,9,15.1883,writer_blocks,12
driver,driver/single_origin_split_download,9,15.1883,writer_bytes,12582912
driver,driver/single_origin_split_download,9,15.1883,writer_seeks,8
driver,driver/body_backpressure_256KiB_budget,0,22.1097,active,0
driver,driver/body_backpressure_256KiB_budget,0,22.1097,avg_block_bytes,50942.96356275304
driver,driver/body_backpressure_256KiB_budget,0,22.1097,body_reads,776
driver,driver/body_backpressure_256KiB_budget,0,22.1097,body_wait_ms,2.49
driver,driver/body_backpressure_256KiB_budget,0,22.1097,cache_copied_bytes,12582912
driver,driver/body_backpressure_256KiB_budget,0,22.1097,cache_evicted_bytes,12582912
driver,driver/body_backpressure_256KiB_budget,0,22.1097,cancelled,0
driver,driver/body_backpressure_256KiB_budget,0,22.1097,checksum_ms,0
driver,driver/body_backpressure_256KiB_budget,0,22.1097,commands,232
driver,driver/body_backpressure_256KiB_budget,0,22.1097,completed,4
driver,driver/body_backpressure_256KiB_budget,0,22.1097,connections,4
driver,driver/body_backpressure_256KiB_budget,0,22.1097,cpu_ms,19.735000000000003
driver,driver/body_backpressure_256KiB_budget,0,22.1097,cpu_percent,89.25942896851333
driver,driver/body_backpressure_256KiB_budget,0,22.1097,distinct_ranges,4
driver,driver/body_backpressure_256KiB_budget,0,22.1097,duplicate_bytes,0
driver,driver/body_backpressure_256KiB_budget,0,22.1097,failed,0
driver,driver/body_backpressure_256KiB_budget,0,22.1097,file_bytes,12582912
driver,driver/body_backpressure_256KiB_budget,0,22.1097,fsync_calls,1
driver,driver/body_backpressure_256KiB_budget,0,22.1097,fsync_ms,7.498
driver,driver/body_backpressure_256KiB_budget,0,22.1097,loops,120
driver,driver/body_backpressure_256KiB_budget,0,22.1097,max_command_latency_ms,0.095
driver,driver/body_backpressure_256KiB_budget,0,22.1097,pauses,228
driver,driver/body_backpressure_256KiB_budget,0,22.1097,pools,1
driver,driver/body_backpressure_256KiB_budget,0,22.1097,prealloc_ms,3.983
driver,driver/body_backpressure_256KiB_budget,0,22.1097,process_peak_rss_bytes,68501504
driver,driver/body_backpressure_256KiB_budget,0,22.1097,requests,4
driver,driver/body_backpressure_256KiB_budget,0,22.1097,response_head_ms,1.485
driver,driver/body_backpressure_256KiB_budget,0,22.1097,response_heads,4
driver,driver/body_backpressure_256KiB_budget,0,22.1097,resumes,228
driver,driver/body_backpressure_256KiB_budget,0,22.1097,running_reports,0
driver,driver/body_backpressure_256KiB_budget,0,22.1097,served_bytes,12582912
driver,driver/body_backpressure_256KiB_budget,0,22.1097,submitted,4
driver,driver/body_backpressure_256KiB_budget,0,22.1097,total,20.608874999999998
driver,driver/body_backpressure_256KiB_budget,0,22.1097,unique_bytes,12582912
driver,driver/body_backpressure_256KiB_budget,0,22.1097,verified,1
driver,driver/body_backpressure_256KiB_budget,0,22.1097,writer_blocks,247
driver,driver/body_backpressure_256KiB_budget,0,22.1097,writer_bytes,12582912
driver,driver/body_backpressure_256KiB_budget,0,22.1097,writer_seeks,235
driver,driver/body_backpressure_256KiB_budget,1,16.7278,active,0
driver,driver/body_backpressure_256KiB_budget,1,16.7278,avg_block_bytes,52869.378151260506
driver,driver/body_backpressure_256KiB_budget,1,16.7278,body_reads,777
driver,driver/body_backpressure_256KiB_budget,1,16.7278,body_wait_ms,2.342
driver,driver/body_backpressure_256KiB_budget,1,16.7278,cache_copied_bytes,12582912
driver,driver/body_backpressure_256KiB_budget,1,16.7278,cache_evicted_bytes,12582912
driver,driver/body_backpressure_256KiB_budget,1,16.7278,cancelled,0
driver,driver/body_backpressure_256KiB_budget,1,16.7278,checksum_ms,0
driver,driver/body_backpressure_256KiB_budget,1,16.7278,commands,225
driver,driver/body_backpressure_256KiB_budget,1,16.7278,completed,4
driver,driver/body_backpressure_256KiB_budget,1,16.7278,connections,4
driver,driver/body_backpressure_256KiB_budget,1,16.7278,cpu_ms,17.985999999999976
driver,driver/body_backpressure_256KiB_budget,1,16.7278,cpu_percent,107.5213986175016
driver,driver/body_backpressure_256KiB_budget,1,16.7278,distinct_ranges,4
driver,driver/body_backpressure_256KiB_budget,1,16.7278,duplicate_bytes,0
driver,driver/body_backpressure_256KiB_budget,1,16.7278,failed,0
driver,driver/body_backpressure_256KiB_budget,1,16.7278,file_bytes,12582912
driver,driver/body_backpressure_256KiB_budget,1,16.7278,fsync_calls,1
driver,driver/body_backpressure_256KiB_budget,1,16.7278,fsync_ms,6.033
driver,driver/body_backpressure_256KiB_budget,1,16.7278,loops,120
driver,driver/body_backpressure_256KiB_budget,1,16.7278,max_command_latency_ms,0.12
driver,driver/body_backpressure_256KiB_budget,1,16.7278,pauses,221
driver,driver/body_backpressure_256KiB_budget,1,16.7278,pools,1
driver,driver/body_backpressure_256KiB_budget,1,16.7278,prealloc_ms,2.174
driver,driver/body_backpressure_256KiB_budget,1,16.7278,process_peak_rss_bytes,68534272
driver,driver/body_backpressure_256KiB_budget,1,16.7278,requests,4
driver,driver/body_backpressure_256KiB_budget,1,16.7278,response_head_ms,1.69
driver,driver/body_backpressure_256KiB_budget,1,16.7278,response_heads,4
driver,driver/body_backpressure_256KiB_budget,1,16.7278,resumes,221
driver,driver/body_backpressure_256KiB_budget,1,16.7278,running_reports,0
driver,driver/body_backpressure_256KiB_budget,1,16.7278,served_bytes,12582912
driver,driver/body_backpressure_256KiB_budget,1,16.7278,submitted,4
driver,driver/body_backpressure_256KiB_budget,1,16.7278,total,15.443708
driver,driver/body_backpressure_256KiB_budget,1,16.7278,unique_bytes,12582912
driver,driver/body_backpressure_256KiB_budget,1,16.7278,verified,1
driver,driver/body_backpressure_256KiB_budget,1,16.7278,writer_blocks,238
driver,driver/body_backpressure_256KiB_budget,1,16.7278,writer_bytes,12582912
driver,driver/body_backpressure_256KiB_budget,1,16.7278,writer_seeks,223
driver,driver/body_backpressure_256KiB_budget,2,42.4604,active,0
driver,driver/body_backpressure_256KiB_budget,2,42.4604,avg_block_bytes,64860.37113402062
driver,driver/body_backpressure_256KiB_budget,2,42.4604,body_reads,777
driver,driver/body_backpressure_256KiB_budget,2,42.4604,body_wait_ms,52.612
driver,driver/body_backpressure_256KiB_budget,2,42.4604,cache_copied_bytes,12582912
driver,driver/body_backpressure_256KiB_budget,2,42.4604,cache_evicted_bytes,12582912
driver,driver/body_backpressure_256KiB_budget,2,42.4604,cancelled,0
driver,driver/body_backpressure_256KiB_budget,2,42.4604,checksum_ms,0
driver,driver/body_backpressure_256KiB_budget,2,42.4604,commands,177
driver,driver/body_backpressure_256KiB_budget,2,42.4604,completed,4
driver,driver/body_backpressure_256KiB_budget,2,42.4604,connections,4
driver,driver/body_backpressure_256KiB_budget,2,42.4604,cpu_ms,17.47700000000002
driver,driver/body_backpressure_256KiB_budget,2,42.4604,cpu_percent,41.16068952315498
driver,driver/body_backpressure_256KiB_budget,2,42.4604,distinct_ranges,4
driver,driver/body_backpressure_256KiB_budget,2,42.4604,duplicate_bytes,0
driver,driver/body_backpressure_256KiB_budget,2,42.4604,failed,0
driver,driver/body_backpressure_256KiB_budget,2,42.4604,file_bytes,12582912
driver,driver/body_backpressure_256KiB_budget,2,42.4604,finalize,0.0045830000000037785
driver,driver/body_backpressure_256KiB_budget,2,42.4604,fsync_calls,1
driver,driver/body_backpressure_256KiB_budget,2,42.4604,fsync_ms,6.193
driver,driver/body_backpressure_256KiB_budget,2,42.4604,loops,118
driver,driver/body_backpressure_256KiB_budget,2,42.4604,max_command_latency_ms,25.046
driver,driver/body_backpressure_256KiB_budget,2,42.4604,pauses,173
driver,driver/body_backpressure_256KiB_budget,2,42.4604,pools,1
driver,driver/body_backpressure_256KiB_budget,2,42.4604,prealloc_ms,3.391
driver,driver/body_backpressure_256KiB_budget,2,42.4604,process_peak_rss_bytes,68550656
driver,driver/body_backpressure_256KiB_budget,2,42.4604,report_span,0
driver,driver/body_backpressure_256KiB_budget,2,42.4604,requests,4
driver,driver/body_backpressure_256KiB_budget,2,42.4604,response_head_ms,1.307
driver,driver/body_backpressure_256KiB_budget,2,42.4604,response_heads,4
driver,driver/body_backpressure_256KiB_budget,2,42.4604,resumes,173
driver,driver/body_backpressure_256KiB_budget,2,42.4604,running_reports,1
driver,driver/body_backpressure_256KiB_budget,2,42.4604,served_bytes,12582912
driver,driver/body_backpressure_256KiB_budget,2,42.4604,submitted,4
driver,driver/body_backpressure_256KiB_budget,2,42.4604,to_first_report,40.96225
driver,driver/body_backpressure_256KiB_budget,2,42.4604,total,40.966833
driver,driver/body_backpressure_256KiB_budget,2,42.4604,unique_bytes,12582912
driver,driver/body_backpressure_256KiB_budget,2,42.4604,verified,1
driver,driver/body_backpressure_256KiB_budget,2,42.4604,writer_blocks,194
driver,driver/body_backpressure_256KiB_budget,2,42.4604,writer_bytes,12582912
driver,driver/body_backpressure_256KiB_budget,2,42.4604,writer_seeks,173
driver,driver/body_backpressure_256KiB_budget,3,38.8580,active,0
driver,driver/body_backpressure_256KiB_budget,3,38.8580,avg_block_bytes,47843.77186311787
driver,driver/body_backpressure_256KiB_budget,3,38.8580,body_reads,782
driver,driver/body_backpressure_256KiB_budget,3,38.8580,body_wait_ms,23.134
driver,driver/body_backpressure_256KiB_budget,3,38.8580,cache_copied_bytes,12582912
driver,driver/body_backpressure_256KiB_budget,3,38.8580,cache_evicted_bytes,12582912
driver,driver/body_backpressure_256KiB_budget,3,38.8580,cancelled,0
driver,driver/body_backpressure_256KiB_budget,3,38.8580,checksum_ms,0
driver,driver/body_backpressure_256KiB_budget,3,38.8580,commands,245
driver,driver/body_backpressure_256KiB_budget,3,38.8580,completed,5
driver,driver/body_backpressure_256KiB_budget,3,38.8580,connections,4
driver,driver/body_backpressure_256KiB_budget,3,38.8580,cpu_ms,18.276000000000014
driver,driver/body_backpressure_256KiB_budget,3,38.8580,cpu_percent,47.03283687732643
driver,driver/body_backpressure_256KiB_budget,3,38.8580,distinct_ranges,5
driver,driver/body_backpressure_256KiB_budget,3,38.8580,duplicate_bytes,0
driver,driver/body_backpressure_256KiB_budget,3,38.8580,failed,0
driver,driver/body_backpressure_256KiB_budget,3,38.8580,file_bytes,12582912
driver,driver/body_backpressure_256KiB_budget,3,38.8580,finalize,0.004875000000005514
driver,driver/body_backpressure_256KiB_budget,3,38.8580,fsync_calls,1
driver,driver/body_backpressure_256KiB_budget,3,38.8580,fsync_ms,6.166
driver,driver/body_backpressure_256KiB_budget,3,38.8580,loops,121
driver,driver/body_backpressure_256KiB_budget,3,38.8580,max_command_latency_ms,20.382
driver,driver/body_backpressure_256KiB_budget,3,38.8580,pauses,240
driver,driver/body_backpressure_256KiB_budget,3,38.8580,pools,1
driver,driver/body_backpressure_256KiB_budget,3,38.8580,prealloc_ms,3.154
driver,driver/body_backpressure_256KiB_budget,3,38.8580,process_peak_rss_bytes,68567040
driver,driver/body_backpressure_256KiB_budget,3,38.8580,report_span,0
driver,driver/body_backpressure_256KiB_budget,3,38.8580,requests,5
driver,driver/body_backpressure_256KiB_budget,3,38.8580,response_head_ms,1.49
driver,driver/body_backpressure_256KiB_budget,3,38.8580,response_heads,5
driver,driver/body_backpressure_256KiB_budget,3,38.8580,resumes,240
driver,driver/body_backpressure_256KiB_budget,3,38.8580,running_reports,1
driver,driver/body_backpressure_256KiB_budget,3,38.8580,served_bytes,12582912
driver,driver/body_backpressure_256KiB_budget,3,38.8580,submitted,5
driver,driver/body_backpressure_256KiB_budget,3,38.8580,to_first_report,37.409917
driver,driver/body_backpressure_256KiB_budget,3,38.8580,total,37.414792000000006
driver,driver/body_backpressure_256KiB_budget,3,38.8580,unique_bytes,12582912
driver,driver/body_backpressure_256KiB_budget,3,38.8580,verified,1
driver,driver/body_backpressure_256KiB_budget,3,38.8580,writer_blocks,263
driver,driver/body_backpressure_256KiB_budget,3,38.8580,writer_bytes,12582912
driver,driver/body_backpressure_256KiB_budget,3,38.8580,writer_seeks,242
driver,driver/body_backpressure_256KiB_budget,4,16.1561,active,0
driver,driver/body_backpressure_256KiB_budget,4,16.1561,avg_block_bytes,64860.37113402062
driver,driver/body_backpressure_256KiB_budget,4,16.1561,body_reads,778
driver,driver/body_backpressure_256KiB_budget,4,16.1561,body_wait_ms,1.805
driver,driver/body_backpressure_256KiB_budget,4,16.1561,cache_copied_bytes,12582912
driver,driver/body_backpressure_256KiB_budget,4,16.1561,cache_evicted_bytes,12582912
driver,driver/body_backpressure_256KiB_budget,4,16.1561,cancelled,0
driver,driver/body_backpressure_256KiB_budget,4,16.1561,checksum_ms,0
driver,driver/body_backpressure_256KiB_budget,4,16.1561,commands,183
driver,driver/body_backpressure_256KiB_budget,4,16.1561,completed,4
driver,driver/body_backpressure_256KiB_budget,4,16.1561,connections,4
driver,driver/body_backpressure_256KiB_budget,4,16.1561,cpu_ms,17.712000000000007
driver,driver/body_backpressure_256KiB_budget,4,16.1561,cpu_percent,109.63052680340117
driver,driver/body_backpressure_256KiB_budget,4,16.1561,distinct_ranges,4
driver,driver/body_backpressure_256KiB_budget,4,16.1561,duplicate_bytes,0
driver,driver/body_backpressure_256KiB_budget,4,16.1561,failed,0
driver,driver/body_backpressure_256KiB_budget,4,16.1561,file_bytes,12582912
driver,driver/body_backpressure_256KiB_budget,4,16.1561,finalize,0.0005839999999999179
driver,driver/body_backpressure_256KiB_budget,4,16.1561,fsync_calls,1
driver,driver/body_backpressure_256KiB_budget,4,16.1561,fsync_ms,5.542
driver,driver/body_backpressure_256KiB_budget,4,16.1561,loops,119
driver,driver/body_backpressure_256KiB_budget,4,16.1561,max_command_latency_ms,0.186
driver,driver/body_backpressure_256KiB_budget,4,16.1561,pauses,179
driver,driver/body_backpressure_256KiB_budget,4,16.1561,pools,1
driver,driver/body_backpressure_256KiB_budget,4,16.1561,prealloc_ms,2.01
driver,driver/body_backpressure_256KiB_budget,4,16.1561,process_peak_rss_bytes,68583424
driver,driver/body_backpressure_256KiB_budget,4,16.1561,report_span,0
driver,driver/body_backpressure_256KiB_budget,4,16.1561,requests,4
driver,driver/body_backpressure_256KiB_budget,4,16.1561,response_head_ms,1.567
driver,driver/body_backpressure_256KiB_budget,4,16.1561,response_heads,4
driver,driver/body_backpressure_256KiB_budget,4,16.1561,resumes,179
driver,driver/body_backpressure_256KiB_budget,4,16.1561,running_reports,1
driver,driver/body_backpressure_256KiB_budget,4,16.1561,served_bytes,12582912
driver,driver/body_backpressure_256KiB_budget,4,16.1561,submitted,4
driver,driver/body_backpressure_256KiB_budget,4,16.1561,to_first_report,14.451708
driver,driver/body_backpressure_256KiB_budget,4,16.1561,total,14.452292
driver,driver/body_backpressure_256KiB_budget,4,16.1561,unique_bytes,12582912
driver,driver/body_backpressure_256KiB_budget,4,16.1561,verified,1
driver,driver/body_backpressure_256KiB_budget,4,16.1561,writer_blocks,194
driver,driver/body_backpressure_256KiB_budget,4,16.1561,writer_bytes,12582912
driver,driver/body_backpressure_256KiB_budget,4,16.1561,writer_seeks,176
driver,driver/body_backpressure_256KiB_budget,5,16.6214,active,0
driver,driver/body_backpressure_256KiB_budget,5,16.6214,avg_block_bytes,64198.5306122449
driver,driver/body_backpressure_256KiB_budget,5,16.6214,body_reads,778
driver,driver/body_backpressure_256KiB_budget,5,16.6214,body_wait_ms,2.142
driver,driver/body_backpressure_256KiB_budget,5,16.6214,cache_copied_bytes,12582912
driver,driver/body_backpressure_256KiB_budget,5,16.6214,cache_evicted_bytes,12582912
driver,driver/body_backpressure_256KiB_budget,5,16.6214,cancelled,0
driver,driver/body_backpressure_256KiB_budget,5,16.6214,checksum_ms,0
driver,driver/body_backpressure_256KiB_budget,5,16.6214,commands,176
driver,driver/body_backpressure_256KiB_budget,5,16.6214,completed,4
driver,driver/body_backpressure_256KiB_budget,5,16.6214,connections,4
driver,driver/body_backpressure_256KiB_budget,5,16.6214,cpu_ms,15.932000000000002
driver,driver/body_backpressure_256KiB_budget,5,16.6214,cpu_percent,95.85223690615548
driver,driver/body_backpressure_256KiB_budget,5,16.6214,distinct_ranges,4
driver,driver/body_backpressure_256KiB_budget,5,16.6214,duplicate_bytes,0
driver,driver/body_backpressure_256KiB_budget,5,16.6214,failed,0
driver,driver/body_backpressure_256KiB_budget,5,16.6214,file_bytes,12582912
driver,driver/body_backpressure_256KiB_budget,5,16.6214,fsync_calls,1
driver,driver/body_backpressure_256KiB_budget,5,16.6214,fsync_ms,5.321
driver,driver/body_backpressure_256KiB_budget,5,16.6214,loops,113
driver,driver/body_backpressure_256KiB_budget,5,16.6214,max_command_latency_ms,0.169
driver,driver/body_backpressure_256KiB_budget,5,16.6214,pauses,172
driver,driver/body_backpressure_256KiB_budget,5,16.6214,pools,1
driver,driver/body_backpressure_256KiB_budget,5,16.6214,prealloc_ms,3.845
driver,driver/body_backpressure_256KiB_budget,5,16.6214,process_peak_rss_bytes,68583424
driver,driver/body_backpressure_256KiB_budget,5,16.6214,requests,4
driver,driver/body_backpressure_256KiB_budget,5,16.6214,response_head_ms,2.018
driver,driver/body_backpressure_256KiB_budget,5,16.6214,response_heads,4
driver,driver/body_backpressure_256KiB_budget,5,16.6214,resumes,172
driver,driver/body_backpressure_256KiB_budget,5,16.6214,running_reports,0
driver,driver/body_backpressure_256KiB_budget,5,16.6214,served_bytes,12582912
driver,driver/body_backpressure_256KiB_budget,5,16.6214,submitted,4
driver,driver/body_backpressure_256KiB_budget,5,16.6214,total,15.233792
driver,driver/body_backpressure_256KiB_budget,5,16.6214,unique_bytes,12582912
driver,driver/body_backpressure_256KiB_budget,5,16.6214,verified,1
driver,driver/body_backpressure_256KiB_budget,5,16.6214,writer_blocks,196
driver,driver/body_backpressure_256KiB_budget,5,16.6214,writer_bytes,12582912
driver,driver/body_backpressure_256KiB_budget,5,16.6214,writer_seeks,177
driver,driver/body_backpressure_256KiB_budget,6,16.1584,active,0
driver,driver/body_backpressure_256KiB_budget,6,16.1584,avg_block_bytes,55431.33039647577
driver,driver/body_backpressure_256KiB_budget,6,16.1584,body_reads,779
driver,driver/body_backpressure_256KiB_budget,6,16.1584,body_wait_ms,1.985
driver,driver/body_backpressure_256KiB_budget,6,16.1584,cache_copied_bytes,12582912
driver,driver/body_backpressure_256KiB_budget,6,16.1584,cache_evicted_bytes,12582912
driver,driver/body_backpressure_256KiB_budget,6,16.1584,cancelled,0
driver,driver/body_backpressure_256KiB_budget,6,16.1584,checksum_ms,0
driver,driver/body_backpressure_256KiB_budget,6,16.1584,commands,222
driver,driver/body_backpressure_256KiB_budget,6,16.1584,completed,4
driver,driver/body_backpressure_256KiB_budget,6,16.1584,connections,4
driver,driver/body_backpressure_256KiB_budget,6,16.1584,cpu_ms,17.232999999999997
driver,driver/body_backpressure_256KiB_budget,6,16.1584,cpu_percent,106.65057593972165
driver,driver/body_backpressure_256KiB_budget,6,16.1584,distinct_ranges,4
driver,driver/body_backpressure_256KiB_budget,6,16.1584,duplicate_bytes,0
driver,driver/body_backpressure_256KiB_budget,6,16.1584,failed,0
driver,driver/body_backpressure_256KiB_budget,6,16.1584,file_bytes,12582912
driver,driver/body_backpressure_256KiB_budget,6,16.1584,fsync_calls,1
driver,driver/body_backpressure_256KiB_budget,6,16.1584,fsync_ms,5.231
driver,driver/body_backpressure_256KiB_budget,6,16.1584,loops,118
driver,driver/body_backpressure_256KiB_budget,6,16.1584,max_command_latency_ms,0.161
driver,driver/body_backpressure_256KiB_budget,6,16.1584,pauses,218
driver,driver/body_backpressure_256KiB_budget,6,16.1584,pools,1
driver,driver/body_backpressure_256KiB_budget,6,16.1584,prealloc_ms,2.324
driver,driver/body_backpressure_256KiB_budget,6,16.1584,process_peak_rss_bytes,68599808
driver,driver/body_backpressure_256KiB_budget,6,16.1584,requests,4
driver,driver/body_backpressure_256KiB_budget,6,16.1584,response_head_ms,1.269
driver,driver/body_backpressure_256KiB_budget,6,16.1584,response_heads,4
driver,driver/body_backpressure_256KiB_budget,6,16.1584,resumes,218
driver,driver/body_backpressure_256KiB_budget,6,16.1584,running_reports,0
driver,driver/body_backpressure_256KiB_budget,6,16.1584,served_bytes,12582912
driver,driver/body_backpressure_256KiB_budget,6,16.1584,submitted,4
driver,driver/body_backpressure_256KiB_budget,6,16.1584,total,14.611291
driver,driver/body_backpressure_256KiB_budget,6,16.1584,unique_bytes,12582912
driver,driver/body_backpressure_256KiB_budget,6,16.1584,verified,1
driver,driver/body_backpressure_256KiB_budget,6,16.1584,writer_blocks,227
driver,driver/body_backpressure_256KiB_budget,6,16.1584,writer_bytes,12582912
driver,driver/body_backpressure_256KiB_budget,6,16.1584,writer_seeks,208
driver,driver/body_backpressure_256KiB_budget,7,201.8652,active,0
driver,driver/body_backpressure_256KiB_budget,7,201.8652,avg_block_bytes,88612.05633802817
driver,driver/body_backpressure_256KiB_budget,7,201.8652,body_reads,777
driver,driver/body_backpressure_256KiB_budget,7,201.8652,body_wait_ms,188.975
driver,driver/body_backpressure_256KiB_budget,7,201.8652,cache_copied_bytes,12582912
driver,driver/body_backpressure_256KiB_budget,7,201.8652,cache_evicted_bytes,12582912
driver,driver/body_backpressure_256KiB_budget,7,201.8652,cancelled,0
driver,driver/body_backpressure_256KiB_budget,7,201.8652,checksum_ms,0
driver,driver/body_backpressure_256KiB_budget,7,201.8652,commands,102
driver,driver/body_backpressure_256KiB_budget,7,201.8652,completed,4
driver,driver/body_backpressure_256KiB_budget,7,201.8652,connections,4
driver,driver/body_backpressure_256KiB_budget,7,201.8652,cpu_ms,19.286000000000026
driver,driver/body_backpressure_256KiB_budget,7,201.8652,cpu_percent,9.553901934720141
driver,driver/body_backpressure_256KiB_budget,7,201.8652,distinct_ranges,4
driver,driver/body_backpressure_256KiB_budget,7,201.8652,duplicate_bytes,0
driver,driver/body_backpressure_256KiB_budget,7,201.8652,failed,0
driver,driver/body_backpressure_256KiB_budget,7,201.8652,file_bytes,12582912
driver,driver/body_backpressure_256KiB_budget,7,201.8652,finalize,0.0020000000000095497
driver,driver/body_backpressure_256KiB_budget,7,201.8652,fsync_calls,1
driver,driver/body_backpressure_256KiB_budget,7,201.8652,fsync_ms,3.649
driver,driver/body_backpressure_256KiB_budget,7,201.8652,loops,112
driver,driver/body_backpressure_256KiB_budget,7,201.8652,max_command_latency_ms,25.022
driver,driver/body_backpressure_256KiB_budget,7,201.8652,pauses,98
driver,driver/body_backpressure_256KiB_budget,7,201.8652,pools,1
driver,driver/body_backpressure_256KiB_budget,7,201.8652,prealloc_ms,3.331
driver,driver/body_backpressure_256KiB_budget,7,201.8652,process_peak_rss_bytes,68599808
driver,driver/body_backpressure_256KiB_budget,7,201.8652,report_span,0
driver,driver/body_backpressure_256KiB_budget,7,201.8652,requests,4
driver,driver/body_backpressure_256KiB_budget,7,201.8652,response_head_ms,1.761
driver,driver/body_backpressure_256KiB_budget,7,201.8652,response_heads,4
driver,driver/body_backpressure_256KiB_budget,7,201.8652,resumes,98
driver,driver/body_backpressure_256KiB_budget,7,201.8652,running_reports,1
driver,driver/body_backpressure_256KiB_budget,7,201.8652,served_bytes,12582912
driver,driver/body_backpressure_256KiB_budget,7,201.8652,submitted,4
driver,driver/body_backpressure_256KiB_budget,7,201.8652,to_first_report,199.487583
driver,driver/body_backpressure_256KiB_budget,7,201.8652,total,199.489583
driver,driver/body_backpressure_256KiB_budget,7,201.8652,unique_bytes,12582912
driver,driver/body_backpressure_256KiB_budget,7,201.8652,verified,1
driver,driver/body_backpressure_256KiB_budget,7,201.8652,writer_blocks,142
driver,driver/body_backpressure_256KiB_budget,7,201.8652,writer_bytes,12582912
driver,driver/body_backpressure_256KiB_budget,7,201.8652,writer_seeks,70
driver,driver/body_backpressure_256KiB_budget,8,39.8027,active,0
driver,driver/body_backpressure_256KiB_budget,8,39.8027,avg_block_bytes,65879.12041884816
driver,driver/body_backpressure_256KiB_budget,8,39.8027,body_reads,776
driver,driver/body_backpressure_256KiB_budget,8,39.8027,body_wait_ms,22.777
driver,driver/body_backpressure_256KiB_budget,8,39.8027,cache_copied_bytes,12582912
driver,driver/body_backpressure_256KiB_budget,8,39.8027,cache_evicted_bytes,12582912
driver,driver/body_backpressure_256KiB_budget,8,39.8027,cancelled,0
driver,driver/body_backpressure_256KiB_budget,8,39.8027,checksum_ms,0
driver,driver/body_backpressure_256KiB_budget,8,39.8027,commands,178
driver,driver/body_backpressure_256KiB_budget,8,39.8027,completed,4
driver,driver/body_backpressure_256KiB_budget,8,39.8027,connections,4
driver,driver/body_backpressure_256KiB_budget,8,39.8027,cpu_ms,21.544000000000008
driver,driver/body_backpressure_256KiB_budget,8,39.8027,cpu_percent,54.12691334141487
driver,driver/body_backpressure_256KiB_budget,8,39.8027,distinct_ranges,4
driver,driver/body_backpressure_256KiB_budget,8,39.8027,duplicate_bytes,0
driver,driver/body_backpressure_256KiB_budget,8,39.8027,failed,0
driver,driver/body_backpressure_256KiB_budget,8,39.8027,file_bytes,12582912
driver,driver/body_backpressure_256KiB_budget,8,39.8027,finalize,0.0028750000000030695
driver,driver/body_backpressure_256KiB_budget,8,39.8027,fsync_calls,1
driver,driver/body_backpressure_256KiB_budget,8,39.8027,fsync_ms,6.524
driver,driver/body_backpressure_256KiB_budget,8,39.8027,loops,115
driver,driver/body_backpressure_256KiB_budget,8,39.8027,max_command_latency_ms,20.528
driver,driver/body_backpressure_256KiB_budget,8,39.8027,pauses,174
driver,driver/body_backpressure_256KiB_budget,8,39.8027,pools,1
driver,driver/body_backpressure_256KiB_budget,8,39.8027,prealloc_ms,3.001
driver,driver/body_backpressure_256KiB_budget,8,39.8027,process_peak_rss_bytes,68616192
driver,driver/body_backpressure_256KiB_budget,8,39.8027,report_span,0
driver,driver/body_backpressure_256KiB_budget,8,39.8027,requests,4
driver,driver/body_backpressure_256KiB_budget,8,39.8027,response_head_ms,1.766
driver,driver/body_backpressure_256KiB_budget,8,39.8027,response_heads,4
driver,driver/body_backpressure_256KiB_budget,8,39.8027,resumes,174
driver,driver/body_backpressure_256KiB_budget,8,39.8027,running_reports,1
driver,driver/body_backpressure_256KiB_budget,8,39.8027,served_bytes,12582912
driver,driver/body_backpressure_256KiB_budget,8,39.8027,submitted,4
driver,driver/body_backpressure_256KiB_budget,8,39.8027,to_first_report,37.657709
driver,driver/body_backpressure_256KiB_budget,8,39.8027,total,37.660584
driver,driver/body_backpressure_256KiB_budget,8,39.8027,unique_bytes,12582912
driver,driver/body_backpressure_256KiB_budget,8,39.8027,verified,1
driver,driver/body_backpressure_256KiB_budget,8,39.8027,writer_blocks,191
driver,driver/body_backpressure_256KiB_budget,8,39.8027,writer_bytes,12582912
driver,driver/body_backpressure_256KiB_budget,8,39.8027,writer_seeks,165
driver,driver/body_backpressure_256KiB_budget,9,24.4744,active,0
driver,driver/body_backpressure_256KiB_budget,9,24.4744,avg_block_bytes,48960.74708171206
driver,driver/body_backpressure_256KiB_budget,9,24.4744,body_reads,782
driver,driver/body_backpressure_256KiB_budget,9,24.4744,body_wait_ms,2.554
driver,driver/body_backpressure_256KiB_budget,9,24.4744,cache_copied_bytes,12582912
driver,driver/body_backpressure_256KiB_budget,9,24.4744,cache_evicted_bytes,12582912
driver,driver/body_backpressure_256KiB_budget,9,24.4744,cancelled,0
driver,driver/body_backpressure_256KiB_budget,9,24.4744,checksum_ms,0
driver,driver/body_backpressure_256KiB_budget,9,24.4744,commands,237
driver,driver/body_backpressure_256KiB_budget,9,24.4744,completed,5
driver,driver/body_backpressure_256KiB_budget,9,24.4744,connections,4
driver,driver/body_backpressure_256KiB_budget,9,24.4744,cpu_ms,24.74000000000004
driver,driver/body_backpressure_256KiB_budget,9,24.4744,cpu_percent,101.08531882836658
driver,driver/body_backpressure_256KiB_budget,9,24.4744,distinct_ranges,5
driver,driver/body_backpressure_256KiB_budget,9,24.4744,duplicate_bytes,0
driver,driver/body_backpressure_256KiB_budget,9,24.4744,failed,0
driver,driver/body_backpressure_256KiB_budget,9,24.4744,file_bytes,12582912
driver,driver/body_backpressure_256KiB_budget,9,24.4744,finalize,0.0051660000000026685
driver,driver/body_backpressure_256KiB_budget,9,24.4744,fsync_calls,1
driver,driver/body_backpressure_256KiB_budget,9,24.4744,fsync_ms,8.39
driver,driver/body_backpressure_256KiB_budget,9,24.4744,loops,119
driver,driver/body_backpressure_256KiB_budget,9,24.4744,max_command_latency_ms,0.149
driver,driver/body_backpressure_256KiB_budget,9,24.4744,pauses,232
driver,driver/body_backpressure_256KiB_budget,9,24.4744,pools,1
driver,driver/body_backpressure_256KiB_budget,9,24.4744,prealloc_ms,3.467
driver,driver/body_backpressure_256KiB_budget,9,24.4744,process_peak_rss_bytes,68616192
driver,driver/body_backpressure_256KiB_budget,9,24.4744,report_span,0
driver,driver/body_backpressure_256KiB_budget,9,24.4744,requests,5
driver,driver/body_backpressure_256KiB_budget,9,24.4744,response_head_ms,1.68
driver,driver/body_backpressure_256KiB_budget,9,24.4744,response_heads,5
driver,driver/body_backpressure_256KiB_budget,9,24.4744,resumes,232
driver,driver/body_backpressure_256KiB_budget,9,24.4744,running_reports,1
driver,driver/body_backpressure_256KiB_budget,9,24.4744,served_bytes,12582912
driver,driver/body_backpressure_256KiB_budget,9,24.4744,submitted,5
driver,driver/body_backpressure_256KiB_budget,9,24.4744,to_first_report,21.865875
driver,driver/body_backpressure_256KiB_budget,9,24.4744,total,21.871041
driver,driver/body_backpressure_256KiB_budget,9,24.4744,unique_bytes,12582912
driver,driver/body_backpressure_256KiB_budget,9,24.4744,verified,1
driver,driver/body_backpressure_256KiB_budget,9,24.4744,writer_blocks,257
driver,driver/body_backpressure_256KiB_budget,9,24.4744,writer_bytes,12582912
driver,driver/body_backpressure_256KiB_budget,9,24.4744,writer_seeks,238
driver,driver/idle_pool_loop_rate,0,342.5587,active,0
driver,driver/idle_pool_loop_rate,0,342.5587,cancelled,0
driver,driver/idle_pool_loop_rate,0,342.5587,commands,15
driver,driver/idle_pool_loop_rate,0,342.5587,completed,4
driver,driver/idle_pool_loop_rate,0,342.5587,connections,4
driver,driver/idle_pool_loop_rate,0,342.5587,cpu_ms,16.95399999999997
driver,driver/idle_pool_loop_rate,0,342.5587,cpu_percent,4.949225237381009
driver,driver/idle_pool_loop_rate,0,342.5587,idle_loops,0
driver,driver/idle_pool_loop_rate,0,342.5587,idle_loops_per_sec,0
driver,driver/idle_pool_loop_rate,0,342.5587,loops,82
driver,driver/idle_pool_loop_rate,0,342.5587,max_command_latency_ms,25.021
driver,driver/idle_pool_loop_rate,0,342.5587,pauses,11
driver,driver/idle_pool_loop_rate,0,342.5587,pools,1
driver,driver/idle_pool_loop_rate,0,342.5587,process_peak_rss_bytes,70238208
driver,driver/idle_pool_loop_rate,0,342.5587,resumes,11
driver,driver/idle_pool_loop_rate,0,342.5587,submitted,4
driver,driver/idle_pool_loop_rate,0,342.5587,total,301.545875
driver,driver/idle_pool_loop_rate,1,326.6326,active,0
driver,driver/idle_pool_loop_rate,1,326.6326,cancelled,0
driver,driver/idle_pool_loop_rate,1,326.6326,commands,18
driver,driver/idle_pool_loop_rate,1,326.6326,completed,4
driver,driver/idle_pool_loop_rate,1,326.6326,connections,4
driver,driver/idle_pool_loop_rate,1,326.6326,cpu_ms,17.546000000000006
driver,driver/idle_pool_loop_rate,1,326.6326,cpu_percent,5.37178427905051
driver,driver/idle_pool_loop_rate,1,326.6326,idle_loops,0
driver,driver/idle_pool_loop_rate,1,326.6326,idle_loops_per_sec,0
driver,driver/idle_pool_loop_rate,1,326.6326,loops,70
driver,driver/idle_pool_loop_rate,1,326.6326,max_command_latency_ms,0.063
driver,driver/idle_pool_loop_rate,1,326.6326,pauses,14
driver,driver/idle_pool_loop_rate,1,326.6326,pools,1
driver,driver/idle_pool_loop_rate,1,326.6326,process_peak_rss_bytes,70254592
driver,driver/idle_pool_loop_rate,1,326.6326,resumes,14
driver,driver/idle_pool_loop_rate,1,326.6326,submitted,4
driver,driver/idle_pool_loop_rate,1,326.6326,total,301.87370899999996
driver,driver/idle_pool_loop_rate,2,321.7583,active,0
driver,driver/idle_pool_loop_rate,2,321.7583,cancelled,0
driver,driver/idle_pool_loop_rate,2,321.7583,commands,16
driver,driver/idle_pool_loop_rate,2,321.7583,completed,4
driver,driver/idle_pool_loop_rate,2,321.7583,connections,4
driver,driver/idle_pool_loop_rate,2,321.7583,cpu_ms,22.468999999999962
driver,driver/idle_pool_loop_rate,2,321.7583,cpu_percent,6.983193127138141
driver,driver/idle_pool_loop_rate,2,321.7583,idle_loops,0
driver,driver/idle_pool_loop_rate,2,321.7583,idle_loops_per_sec,0
driver,driver/idle_pool_loop_rate,2,321.7583,loops,86
driver,driver/idle_pool_loop_rate,2,321.7583,max_command_latency_ms,0.209
driver,driver/idle_pool_loop_rate,2,321.7583,pauses,12
driver,driver/idle_pool_loop_rate,2,321.7583,pools,1
driver,driver/idle_pool_loop_rate,2,321.7583,process_peak_rss_bytes,71286784
driver,driver/idle_pool_loop_rate,2,321.7583,resumes,12
driver,driver/idle_pool_loop_rate,2,321.7583,submitted,4
driver,driver/idle_pool_loop_rate,2,321.7583,total,301.608042
driver,driver/idle_pool_loop_rate,3,319.3375,active,0
driver,driver/idle_pool_loop_rate,3,319.3375,cancelled,0
driver,driver/idle_pool_loop_rate,3,319.3375,commands,19
driver,driver/idle_pool_loop_rate,3,319.3375,completed,4
driver,driver/idle_pool_loop_rate,3,319.3375,connections,4
driver,driver/idle_pool_loop_rate,3,319.3375,cpu_ms,21.389999999999965
driver,driver/idle_pool_loop_rate,3,319.3375,cpu_percent,6.698243336051094
driver,driver/idle_pool_loop_rate,3,319.3375,idle_loops,0
driver,driver/idle_pool_loop_rate,3,319.3375,idle_loops_per_sec,0
driver,driver/idle_pool_loop_rate,3,319.3375,loops,89
driver,driver/idle_pool_loop_rate,3,319.3375,max_command_latency_ms,0.466
driver,driver/idle_pool_loop_rate,3,319.3375,pauses,15
driver,driver/idle_pool_loop_rate,3,319.3375,pools,1
driver,driver/idle_pool_loop_rate,3,319.3375,process_peak_rss_bytes,73383936
driver,driver/idle_pool_loop_rate,3,319.3375,resumes,15
driver,driver/idle_pool_loop_rate,3,319.3375,submitted,4
driver,driver/idle_pool_loop_rate,3,319.3375,total,302.086792
driver,driver/idle_pool_loop_rate,4,322.4622,active,0
driver,driver/idle_pool_loop_rate,4,322.4622,cancelled,0
driver,driver/idle_pool_loop_rate,4,322.4622,commands,15
driver,driver/idle_pool_loop_rate,4,322.4622,completed,4
driver,driver/idle_pool_loop_rate,4,322.4622,connections,4
driver,driver/idle_pool_loop_rate,4,322.4622,cpu_ms,24.85799999999999
driver,driver/idle_pool_loop_rate,4,322.4622,cpu_percent,7.708810305892307
driver,driver/idle_pool_loop_rate,4,322.4622,idle_loops,0
driver,driver/idle_pool_loop_rate,4,322.4622,idle_loops_per_sec,0
driver,driver/idle_pool_loop_rate,4,322.4622,loops,71
driver,driver/idle_pool_loop_rate,4,322.4622,max_command_latency_ms,0.145
driver,driver/idle_pool_loop_rate,4,322.4622,pauses,11
driver,driver/idle_pool_loop_rate,4,322.4622,pools,1
driver,driver/idle_pool_loop_rate,4,322.4622,process_peak_rss_bytes,74448896
driver,driver/idle_pool_loop_rate,4,322.4622,resumes,11
driver,driver/idle_pool_loop_rate,4,322.4622,submitted,4
driver,driver/idle_pool_loop_rate,4,322.4622,total,301.377541
driver,driver/idle_pool_loop_rate,5,321.6332,active,0
driver,driver/idle_pool_loop_rate,5,321.6332,cancelled,0
driver,driver/idle_pool_loop_rate,5,321.6332,commands,9
driver,driver/idle_pool_loop_rate,5,321.6332,completed,5
driver,driver/idle_pool_loop_rate,5,321.6332,connections,4
driver,driver/idle_pool_loop_rate,5,321.6332,cpu_ms,26.123000000000008
driver,driver/idle_pool_loop_rate,5,321.6332,cpu_percent,8.121985752793961
driver,driver/idle_pool_loop_rate,5,321.6332,idle_loops,0
driver,driver/idle_pool_loop_rate,5,321.6332,idle_loops_per_sec,0
driver,driver/idle_pool_loop_rate,5,321.6332,loops,82
driver,driver/idle_pool_loop_rate,5,321.6332,max_command_latency_ms,0.202
driver,driver/idle_pool_loop_rate,5,321.6332,pauses,4
driver,driver/idle_pool_loop_rate,5,321.6332,pools,1
driver,driver/idle_pool_loop_rate,5,321.6332,process_peak_rss_bytes,74465280
driver,driver/idle_pool_loop_rate,5,321.6332,resumes,4
driver,driver/idle_pool_loop_rate,5,321.6332,submitted,5
driver,driver/idle_pool_loop_rate,5,321.6332,total,302.094625
driver,driver/idle_pool_loop_rate,6,322.3841,active,0
driver,driver/idle_pool_loop_rate,6,322.3841,cancelled,0
driver,driver/idle_pool_loop_rate,6,322.3841,commands,15
driver,driver/idle_pool_loop_rate,6,322.3841,completed,4
driver,driver/idle_pool_loop_rate,6,322.3841,connections,4
driver,driver/idle_pool_loop_rate,6,322.3841,cpu_ms,25.056999999999995
driver,driver/idle_pool_loop_rate,6,322.3841,cpu_percent,7.772405046309272
driver,driver/idle_pool_loop_rate,6,322.3841,idle_loops,0
driver,driver/idle_pool_loop_rate,6,322.3841,idle_loops_per_sec,0
driver,driver/idle_pool_loop_rate,6,322.3841,loops,60
driver,driver/idle_pool_loop_rate,6,322.3841,max_command_latency_ms,0.24
driver,driver/idle_pool_loop_rate,6,322.3841,pauses,11
driver,driver/idle_pool_loop_rate,6,322.3841,pools,1
driver,driver/idle_pool_loop_rate,6,322.3841,process_peak_rss_bytes,74465280
driver,driver/idle_pool_loop_rate,6,322.3841,resumes,11
driver,driver/idle_pool_loop_rate,6,322.3841,submitted,4
driver,driver/idle_pool_loop_rate,6,322.3841,total,301.965375
driver,driver/idle_pool_loop_rate,7,323.1293,active,0
driver,driver/idle_pool_loop_rate,7,323.1293,cancelled,0
driver,driver/idle_pool_loop_rate,7,323.1293,commands,15
driver,driver/idle_pool_loop_rate,7,323.1293,completed,4
driver,driver/idle_pool_loop_rate,7,323.1293,connections,4
driver,driver/idle_pool_loop_rate,7,323.1293,cpu_ms,25.861000000000022
driver,driver/idle_pool_loop_rate,7,323.1293,cpu_percent,8.003297949230806
driver,driver/idle_pool_loop_rate,7,323.1293,idle_loops,0
driver,driver/idle_pool_loop_rate,7,323.1293,idle_loops_per_sec,0
driver,driver/idle_pool_loop_rate,7,323.1293,loops,65
driver,driver/idle_pool_loop_rate,7,323.1293,max_command_latency_ms,0.291
driver,driver/idle_pool_loop_rate,7,323.1293,pauses,11
driver,driver/idle_pool_loop_rate,7,323.1293,pools,1
driver,driver/idle_pool_loop_rate,7,323.1293,process_peak_rss_bytes,74465280
driver,driver/idle_pool_loop_rate,7,323.1293,resumes,11
driver,driver/idle_pool_loop_rate,7,323.1293,submitted,4
driver,driver/idle_pool_loop_rate,7,323.1293,total,302.548208
driver,driver/idle_pool_loop_rate,8,319.6217,active,0
driver,driver/idle_pool_loop_rate,8,319.6217,cancelled,0
driver,driver/idle_pool_loop_rate,8,319.6217,commands,12
driver,driver/idle_pool_loop_rate,8,319.6217,completed,5
driver,driver/idle_pool_loop_rate,8,319.6217,connections,4
driver,driver/idle_pool_loop_rate,8,319.6217,cpu_ms,23.50999999999992
driver,driver/idle_pool_loop_rate,8,319.6217,cpu_percent,7.3555695130259195
driver,driver/idle_pool_loop_rate,8,319.6217,idle_loops,0
driver,driver/idle_pool_loop_rate,8,319.6217,idle_loops_per_sec,0
driver,driver/idle_pool_loop_rate,8,319.6217,loops,82
driver,driver/idle_pool_loop_rate,8,319.6217,max_command_latency_ms,0.143
driver,driver/idle_pool_loop_rate,8,319.6217,pauses,7
driver,driver/idle_pool_loop_rate,8,319.6217,pools,1
driver,driver/idle_pool_loop_rate,8,319.6217,process_peak_rss_bytes,74465280
driver,driver/idle_pool_loop_rate,8,319.6217,resumes,7
driver,driver/idle_pool_loop_rate,8,319.6217,submitted,5
driver,driver/idle_pool_loop_rate,8,319.6217,total,302.241041
driver,driver/idle_pool_loop_rate,9,321.6392,active,0
driver,driver/idle_pool_loop_rate,9,321.6392,cancelled,0
driver,driver/idle_pool_loop_rate,9,321.6392,commands,11
driver,driver/idle_pool_loop_rate,9,321.6392,completed,4
driver,driver/idle_pool_loop_rate,9,321.6392,connections,4
driver,driver/idle_pool_loop_rate,9,321.6392,cpu_ms,25.625000000000007
driver,driver/idle_pool_loop_rate,9,321.6392,cpu_percent,7.967002352048751
driver,driver/idle_pool_loop_rate,9,321.6392,idle_loops,0
driver,driver/idle_pool_loop_rate,9,321.6392,idle_loops_per_sec,0
driver,driver/idle_pool_loop_rate,9,321.6392,loops,86
driver,driver/idle_pool_loop_rate,9,321.6392,max_command_latency_ms,0.06
driver,driver/idle_pool_loop_rate,9,321.6392,pauses,7
driver,driver/idle_pool_loop_rate,9,321.6392,pools,1
driver,driver/idle_pool_loop_rate,9,321.6392,process_peak_rss_bytes,74465280
driver,driver/idle_pool_loop_rate,9,321.6392,resumes,7
driver,driver/idle_pool_loop_rate,9,321.6392,submitted,4
driver,driver/idle_pool_loop_rate,9,321.6392,total,302.073083
driver,driver/two_origins_one_idle_pool,0,376.2870,active,0
driver,driver/two_origins_one_idle_pool,0,376.2870,cancelled,0
driver,driver/two_origins_one_idle_pool,0,376.2870,commands,32
driver,driver/two_origins_one_idle_pool,0,376.2870,completed,10
driver,driver/two_origins_one_idle_pool,0,376.2870,connections,8
driver,driver/two_origins_one_idle_pool,0,376.2870,cpu_ms,64.95499999999998
driver,driver/two_origins_one_idle_pool,0,376.2870,cpu_percent,17.262087960132536
driver,driver/two_origins_one_idle_pool,0,376.2870,idle_loops,0
driver,driver/two_origins_one_idle_pool,0,376.2870,idle_loops_per_sec,0
driver,driver/two_origins_one_idle_pool,0,376.2870,loops,152
driver,driver/two_origins_one_idle_pool,0,376.2870,max_command_latency_ms,20.72
driver,driver/two_origins_one_idle_pool,0,376.2870,pauses,22
driver,driver/two_origins_one_idle_pool,0,376.2870,pools,2
driver,driver/two_origins_one_idle_pool,0,376.2870,process_peak_rss_bytes,74940416
driver,driver/two_origins_one_idle_pool,0,376.2870,resumes,22
driver,driver/two_origins_one_idle_pool,0,376.2870,submitted,10
driver,driver/two_origins_one_idle_pool,0,376.2870,total,301.752792
driver,driver/two_origins_one_idle_pool,1,341.2938,active,0
driver,driver/two_origins_one_idle_pool,1,341.2938,cancelled,0
driver,driver/two_origins_one_idle_pool,1,341.2938,commands,29
driver,driver/two_origins_one_idle_pool,1,341.2938,completed,8
driver,driver/two_origins_one_idle_pool,1,341.2938,connections,8
driver,driver/two_origins_one_idle_pool,1,341.2938,cpu_ms,48.873999999999974
driver,driver/two_origins_one_idle_pool,1,341.2938,cpu_percent,14.320211874440748
driver,driver/two_origins_one_idle_pool,1,341.2938,idle_loops,0
driver,driver/two_origins_one_idle_pool,1,341.2938,idle_loops_per_sec,0
driver,driver/two_origins_one_idle_pool,1,341.2938,loops,145
driver,driver/two_origins_one_idle_pool,1,341.2938,max_command_latency_ms,0.373
driver,driver/two_origins_one_idle_pool,1,341.2938,pauses,21
driver,driver/two_origins_one_idle_pool,1,341.2938,pools,2
driver,driver/two_origins_one_idle_pool,1,341.2938,process_peak_rss_bytes,74956800
driver,driver/two_origins_one_idle_pool,1,341.2938,resumes,21
driver,driver/two_origins_one_idle_pool,1,341.2938,submitted,8
driver,driver/two_origins_one_idle_pool,1,341.2938,total,301.691
driver,driver/two_origins_one_idle_pool,2,340.0135,active,0
driver,driver/two_origins_one_idle_pool,2,340.0135,cancelled,0
driver,driver/two_origins_one_idle_pool,2,340.0135,commands,30
driver,driver/two_origins_one_idle_pool,2,340.0135,completed,8
driver,driver/two_origins_one_idle_pool,2,340.0135,connections,8
driver,driver/two_origins_one_idle_pool,2,340.0135,cpu_ms,40.939999999999976
driver,driver/two_origins_one_idle_pool,2,340.0135,cpu_percent,12.040699871356262
driver,driver/two_origins_one_idle_pool,2,340.0135,idle_loops,0
driver,driver/two_origins_one_idle_pool,2,340.0135,idle_loops_per_sec,0
driver,driver/two_origins_one_idle_pool,2,340.0135,loops,160
driver,driver/two_origins_one_idle_pool,2,340.0135,max_command_latency_ms,0.13
driver,driver/two_origins_one_idle_pool,2,340.0135,pauses,22
driver,driver/two_origins_one_idle_pool,2,340.0135,pools,2
driver,driver/two_origins_one_idle_pool,2,340.0135,process_peak_rss_bytes,74989568
driver,driver/two_origins_one_idle_pool,2,340.0135,resumes,22
driver,driver/two_origins_one_idle_pool,2,340.0135,submitted,8
driver,driver/two_origins_one_idle_pool,2,340.0135,total,301.76745900000003
driver,driver/two_origins_one_idle_pool,3,335.9899,active,0
driver,driver/two_origins_one_idle_pool,3,335.9899,cancelled,0
driver,driver/two_origins_one_idle_pool,3,335.9899,commands,23
driver,driver/two_origins_one_idle_pool,3,335.9899,completed,8
driver,driver/two_origins_one_idle_pool,3,335.9899,connections,8
driver,driver/two_origins_one_idle_pool,3,335.9899,cpu_ms,40.10099999999994
driver,driver/two_origins_one_idle_pool,3,335.9899,cpu_percent,11.935179590523228
driver,driver/two_origins_one_idle_pool,3,335.9899,idle_loops,0
driver,driver/two_origins_one_idle_pool,3,335.9899,idle_loops_per_sec,0
driver,driver/two_origins_one_idle_pool,3,335.9899,loops,162
driver,driver/two_origins_one_idle_pool,3,335.9899,max_command_latency_ms,0.241
driver,driver/two_origins_one_idle_pool,3,335.9899,pauses,15
driver,driver/two_origins_one_idle_pool,3,335.9899,pools,2
driver,driver/two_origins_one_idle_pool,3,335.9899,process_peak_rss_bytes,75005952
driver,driver/two_origins_one_idle_pool,3,335.9899,resumes,15
driver,driver/two_origins_one_idle_pool,3,335.9899,submitted,8
driver,driver/two_origins_one_idle_pool,3,335.9899,total,302.063959
driver,driver/two_origins_one_idle_pool,4,360.5173,active,0
driver,driver/two_origins_one_idle_pool,4,360.5173,cancelled,0
driver,driver/two_origins_one_idle_pool,4,360.5173,commands,59
driver,driver/two_origins_one_idle_pool,4,360.5173,completed,9
driver,driver/two_origins_one_idle_pool,4,360.5173,connections,8
driver,driver/two_origins_one_idle_pool,4,360.5173,cpu_ms,53.13099999999993
driver,driver/two_origins_one_idle_pool,4,360.5173,cpu_percent,14.737434563887696
driver,driver/two_origins_one_idle_pool,4,360.5173,idle_loops,0
driver,driver/two_origins_one_idle_pool,4,360.5173,idle_loops_per_sec,0
driver,driver/two_origins_one_idle_pool,4,360.5173,loops,162
driver,driver/two_origins_one_idle_pool,4,360.5173,max_command_latency_ms,1.111
driver,driver/two_origins_one_idle_pool,4,360.5173,pauses,50
driver,driver/two_origins_one_idle_pool,4,360.5173,pools,2
driver,driver/two_origins_one_idle_pool,4,360.5173,process_peak_rss_bytes,75153408
driver,driver/two_origins_one_idle_pool,4,360.5173,resumes,50
driver,driver/two_origins_one_idle_pool,4,360.5173,submitted,9
driver,driver/two_origins_one_idle_pool,4,360.5173,total,302.51425
driver,driver/two_origins_one_idle_pool,5,339.7699,active,0
driver,driver/two_origins_one_idle_pool,5,339.7699,cancelled,0
driver,driver/two_origins_one_idle_pool,5,339.7699,commands,30
driver,driver/two_origins_one_idle_pool,5,339.7699,completed,8
driver,driver/two_origins_one_idle_pool,5,339.7699,connections,8
driver,driver/two_origins_one_idle_pool,5,339.7699,cpu_ms,47.51899999999998
driver,driver/two_origins_one_idle_pool,5,339.7699,cpu_percent,13.985642488169375
driver,driver/two_origins_one_idle_pool,5,339.7699,idle_loops,0
driver,driver/two_origins_one_idle_pool,5,339.7699,idle_loops_per_sec,0
driver,driver/two_origins_one_idle_pool,5,339.7699,loops,152
driver,driver/two_origins_one_idle_pool,5,339.7699,max_command_latency_ms,0.351
driver,driver/two_origins_one_idle_pool,5,339.7699,pauses,22
driver,driver/two_origins_one_idle_pool,5,339.7699,pools,2
driver,driver/two_origins_one_idle_pool,5,339.7699,process_peak_rss_bytes,75153408
driver,driver/two_origins_one_idle_pool,5,339.7699,resumes,22
driver,driver/two_origins_one_idle_pool,5,339.7699,submitted,8
driver,driver/two_origins_one_idle_pool,5,339.7699,total,301.913542
driver,driver/two_origins_one_idle_pool,6,344.5442,active,0
driver,driver/two_origins_one_idle_pool,6,344.5442,cancelled,0
driver,driver/two_origins_one_idle_pool,6,344.5442,commands,36
driver,driver/two_origins_one_idle_pool,6,344.5442,completed,9
driver,driver/two_origins_one_idle_pool,6,344.5442,connections,8
driver,driver/two_origins_one_idle_pool,6,344.5442,cpu_ms,46.57899999999992
driver,driver/two_origins_one_idle_pool,6,344.5442,cpu_percent,13.519021535253605
driver,driver/two_origins_one_idle_pool,6,344.5442,idle_loops,0
driver,driver/two_origins_one_idle_pool,6,344.5442,idle_loops_per_sec,0
driver,driver/two_origins_one_idle_pool,6,344.5442,loops,183
driver,driver/two_origins_one_idle_pool,6,344.5442,max_command_latency_ms,0.237
driver,driver/two_origins_one_idle_pool,6,344.5442,pauses,27
driver,driver/two_origins_one_idle_pool,6,344.5442,pools,2
driver,driver/two_origins_one_idle_pool,6,344.5442,process_peak_rss_bytes,75153408
driver,driver/two_origins_one_idle_pool,6,344.5442,resumes,27
driver,driver/two_origins_one_idle_pool,6,344.5442,submitted,9
driver,driver/two_origins_one_idle_pool,6,344.5442,total,301.185
driver,driver/two_origins_one_idle_pool,7,344.7755,active,0
driver,driver/two_origins_one_idle_pool,7,344.7755,cancelled,0
driver,driver/two_origins_one_idle_pool,7,344.7755,commands,33
driver,driver/two_origins_one_idle_pool,7,344.7755,completed,8
driver,driver/two_origins_one_idle_pool,7,344.7755,connections,8
driver,driver/two_origins_one_idle_pool,7,344.7755,cpu_ms,53.894000000000105
driver,driver/two_origins_one_idle_pool,7,344.7755,cpu_percent,15.631619252156845
driver,driver/two_origins_one_idle_pool,7,344.7755,idle_loops,0
driver,driver/two_origins_one_idle_pool,7,344.7755,idle_loops_per_sec,0
driver,driver/two_origins_one_idle_pool,7,344.7755,loops,120
driver,driver/two_origins_one_idle_pool,7,344.7755,max_command_latency_ms,0.363
driver,driver/two_origins_one_idle_pool,7,344.7755,pauses,25
driver,driver/two_origins_one_idle_pool,7,344.7755,pools,2
driver,driver/two_origins_one_idle_pool,7,344.7755,process_peak_rss_bytes,75153408
driver,driver/two_origins_one_idle_pool,7,344.7755,resumes,25
driver,driver/two_origins_one_idle_pool,7,344.7755,submitted,8
driver,driver/two_origins_one_idle_pool,7,344.7755,total,302.18899999999996
driver,driver/two_origins_one_idle_pool,8,341.0244,active,0
driver,driver/two_origins_one_idle_pool,8,341.0244,cancelled,0
driver,driver/two_origins_one_idle_pool,8,341.0244,commands,25
driver,driver/two_origins_one_idle_pool,8,341.0244,completed,10
driver,driver/two_origins_one_idle_pool,8,341.0244,connections,8
driver,driver/two_origins_one_idle_pool,8,341.0244,cpu_ms,46.324000000000034
driver,driver/two_origins_one_idle_pool,8,341.0244,cpu_percent,13.583779751813939
driver,driver/two_origins_one_idle_pool,8,341.0244,idle_loops,0
driver,driver/two_origins_one_idle_pool,8,341.0244,idle_loops_per_sec,0
driver,driver/two_origins_one_idle_pool,8,341.0244,loops,162
driver,driver/two_origins_one_idle_pool,8,341.0244,max_command_latency_ms,0.316
driver,driver/two_origins_one_idle_pool,8,341.0244,pauses,15
driver,driver/two_origins_one_idle_pool,8,341.0244,pools,2
driver,driver/two_origins_one_idle_pool,8,341.0244,process_peak_rss_bytes,75153408
driver,driver/two_origins_one_idle_pool,8,341.0244,resumes,15
driver,driver/two_origins_one_idle_pool,8,341.0244,submitted,10
driver,driver/two_origins_one_idle_pool,8,341.0244,total,302.555042
driver,driver/two_origins_one_idle_pool,9,344.3091,active,0
driver,driver/two_origins_one_idle_pool,9,344.3091,cancelled,0
driver,driver/two_origins_one_idle_pool,9,344.3091,commands,33
driver,driver/two_origins_one_idle_pool,9,344.3091,completed,8
driver,driver/two_origins_one_idle_pool,9,344.3091,connections,8
driver,driver/two_origins_one_idle_pool,9,344.3091,cpu_ms,52.8519999999999
driver,driver/two_origins_one_idle_pool,9,344.3091,cpu_percent,15.350161412965075
driver,driver/two_origins_one_idle_pool,9,344.3091,idle_loops,0
driver,driver/two_origins_one_idle_pool,9,344.3091,idle_loops_per_sec,0
driver,driver/two_origins_one_idle_pool,9,344.3091,loops,146
driver,driver/two_origins_one_idle_pool,9,344.3091,max_command_latency_ms,0.614
driver,driver/two_origins_one_idle_pool,9,344.3091,pauses,25
driver,driver/two_origins_one_idle_pool,9,344.3091,pools,2
driver,driver/two_origins_one_idle_pool,9,344.3091,process_peak_rss_bytes,75153408
driver,driver/two_origins_one_idle_pool,9,344.3091,resumes,25
driver,driver/two_origins_one_idle_pool,9,344.3091,submitted,8
driver,driver/two_origins_one_idle_pool,9,344.3091,total,301.633125
driver,driver/cancel_latency,0,20.9726,active,0
driver,driver/cancel_latency,0,20.9726,cancel_ms,14.604667
driver,driver/cancel_latency,0,20.9726,cancelled,1
driver,driver/cancel_latency,0,20.9726,commands,2
driver,driver/cancel_latency,0,20.9726,completed,0
driver,driver/cancel_latency,0,20.9726,connections,0
driver,driver/cancel_latency,0,20.9726,cpu_ms,4.2359999999999065
driver,driver/cancel_latency,0,20.9726,cpu_percent,20.19779727667276
driver,driver/cancel_latency,0,20.9726,file_bytes,0
driver,driver/cancel_latency,0,20.9726,loops,7
driver,driver/cancel_latency,0,20.9726,max_command_latency_ms,0.027
driver,driver/cancel_latency,0,20.9726,pauses,0
driver,driver/cancel_latency,0,20.9726,pools,1
driver,driver/cancel_latency,0,20.9726,process_peak_rss_bytes,75153408
driver,driver/cancel_latency,0,20.9726,resumes,0
driver,driver/cancel_latency,0,20.9726,submitted,1
driver,driver/cancel_latency,0,20.9726,total,14.604667
driver,driver/cancel_latency,1,24.7857,active,0
driver,driver/cancel_latency,1,24.7857,cancel_ms,18.950875
driver,driver/cancel_latency,1,24.7857,cancelled,1
driver,driver/cancel_latency,1,24.7857,commands,8
driver,driver/cancel_latency,1,24.7857,completed,0
driver,driver/cancel_latency,1,24.7857,connections,0
driver,driver/cancel_latency,1,24.7857,cpu_ms,4.310999999999954
driver,driver/cancel_latency,1,24.7857,cpu_percent,17.393087984414056
driver,driver/cancel_latency,1,24.7857,file_bytes,0
driver,driver/cancel_latency,1,24.7857,loops,12
driver,driver/cancel_latency,1,24.7857,max_command_latency_ms,0.246
driver,driver/cancel_latency,1,24.7857,pauses,0
driver,driver/cancel_latency,1,24.7857,pools,1
driver,driver/cancel_latency,1,24.7857,process_peak_rss_bytes,75153408
driver,driver/cancel_latency,1,24.7857,resumes,0
driver,driver/cancel_latency,1,24.7857,submitted,4
driver,driver/cancel_latency,1,24.7857,total,18.950875
driver,driver/cancel_latency,2,23.0216,active,0
driver,driver/cancel_latency,2,23.0216,cancel_ms,16.708541
driver,driver/cancel_latency,2,23.0216,cancelled,1
driver,driver/cancel_latency,2,23.0216,commands,8
driver,driver/cancel_latency,2,23.0216,completed,0
driver,driver/cancel_latency,2,23.0216,connections,0
driver,driver/cancel_latency,2,23.0216,cpu_ms,4.523000000000055
driver,driver/cancel_latency,2,23.0216,cpu_percent,19.64678102283433
driver,driver/cancel_latency,2,23.0216,file_bytes,0
driver,driver/cancel_latency,2,23.0216,loops,9
driver,driver/cancel_latency,2,23.0216,max_command_latency_ms,0.413
driver,driver/cancel_latency,2,23.0216,pauses,0
driver,driver/cancel_latency,2,23.0216,pools,1
driver,driver/cancel_latency,2,23.0216,process_peak_rss_bytes,75153408
driver,driver/cancel_latency,2,23.0216,resumes,0
driver,driver/cancel_latency,2,23.0216,submitted,4
driver,driver/cancel_latency,2,23.0216,total,16.708541
driver,driver/cancel_latency,3,17.0724,active,2
driver,driver/cancel_latency,3,17.0724,cancel_ms,10.773959
driver,driver/cancel_latency,3,17.0724,cancelled,1
driver,driver/cancel_latency,3,17.0724,commands,6
driver,driver/cancel_latency,3,17.0724,completed,0
driver,driver/cancel_latency,3,17.0724,connections,0
driver,driver/cancel_latency,3,17.0724,cpu_ms,3.5970000000000724
driver,driver/cancel_latency,3,17.0724,cpu_percent,21.06912482885405
driver,driver/cancel_latency,3,17.0724,file_bytes,0
driver,driver/cancel_latency,3,17.0724,loops,13
driver,driver/cancel_latency,3,17.0724,max_command_latency_ms,0.223
driver,driver/cancel_latency,3,17.0724,pauses,0
driver,driver/cancel_latency,3,17.0724,pools,1
driver,driver/cancel_latency,3,17.0724,process_peak_rss_bytes,75153408
driver,driver/cancel_latency,3,17.0724,resumes,0
driver,driver/cancel_latency,3,17.0724,submitted,4
driver,driver/cancel_latency,3,17.0724,total,10.773959
driver,driver/cancel_latency,4,19.7835,active,1
driver,driver/cancel_latency,4,19.7835,cancel_ms,12.925167
driver,driver/cancel_latency,4,19.7835,cancelled,1
driver,driver/cancel_latency,4,19.7835,commands,8
driver,driver/cancel_latency,4,19.7835,completed,0
driver,driver/cancel_latency,4,19.7835,connections,0
driver,driver/cancel_latency,4,19.7835,cpu_ms,3.326999999999858
driver,driver/cancel_latency,4,19.7835,cpu_percent,16.81704450678524
driver,driver/cancel_latency,4,19.7835,file_bytes,0
driver,driver/cancel_latency,4,19.7835,loops,14
driver,driver/cancel_latency,4,19.7835,max_command_latency_ms,13.011
driver,driver/cancel_latency,4,19.7835,pauses,0
driver,driver/cancel_latency,4,19.7835,pools,1
driver,driver/cancel_latency,4,19.7835,process_peak_rss_bytes,75153408
driver,driver/cancel_latency,4,19.7835,resumes,0
driver,driver/cancel_latency,4,19.7835,submitted,4
driver,driver/cancel_latency,4,19.7835,total,12.925167
driver,driver/cancel_latency,5,17.9198,active,1
driver,driver/cancel_latency,5,17.9198,cancel_ms,10.7285
driver,driver/cancel_latency,5,17.9198,cancelled,1
driver,driver/cancel_latency,5,17.9198,commands,7
driver,driver/cancel_latency,5,17.9198,completed,0
driver,driver/cancel_latency,5,17.9198,connections,0
driver,driver/cancel_latency,5,17.9198,cpu_ms,2.78299999999998
driver,driver/cancel_latency,5,17.9198,cpu_percent,15.530278658288724
driver,driver/cancel_latency,5,17.9198,file_bytes,0
driver,driver/cancel_latency,5,17.9198,loops,13
driver,driver/cancel_latency,5,17.9198,max_command_latency_ms,0.135
driver,driver/cancel_latency,5,17.9198,pauses,0
driver,driver/cancel_latency,5,17.9198,pools,1
driver,driver/cancel_latency,5,17.9198,process_peak_rss_bytes,75153408
driver,driver/cancel_latency,5,17.9198,resumes,0
driver,driver/cancel_latency,5,17.9198,submitted,4
driver,driver/cancel_latency,5,17.9198,total,10.7285
driver,driver/cancel_latency,6,20.6697,active,0
driver,driver/cancel_latency,6,20.6697,cancel_ms,13.567084
driver,driver/cancel_latency,6,20.6697,cancelled,1
driver,driver/cancel_latency,6,20.6697,commands,8
driver,driver/cancel_latency,6,20.6697,completed,0
driver,driver/cancel_latency,6,20.6697,connections,0
driver,driver/cancel_latency,6,20.6697,cpu_ms,3.022999999999998
driver,driver/cancel_latency,6,20.6697,cpu_percent,14.625296092094748
driver,driver/cancel_latency,6,20.6697,file_bytes,0
driver,driver/cancel_latency,6,20.6697,loops,12
driver,driver/cancel_latency,6,20.6697,max_command_latency_ms,0.142
driver,driver/cancel_latency,6,20.6697,pauses,0
driver,driver/cancel_latency,6,20.6697,pools,1
driver,driver/cancel_latency,6,20.6697,process_peak_rss_bytes,75153408
driver,driver/cancel_latency,6,20.6697,resumes,0
driver,driver/cancel_latency,6,20.6697,submitted,4
driver,driver/cancel_latency,6,20.6697,total,13.567084
driver,driver/cancel_latency,7,22.2550,active,0
driver,driver/cancel_latency,7,22.2550,cancel_ms,15.9025
driver,driver/cancel_latency,7,22.2550,cancelled,1
driver,driver/cancel_latency,7,22.2550,commands,8
driver,driver/cancel_latency,7,22.2550,completed,0
driver,driver/cancel_latency,7,22.2550,connections,0
driver,driver/cancel_latency,7,22.2550,cpu_ms,2.785999999999955
driver,driver/cancel_latency,7,22.2550,cpu_percent,12.518535160637859
driver,driver/cancel_latency,7,22.2550,file_bytes,0
driver,driver/cancel_latency,7,22.2550,loops,12
driver,driver/cancel_latency,7,22.2550,max_command_latency_ms,0.126
driver,driver/cancel_latency,7,22.2550,pauses,0
driver,driver/cancel_latency,7,22.2550,pools,1
driver,driver/cancel_latency,7,22.2550,process_peak_rss_bytes,75153408
driver,driver/cancel_latency,7,22.2550,resumes,0
driver,driver/cancel_latency,7,22.2550,submitted,4
driver,driver/cancel_latency,7,22.2550,total,15.9025
driver,driver/cancel_latency,8,17.0611,active,0
driver,driver/cancel_latency,8,17.0611,cancel_ms,9.855542
driver,driver/cancel_latency,8,17.0611,cancelled,1
driver,driver/cancel_latency,8,17.0611,commands,8
driver,driver/cancel_latency,8,17.0611,completed,0
driver,driver/cancel_latency,8,17.0611,connections,0
driver,driver/cancel_latency,8,17.0611,cpu_ms,3.194999999999837
driver,driver/cancel_latency,8,17.0611,cpu_percent,18.72678384338569
driver,driver/cancel_latency,8,17.0611,file_bytes,0
driver,driver/cancel_latency,8,17.0611,loops,14
driver,driver/cancel_latency,8,17.0611,max_command_latency_ms,10.027
driver,driver/cancel_latency,8,17.0611,pauses,0
driver,driver/cancel_latency,8,17.0611,pools,1
driver,driver/cancel_latency,8,17.0611,process_peak_rss_bytes,75153408
driver,driver/cancel_latency,8,17.0611,resumes,0
driver,driver/cancel_latency,8,17.0611,submitted,4
driver,driver/cancel_latency,8,17.0611,total,9.855542
driver,driver/cancel_latency,9,19.8605,active,2
driver,driver/cancel_latency,9,19.8605,cancel_ms,12.560666
driver,driver/cancel_latency,9,19.8605,cancelled,1
driver,driver/cancel_latency,9,19.8605,commands,7
driver,driver/cancel_latency,9,19.8605,completed,0
driver,driver/cancel_latency,9,19.8605,connections,0
driver,driver/cancel_latency,9,19.8605,cpu_ms,3.295000000000048
driver,driver/cancel_latency,9,19.8605,cpu_percent,16.59072027391077
driver,driver/cancel_latency,9,19.8605,file_bytes,0
driver,driver/cancel_latency,9,19.8605,loops,14
driver,driver/cancel_latency,9,19.8605,max_command_latency_ms,12.63
driver,driver/cancel_latency,9,19.8605,pauses,0
driver,driver/cancel_latency,9,19.8605,pools,1
driver,driver/cancel_latency,9,19.8605,process_peak_rss_bytes,75153408
driver,driver/cancel_latency,9,19.8605,resumes,0
driver,driver/cancel_latency,9,19.8605,submitted,4
driver,driver/cancel_latency,9,19.8605,total,12.560666
driver,driver/stalled_pool_with_idle_pool,0,338.9632,active,0
driver,driver/stalled_pool_with_idle_pool,0,338.9632,cancel_ms,17.783458
driver,driver/stalled_pool_with_idle_pool,0,338.9632,cancelled,1
driver,driver/stalled_pool_with_idle_pool,0,338.9632,commands,9
driver,driver/stalled_pool_with_idle_pool,0,338.9632,completed,1
driver,driver/stalled_pool_with_idle_pool,0,338.9632,connections,1
driver,driver/stalled_pool_with_idle_pool,0,338.9632,cpu_ms,6.363000000000119
driver,driver/stalled_pool_with_idle_pool,0,338.9632,cpu_percent,1.8771948842306563
driver,driver/stalled_pool_with_idle_pool,0,338.9632,held_loops,13
driver,driver/stalled_pool_with_idle_pool,0,338.9632,held_loops_per_sec,43.04503333971934
driver,driver/stalled_pool_with_idle_pool,0,338.9632,loops,33
driver,driver/stalled_pool_with_idle_pool,0,338.9632,max_command_latency_ms,0.165
driver,driver/stalled_pool_with_idle_pool,0,338.9632,pauses,0
driver,driver/stalled_pool_with_idle_pool,0,338.9632,pools,2
driver,driver/stalled_pool_with_idle_pool,0,338.9632,process_peak_rss_bytes,75153408
driver,driver/stalled_pool_with_idle_pool,0,338.9632,resumes,0
driver,driver/stalled_pool_with_idle_pool,0,338.9632,submitted,5
driver,driver/stalled_pool_with_idle_pool,0,338.9632,total,302.009291
driver,driver/stalled_pool_with_idle_pool,1,339.3135,active,0
driver,driver/stalled_pool_with_idle_pool,1,339.3135,cancel_ms,13.886875
driver,driver/stalled_pool_with_idle_pool,1,339.3135,cancelled,1
driver,driver/stalled_pool_with_idle_pool,1,339.3135,commands,9
driver,driver/stalled_pool_with_idle_pool,1,339.3135,completed,1
driver,driver/stalled_pool_with_idle_pool,1,339.3135,connections,1
driver,driver/stalled_pool_with_idle_pool,1,339.3135,cpu_ms,8.86000000000009
driver,driver/stalled_pool_with_idle_pool,1,339.3135,cpu_percent,2.611154581235374
driver,driver/stalled_pool_with_idle_pool,1,339.3135,held_loops,12
driver,driver/stalled_pool_with_idle_pool,1,339.3135,held_loops_per_sec,39.61030065868629
driver,driver/stalled_pool_with_idle_pool,1,339.3135,loops,33
driver,driver/stalled_pool_with_idle_pool,1,339.3135,max_command_latency_ms,0.129
driver,driver/stalled_pool_with_idle_pool,1,339.3135,pauses,0
driver,driver/stalled_pool_with_idle_pool,1,339.3135,pools,2
driver,driver/stalled_pool_with_idle_pool,1,339.3135,process_peak_rss_bytes,75153408
driver,driver/stalled_pool_with_idle_pool,1,339.3135,resumes,0
driver,driver/stalled_pool_with_idle_pool,1,339.3135,submitted,5
driver,driver/stalled_pool_with_idle_pool,1,339.3135,total,302.9515
driver,driver/stalled_pool_with_idle_pool,2,334.3667,active,0
driver,driver/stalled_pool_with_idle_pool,2,334.3667,cancel_ms,16.187625
driver,driver/stalled_pool_with_idle_pool,2,334.3667,cancelled,1
driver,driver/stalled_pool_with_idle_pool,2,334.3667,commands,9
driver,driver/stalled_pool_with_idle_pool,2,334.3667,completed,1
driver,driver/stalled_pool_with_idle_pool,2,334.3667,connections,1
driver,driver/stalled_pool_with_idle_pool,2,334.3667,cpu_ms,9.404999999999886
driver,driver/stalled_pool_with_idle_pool,2,334.3667,cpu_percent,2.8127803780153378
driver,driver/stalled_pool_with_idle_pool,2,334.3667,held_loops,13
driver,driver/stalled_pool_with_idle_pool,2,334.3667,held_loops_per_sec,43.05568986538811
driver,driver/stalled_pool_with_idle_pool,2,334.3667,loops,35
driver,driver/stalled_pool_with_idle_pool,2,334.3667,max_command_latency_ms,0.254
driver,driver/stalled_pool_with_idle_pool,2,334.3667,pauses,0
driver,driver/stalled_pool_with_idle_pool,2,334.3667,pools,2
driver,driver/stalled_pool_with_idle_pool,2,334.3667,process_peak_rss_bytes,75153408
driver,driver/stalled_pool_with_idle_pool,2,334.3667,resumes,0
driver,driver/stalled_pool_with_idle_pool,2,334.3667,submitted,5
driver,driver/stalled_pool_with_idle_pool,2,334.3667,total,301.93454199999996
driver,driver/stalled_pool_with_idle_pool,3,341.7555,active,0
driver,driver/stalled_pool_with_idle_pool,3,341.7555,cancel_ms,19.045125
driver,driver/stalled_pool_with_idle_pool,3,341.7555,cancelled,1
driver,driver/stalled_pool_with_idle_pool,3,341.7555,commands,9
driver,driver/stalled_pool_with_idle_pool,3,341.7555,completed,1
driver,driver/stalled_pool_with_idle_pool,3,341.7555,connections,1
driver,driver/stalled_pool_with_idle_pool,3,341.7555,cpu_ms,9.195000000000064
driver,driver/stalled_pool_with_idle_pool,3,341.7555,cpu_percent,2.690519654222684
driver,driver/stalled_pool_with_idle_pool,3,341.7555,held_loops,14
driver,driver/stalled_pool_with_idle_pool,3,341.7555,held_loops_per_sec,46.28832395907157
driver,driver/stalled_pool_with_idle_pool,3,341.7555,loops,31
driver,driver/stalled_pool_with_idle_pool,3,341.7555,max_command_latency_ms,0.2
driver,driver/stalled_pool_with_idle_pool,3,341.7555,pauses,0
driver,driver/stalled_pool_with_idle_pool,3,341.7555,pools,2
driver,driver/stalled_pool_with_idle_pool,3,341.7555,process_peak_rss_bytes,75153408
driver,driver/stalled_pool_with_idle_pool,3,341.7555,resumes,0
driver,driver/stalled_pool_with_idle_pool,3,341.7555,submitted,5
driver,driver/stalled_pool_with_idle_pool,3,341.7555,total,302.45208299999996
driver,driver/stalled_pool_with_idle_pool,4,333.3395,active,0
driver,driver/stalled_pool_with_idle_pool,4,333.3395,cancel_ms,15.815208
driver,driver/stalled_pool_with_idle_pool,4,333.3395,cancelled,1
driver,driver/stalled_pool_with_idle_pool,4,333.3395,commands,9
driver,driver/stalled_pool_with_idle_pool,4,333.3395,completed,1
driver,driver/stalled_pool_with_idle_pool,4,333.3395,connections,1
driver,driver/stalled_pool_with_idle_pool,4,333.3395,cpu_ms,9.463
driver,driver/stalled_pool_with_idle_pool,4,333.3395,cpu_percent,2.838847132149858
driver,driver/stalled_pool_with_idle_pool,4,333.3395,held_loops,16
driver,driver/stalled_pool_with_idle_pool,4,333.3395,held_loops_per_sec,52.96995204650105
driver,driver/stalled_pool_with_idle_pool,4,333.3395,loops,35
driver,driver/stalled_pool_with_idle_pool,4,333.3395,max_command_latency_ms,0.216
driver,driver/stalled_pool_with_idle_pool,4,333.3395,pauses,0
driver,driver/stalled_pool_with_idle_pool,4,333.3395,pools,2
driver,driver/stalled_pool_with_idle_pool,4,333.3395,process_peak_rss_bytes,75153408
driver,driver/stalled_pool_with_idle_pool,4,333.3395,resumes,0
driver,driver/stalled_pool_with_idle_pool,4,333.3395,submitted,5
driver,driver/stalled_pool_with_idle_pool,4,333.3395,total,302.058042
driver,driver/stalled_pool_with_idle_pool,5,336.1118,active,0
driver,driver/stalled_pool_with_idle_pool,5,336.1118,cancel_ms,17.143625
driver,driver/stalled_pool_with_idle_pool,5,336.1118,cancelled,1
driver,driver/stalled_pool_with_idle_pool,5,336.1118,commands,9
driver,driver/stalled_pool_with_idle_pool,5,336.1118,completed,1
driver,driver/stalled_pool_with_idle_pool,5,336.1118,connections,1
driver,driver/stalled_pool_with_idle_pool,5,336.1118,cpu_ms,9.345000000000159
driver,driver/stalled_pool_with_idle_pool,5,336.1118,cpu_percent,2.780324598746547
driver,driver/stalled_pool_with_idle_pool,5,336.1118,held_loops,12
driver,driver/stalled_pool_with_idle_pool,5,336.1118,held_loops_per_sec,39.713472853249996
driver,driver/stalled_pool_with_idle_pool,5,336.1118,loops,33
driver,driver/stalled_pool_with_idle_pool,5,336.1118,max_command_latency_ms,0.278
driver,driver/stalled_pool_with_idle_pool,5,336.1118,pauses,0
driver,driver/stalled_pool_with_idle_pool,5,336.1118,pools,2
driver,driver/stalled_pool_with_idle_pool,5,336.1118,process_peak_rss_bytes,75153408
driver,driver/stalled_pool_with_idle_pool,5,336.1118,resumes,0
driver,driver/stalled_pool_with_idle_pool,5,336.1118,submitted,5
driver,driver/stalled_pool_with_idle_pool,5,336.1118,total,302.164458
driver,driver/stalled_pool_with_idle_pool,6,332.6424,active,0
driver,driver/stalled_pool_with_idle_pool,6,332.6424,cancel_ms,13.169749999999999
driver,driver/stalled_pool_with_idle_pool,6,332.6424,cancelled,1
driver,driver/stalled_pool_with_idle_pool,6,332.6424,commands,9
driver,driver/stalled_pool_with_idle_pool,6,332.6424,completed,1
driver,driver/stalled_pool_with_idle_pool,6,332.6424,connections,1
driver,driver/stalled_pool_with_idle_pool,6,332.6424,cpu_ms,9.271999999999947
driver,driver/stalled_pool_with_idle_pool,6,332.6424,cpu_percent,2.787377885935292
driver,driver/stalled_pool_with_idle_pool,6,332.6424,held_loops,12
driver,driver/stalled_pool_with_idle_pool,6,332.6424,held_loops_per_sec,39.69066091152084
driver,driver/stalled_pool_with_idle_pool,6,332.6424,loops,32
driver,driver/stalled_pool_with_idle_pool,6,332.6424,max_command_latency_ms,0.174
driver,driver/stalled_pool_with_idle_pool,6,332.6424,pauses,0
driver,driver/stalled_pool_with_idle_pool,6,332.6424,pools,2
driver,driver/stalled_pool_with_idle_pool,6,332.6424,process_peak_rss_bytes,75153408
driver,driver/stalled_pool_with_idle_pool,6,332.6424,resumes,0
driver,driver/stalled_pool_with_idle_pool,6,332.6424,submitted,5
driver,driver/stalled_pool_with_idle_pool,6,332.6424,total,302.338125
driver,driver/stalled_pool_with_idle_pool,7,337.5752,active,0
driver,driver/stalled_pool_with_idle_pool,7,337.5752,cancel_ms,12.791375
driver,driver/stalled_pool_with_idle_pool,7,337.5752,cancelled,1
driver,driver/stalled_pool_with_idle_pool,7,337.5752,commands,9
driver,driver/stalled_pool_with_idle_pool,7,337.5752,completed,1
driver,driver/stalled_pool_with_idle_pool,7,337.5752,connections,1
driver,driver/stalled_pool_with_idle_pool,7,337.5752,cpu_ms,10.391999999999957
driver,driver/stalled_pool_with_idle_pool,7,337.5752,cpu_percent,3.07842550242572
driver,driver/stalled_pool_with_idle_pool,7,337.5752,held_loops,12
driver,driver/stalled_pool_with_idle_pool,7,337.5752,held_loops_per_sec,39.64073391436167
driver,driver/stalled_pool_with_idle_pool,7,337.5752,loops,33
driver,driver/stalled_pool_with_idle_pool,7,337.5752,max_command_latency_ms,0.409
driver,driver/stalled_pool_with_idle_pool,7,337.5752,pauses,0
driver,driver/stalled_pool_with_idle_pool,7,337.5752,pools,2
driver,driver/stalled_pool_with_idle_pool,7,337.5752,process_peak_rss_bytes,75153408
driver,driver/stalled_pool_with_idle_pool,7,337.5752,resumes,0
driver,driver/stalled_pool_with_idle_pool,7,337.5752,submitted,5
driver,driver/stalled_pool_with_idle_pool,7,337.5752,total,302.718916
driver,driver/stalled_pool_with_idle_pool,8,342.2524,active,0
driver,driver/stalled_pool_with_idle_pool,8,342.2524,cancel_ms,17.204250000000002
driver,driver/stalled_pool_with_idle_pool,8,342.2524,cancelled,1
driver,driver/stalled_pool_with_idle_pool,8,342.2524,commands,9
driver,driver/stalled_pool_with_idle_pool,8,342.2524,completed,1
driver,driver/stalled_pool_with_idle_pool,8,342.2524,connections,1
driver,driver/stalled_pool_with_idle_pool,8,342.2524,cpu_ms,12.46500000000017
driver,driver/stalled_pool_with_idle_pool,8,342.2524,cpu_percent,3.642049233405662
driver,driver/stalled_pool_with_idle_pool,8,342.2524,held_loops,14
driver,driver/stalled_pool_with_idle_pool,8,342.2524,held_loops_per_sec,46.39459453662822
driver,driver/stalled_pool_with_idle_pool,8,342.2524,loops,31
driver,driver/stalled_pool_with_idle_pool,8,342.2524,max_command_latency_ms,0.181
driver,driver/stalled_pool_with_idle_pool,8,342.2524,pauses,0
driver,driver/stalled_pool_with_idle_pool,8,342.2524,pools,2
driver,driver/stalled_pool_with_idle_pool,8,342.2524,process_peak_rss_bytes,75153408
driver,driver/stalled_pool_with_idle_pool,8,342.2524,resumes,0
driver,driver/stalled_pool_with_idle_pool,8,342.2524,submitted,5
driver,driver/stalled_pool_with_idle_pool,8,342.2524,total,301.759292
driver,driver/stalled_pool_with_idle_pool,9,336.7436,active,4
driver,driver/stalled_pool_with_idle_pool,9,336.7436,cancel_ms,17.233959
driver,driver/stalled_pool_with_idle_pool,9,336.7436,cancelled,1
driver,driver/stalled_pool_with_idle_pool,9,336.7436,commands,6
driver,driver/stalled_pool_with_idle_pool,9,336.7436,completed,1
driver,driver/stalled_pool_with_idle_pool,9,336.7436,connections,1
driver,driver/stalled_pool_with_idle_pool,9,336.7436,cpu_ms,10.448000000000013
driver,driver/stalled_pool_with_idle_pool,9,336.7436,cpu_percent,3.102657103011234
driver,driver/stalled_pool_with_idle_pool,9,336.7436,held_loops,12
driver,driver/stalled_pool_with_idle_pool,9,336.7436,held_loops_per_sec,39.6933523144739
driver,driver/stalled_pool_with_idle_pool,9,336.7436,loops,36
driver,driver/stalled_pool_with_idle_pool,9,336.7436,max_command_latency_ms,17.415
driver,driver/stalled_pool_with_idle_pool,9,336.7436,pauses,0
driver,driver/stalled_pool_with_idle_pool,9,336.7436,pools,2
driver,driver/stalled_pool_with_idle_pool,9,336.7436,process_peak_rss_bytes,75153408
driver,driver/stalled_pool_with_idle_pool,9,336.7436,resumes,0
driver,driver/stalled_pool_with_idle_pool,9,336.7436,submitted,5
driver,driver/stalled_pool_with_idle_pool,9,336.7436,total,302.31762499999996
