group,scenario,round,round_millis,metric,value
scheduler,scheduler/dynamic/fresh/64,0,0.0469,boundary_scans,4
scheduler,scheduler/dynamic/fresh/64,0,0.0469,candidate_slots,10
scheduler,scheduler/dynamic/fresh/64,0,0.0469,cpu_ms,0.0910000000000008
scheduler,scheduler/dynamic/fresh/64,0,0.0469,cpu_percent,194.13333333333503
scheduler,scheduler/dynamic/fresh/64,0,0.0469,leases,64
scheduler,scheduler/dynamic/fresh/64,0,0.0469,max_leases_per_request,16
scheduler,scheduler/dynamic/fresh/64,0,0.0469,max_request_bytes,16777216
scheduler,scheduler/dynamic/fresh/64,0,0.0469,micros_per_request,8.21875
scheduler,scheduler/dynamic/fresh/64,0,0.0469,multi_lease_requests,4
scheduler,scheduler/dynamic/fresh/64,0,0.0469,planned_bytes,67108864
scheduler,scheduler/dynamic/fresh/64,0,0.0469,planned_ranges,10
scheduler,scheduler/dynamic/fresh/64,0,0.0469,process_peak_rss_bytes,16138240
scheduler,scheduler/dynamic/fresh/64,0,0.0469,requests,4
scheduler,scheduler/dynamic/fresh/64,0,0.0469,single_lease_requests,0
scheduler,scheduler/dynamic/fresh/64,0,0.0469,total,0.032875
scheduler,scheduler/dynamic/fresh/64,0,0.0469,truncated_requests,0
scheduler,scheduler/dynamic/fresh/64,1,0.0143,boundary_scans,4
scheduler,scheduler/dynamic/fresh/64,1,0.0143,candidate_slots,10
scheduler,scheduler/dynamic/fresh/64,1,0.0143,cpu_ms,0.015000000000001124
scheduler,scheduler/dynamic/fresh/64,1,0.0143,cpu_percent,105.26315789474472
scheduler,scheduler/dynamic/fresh/64,1,0.0143,leases,64
scheduler,scheduler/dynamic/fresh/64,1,0.0143,max_leases_per_request,16
scheduler,scheduler/dynamic/fresh/64,1,0.0143,max_request_bytes,16777216
scheduler,scheduler/dynamic/fresh/64,1,0.0143,micros_per_request,3.3125
scheduler,scheduler/dynamic/fresh/64,1,0.0143,multi_lease_requests,4
scheduler,scheduler/dynamic/fresh/64,1,0.0143,planned_bytes,67108864
scheduler,scheduler/dynamic/fresh/64,1,0.0143,planned_ranges,10
scheduler,scheduler/dynamic/fresh/64,1,0.0143,process_peak_rss_bytes,16171008
scheduler,scheduler/dynamic/fresh/64,1,0.0143,requests,4
scheduler,scheduler/dynamic/fresh/64,1,0.0143,single_lease_requests,0
scheduler,scheduler/dynamic/fresh/64,1,0.0143,total,0.01325
scheduler,scheduler/dynamic/fresh/64,1,0.0143,truncated_requests,0
scheduler,scheduler/dynamic/fresh/64,2,0.0090,boundary_scans,4
scheduler,scheduler/dynamic/fresh/64,2,0.0090,candidate_slots,10
scheduler,scheduler/dynamic/fresh/64,2,0.0090,cpu_ms,0.008999999999998592
scheduler,scheduler/dynamic/fresh/64,2,0.0090,cpu_percent,100.46885465504123
scheduler,scheduler/dynamic/fresh/64,2,0.0090,leases,64
scheduler,scheduler/dynamic/fresh/64,2,0.0090,max_leases_per_request,16
scheduler,scheduler/dynamic/fresh/64,2,0.0090,max_request_bytes,16777216
scheduler,scheduler/dynamic/fresh/64,2,0.0090,micros_per_request,2.09375
scheduler,scheduler/dynamic/fresh/64,2,0.0090,multi_lease_requests,4
scheduler,scheduler/dynamic/fresh/64,2,0.0090,planned_bytes,67108864
scheduler,scheduler/dynamic/fresh/64,2,0.0090,planned_ranges,10
scheduler,scheduler/dynamic/fresh/64,2,0.0090,process_peak_rss_bytes,16171008
scheduler,scheduler/dynamic/fresh/64,2,0.0090,requests,4
scheduler,scheduler/dynamic/fresh/64,2,0.0090,single_lease_requests,0
scheduler,scheduler/dynamic/fresh/64,2,0.0090,total,0.008375
scheduler,scheduler/dynamic/fresh/64,2,0.0090,truncated_requests,0
scheduler,scheduler/dynamic/fresh/64,3,0.0078,boundary_scans,4
scheduler,scheduler/dynamic/fresh/64,3,0.0078,candidate_slots,10
scheduler,scheduler/dynamic/fresh/64,3,0.0078,cpu_ms,0.007000000000000062
scheduler,scheduler/dynamic/fresh/64,3,0.0078,cpu_percent,89.83572895277287
scheduler,scheduler/dynamic/fresh/64,3,0.0078,leases,64
scheduler,scheduler/dynamic/fresh/64,3,0.0078,max_leases_per_request,16
scheduler,scheduler/dynamic/fresh/64,3,0.0078,max_request_bytes,16777216
scheduler,scheduler/dynamic/fresh/64,3,0.0078,micros_per_request,1.802
scheduler,scheduler/dynamic/fresh/64,3,0.0078,multi_lease_requests,4
scheduler,scheduler/dynamic/fresh/64,3,0.0078,planned_bytes,67108864
scheduler,scheduler/dynamic/fresh/64,3,0.0078,planned_ranges,10
scheduler,scheduler/dynamic/fresh/64,3,0.0078,process_peak_rss_bytes,16171008
scheduler,scheduler/dynamic/fresh/64,3,0.0078,requests,4
scheduler,scheduler/dynamic/fresh/64,3,0.0078,single_lease_requests,0
scheduler,scheduler/dynamic/fresh/64,3,0.0078,total,0.007208
scheduler,scheduler/dynamic/fresh/64,3,0.0078,truncated_requests,0
scheduler,scheduler/dynamic/fresh/64,4,0.0081,boundary_scans,4
scheduler,scheduler/dynamic/fresh/64,4,0.0081,candidate_slots,10
scheduler,scheduler/dynamic/fresh/64,4,0.0081,cpu_ms,0.007999999999997592
scheduler,scheduler/dynamic/fresh/64,4,0.0081,cpu_percent,98.46153846150885
scheduler,scheduler/dynamic/fresh/64,4,0.0081,leases,64
scheduler,scheduler/dynamic/fresh/64,4,0.0081,max_leases_per_request,16
scheduler,scheduler/dynamic/fresh/64,4,0.0081,max_request_bytes,16777216
scheduler,scheduler/dynamic/fresh/64,4,0.0081,micros_per_request,1.896
scheduler,scheduler/dynamic/fresh/64,4,0.0081,multi_lease_requests,4
scheduler,scheduler/dynamic/fresh/64,4,0.0081,planned_bytes,67108864
scheduler,scheduler/dynamic/fresh/64,4,0.0081,planned_ranges,10
scheduler,scheduler/dynamic/fresh/64,4,0.0081,process_peak_rss_bytes,16171008
scheduler,scheduler/dynamic/fresh/64,4,0.0081,requests,4
scheduler,scheduler/dynamic/fresh/64,4,0.0081,single_lease_requests,0
scheduler,scheduler/dynamic/fresh/64,4,0.0081,total,0.007584
scheduler,scheduler/dynamic/fresh/64,4,0.0081,truncated_requests,0
scheduler,scheduler/dynamic/fresh/64,5,0.0090,boundary_scans,4
scheduler,scheduler/dynamic/fresh/64,5,0.0090,candidate_slots,10
scheduler,scheduler/dynamic/fresh/64,5,0.0090,cpu_ms,0.009999999999999593
scheduler,scheduler/dynamic/fresh/64,5,0.0090,cpu_percent,111.6320607278365
scheduler,scheduler/dynamic/fresh/64,5,0.0090,leases,64
scheduler,scheduler/dynamic/fresh/64,5,0.0090,max_leases_per_request,16
scheduler,scheduler/dynamic/fresh/64,5,0.0090,max_request_bytes,16777216
scheduler,scheduler/dynamic/fresh/64,5,0.0090,micros_per_request,2.09375
scheduler,scheduler/dynamic/fresh/64,5,0.0090,multi_lease_requests,4
scheduler,scheduler/dynamic/fresh/64,5,0.0090,planned_bytes,67108864
scheduler,scheduler/dynamic/fresh/64,5,0.0090,planned_ranges,10
scheduler,scheduler/dynamic/fresh/64,5,0.0090,process_peak_rss_bytes,16187392
scheduler,scheduler/dynamic/fresh/64,5,0.0090,requests,4
scheduler,scheduler/dynamic/fresh/64,5,0.0090,single_lease_requests,0
scheduler,scheduler/dynamic/fresh/64,5,0.0090,total,0.008375
scheduler,scheduler/dynamic/fresh/64,5,0.0090,truncated_requests,0
scheduler,scheduler/dynamic/fresh/64,6,0.0075,boundary_scans,4
scheduler,scheduler/dynamic/fresh/64,6,0.0075,candidate_slots,10
scheduler,scheduler/dynamic/fresh/64,6,0.0075,cpu_ms,0.008000000000001062
scheduler,scheduler/dynamic/fresh/64,6,0.0075,cpu_percent,106.07265977195786
scheduler,scheduler/dynamic/fresh/64,6,0.0075,leases,64
scheduler,scheduler/dynamic/fresh/64,6,0.0075,max_leases_per_request,16
scheduler,scheduler/dynamic/fresh/64,6,0.0075,max_request_bytes,16777216
scheduler,scheduler/dynamic/fresh/64,6,0.0075,micros_per_request,1.76025
scheduler,scheduler/dynamic/fresh/64,6,0.0075,multi_lease_requests,4
scheduler,scheduler/dynamic/fresh/64,6,0.0075,planned_bytes,67108864
scheduler,scheduler/dynamic/fresh/64,6,0.0075,planned_ranges,10
scheduler,scheduler/dynamic/fresh/64,6,0.0075,process_peak_rss_bytes,16187392
scheduler,scheduler/dynamic/fresh/64,6,0.0075,requests,4
scheduler,scheduler/dynamic/fresh/64,6,0.0075,single_lease_requests,0
scheduler,scheduler/dynamic/fresh/64,6,0.0075,total,0.007041
scheduler,scheduler/dynamic/fresh/64,6,0.0075,truncated_requests,0
scheduler,scheduler/dynamic/fresh/64,7,0.0075,boundary_scans,4
scheduler,scheduler/dynamic/fresh/64,7,0.0075,candidate_slots,10
scheduler,scheduler/dynamic/fresh/64,7,0.0075,cpu_ms,0.007000000000000062
scheduler,scheduler/dynamic/fresh/64,7,0.0075,cpu_percent,93.33333333333415
scheduler,scheduler/dynamic/fresh/64,7,0.0075,leases,64
scheduler,scheduler/dynamic/fresh/64,7,0.0075,max_leases_per_request,16
scheduler,scheduler/dynamic/fresh/64,7,0.0075,max_request_bytes,16777216
scheduler,scheduler/dynamic/fresh/64,7,0.0075,micros_per_request,1.7395
scheduler,scheduler/dynamic/fresh/64,7,0.0075,multi_lease_requests,4
scheduler,scheduler/dynamic/fresh/64,7,0.0075,planned_bytes,67108864
scheduler,scheduler/dynamic/fresh/64,7,0.0075,planned_ranges,10
scheduler,scheduler/dynamic/fresh/64,7,0.0075,process_peak_rss_bytes,16187392
scheduler,scheduler/dynamic/fresh/64,7,0.0075,requests,4
scheduler,scheduler/dynamic/fresh/64,7,0.0075,single_lease_requests,0
scheduler,scheduler/dynamic/fresh/64,7,0.0075,total,0.006958
scheduler,scheduler/dynamic/fresh/64,7,0.0075,truncated_requests,0
scheduler,scheduler/dynamic/fresh/64,8,0.0072,boundary_scans,4
scheduler,scheduler/dynamic/fresh/64,8,0.0072,candidate_slots,10
scheduler,scheduler/dynamic/fresh/64,8,0.0072,cpu_ms,0.007000000000000062
scheduler,scheduler/dynamic/fresh/64,8,0.0072,cpu_percent,97.10084616451743
scheduler,scheduler/dynamic/fresh/64,8,0.0072,leases,64
scheduler,scheduler/dynamic/fresh/64,8,0.0072,max_leases_per_request,16
scheduler,scheduler/dynamic/fresh/64,8,0.0072,max_request_bytes,16777216
scheduler,scheduler/dynamic/fresh/64,8,0.0072,micros_per_request,1.6875
scheduler,scheduler/dynamic/fresh/64,8,0.0072,multi_lease_requests,4
scheduler,scheduler/dynamic/fresh/64,8,0.0072,planned_bytes,67108864
scheduler,scheduler/dynamic/fresh/64,8,0.0072,planned_ranges,10
scheduler,scheduler/dynamic/fresh/64,8,0.0072,process_peak_rss_bytes,16187392
scheduler,scheduler/dynamic/fresh/64,8,0.0072,requests,4
scheduler,scheduler/dynamic/fresh/64,8,0.0072,single_lease_requests,0
scheduler,scheduler/dynamic/fresh/64,8,0.0072,total,0.00675
scheduler,scheduler/dynamic/fresh/64,8,0.0072,truncated_requests,0
scheduler,scheduler/dynamic/fresh/64,9,0.0083,boundary_scans,4
scheduler,scheduler/dynamic/fresh/64,9,0.0083,candidate_slots,10
scheduler,scheduler/dynamic/fresh/64,9,0.0083,cpu_ms,0.008999999999998592
scheduler,scheduler/dynamic/fresh/64,9,0.0083,cpu_percent,108.55144132189834
scheduler,scheduler/dynamic/fresh/64,9,0.0083,leases,64
scheduler,scheduler/dynamic/fresh/64,9,0.0083,max_leases_per_request,16
scheduler,scheduler/dynamic/fresh/64,9,0.0083,max_request_bytes,16777216
scheduler,scheduler/dynamic/fresh/64,9,0.0083,micros_per_request,1.96875
scheduler,scheduler/dynamic/fresh/64,9,0.0083,multi_lease_requests,4
scheduler,scheduler/dynamic/fresh/64,9,0.0083,planned_bytes,67108864
scheduler,scheduler/dynamic/fresh/64,9,0.0083,planned_ranges,10
scheduler,scheduler/dynamic/fresh/64,9,0.0083,process_peak_rss_bytes,16203776
scheduler,scheduler/dynamic/fresh/64,9,0.0083,requests,4
scheduler,scheduler/dynamic/fresh/64,9,0.0083,single_lease_requests,0
scheduler,scheduler/dynamic/fresh/64,9,0.0083,total,0.007875
scheduler,scheduler/dynamic/fresh/64,9,0.0083,truncated_requests,0
scheduler,scheduler/fixed/fresh/64,0,0.0247,boundary_scans,16
scheduler,scheduler/fixed/fresh/64,0,0.0247,candidate_slots,16
scheduler,scheduler/fixed/fresh/64,0,0.0247,cpu_ms,0.024999999999997247
scheduler,scheduler/fixed/fresh/64,0,0.0247,cpu_percent,101.17770852724612
scheduler,scheduler/fixed/fresh/64,0,0.0247,leases,64
scheduler,scheduler/fixed/fresh/64,0,0.0247,max_leases_per_request,4
scheduler,scheduler/fixed/fresh/64,0,0.0247,max_request_bytes,4194304
scheduler,scheduler/fixed/fresh/64,0,0.0247,micros_per_request,1.5051875000000001
scheduler,scheduler/fixed/fresh/64,0,0.0247,multi_lease_requests,16
scheduler,scheduler/fixed/fresh/64,0,0.0247,planned_bytes,67108864
scheduler,scheduler/fixed/fresh/64,0,0.0247,planned_ranges,22
scheduler,scheduler/fixed/fresh/64,0,0.0247,process_peak_rss_bytes,16220160
scheduler,scheduler/fixed/fresh/64,0,0.0247,requests,16
scheduler,scheduler/fixed/fresh/64,0,0.0247,single_lease_requests,0
scheduler,scheduler/fixed/fresh/64,0,0.0247,total,0.024083
scheduler,scheduler/fixed/fresh/64,0,0.0247,truncated_requests,16
scheduler,scheduler/fixed/fresh/64,1,0.0133,boundary_scans,16
scheduler,scheduler/fixed/fresh/64,1,0.0133,candidate_slots,16
scheduler,scheduler/fixed/fresh/64,1,0.0133,cpu_ms,0.012999999999999123
scheduler,scheduler/fixed/fresh/64,1,0.0133,cpu_percent,97.49512524373124
scheduler,scheduler/fixed/fresh/64,1,0.0133,leases,64
scheduler,scheduler/fixed/fresh/64,1,0.0133,max_leases_per_request,4
scheduler,scheduler/fixed/fresh/64,1,0.0133,max_request_bytes,4194304
scheduler,scheduler/fixed/fresh/64,1,0.0133,micros_per_request,0.74475
scheduler,scheduler/fixed/fresh/64,1,0.0133,multi_lease_requests,16
scheduler,scheduler/fixed/fresh/64,1,0.0133,planned_bytes,67108864
scheduler,scheduler/fixed/fresh/64,1,0.0133,planned_ranges,22
scheduler,scheduler/fixed/fresh/64,1,0.0133,process_peak_rss_bytes,16236544
scheduler,scheduler/fixed/fresh/64,1,0.0133,requests,16
scheduler,scheduler/fixed/fresh/64,1,0.0133,single_lease_requests,0
scheduler,scheduler/fixed/fresh/64,1,0.0133,total,0.011916000000000001
scheduler,scheduler/fixed/fresh/64,1,0.0133,truncated_requests,16
scheduler,scheduler/fixed/fresh/64,2,0.0143,boundary_scans,16
scheduler,scheduler/fixed/fresh/64,2,0.0143,candidate_slots,16
scheduler,scheduler/fixed/fresh/64,2,0.0143,cpu_ms,0.014000000000000123
scheduler,scheduler/fixed/fresh/64,2,0.0143,cpu_percent,97.66987581973018
scheduler,scheduler/fixed/fresh/64,2,0.0143,leases,64
scheduler,scheduler/fixed/fresh/64,2,0.0143,max_leases_per_request,4
scheduler,scheduler/fixed/fresh/64,2,0.0143,max_request_bytes,4194304
scheduler,scheduler/fixed/fresh/64,2,0.0143,micros_per_request,0.7942499999999999
scheduler,scheduler/fixed/fresh/64,2,0.0143,multi_lease_requests,16
scheduler,scheduler/fixed/fresh/64,2,0.0143,planned_bytes,67108864
scheduler,scheduler/fixed/fresh/64,2,0.0143,planned_ranges,22
scheduler,scheduler/fixed/fresh/64,2,0.0143,process_peak_rss_bytes,16269312
scheduler,scheduler/fixed/fresh/64,2,0.0143,requests,16
scheduler,scheduler/fixed/fresh/64,2,0.0143,single_lease_requests,0
scheduler,scheduler/fixed/fresh/64,2,0.0143,total,0.012707999999999999
scheduler,scheduler/fixed/fresh/64,2,0.0143,truncated_requests,16
scheduler,scheduler/fixed/fresh/64,3,0.0118,boundary_scans,16
scheduler,scheduler/fixed/fresh/64,3,0.0118,candidate_slots,16
scheduler,scheduler/fixed/fresh/64,3,0.0118,cpu_ms,0.012999999999999123
scheduler,scheduler/fixed/fresh/64,3,0.0118,cpu_percent,110.25358324144791
scheduler,scheduler/fixed/fresh/64,3,0.0118,leases,64
scheduler,scheduler/fixed/fresh/64,3,0.0118,max_leases_per_request,4
scheduler,scheduler/fixed/fresh/64,3,0.0118,max_request_bytes,4194304
scheduler,scheduler/fixed/fresh/64,3,0.0118,micros_per_request,0.70575
scheduler,scheduler/fixed/fresh/64,3,0.0118,multi_lease_requests,16
scheduler,scheduler/fixed/fresh/64,3,0.0118,planned_bytes,67108864
scheduler,scheduler/fixed/fresh/64,3,0.0118,planned_ranges,22
scheduler,scheduler/fixed/fresh/64,3,0.0118,process_peak_rss_bytes,16269312
scheduler,scheduler/fixed/fresh/64,3,0.0118,requests,16
scheduler,scheduler/fixed/fresh/64,3,0.0118,single_lease_requests,0
scheduler,scheduler/fixed/fresh/64,3,0.0118,total,0.011292
scheduler,scheduler/fixed/fresh/64,3,0.0118,truncated_requests,16
scheduler,scheduler/fixed/fresh/64,4,0.0114,boundary_scans,16
scheduler,scheduler/fixed/fresh/64,4,0.0114,candidate_slots,16
scheduler,scheduler/fixed/fresh/64,4,0.0114,cpu_ms,0.011000000000000593
scheduler,scheduler/fixed/fresh/64,4,0.0114,cpu_percent,96.7032967033019
scheduler,scheduler/fixed/fresh/64,4,0.0114,leases,64
scheduler,scheduler/fixed/fresh/64,4,0.0114,max_leases_per_request,4
scheduler,scheduler/fixed/fresh/64,4,0.0114,max_request_bytes,4194304
scheduler,scheduler/fixed/fresh/64,4,0.0114,micros_per_request,0.6823125000000001
scheduler,scheduler/fixed/fresh/64,4,0.0114,multi_lease_requests,16
scheduler,scheduler/fixed/fresh/64,4,0.0114,planned_bytes,67108864
scheduler,scheduler/fixed/fresh/64,4,0.0114,planned_ranges,22
scheduler,scheduler/fixed/fresh/64,4,0.0114,process_peak_rss_bytes,16269312
scheduler,scheduler/fixed/fresh/64,4,0.0114,requests,16
scheduler,scheduler/fixed/fresh/64,4,0.0114,single_lease_requests,0
scheduler,scheduler/fixed/fresh/64,4,0.0114,total,0.010917000000000001
scheduler,scheduler/fixed/fresh/64,4,0.0114,truncated_requests,16
scheduler,scheduler/fixed/fresh/64,5,0.0113,boundary_scans,16
scheduler,scheduler/fixed/fresh/64,5,0.0113,candidate_slots,16
scheduler,scheduler/fixed/fresh/64,5,0.0113,cpu_ms,0.011999999999998123
scheduler,scheduler/fixed/fresh/64,5,0.0113,cpu_percent,106.26992561103545
scheduler,scheduler/fixed/fresh/64,5,0.0113,leases,64
scheduler,scheduler/fixed/fresh/64,5,0.0113,max_leases_per_request,4
scheduler,scheduler/fixed/fresh/64,5,0.0113,max_request_bytes,4194304
scheduler,scheduler/fixed/fresh/64,5,0.0113,micros_per_request,0.6796875
scheduler,scheduler/fixed/fresh/64,5,0.0113,multi_lease_requests,16
scheduler,scheduler/fixed/fresh/64,5,0.0113,planned_bytes,67108864
scheduler,scheduler/fixed/fresh/64,5,0.0113,planned_ranges,22
scheduler,scheduler/fixed/fresh/64,5,0.0113,process_peak_rss_bytes,16269312
scheduler,scheduler/fixed/fresh/64,5,0.0113,requests,16
scheduler,scheduler/fixed/fresh/64,5,0.0113,single_lease_requests,0
scheduler,scheduler/fixed/fresh/64,5,0.0113,total,0.010875
scheduler,scheduler/fixed/fresh/64,5,0.0113,truncated_requests,16
scheduler,scheduler/fixed/fresh/64,6,0.0111,boundary_scans,16
scheduler,scheduler/fixed/fresh/64,6,0.0111,candidate_slots,16
scheduler,scheduler/fixed/fresh/64,6,0.0111,cpu_ms,0.012000000000001593
scheduler,scheduler/fixed/fresh/64,6,0.0111,cpu_percent,107.86516853934016
scheduler,scheduler/fixed/fresh/64,6,0.0111,leases,64
scheduler,scheduler/fixed/fresh/64,6,0.0111,max_leases_per_request,4
scheduler,scheduler/fixed/fresh/64,6,0.0111,max_request_bytes,4194304
scheduler,scheduler/fixed/fresh/64,6,0.0111,micros_per_request,0.671875
scheduler,scheduler/fixed/fresh/64,6,0.0111,multi_lease_requests,16
scheduler,scheduler/fixed/fresh/64,6,0.0111,planned_bytes,67108864
scheduler,scheduler/fixed/fresh/64,6,0.0111,planned_ranges,22
scheduler,scheduler/fixed/fresh/64,6,0.0111,process_peak_rss_bytes,16269312
scheduler,scheduler/fixed/fresh/64,6,0.0111,requests,16
scheduler,scheduler/fixed/fresh/64,6,0.0111,single_lease_requests,0
scheduler,scheduler/fixed/fresh/64,6,0.0111,total,0.010750000000000001
scheduler,scheduler/fixed/fresh/64,6,0.0111,truncated_requests,16
scheduler,scheduler/fixed/fresh/64,7,0.0111,boundary_scans,16
scheduler,scheduler/fixed/fresh/64,7,0.0111,candidate_slots,16
scheduler,scheduler/fixed/fresh/64,7,0.0111,cpu_ms,0.011999999999998123
scheduler,scheduler/fixed/fresh/64,7,0.0111,cpu_percent,107.86516853930898
scheduler,scheduler/fixed/fresh/64,7,0.0111,leases,64
scheduler,scheduler/fixed/fresh/64,7,0.0111,max_leases_per_request,4
scheduler,scheduler/fixed/fresh/64,7,0.0111,max_request_bytes,4194304
scheduler,scheduler/fixed/fresh/64,7,0.0111,micros_per_request,0.6744375
scheduler,scheduler/fixed/fresh/64,7,0.0111,multi_lease_requests,16
scheduler,scheduler/fixed/fresh/64,7,0.0111,planned_bytes,67108864
scheduler,scheduler/fixed/fresh/64,7,0.0111,planned_ranges,22
scheduler,scheduler/fixed/fresh/64,7,0.0111,process_peak_rss_bytes,16269312
scheduler,scheduler/fixed/fresh/64,7,0.0111,requests,16
scheduler,scheduler/fixed/fresh/64,7,0.0111,single_lease_requests,0
scheduler,scheduler/fixed/fresh/64,7,0.0111,total,0.010791
scheduler,scheduler/fixed/fresh/64,7,0.0111,truncated_requests,16
scheduler,scheduler/fixed/fresh/64,8,0.0111,boundary_scans,16
scheduler,scheduler/fixed/fresh/64,8,0.0111,candidate_slots,16
scheduler,scheduler/fixed/fresh/64,8,0.0111,cpu_ms,0.011000000000000593
scheduler,scheduler/fixed/fresh/64,8,0.0111,cpu_percent,98.87640449438734
scheduler,scheduler/fixed/fresh/64,8,0.0111,leases,64
scheduler,scheduler/fixed/fresh/64,8,0.0111,max_leases_per_request,4
scheduler,scheduler/fixed/fresh/64,8,0.0111,max_request_bytes,4194304
scheduler,scheduler/fixed/fresh/64,8,0.0111,micros_per_request,0.6693125
scheduler,scheduler/fixed/fresh/64,8,0.0111,multi_lease_requests,16
scheduler,scheduler/fixed/fresh/64,8,0.0111,planned_bytes,67108864
scheduler,scheduler/fixed/fresh/64,8,0.0111,planned_ranges,22
scheduler,scheduler/fixed/fresh/64,8,0.0111,process_peak_rss_bytes,16269312
scheduler,scheduler/fixed/fresh/64,8,0.0111,requests,16
scheduler,scheduler/fixed/fresh/64,8,0.0111,single_lease_requests,0
scheduler,scheduler/fixed/fresh/64,8,0.0111,total,0.010709
scheduler,scheduler/fixed/fresh/64,8,0.0111,truncated_requests,16
scheduler,scheduler/fixed/fresh/64,9,0.0112,boundary_scans,16
scheduler,scheduler/fixed/fresh/64,9,0.0112,candidate_slots,16
scheduler,scheduler/fixed/fresh/64,9,0.0112,cpu_ms,0.012000000000001593
scheduler,scheduler/fixed/fresh/64,9,0.0112,cpu_percent,107.0663811563311
scheduler,scheduler/fixed/fresh/64,9,0.0112,leases,64
scheduler,scheduler/fixed/fresh/64,9,0.0112,max_leases_per_request,4
scheduler,scheduler/fixed/fresh/64,9,0.0112,max_request_bytes,4194304
scheduler,scheduler/fixed/fresh/64,9,0.0112,micros_per_request,0.6693125
scheduler,scheduler/fixed/fresh/64,9,0.0112,multi_lease_requests,16
scheduler,scheduler/fixed/fresh/64,9,0.0112,planned_bytes,67108864
scheduler,scheduler/fixed/fresh/64,9,0.0112,planned_ranges,22
scheduler,scheduler/fixed/fresh/64,9,0.0112,process_peak_rss_bytes,16269312
scheduler,scheduler/fixed/fresh/64,9,0.0112,requests,16
scheduler,scheduler/fixed/fresh/64,9,0.0112,single_lease_requests,0
scheduler,scheduler/fixed/fresh/64,9,0.0112,total,0.010709
scheduler,scheduler/fixed/fresh/64,9,0.0112,truncated_requests,16
scheduler,scheduler/dynamic/holes/64,0,0.0165,boundary_scans,16
scheduler,scheduler/dynamic/holes/64,0,0.0165,candidate_slots,16
scheduler,scheduler/dynamic/holes/64,0,0.0165,cpu_ms,0.018000000000000654
scheduler,scheduler/dynamic/holes/64,0,0.0165,cpu_percent,109.09090909091306
scheduler,scheduler/dynamic/holes/64,0,0.0165,leases,48
scheduler,scheduler/dynamic/holes/64,0,0.0165,max_leases_per_request,33
scheduler,scheduler/dynamic/holes/64,0,0.0165,max_request_bytes,34603008
scheduler,scheduler/dynamic/holes/64,0,0.0165,micros_per_request,0.9895625
scheduler,scheduler/dynamic/holes/64,0,0.0165,multi_lease_requests,1
scheduler,scheduler/dynamic/holes/64,0,0.0165,planned_bytes,50331648
scheduler,scheduler/dynamic/holes/64,0,0.0165,planned_ranges,22
scheduler,scheduler/dynamic/holes/64,0,0.0165,process_peak_rss_bytes,16318464
scheduler,scheduler/dynamic/holes/64,0,0.0165,requests,16
scheduler,scheduler/dynamic/holes/64,0,0.0165,single_lease_requests,15
scheduler,scheduler/dynamic/holes/64,0,0.0165,total,0.015833
scheduler,scheduler/dynamic/holes/64,0,0.0165,truncated_requests,0
scheduler,scheduler/dynamic/holes/64,1,0.0111,boundary_scans,16
scheduler,scheduler/dynamic/holes/64,1,0.0111,candidate_slots,16
scheduler,scheduler/dynamic/holes/64,1,0.0111,cpu_ms,0.012000000000001593
scheduler,scheduler/dynamic/holes/64,1,0.0111,cpu_percent,108.27393305063242
scheduler,scheduler/dynamic/holes/64,1,0.0111,leases,48
scheduler,scheduler/dynamic/holes/64,1,0.0111,max_leases_per_request,33
scheduler,scheduler/dynamic/holes/64,1,0.0111,max_request_bytes,34603008
scheduler,scheduler/dynamic/holes/64,1,0.0111,micros_per_request,0.6615000000000001
scheduler,scheduler/dynamic/holes/64,1,0.0111,multi_lease_requests,1
scheduler,scheduler/dynamic/holes/64,1,0.0111,planned_bytes,50331648
scheduler,scheduler/dynamic/holes/64,1,0.0111,planned_ranges,22
scheduler,scheduler/dynamic/holes/64,1,0.0111,process_peak_rss_bytes,16318464
scheduler,scheduler/dynamic/holes/64,1,0.0111,requests,16
scheduler,scheduler/dynamic/holes/64,1,0.0111,single_lease_requests,15
scheduler,scheduler/dynamic/holes/64,1,0.0111,total,0.010584000000000001
scheduler,scheduler/dynamic/holes/64,1,0.0111,truncated_requests,0
scheduler,scheduler/dynamic/holes/64,2,0.0100,boundary_scans,16
scheduler,scheduler/dynamic/holes/64,2,0.0100,candidate_slots,16
scheduler,scheduler/dynamic/holes/64,2,0.0100,cpu_ms,0.011000000000000593
scheduler,scheduler/dynamic/holes/64,2,0.0100,cpu_percent,110.00000000000591
scheduler,scheduler/dynamic/holes/64,2,0.0100,leases,48
scheduler,scheduler/dynamic/holes/64,2,0.0100,max_leases_per_request,33
scheduler,scheduler/dynamic/holes/64,2,0.0100,max_request_bytes,34603008
scheduler,scheduler/dynamic/holes/64,2,0.0100,micros_per_request,0.5963125
scheduler,scheduler/dynamic/holes/64,2,0.0100,multi_lease_requests,1
scheduler,scheduler/dynamic/holes/64,2,0.0100,planned_bytes,50331648
scheduler,scheduler/dynamic/holes/64,2,0.0100,planned_ranges,22
scheduler,scheduler/dynamic/holes/64,2,0.0100,process_peak_rss_bytes,16318464
scheduler,scheduler/dynamic/holes/64,2,0.0100,requests,16
scheduler,scheduler/dynamic/holes/64,2,0.0100,single_lease_requests,15
scheduler,scheduler/dynamic/holes/64,2,0.0100,total,0.009541000000000001
scheduler,scheduler/dynamic/holes/64,2,0.0100,truncated_requests,0
scheduler,scheduler/dynamic/holes/64,3,0.0095,boundary_scans,16
scheduler,scheduler/dynamic/holes/64,3,0.0095,candidate_slots,16
scheduler,scheduler/dynamic/holes/64,3,0.0095,cpu_ms,0.009999999999999593
scheduler,scheduler/dynamic/holes/64,3,0.0095,cpu_percent,105.26315789473256
scheduler,scheduler/dynamic/holes/64,3,0.0095,leases,48
scheduler,scheduler/dynamic/holes/64,3,0.0095,max_leases_per_request,33
scheduler,scheduler/dynamic/holes/64,3,0.0095,max_request_bytes,34603008
scheduler,scheduler/dynamic/holes/64,3,0.0095,micros_per_request,0.5625000000000001
scheduler,scheduler/dynamic/holes/64,3,0.0095,multi_lease_requests,1
scheduler,scheduler/dynamic/holes/64,3,0.0095,planned_bytes,50331648
scheduler,scheduler/dynamic/holes/64,3,0.0095,planned_ranges,22
scheduler,scheduler/dynamic/holes/64,3,0.0095,process_peak_rss_bytes,16318464
scheduler,scheduler/dynamic/holes/64,3,0.0095,requests,16
scheduler,scheduler/dynamic/holes/64,3,0.0095,single_lease_requests,15
scheduler,scheduler/dynamic/holes/64,3,0.0095,total,0.009000000000000001
scheduler,scheduler/dynamic/holes/64,3,0.0095,truncated_requests,0
scheduler,scheduler/dynamic/holes/64,4,0.0109,boundary_scans,16
scheduler,scheduler/dynamic/holes/64,4,0.0109,candidate_slots,16
scheduler,scheduler/dynamic/holes/64,4,0.0109,cpu_ms,0.011000000000000593
scheduler,scheduler/dynamic/holes/64,4,0.0109,cpu_percent,101.14942528736177
scheduler,scheduler/dynamic/holes/64,4,0.0109,leases,48
scheduler,scheduler/dynamic/holes/64,4,0.0109,max_leases_per_request,33
scheduler,scheduler/dynamic/holes/64,4,0.0109,max_request_bytes,34603008
scheduler,scheduler/dynamic/holes/64,4,0.0109,micros_per_request,0.6484375
scheduler,scheduler/dynamic/holes/64,4,0.0109,multi_lease_requests,1
scheduler,scheduler/dynamic/holes/64,4,0.0109,planned_bytes,50331648
scheduler,scheduler/dynamic/holes/64,4,0.0109,planned_ranges,22
scheduler,scheduler/dynamic/holes/64,4,0.0109,process_peak_rss_bytes,16334848
scheduler,scheduler/dynamic/holes/64,4,0.0109,requests,16
scheduler,scheduler/dynamic/holes/64,4,0.0109,single_lease_requests,15
scheduler,scheduler/dynamic/holes/64,4,0.0109,total,0.010375
scheduler,scheduler/dynamic/holes/64,4,0.0109,truncated_requests,0
scheduler,scheduler/dynamic/holes/64,5,0.0093,boundary_scans,16
scheduler,scheduler/dynamic/holes/64,5,0.0093,candidate_slots,16
scheduler,scheduler/dynamic/holes/64,5,0.0093,cpu_ms,0.008999999999998592
scheduler,scheduler/dynamic/holes/64,5,0.0093,cpu_percent,96.43201542910738
scheduler,scheduler/dynamic/holes/64,5,0.0093,leases,48
scheduler,scheduler/dynamic/holes/64,5,0.0093,max_leases_per_request,33
scheduler,scheduler/dynamic/holes/64,5,0.0093,max_request_bytes,34603008
scheduler,scheduler/dynamic/holes/64,5,0.0093,micros_per_request,0.5546875000000001
scheduler,scheduler/dynamic/holes/64,5,0.0093,multi_lease_requests,1
scheduler,scheduler/dynamic/holes/64,5,0.0093,planned_bytes,50331648
scheduler,scheduler/dynamic/holes/64,5,0.0093,planned_ranges,22
scheduler,scheduler/dynamic/holes/64,5,0.0093,process_peak_rss_bytes,16334848
scheduler,scheduler/dynamic/holes/64,5,0.0093,requests,16
scheduler,scheduler/dynamic/holes/64,5,0.0093,single_lease_requests,15
scheduler,scheduler/dynamic/holes/64,5,0.0093,total,0.008875000000000001
scheduler,scheduler/dynamic/holes/64,5,0.0093,truncated_requests,0
scheduler,scheduler/dynamic/holes/64,6,0.0090,boundary_scans,16
scheduler,scheduler/dynamic/holes/64,6,0.0090,candidate_slots,16
scheduler,scheduler/dynamic/holes/64,6,0.0090,cpu_ms,0.008999999999998592
scheduler,scheduler/dynamic/holes/64,6,0.0090,cpu_percent,99.99999999998435
scheduler,scheduler/dynamic/holes/64,6,0.0090,leases,48
scheduler,scheduler/dynamic/holes/64,6,0.0090,max_leases_per_request,33
scheduler,scheduler/dynamic/holes/64,6,0.0090,max_request_bytes,34603008
scheduler,scheduler/dynamic/holes/64,6,0.0090,micros_per_request,0.5338125
scheduler,scheduler/dynamic/holes/64,6,0.0090,multi_lease_requests,1
scheduler,scheduler/dynamic/holes/64,6,0.0090,planned_bytes,50331648
scheduler,scheduler/dynamic/holes/64,6,0.0090,planned_ranges,22
scheduler,scheduler/dynamic/holes/64,6,0.0090,process_peak_rss_bytes,16334848
scheduler,scheduler/dynamic/holes/64,6,0.0090,requests,16
scheduler,scheduler/dynamic/holes/64,6,0.0090,single_lease_requests,15
scheduler,scheduler/dynamic/holes/64,6,0.0090,total,0.008541
scheduler,scheduler/dynamic/holes/64,6,0.0090,truncated_requests,0
scheduler,scheduler/dynamic/holes/64,7,0.0090,boundary_scans,16
scheduler,scheduler/dynamic/holes/64,7,0.0090,candidate_slots,16
scheduler,scheduler/dynamic/holes/64,7,0.0090,cpu_ms,0.009000000000002062
scheduler,scheduler/dynamic/holes/64,7,0.0090,cpu_percent,100.46885465507997
scheduler,scheduler/dynamic/holes/64,7,0.0090,leases,48
scheduler,scheduler/dynamic/holes/64,7,0.0090,max_leases_per_request,33
scheduler,scheduler/dynamic/holes/64,7,0.0090,max_request_bytes,34603008
scheduler,scheduler/dynamic/holes/64,7,0.0090,micros_per_request,0.5286249999999999
scheduler,scheduler/dynamic/holes/64,7,0.0090,multi_lease_requests,1
scheduler,scheduler/dynamic/holes/64,7,0.0090,planned_bytes,50331648
scheduler,scheduler/dynamic/holes/64,7,0.0090,planned_ranges,22
scheduler,scheduler/dynamic/holes/64,7,0.0090,process_peak_rss_bytes,16334848
scheduler,scheduler/dynamic/holes/64,7,0.0090,requests,16
scheduler,scheduler/dynamic/holes/64,7,0.0090,single_lease_requests,15
scheduler,scheduler/dynamic/holes/64,7,0.0090,total,0.008457999999999999
scheduler,scheduler/dynamic/holes/64,7,0.0090,truncated_requests,0
scheduler,scheduler/dynamic/holes/64,8,0.0088,boundary_scans,16
scheduler,scheduler/dynamic/holes/64,8,0.0088,candidate_slots,16
scheduler,scheduler/dynamic/holes/64,8,0.0088,cpu_ms,0.008999999999998592
scheduler,scheduler/dynamic/holes/64,8,0.0088,cpu_percent,101.89063738252679
scheduler,scheduler/dynamic/holes/64,8,0.0088,leases,48
scheduler,scheduler/dynamic/holes/64,8,0.0088,max_leases_per_request,33
scheduler,scheduler/dynamic/holes/64,8,0.0088,max_request_bytes,34603008
scheduler,scheduler/dynamic/holes/64,8,0.0088,micros_per_request,0.5234375
scheduler,scheduler/dynamic/holes/64,8,0.0088,multi_lease_requests,1
scheduler,scheduler/dynamic/holes/64,8,0.0088,planned_bytes,50331648
scheduler,scheduler/dynamic/holes/64,8,0.0088,planned_ranges,22
scheduler,scheduler/dynamic/holes/64,8,0.0088,process_peak_rss_bytes,16334848
scheduler,scheduler/dynamic/holes/64,8,0.0088,requests,16
scheduler,scheduler/dynamic/holes/64,8,0.0088,single_lease_requests,15
scheduler,scheduler/dynamic/holes/64,8,0.0088,total,0.008375
scheduler,scheduler/dynamic/holes/64,8,0.0088,truncated_requests,0
scheduler,scheduler/dynamic/holes/64,9,0.0090,boundary_scans,16
scheduler,scheduler/dynamic/holes/64,9,0.0090,candidate_slots,16
scheduler,scheduler/dynamic/holes/64,9,0.0090,cpu_ms,0.009000000000002062
scheduler,scheduler/dynamic/holes/64,9,0.0090,cpu_percent,99.5355009953778
scheduler,scheduler/dynamic/holes/64,9,0.0090,leases,48
scheduler,scheduler/dynamic/holes/64,9,0.0090,max_leases_per_request,33
scheduler,scheduler/dynamic/holes/64,9,0.0090,max_request_bytes,34603008
scheduler,scheduler/dynamic/holes/64,9,0.0090,micros_per_request,0.5338750000000001
scheduler,scheduler/dynamic/holes/64,9,0.0090,multi_lease_requests,1
scheduler,scheduler/dynamic/holes/64,9,0.0090,planned_bytes,50331648
scheduler,scheduler/dynamic/holes/64,9,0.0090,planned_ranges,22
scheduler,scheduler/dynamic/holes/64,9,0.0090,process_peak_rss_bytes,16334848
scheduler,scheduler/dynamic/holes/64,9,0.0090,requests,16
scheduler,scheduler/dynamic/holes/64,9,0.0090,single_lease_requests,15
scheduler,scheduler/dynamic/holes/64,9,0.0090,total,0.008542000000000001
scheduler,scheduler/dynamic/holes/64,9,0.0090,truncated_requests,0
scheduler,scheduler/fixed/holes/64,0,0.0091,boundary_scans,24
scheduler,scheduler/fixed/holes/64,0,0.0091,candidate_slots,24
scheduler,scheduler/fixed/holes/64,0,0.0091,cpu_ms,0.009999999999999593
scheduler,scheduler/fixed/holes/64,0,0.0091,cpu_percent,109.58904109588595
scheduler,scheduler/fixed/holes/64,0,0.0091,leases,48
scheduler,scheduler/fixed/holes/64,0,0.0091,max_leases_per_request,4
scheduler,scheduler/fixed/holes/64,0,0.0091,max_request_bytes,4194304
scheduler,scheduler/fixed/holes/64,0,0.0091,micros_per_request,0.3541666666666667
scheduler,scheduler/fixed/holes/64,0,0.0091,multi_lease_requests,8
scheduler,scheduler/fixed/holes/64,0,0.0091,planned_bytes,50331648
scheduler,scheduler/fixed/holes/64,0,0.0091,planned_ranges,30
scheduler,scheduler/fixed/holes/64,0,0.0091,process_peak_rss_bytes,16334848
scheduler,scheduler/fixed/holes/64,0,0.0091,requests,24
scheduler,scheduler/fixed/holes/64,0,0.0091,single_lease_requests,16
scheduler,scheduler/fixed/holes/64,0,0.0091,total,0.0085
scheduler,scheduler/fixed/holes/64,0,0.0091,truncated_requests,24
scheduler,scheduler/fixed/holes/64,1,0.0081,boundary_scans,24
scheduler,scheduler/fixed/holes/64,1,0.0081,candidate_slots,24
scheduler,scheduler/fixed/holes/64,1,0.0081,cpu_ms,0.007999999999997592
scheduler,scheduler/fixed/holes/64,1,0.0081,cpu_percent,98.97315353207463
scheduler,scheduler/fixed/holes/64,1,0.0081,leases,48
scheduler,scheduler/fixed/holes/64,1,0.0081,max_leases_per_request,4
scheduler,scheduler/fixed/holes/64,1,0.0081,max_request_bytes,4194304
scheduler,scheduler/fixed/holes/64,1,0.0081,micros_per_request,0.31595833333333334
scheduler,scheduler/fixed/holes/64,1,0.0081,multi_lease_requests,8
scheduler,scheduler/fixed/holes/64,1,0.0081,planned_bytes,50331648
scheduler,scheduler/fixed/holes/64,1,0.0081,planned_ranges,30
scheduler,scheduler/fixed/holes/64,1,0.0081,process_peak_rss_bytes,16334848
scheduler,scheduler/fixed/holes/64,1,0.0081,requests,24
scheduler,scheduler/fixed/holes/64,1,0.0081,single_lease_requests,16
scheduler,scheduler/fixed/holes/64,1,0.0081,total,0.007583
scheduler,scheduler/fixed/holes/64,1,0.0081,truncated_requests,24
scheduler,scheduler/fixed/holes/64,2,0.0077,boundary_scans,24
scheduler,scheduler/fixed/holes/64,2,0.0077,candidate_slots,24
scheduler,scheduler/fixed/holes/64,2,0.0077,cpu_ms,0.009000000000002062
scheduler,scheduler/fixed/holes/64,2,0.0077,cpu_percent,116.76180591595826
scheduler,scheduler/fixed/holes/64,2,0.0077,leases,48
scheduler,scheduler/fixed/holes/64,2,0.0077,max_leases_per_request,4
scheduler,scheduler/fixed/holes/64,2,0.0077,max_request_bytes,4194304
scheduler,scheduler/fixed/holes/64,2,0.0077,micros_per_request,0.30033333333333334
scheduler,scheduler/fixed/holes/64,2,0.0077,multi_lease_requests,8
scheduler,scheduler/fixed/holes/64,2,0.0077,planned_bytes,50331648
scheduler,scheduler/fixed/holes/64,2,0.0077,planned_ranges,30
scheduler,scheduler/fixed/holes/64,2,0.0077,process_peak_rss_bytes,16334848
scheduler,scheduler/fixed/holes/64,2,0.0077,requests,24
scheduler,scheduler/fixed/holes/64,2,0.0077,single_lease_requests,16
scheduler,scheduler/fixed/holes/64,2,0.0077,total,0.007208
scheduler,scheduler/fixed/holes/64,2,0.0077,truncated_requests,24
scheduler,scheduler/fixed/holes/64,3,0.0075,boundary_scans,24
scheduler,scheduler/fixed/holes/64,3,0.0075,candidate_slots,24
scheduler,scheduler/fixed/holes/64,3,0.0075,cpu_ms,0.007999999999997592
scheduler,scheduler/fixed/holes/64,3,0.0075,cpu_percent,107.26736390449976
scheduler,scheduler/fixed/holes/64,3,0.0075,leases,48
scheduler,scheduler/fixed/holes/64,3,0.0075,max_leases_per_request,4
scheduler,scheduler/fixed/holes/64,3,0.0075,max_request_bytes,4194304
scheduler,scheduler/fixed/holes/64,3,0.0075,micros_per_request,0.28991666666666666
scheduler,scheduler/fixed/holes/64,3,0.0075,multi_lease_requests,8
scheduler,scheduler/fixed/holes/64,3,0.0075,planned_bytes,50331648
scheduler,scheduler/fixed/holes/64,3,0.0075,planned_ranges,30
scheduler,scheduler/fixed/holes/64,3,0.0075,process_peak_rss_bytes,16334848
scheduler,scheduler/fixed/holes/64,3,0.0075,requests,24
scheduler,scheduler/fixed/holes/64,3,0.0075,single_lease_requests,16
scheduler,scheduler/fixed/holes/64,3,0.0075,total,0.006958
scheduler,scheduler/fixed/holes/64,3,0.0075,truncated_requests,24
scheduler,scheduler/fixed/holes/64,4,0.0074,boundary_scans,24
scheduler,scheduler/fixed/holes/64,4,0.0074,candidate_slots,24
scheduler,scheduler/fixed/holes/64,4,0.0074,cpu_ms,0.009000000000002062
scheduler,scheduler/fixed/holes/64,4,0.0074,cpu_percent,121.34286099503926
scheduler,scheduler/fixed/holes/64,4,0.0074,leases,48
scheduler,scheduler/fixed/holes/64,4,0.0074,max_leases_per_request,4
scheduler,scheduler/fixed/holes/64,4,0.0074,max_request_bytes,4194304
scheduler,scheduler/fixed/holes/64,4,0.0074,micros_per_request,0.2864583333333333
scheduler,scheduler/fixed/holes/64,4,0.0074,multi_lease_requests,8
scheduler,scheduler/fixed/holes/64,4,0.0074,planned_bytes,50331648
scheduler,scheduler/fixed/holes/64,4,0.0074,planned_ranges,30
scheduler,scheduler/fixed/holes/64,4,0.0074,process_peak_rss_bytes,16334848
scheduler,scheduler/fixed/holes/64,4,0.0074,requests,24
scheduler,scheduler/fixed/holes/64,4,0.0074,single_lease_requests,16
scheduler,scheduler/fixed/holes/64,4,0.0074,total,0.006875
scheduler,scheduler/fixed/holes/64,4,0.0074,truncated_requests,24
scheduler,scheduler/fixed/holes/64,5,0.0073,boundary_scans,24
scheduler,scheduler/fixed/holes/64,5,0.0073,candidate_slots,24
scheduler,scheduler/fixed/holes/64,5,0.0073,cpu_ms,0.007000000000000062
scheduler,scheduler/fixed/holes/64,5,0.0073,cpu_percent,96.55172413793188
scheduler,scheduler/fixed/holes/64,5,0.0073,leases,48
scheduler,scheduler/fixed/holes/64,5,0.0073,max_leases_per_request,4
scheduler,scheduler/fixed/holes/64,5,0.0073,max_request_bytes,4194304
scheduler,scheduler/fixed/holes/64,5,0.0073,micros_per_request,0.28300000000000003
scheduler,scheduler/fixed/holes/64,5,0.0073,multi_lease_requests,8
scheduler,scheduler/fixed/holes/64,5,0.0073,planned_bytes,50331648
scheduler,scheduler/fixed/holes/64,5,0.0073,planned_ranges,30
scheduler,scheduler/fixed/holes/64,5,0.0073,process_peak_rss_bytes,16334848
scheduler,scheduler/fixed/holes/64,5,0.0073,requests,24
scheduler,scheduler/fixed/holes/64,5,0.0073,single_lease_requests,16
scheduler,scheduler/fixed/holes/64,5,0.0073,total,0.006792
scheduler,scheduler/fixed/holes/64,5,0.0073,truncated_requests,24
scheduler,scheduler/fixed/holes/64,6,0.0073,boundary_scans,24
scheduler,scheduler/fixed/holes/64,6,0.0073,candidate_slots,24
scheduler,scheduler/fixed/holes/64,6,0.0073,cpu_ms,0.007000000000000062
scheduler,scheduler/fixed/holes/64,6,0.0073,cpu_percent,95.99561162918351
scheduler,scheduler/fixed/holes/64,6,0.0073,leases,48
scheduler,scheduler/fixed/holes/64,6,0.0073,max_leases_per_request,4
scheduler,scheduler/fixed/holes/64,6,0.0073,max_request_bytes,4194304
scheduler,scheduler/fixed/holes/64,6,0.0073,micros_per_request,0.2864583333333333
scheduler,scheduler/fixed/holes/64,6,0.0073,multi_lease_requests,8
scheduler,scheduler/fixed/holes/64,6,0.0073,planned_bytes,50331648
scheduler,scheduler/fixed/holes/64,6,0.0073,planned_ranges,30
scheduler,scheduler/fixed/holes/64,6,0.0073,process_peak_rss_bytes,16334848
scheduler,scheduler/fixed/holes/64,6,0.0073,requests,24
scheduler,scheduler/fixed/holes/64,6,0.0073,single_lease_requests,16
scheduler,scheduler/fixed/holes/64,6,0.0073,total,0.006875
scheduler,scheduler/fixed/holes/64,6,0.0073,truncated_requests,24
scheduler,scheduler/fixed/holes/64,7,0.0073,boundary_scans,24
scheduler,scheduler/fixed/holes/64,7,0.0073,candidate_slots,24
scheduler,scheduler/fixed/holes/64,7,0.0073,cpu_ms,0.008000000000001062
scheduler,scheduler/fixed/holes/64,7,0.0073,cpu_percent,110.34482758622154
scheduler,scheduler/fixed/holes/64,7,0.0073,leases,48
scheduler,scheduler/fixed/holes/64,7,0.0073,max_leases_per_request,4
scheduler,scheduler/fixed/holes/64,7,0.0073,max_request_bytes,4194304
scheduler,scheduler/fixed/holes/64,7,0.0073,micros_per_request,0.28125
scheduler,scheduler/fixed/holes/64,7,0.0073,multi_lease_requests,8
scheduler,scheduler/fixed/holes/64,7,0.0073,planned_bytes,50331648
scheduler,scheduler/fixed/holes/64,7,0.0073,planned_ranges,30
scheduler,scheduler/fixed/holes/64,7,0.0073,process_peak_rss_bytes,16334848
scheduler,scheduler/fixed/holes/64,7,0.0073,requests,24
scheduler,scheduler/fixed/holes/64,7,0.0073,single_lease_requests,16
scheduler,scheduler/fixed/holes/64,7,0.0073,total,0.00675
scheduler,scheduler/fixed/holes/64,7,0.0073,truncated_requests,24
scheduler,scheduler/fixed/holes/64,8,0.0073,boundary_scans,24
scheduler,scheduler/fixed/holes/64,8,0.0073,candidate_slots,24
scheduler,scheduler/fixed/holes/64,8,0.0073,cpu_ms,0.008000000000001062
scheduler,scheduler/fixed/holes/64,8,0.0073,cpu_percent,109.70927043336619
scheduler,scheduler/fixed/holes/64,8,0.0073,leases,48
scheduler,scheduler/fixed/holes/64,8,0.0073,max_leases_per_request,4
scheduler,scheduler/fixed/holes/64,8,0.0073,max_request_bytes,4194304
scheduler,scheduler/fixed/holes/64,8,0.0073,micros_per_request,0.28125
scheduler,scheduler/fixed/holes/64,8,0.0073,multi_lease_requests,8
scheduler,scheduler/fixed/holes/64,8,0.0073,planned_bytes,50331648
scheduler,scheduler/fixed/holes/64,8,0.0073,planned_ranges,30
scheduler,scheduler/fixed/holes/64,8,0.0073,process_peak_rss_bytes,16334848
scheduler,scheduler/fixed/holes/64,8,0.0073,requests,24
scheduler,scheduler/fixed/holes/64,8,0.0073,single_lease_requests,16
scheduler,scheduler/fixed/holes/64,8,0.0073,total,0.00675
scheduler,scheduler/fixed/holes/64,8,0.0073,truncated_requests,24
scheduler,scheduler/fixed/holes/64,9,0.0073,boundary_scans,24
scheduler,scheduler/fixed/holes/64,9,0.0073,candidate_slots,24
scheduler,scheduler/fixed/holes/64,9,0.0073,cpu_ms,0.008000000000001062
scheduler,scheduler/fixed/holes/64,9,0.0073,cpu_percent,109.0958679940142
scheduler,scheduler/fixed/holes/64,9,0.0073,leases,48
scheduler,scheduler/fixed/holes/64,9,0.0073,max_leases_per_request,4
scheduler,scheduler/fixed/holes/64,9,0.0073,max_request_bytes,4194304
scheduler,scheduler/fixed/holes/64,9,0.0073,micros_per_request,0.2847083333333333
scheduler,scheduler/fixed/holes/64,9,0.0073,multi_lease_requests,8
scheduler,scheduler/fixed/holes/64,9,0.0073,planned_bytes,50331648
scheduler,scheduler/fixed/holes/64,9,0.0073,planned_ranges,30
scheduler,scheduler/fixed/holes/64,9,0.0073,process_peak_rss_bytes,16351232
scheduler,scheduler/fixed/holes/64,9,0.0073,requests,24
scheduler,scheduler/fixed/holes/64,9,0.0073,single_lease_requests,16
scheduler,scheduler/fixed/holes/64,9,0.0073,total,0.006833
scheduler,scheduler/fixed/holes/64,9,0.0073,truncated_requests,24
scheduler,scheduler/dynamic/resumed_suffix/64,0,0.0072,boundary_scans,4
scheduler,scheduler/dynamic/resumed_suffix/64,0,0.0072,candidate_slots,10
scheduler,scheduler/dynamic/resumed_suffix/64,0,0.0072,cpu_ms,0.007000000000000062
scheduler,scheduler/dynamic/resumed_suffix/64,0,0.0072,cpu_percent,97.66987581973018
scheduler,scheduler/dynamic/resumed_suffix/64,0,0.0072,leases,47
scheduler,scheduler/dynamic/resumed_suffix/64,0,0.0072,max_leases_per_request,12
scheduler,scheduler/dynamic/resumed_suffix/64,0,0.0072,max_request_bytes,12582912
scheduler,scheduler/dynamic/resumed_suffix/64,0,0.0072,micros_per_request,1.6355
scheduler,scheduler/dynamic/resumed_suffix/64,0,0.0072,multi_lease_requests,4
scheduler,scheduler/dynamic/resumed_suffix/64,0,0.0072,planned_bytes,49283072
scheduler,scheduler/dynamic/resumed_suffix/64,0,0.0072,planned_ranges,10
scheduler,scheduler/dynamic/resumed_suffix/64,0,0.0072,process_peak_rss_bytes,16367616
scheduler,scheduler/dynamic/resumed_suffix/64,0,0.0072,requests,4
scheduler,scheduler/dynamic/resumed_suffix/64,0,0.0072,single_lease_requests,0
scheduler,scheduler/dynamic/resumed_suffix/64,0,0.0072,total,0.006542
scheduler,scheduler/dynamic/resumed_suffix/64,0,0.0072,truncated_requests,0
scheduler,scheduler/dynamic/resumed_suffix/64,1,0.0063,boundary_scans,4
scheduler,scheduler/dynamic/resumed_suffix/64,1,0.0063,candidate_slots,10
scheduler,scheduler/dynamic/resumed_suffix/64,1,0.0063,cpu_ms,0.005999999999999062
scheduler,scheduler/dynamic/resumed_suffix/64,1,0.0063,cpu_percent,95.99999999998498
scheduler,scheduler/dynamic/resumed_suffix/64,1,0.0063,leases,47
scheduler,scheduler/dynamic/resumed_suffix/64,1,0.0063,max_leases_per_request,12
scheduler,scheduler/dynamic/resumed_suffix/64,1,0.0063,max_request_bytes,12582912
scheduler,scheduler/dynamic/resumed_suffix/64,1,0.0063,micros_per_request,1.41675
scheduler,scheduler/dynamic/resumed_suffix/64,1,0.0063,multi_lease_requests,4
scheduler,scheduler/dynamic/resumed_suffix/64,1,0.0063,planned_bytes,49283072
scheduler,scheduler/dynamic/resumed_suffix/64,1,0.0063,planned_ranges,10
scheduler,scheduler/dynamic/resumed_suffix/64,1,0.0063,process_peak_rss_bytes,16367616
scheduler,scheduler/dynamic/resumed_suffix/64,1,0.0063,requests,4
scheduler,scheduler/dynamic/resumed_suffix/64,1,0.0063,single_lease_requests,0
scheduler,scheduler/dynamic/resumed_suffix/64,1,0.0063,total,0.005667
scheduler,scheduler/dynamic/resumed_suffix/64,1,0.0063,truncated_requests,0
scheduler,scheduler/dynamic/resumed_suffix/64,2,0.0061,boundary_scans,4
scheduler,scheduler/dynamic/resumed_suffix/64,2,0.0061,candidate_slots,10
scheduler,scheduler/dynamic/resumed_suffix/64,2,0.0061,cpu_ms,0.005999999999999062
scheduler,scheduler/dynamic/resumed_suffix/64,2,0.0061,cpu_percent,98.63554167350094
scheduler,scheduler/dynamic/resumed_suffix/64,2,0.0061,leases,47
scheduler,scheduler/dynamic/resumed_suffix/64,2,0.0061,max_leases_per_request,12
scheduler,scheduler/dynamic/resumed_suffix/64,2,0.0061,max_request_bytes,12582912
scheduler,scheduler/dynamic/resumed_suffix/64,2,0.0061,micros_per_request,1.3855
scheduler,scheduler/dynamic/resumed_suffix/64,2,0.0061,multi_lease_requests,4
scheduler,scheduler/dynamic/resumed_suffix/64,2,0.0061,planned_bytes,49283072
scheduler,scheduler/dynamic/resumed_suffix/64,2,0.0061,planned_ranges,10
scheduler,scheduler/dynamic/resumed_suffix/64,2,0.0061,process_peak_rss_bytes,16367616
scheduler,scheduler/dynamic/resumed_suffix/64,2,0.0061,requests,4
scheduler,scheduler/dynamic/resumed_suffix/64,2,0.0061,single_lease_requests,0
scheduler,scheduler/dynamic/resumed_suffix/64,2,0.0061,total,0.005542
scheduler,scheduler/dynamic/resumed_suffix/64,2,0.0061,truncated_requests,0
scheduler,scheduler/dynamic/resumed_suffix/64,3,0.0057,boundary_scans,4
scheduler,scheduler/dynamic/resumed_suffix/64,3,0.0057,candidate_slots,10
scheduler,scheduler/dynamic/resumed_suffix/64,3,0.0057,cpu_ms,0.007000000000000062
scheduler,scheduler/dynamic/resumed_suffix/64,3,0.0057,cpu_percent,121.73913043478369
scheduler,scheduler/dynamic/resumed_suffix/64,3,0.0057,leases,47
scheduler,scheduler/dynamic/resumed_suffix/64,3,0.0057,max_leases_per_request,12
scheduler,scheduler/dynamic/resumed_suffix/64,3,0.0057,max_request_bytes,12582912
scheduler,scheduler/dynamic/resumed_suffix/64,3,0.0057,micros_per_request,1.3124999999999998
scheduler,scheduler/dynamic/resumed_suffix/64,3,0.0057,multi_lease_requests,4
scheduler,scheduler/dynamic/resumed_suffix/64,3,0.0057,planned_bytes,49283072
scheduler,scheduler/dynamic/resumed_suffix/64,3,0.0057,planned_ranges,10
scheduler,scheduler/dynamic/resumed_suffix/64,3,0.0057,process_peak_rss_bytes,16367616
scheduler,scheduler/dynamic/resumed_suffix/64,3,0.0057,requests,4
scheduler,scheduler/dynamic/resumed_suffix/64,3,0.0057,single_lease_requests,0
scheduler,scheduler/dynamic/resumed_suffix/64,3,0.0057,total,0.0052499999999999995
scheduler,scheduler/dynamic/resumed_suffix/64,3,0.0057,truncated_requests,0
scheduler,scheduler/dynamic/resumed_suffix/64,4,0.0058,boundary_scans,4
scheduler,scheduler/dynamic/resumed_suffix/64,4,0.0058,candidate_slots,10
scheduler,scheduler/dynamic/resumed_suffix/64,4,0.0058,cpu_ms,0.005999999999999062
scheduler,scheduler/dynamic/resumed_suffix/64,4,0.0058,cpu_percent,102.86302074402644
scheduler,scheduler/dynamic/resumed_suffix/64,4,0.0058,leases,47
scheduler,scheduler/dynamic/resumed_suffix/64,4,0.0058,max_leases_per_request,12
scheduler,scheduler/dynamic/resumed_suffix/64,4,0.0058,max_request_bytes,12582912
scheduler,scheduler/dynamic/resumed_suffix/64,4,0.0058,micros_per_request,1.3227499999999999
scheduler,scheduler/dynamic/resumed_suffix/64,4,0.0058,multi_lease_requests,4
scheduler,scheduler/dynamic/resumed_suffix/64,4,0.0058,planned_bytes,49283072
scheduler,scheduler/dynamic/resumed_suffix/64,4,0.0058,planned_ranges,10
scheduler,scheduler/dynamic/resumed_suffix/64,4,0.0058,process_peak_rss_bytes,16367616
scheduler,scheduler/dynamic/resumed_suffix/64,4,0.0058,requests,4
scheduler,scheduler/dynamic/resumed_suffix/64,4,0.0058,single_lease_requests,0
scheduler,scheduler/dynamic/resumed_suffix/64,4,0.0058,total,0.005291
scheduler,scheduler/dynamic/resumed_suffix/64,4,0.0058,truncated_requests,0
scheduler,scheduler/dynamic/resumed_suffix/64,5,0.0057,boundary_scans,4
scheduler,scheduler/dynamic/resumed_suffix/64,5,0.0057,candidate_slots,10
scheduler,scheduler/dynamic/resumed_suffix/64,5,0.0057,cpu_ms,0.007000000000000062
scheduler,scheduler/dynamic/resumed_suffix/64,5,0.0057,cpu_percent,122.63489838822812
scheduler,scheduler/dynamic/resumed_suffix/64,5,0.0057,leases,47
scheduler,scheduler/dynamic/resumed_suffix/64,5,0.0057,max_leases_per_request,12
scheduler,scheduler/dynamic/resumed_suffix/64,5,0.0057,max_request_bytes,12582912
scheduler,scheduler/dynamic/resumed_suffix/64,5,0.0057,micros_per_request,1.3230000000000002
scheduler,scheduler/dynamic/resumed_suffix/64,5,0.0057,multi_lease_requests,4
scheduler,scheduler/dynamic/resumed_suffix/64,5,0.0057,planned_bytes,49283072
scheduler,scheduler/dynamic/resumed_suffix/64,5,0.0057,planned_ranges,10
scheduler,scheduler/dynamic/resumed_suffix/64,5,0.0057,process_peak_rss_bytes,16367616
scheduler,scheduler/dynamic/resumed_suffix/64,5,0.0057,requests,4
scheduler,scheduler/dynamic/resumed_suffix/64,5,0.0057,single_lease_requests,0
scheduler,scheduler/dynamic/resumed_suffix/64,5,0.0057,total,0.005292000000000001
scheduler,scheduler/dynamic/resumed_suffix/64,5,0.0057,truncated_requests,0
scheduler,scheduler/dynamic/resumed_suffix/64,6,0.0056,boundary_scans,4
scheduler,scheduler/dynamic/resumed_suffix/64,6,0.0056,candidate_slots,10
scheduler,scheduler/dynamic/resumed_suffix/64,6,0.0056,cpu_ms,0.006000000000002531
scheduler,scheduler/dynamic/resumed_suffix/64,6,0.0056,cpu_percent,106.66666666671165
scheduler,scheduler/dynamic/resumed_suffix/64,6,0.0056,leases,47
scheduler,scheduler/dynamic/resumed_suffix/64,6,0.0056,max_leases_per_request,12
scheduler,scheduler/dynamic/resumed_suffix/64,6,0.0056,max_request_bytes,12582912
scheduler,scheduler/dynamic/resumed_suffix/64,6,0.0056,micros_per_request,1.302
scheduler,scheduler/dynamic/resumed_suffix/64,6,0.0056,multi_lease_requests,4
scheduler,scheduler/dynamic/resumed_suffix/64,6,0.0056,planned_bytes,49283072
scheduler,scheduler/dynamic/resumed_suffix/64,6,0.0056,planned_ranges,10
scheduler,scheduler/dynamic/resumed_suffix/64,6,0.0056,process_peak_rss_bytes,16367616
scheduler,scheduler/dynamic/resumed_suffix/64,6,0.0056,requests,4
scheduler,scheduler/dynamic/resumed_suffix/64,6,0.0056,single_lease_requests,0
scheduler,scheduler/dynamic/resumed_suffix/64,6,0.0056,total,0.005208
scheduler,scheduler/dynamic/resumed_suffix/64,6,0.0056,truncated_requests,0
scheduler,scheduler/dynamic/resumed_suffix/64,7,0.0057,boundary_scans,4
scheduler,scheduler/dynamic/resumed_suffix/64,7,0.0057,candidate_slots,10
scheduler,scheduler/dynamic/resumed_suffix/64,7,0.0057,cpu_ms,0.007000000000000062
scheduler,scheduler/dynamic/resumed_suffix/64,7,0.0057,cpu_percent,123.52214575613307
scheduler,scheduler/dynamic/resumed_suffix/64,7,0.0057,leases,47
scheduler,scheduler/dynamic/resumed_suffix/64,7,0.0057,max_leases_per_request,12
scheduler,scheduler/dynamic/resumed_suffix/64,7,0.0057,max_request_bytes,12582912
scheduler,scheduler/dynamic/resumed_suffix/64,7,0.0057,micros_per_request,1.30225
scheduler,scheduler/dynamic/resumed_suffix/64,7,0.0057,multi_lease_requests,4
scheduler,scheduler/dynamic/resumed_suffix/64,7,0.0057,planned_bytes,49283072
scheduler,scheduler/dynamic/resumed_suffix/64,7,0.0057,planned_ranges,10
scheduler,scheduler/dynamic/resumed_suffix/64,7,0.0057,process_peak_rss_bytes,16367616
scheduler,scheduler/dynamic/resumed_suffix/64,7,0.0057,requests,4
scheduler,scheduler/dynamic/resumed_suffix/64,7,0.0057,single_lease_requests,0
scheduler,scheduler/dynamic/resumed_suffix/64,7,0.0057,total,0.005208999999999999
scheduler,scheduler/dynamic/resumed_suffix/64,7,0.0057,truncated_requests,0
scheduler,scheduler/dynamic/resumed_suffix/64,8,0.0057,boundary_scans,4
scheduler,scheduler/dynamic/resumed_suffix/64,8,0.0057,candidate_slots,10
scheduler,scheduler/dynamic/resumed_suffix/64,8,0.0057,cpu_ms,0.005999999999999062
scheduler,scheduler/dynamic/resumed_suffix/64,8,0.0057,cpu_percent,105.11562718989245
scheduler,scheduler/dynamic/resumed_suffix/64,8,0.0057,leases,47
scheduler,scheduler/dynamic/resumed_suffix/64,8,0.0057,max_leases_per_request,12
scheduler,scheduler/dynamic/resumed_suffix/64,8,0.0057,max_request_bytes,12582912
scheduler,scheduler/dynamic/resumed_suffix/64,8,0.0057,micros_per_request,1.3230000000000002
scheduler,scheduler/dynamic/resumed_suffix/64,8,0.0057,multi_lease_requests,4
scheduler,scheduler/dynamic/resumed_suffix/64,8,0.0057,planned_bytes,49283072
scheduler,scheduler/dynamic/resumed_suffix/64,8,0.0057,planned_ranges,10
scheduler,scheduler/dynamic/resumed_suffix/64,8,0.0057,process_peak_rss_bytes,16367616
scheduler,scheduler/dynamic/resumed_suffix/64,8,0.0057,requests,4
scheduler,scheduler/dynamic/resumed_suffix/64,8,0.0057,single_lease_requests,0
scheduler,scheduler/dynamic/resumed_suffix/64,8,0.0057,total,0.005292000000000001
scheduler,scheduler/dynamic/resumed_suffix/64,8,0.0057,truncated_requests,0
scheduler,scheduler/dynamic/resumed_suffix/64,9,0.0057,boundary_scans,4
scheduler,scheduler/dynamic/resumed_suffix/64,9,0.0057,candidate_slots,10
scheduler,scheduler/dynamic/resumed_suffix/64,9,0.0057,cpu_ms,0.006000000000002531
scheduler,scheduler/dynamic/resumed_suffix/64,9,0.0057,cpu_percent,105.89481115429811
scheduler,scheduler/dynamic/resumed_suffix/64,9,0.0057,leases,47
scheduler,scheduler/dynamic/resumed_suffix/64,9,0.0057,max_leases_per_request,12
scheduler,scheduler/dynamic/resumed_suffix/64,9,0.0057,max_request_bytes,12582912
scheduler,scheduler/dynamic/resumed_suffix/64,9,0.0057,micros_per_request,1.29175
scheduler,scheduler/dynamic/resumed_suffix/64,9,0.0057,multi_lease_requests,4
scheduler,scheduler/dynamic/resumed_suffix/64,9,0.0057,planned_bytes,49283072
scheduler,scheduler/dynamic/resumed_suffix/64,9,0.0057,planned_ranges,10
scheduler,scheduler/dynamic/resumed_suffix/64,9,0.0057,process_peak_rss_bytes,16367616
scheduler,scheduler/dynamic/resumed_suffix/64,9,0.0057,requests,4
scheduler,scheduler/dynamic/resumed_suffix/64,9,0.0057,single_lease_requests,0
scheduler,scheduler/dynamic/resumed_suffix/64,9,0.0057,total,0.005167
scheduler,scheduler/dynamic/resumed_suffix/64,9,0.0057,truncated_requests,0
scheduler,scheduler/fixed/resumed_suffix/64,0,0.0088,boundary_scans,12
scheduler,scheduler/fixed/resumed_suffix/64,0,0.0088,candidate_slots,12
scheduler,scheduler/fixed/resumed_suffix/64,0,0.0088,cpu_ms,0.008999999999998592
scheduler,scheduler/fixed/resumed_suffix/64,0,0.0088,cpu_percent,102.36578707914687
scheduler,scheduler/fixed/resumed_suffix/64,0,0.0088,leases,47
scheduler,scheduler/fixed/resumed_suffix/64,0,0.0088,max_leases_per_request,4
scheduler,scheduler/fixed/resumed_suffix/64,0,0.0088,max_request_bytes,4194304
scheduler,scheduler/fixed/resumed_suffix/64,0,0.0088,micros_per_request,0.6875
scheduler,scheduler/fixed/resumed_suffix/64,0,0.0088,multi_lease_requests,12
scheduler,scheduler/fixed/resumed_suffix/64,0,0.0088,planned_bytes,49283072
scheduler,scheduler/fixed/resumed_suffix/64,0,0.0088,planned_ranges,18
scheduler,scheduler/fixed/resumed_suffix/64,0,0.0088,process_peak_rss_bytes,16367616
scheduler,scheduler/fixed/resumed_suffix/64,0,0.0088,requests,12
scheduler,scheduler/fixed/resumed_suffix/64,0,0.0088,single_lease_requests,0
scheduler,scheduler/fixed/resumed_suffix/64,0,0.0088,total,0.00825
scheduler,scheduler/fixed/resumed_suffix/64,0,0.0088,truncated_requests,12
scheduler,scheduler/fixed/resumed_suffix/64,1,0.0096,boundary_scans,12
scheduler,scheduler/fixed/resumed_suffix/64,1,0.0096,candidate_slots,12
scheduler,scheduler/fixed/resumed_suffix/64,1,0.0096,cpu_ms,0.009999999999999593
scheduler,scheduler/fixed/resumed_suffix/64,1,0.0096,cpu_percent,104.34056761268356
scheduler,scheduler/fixed/resumed_suffix/64,1,0.0096,leases,47
scheduler,scheduler/fixed/resumed_suffix/64,1,0.0096,max_leases_per_request,4
scheduler,scheduler/fixed/resumed_suffix/64,1,0.0096,max_request_bytes,4194304
scheduler,scheduler/fixed/resumed_suffix/64,1,0.0096,micros_per_request,0.6596666666666666
scheduler,scheduler/fixed/resumed_suffix/64,1,0.0096,multi_lease_requests,12
scheduler,scheduler/fixed/resumed_suffix/64,1,0.0096,planned_bytes,49283072
scheduler,scheduler/fixed/resumed_suffix/64,1,0.0096,planned_ranges,18
scheduler,scheduler/fixed/resumed_suffix/64,1,0.0096,process_peak_rss_bytes,16384000
scheduler,scheduler/fixed/resumed_suffix/64,1,0.0096,requests,12
scheduler,scheduler/fixed/resumed_suffix/64,1,0.0096,single_lease_requests,0
scheduler,scheduler/fixed/resumed_suffix/64,1,0.0096,total,0.007916
scheduler,scheduler/fixed/resumed_suffix/64,1,0.0096,truncated_requests,12
scheduler,scheduler/fixed/resumed_suffix/64,2,0.0082,boundary_scans,12
scheduler,scheduler/fixed/resumed_suffix/64,2,0.0082,candidate_slots,12
scheduler,scheduler/fixed/resumed_suffix/64,2,0.0082,cpu_ms,0.008000000000001062
scheduler,scheduler/fixed/resumed_suffix/64,2,0.0082,cpu_percent,97.95518550264553
scheduler,scheduler/fixed/resumed_suffix/64,2,0.0082,leases,47
scheduler,scheduler/fixed/resumed_suffix/64,2,0.0082,max_leases_per_request,4
scheduler,scheduler/fixed/resumed_suffix/64,2,0.0082,max_request_bytes,4194304
scheduler,scheduler/fixed/resumed_suffix/64,2,0.0082,micros_per_request,0.6423333333333333
scheduler,scheduler/fixed/resumed_suffix/64,2,0.0082,multi_lease_requests,12
scheduler,scheduler/fixed/resumed_suffix/64,2,0.0082,planned_bytes,49283072
scheduler,scheduler/fixed/resumed_suffix/64,2,0.0082,planned_ranges,18
scheduler,scheduler/fixed/resumed_suffix/64,2,0.0082,process_peak_rss_bytes,16384000
scheduler,scheduler/fixed/resumed_suffix/64,2,0.0082,requests,12
scheduler,scheduler/fixed/resumed_suffix/64,2,0.0082,single_lease_requests,0
scheduler,scheduler/fixed/resumed_suffix/64,2,0.0082,total,0.007708
scheduler,scheduler/fixed/resumed_suffix/64,2,0.0082,truncated_requests,12
scheduler,scheduler/fixed/resumed_suffix/64,3,0.0090,boundary_scans,12
scheduler,scheduler/fixed/resumed_suffix/64,3,0.0090,candidate_slots,12
scheduler,scheduler/fixed/resumed_suffix/64,3,0.0090,cpu_ms,0.009000000000002062
scheduler,scheduler/fixed/resumed_suffix/64,3,0.0090,cpu_percent,100.0000000000229
scheduler,scheduler/fixed/resumed_suffix/64,3,0.0090,leases,47
scheduler,scheduler/fixed/resumed_suffix/64,3,0.0090,max_leases_per_request,4
scheduler,scheduler/fixed/resumed_suffix/64,3,0.0090,max_request_bytes,4194304
scheduler,scheduler/fixed/resumed_suffix/64,3,0.0090,micros_per_request,0.6250000000000001
scheduler,scheduler/fixed/resumed_suffix/64,3,0.0090,multi_lease_requests,12
scheduler,scheduler/fixed/resumed_suffix/64,3,0.0090,planned_bytes,49283072
scheduler,scheduler/fixed/resumed_suffix/64,3,0.0090,planned_ranges,18
scheduler,scheduler/fixed/resumed_suffix/64,3,0.0090,process_peak_rss_bytes,16400384
scheduler,scheduler/fixed/resumed_suffix/64,3,0.0090,requests,12
scheduler,scheduler/fixed/resumed_suffix/64,3,0.0090,single_lease_requests,0
scheduler,scheduler/fixed/resumed_suffix/64,3,0.0090,total,0.007500000000000001
scheduler,scheduler/fixed/resumed_suffix/64,3,0.0090,truncated_requests,12
scheduler,scheduler/fixed/resumed_suffix/64,4,0.0080,boundary_scans,12
scheduler,scheduler/fixed/resumed_suffix/64,4,0.0080,candidate_slots,12
scheduler,scheduler/fixed/resumed_suffix/64,4,0.0080,cpu_ms,0.007999999999997592
scheduler,scheduler/fixed/resumed_suffix/64,4,0.0080,cpu_percent,99.9999999999699
scheduler,scheduler/fixed/resumed_suffix/64,4,0.0080,leases,47
scheduler,scheduler/fixed/resumed_suffix/64,4,0.0080,max_leases_per_request,4
scheduler,scheduler/fixed/resumed_suffix/64,4,0.0080,max_request_bytes,4194304
scheduler,scheduler/fixed/resumed_suffix/64,4,0.0080,micros_per_request,0.6285
scheduler,scheduler/fixed/resumed_suffix/64,4,0.0080,multi_lease_requests,12
scheduler,scheduler/fixed/resumed_suffix/64,4,0.0080,planned_bytes,49283072
scheduler,scheduler/fixed/resumed_suffix/64,4,0.0080,planned_ranges,18
scheduler,scheduler/fixed/resumed_suffix/64,4,0.0080,process_peak_rss_bytes,16400384
scheduler,scheduler/fixed/resumed_suffix/64,4,0.0080,requests,12
scheduler,scheduler/fixed/resumed_suffix/64,4,0.0080,single_lease_requests,0
scheduler,scheduler/fixed/resumed_suffix/64,4,0.0080,total,0.007542
scheduler,scheduler/fixed/resumed_suffix/64,4,0.0080,truncated_requests,12
scheduler,scheduler/fixed/resumed_suffix/64,5,0.0079,boundary_scans,12
scheduler,scheduler/fixed/resumed_suffix/64,5,0.0079,candidate_slots,12
scheduler,scheduler/fixed/resumed_suffix/64,5,0.0079,cpu_ms,0.007999999999997592
scheduler,scheduler/fixed/resumed_suffix/64,5,0.0079,cpu_percent,101.58730158727101
scheduler,scheduler/fixed/resumed_suffix/64,5,0.0079,leases,47
scheduler,scheduler/fixed/resumed_suffix/64,5,0.0079,max_leases_per_request,4
scheduler,scheduler/fixed/resumed_suffix/64,5,0.0079,max_request_bytes,4194304
scheduler,scheduler/fixed/resumed_suffix/64,5,0.0079,micros_per_request,0.6215833333333334
scheduler,scheduler/fixed/resumed_suffix/64,5,0.0079,multi_lease_requests,12
scheduler,scheduler/fixed/resumed_suffix/64,5,0.0079,planned_bytes,49283072
scheduler,scheduler/fixed/resumed_suffix/64,5,0.0079,planned_ranges,18
scheduler,scheduler/fixed/resumed_suffix/64,5,0.0079,process_peak_rss_bytes,16400384
scheduler,scheduler/fixed/resumed_suffix/64,5,0.0079,requests,12
scheduler,scheduler/fixed/resumed_suffix/64,5,0.0079,single_lease_requests,0
scheduler,scheduler/fixed/resumed_suffix/64,5,0.0079,total,0.007459
scheduler,scheduler/fixed/resumed_suffix/64,5,0.0079,truncated_requests,12
scheduler,scheduler/fixed/resumed_suffix/64,6,0.0079,boundary_scans,12
scheduler,scheduler/fixed/resumed_suffix/64,6,0.0079,candidate_slots,12
scheduler,scheduler/fixed/resumed_suffix/64,6,0.0079,cpu_ms,0.008000000000001062
scheduler,scheduler/fixed/resumed_suffix/64,6,0.0079,cpu_percent,101.58730158731507
scheduler,scheduler/fixed/resumed_suffix/64,6,0.0079,leases,47
scheduler,scheduler/fixed/resumed_suffix/64,6,0.0079,max_leases_per_request,4
scheduler,scheduler/fixed/resumed_suffix/64,6,0.0079,max_request_bytes,4194304
scheduler,scheduler/fixed/resumed_suffix/64,6,0.0079,micros_per_request,0.6215
scheduler,scheduler/fixed/resumed_suffix/64,6,0.0079,multi_lease_requests,12
scheduler,scheduler/fixed/resumed_suffix/64,6,0.0079,planned_bytes,49283072
scheduler,scheduler/fixed/resumed_suffix/64,6,0.0079,planned_ranges,18
scheduler,scheduler/fixed/resumed_suffix/64,6,0.0079,process_peak_rss_bytes,16400384
scheduler,scheduler/fixed/resumed_suffix/64,6,0.0079,requests,12
scheduler,scheduler/fixed/resumed_suffix/64,6,0.0079,single_lease_requests,0
scheduler,scheduler/fixed/resumed_suffix/64,6,0.0079,total,0.007458
scheduler,scheduler/fixed/resumed_suffix/64,6,0.0079,truncated_requests,12
scheduler,scheduler/fixed/resumed_suffix/64,7,0.0080,boundary_scans,12
scheduler,scheduler/fixed/resumed_suffix/64,7,0.0080,candidate_slots,12
scheduler,scheduler/fixed/resumed_suffix/64,7,0.0080,cpu_ms,0.007999999999997592
scheduler,scheduler/fixed/resumed_suffix/64,7,0.0080,cpu_percent,100.51514009294627
scheduler,scheduler/fixed/resumed_suffix/64,7,0.0080,leases,47
scheduler,scheduler/fixed/resumed_suffix/64,7,0.0080,max_leases_per_request,4
scheduler,scheduler/fixed/resumed_suffix/64,7,0.0080,max_request_bytes,4194304
scheduler,scheduler/fixed/resumed_suffix/64,7,0.0080,micros_per_request,0.6284166666666667
scheduler,scheduler/fixed/resumed_suffix/64,7,0.0080,multi_lease_requests,12
scheduler,scheduler/fixed/resumed_suffix/64,7,0.0080,planned_bytes,49283072
scheduler,scheduler/fixed/resumed_suffix/64,7,0.0080,planned_ranges,18
scheduler,scheduler/fixed/resumed_suffix/64,7,0.0080,process_peak_rss_bytes,16400384
scheduler,scheduler/fixed/resumed_suffix/64,7,0.0080,requests,12
scheduler,scheduler/fixed/resumed_suffix/64,7,0.0080,single_lease_requests,0
scheduler,scheduler/fixed/resumed_suffix/64,7,0.0080,total,0.007541
scheduler,scheduler/fixed/resumed_suffix/64,7,0.0080,truncated_requests,12
scheduler,scheduler/fixed/resumed_suffix/64,8,0.0078,boundary_scans,12
scheduler,scheduler/fixed/resumed_suffix/64,8,0.0078,candidate_slots,12
scheduler,scheduler/fixed/resumed_suffix/64,8,0.0078,cpu_ms,0.008000000000001062
scheduler,scheduler/fixed/resumed_suffix/64,8,0.0078,cpu_percent,102.1189685984307
scheduler,scheduler/fixed/resumed_suffix/64,8,0.0078,leases,47
scheduler,scheduler/fixed/resumed_suffix/64,8,0.0078,max_leases_per_request,4
scheduler,scheduler/fixed/resumed_suffix/64,8,0.0078,max_request_bytes,4194304
scheduler,scheduler/fixed/resumed_suffix/64,8,0.0078,micros_per_request,0.618
scheduler,scheduler/fixed/resumed_suffix/64,8,0.0078,multi_lease_requests,12
scheduler,scheduler/fixed/resumed_suffix/64,8,0.0078,planned_bytes,49283072
scheduler,scheduler/fixed/resumed_suffix/64,8,0.0078,planned_ranges,18
scheduler,scheduler/fixed/resumed_suffix/64,8,0.0078,process_peak_rss_bytes,16400384
scheduler,scheduler/fixed/resumed_suffix/64,8,0.0078,requests,12
scheduler,scheduler/fixed/resumed_suffix/64,8,0.0078,single_lease_requests,0
scheduler,scheduler/fixed/resumed_suffix/64,8,0.0078,total,0.007416
scheduler,scheduler/fixed/resumed_suffix/64,8,0.0078,truncated_requests,12
scheduler,scheduler/fixed/resumed_suffix/64,9,0.0078,boundary_scans,12
scheduler,scheduler/fixed/resumed_suffix/64,9,0.0078,candidate_slots,12
scheduler,scheduler/fixed/resumed_suffix/64,9,0.0078,cpu_ms,0.007999999999997592
scheduler,scheduler/fixed/resumed_suffix/64,9,0.0078,cpu_percent,102.11896859838642
scheduler,scheduler/fixed/resumed_suffix/64,9,0.0078,leases,47
scheduler,scheduler/fixed/resumed_suffix/64,9,0.0078,max_leases_per_request,4
scheduler,scheduler/fixed/resumed_suffix/64,9,0.0078,max_request_bytes,4194304
scheduler,scheduler/fixed/resumed_suffix/64,9,0.0078,micros_per_request,0.618
scheduler,scheduler/fixed/resumed_suffix/64,9,0.0078,multi_lease_requests,12
scheduler,scheduler/fixed/resumed_suffix/64,9,0.0078,planned_bytes,49283072
scheduler,scheduler/fixed/resumed_suffix/64,9,0.0078,planned_ranges,18
scheduler,scheduler/fixed/resumed_suffix/64,9,0.0078,process_peak_rss_bytes,16400384
scheduler,scheduler/fixed/resumed_suffix/64,9,0.0078,requests,12
scheduler,scheduler/fixed/resumed_suffix/64,9,0.0078,single_lease_requests,0
scheduler,scheduler/fixed/resumed_suffix/64,9,0.0078,total,0.007416
scheduler,scheduler/fixed/resumed_suffix/64,9,0.0078,truncated_requests,12
scheduler,scheduler/dynamic/fresh/512,0,0.0697,boundary_scans,8
scheduler,scheduler/dynamic/fresh/512,0,0.0697,candidate_slots,14
scheduler,scheduler/dynamic/fresh/512,0,0.0697,cpu_ms,0.07000000000000062
scheduler,scheduler/dynamic/fresh/512,0,0.0697,cpu_percent,100.47943042517244
scheduler,scheduler/dynamic/fresh/512,0,0.0697,leases,512
scheduler,scheduler/dynamic/fresh/512,0,0.0697,max_leases_per_request,64
scheduler,scheduler/dynamic/fresh/512,0,0.0697,max_request_bytes,67108864
scheduler,scheduler/dynamic/fresh/512,0,0.0697,micros_per_request,8.609374999999998
scheduler,scheduler/dynamic/fresh/512,0,0.0697,multi_lease_requests,8
scheduler,scheduler/dynamic/fresh/512,0,0.0697,planned_bytes,536870912
scheduler,scheduler/dynamic/fresh/512,0,0.0697,planned_ranges,14
scheduler,scheduler/dynamic/fresh/512,0,0.0697,process_peak_rss_bytes,16498688
scheduler,scheduler/dynamic/fresh/512,0,0.0697,requests,8
scheduler,scheduler/dynamic/fresh/512,0,0.0697,single_lease_requests,0
scheduler,scheduler/dynamic/fresh/512,0,0.0697,total,0.06887499999999999
scheduler,scheduler/dynamic/fresh/512,0,0.0697,truncated_requests,7
scheduler,scheduler/dynamic/fresh/512,1,0.0788,boundary_scans,8
scheduler,scheduler/dynamic/fresh/512,1,0.0788,candidate_slots,14
scheduler,scheduler/dynamic/fresh/512,1,0.0788,cpu_ms,0.07900000000000268
scheduler,scheduler/dynamic/fresh/512,1,0.0788,cpu_percent,100.26398619149492
scheduler,scheduler/dynamic/fresh/512,1,0.0788,leases,512
scheduler,scheduler/dynamic/fresh/512,1,0.0788,max_leases_per_request,64
scheduler,scheduler/dynamic/fresh/512,1,0.0788,max_request_bytes,67108864
scheduler,scheduler/dynamic/fresh/512,1,0.0788,micros_per_request,9.724
scheduler,scheduler/dynamic/fresh/512,1,0.0788,multi_lease_requests,8
scheduler,scheduler/dynamic/fresh/512,1,0.0788,planned_bytes,536870912
scheduler,scheduler/dynamic/fresh/512,1,0.0788,planned_ranges,14
scheduler,scheduler/dynamic/fresh/512,1,0.0788,process_peak_rss_bytes,16498688
scheduler,scheduler/dynamic/fresh/512,1,0.0788,requests,8
scheduler,scheduler/dynamic/fresh/512,1,0.0788,single_lease_requests,0
scheduler,scheduler/dynamic/fresh/512,1,0.0788,total,0.077792
scheduler,scheduler/dynamic/fresh/512,1,0.0788,truncated_requests,7
scheduler,scheduler/dynamic/fresh/512,2,0.1034,boundary_scans,8
scheduler,scheduler/dynamic/fresh/512,2,0.1034,candidate_slots,14
scheduler,scheduler/dynamic/fresh/512,2,0.1034,cpu_ms,0.10399999999999993
scheduler,scheduler/dynamic/fresh/512,2,0.1034,cpu_percent,100.60459492140258
scheduler,scheduler/dynamic/fresh/512,2,0.1034,leases,512
scheduler,scheduler/dynamic/fresh/512,2,0.1034,max_leases_per_request,64
scheduler,scheduler/dynamic/fresh/512,2,0.1034,max_request_bytes,67108864
scheduler,scheduler/dynamic/fresh/512,2,0.1034,micros_per_request,12.7865
scheduler,scheduler/dynamic/fresh/512,2,0.1034,multi_lease_requests,8
scheduler,scheduler/dynamic/fresh/512,2,0.1034,planned_bytes,536870912
scheduler,scheduler/dynamic/fresh/512,2,0.1034,planned_ranges,14
scheduler,scheduler/dynamic/fresh/512,2,0.1034,process_peak_rss_bytes,16498688
scheduler,scheduler/dynamic/fresh/512,2,0.1034,requests,8
scheduler,scheduler/dynamic/fresh/512,2,0.1034,single_lease_requests,0
scheduler,scheduler/dynamic/fresh/512,2,0.1034,total,0.10229200000000001
scheduler,scheduler/dynamic/fresh/512,2,0.1034,truncated_requests,7
scheduler,scheduler/dynamic/fresh/512,3,0.1031,boundary_scans,8
scheduler,scheduler/dynamic/fresh/512,3,0.1031,candidate_slots,14
scheduler,scheduler/dynamic/fresh/512,3,0.1031,cpu_ms,0.10299999999999893
scheduler,scheduler/dynamic/fresh/512,3,0.1031,cpu_percent,99.87878787878684
scheduler,scheduler/dynamic/fresh/512,3,0.1031,leases,512
scheduler,scheduler/dynamic/fresh/512,3,0.1031,max_leases_per_request,64
scheduler,scheduler/dynamic/fresh/512,3,0.1031,max_request_bytes,67108864
scheduler,scheduler/dynamic/fresh/512,3,0.1031,micros_per_request,12.494874999999999
scheduler,scheduler/dynamic/fresh/512,3,0.1031,multi_lease_requests,8
scheduler,scheduler/dynamic/fresh/512,3,0.1031,planned_bytes,536870912
scheduler,scheduler/dynamic/fresh/512,3,0.1031,planned_ranges,14
scheduler,scheduler/dynamic/fresh/512,3,0.1031,process_peak_rss_bytes,16515072
scheduler,scheduler/dynamic/fresh/512,3,0.1031,requests,8
scheduler,scheduler/dynamic/fresh/512,3,0.1031,single_lease_requests,0
scheduler,scheduler/dynamic/fresh/512,3,0.1031,total,0.09995899999999999
scheduler,scheduler/dynamic/fresh/512,3,0.1031,truncated_requests,7
scheduler,scheduler/dynamic/fresh/512,4,0.1001,boundary_scans,8
scheduler,scheduler/dynamic/fresh/512,4,0.1001,candidate_slots,14
scheduler,scheduler/dynamic/fresh/512,4,0.1001,cpu_ms,0.10199999999999793
scheduler,scheduler/dynamic/fresh/512,4,0.1001,cpu_percent,101.87265917602791
scheduler,scheduler/dynamic/fresh/512,4,0.1001,leases,512
scheduler,scheduler/dynamic/fresh/512,4,0.1001,max_leases_per_request,64
scheduler,scheduler/dynamic/fresh/512,4,0.1001,max_request_bytes,67108864
scheduler,scheduler/dynamic/fresh/512,4,0.1001,micros_per_request,12.395874999999998
scheduler,scheduler/dynamic/fresh/512,4,0.1001,multi_lease_requests,8
scheduler,scheduler/dynamic/fresh/512,4,0.1001,planned_bytes,536870912
scheduler,scheduler/dynamic/fresh/512,4,0.1001,planned_ranges,14
scheduler,scheduler/dynamic/fresh/512,4,0.1001,process_peak_rss_bytes,16515072
scheduler,scheduler/dynamic/fresh/512,4,0.1001,requests,8
scheduler,scheduler/dynamic/fresh/512,4,0.1001,single_lease_requests,0
scheduler,scheduler/dynamic/fresh/512,4,0.1001,total,0.09916699999999999
scheduler,scheduler/dynamic/fresh/512,4,0.1001,truncated_requests,7
scheduler,scheduler/dynamic/fresh/512,5,0.0995,boundary_scans,8
scheduler,scheduler/dynamic/fresh/512,5,0.0995,candidate_slots,14
scheduler,scheduler/dynamic/fresh/512,5,0.0995,cpu_ms,0.1010000000000004
scheduler,scheduler/dynamic/fresh/512,5,0.0995,cpu_percent,101.46572769009794
scheduler,scheduler/dynamic/fresh/512,5,0.0995,leases,512
scheduler,scheduler/dynamic/fresh/512,5,0.0995,max_leases_per_request,64
scheduler,scheduler/dynamic/fresh/512,5,0.0995,max_request_bytes,67108864
scheduler,scheduler/dynamic/fresh/512,5,0.0995,micros_per_request,12.31775
scheduler,scheduler/dynamic/fresh/512,5,0.0995,multi_lease_requests,8
scheduler,scheduler/dynamic/fresh/512,5,0.0995,planned_bytes,536870912
scheduler,scheduler/dynamic/fresh/512,5,0.0995,planned_ranges,14
scheduler,scheduler/dynamic/fresh/512,5,0.0995,process_peak_rss_bytes,16515072
scheduler,scheduler/dynamic/fresh/512,5,0.0995,requests,8
scheduler,scheduler/dynamic/fresh/512,5,0.0995,single_lease_requests,0
scheduler,scheduler/dynamic/fresh/512,5,0.0995,total,0.098542
scheduler,scheduler/dynamic/fresh/512,5,0.0995,truncated_requests,7
scheduler,scheduler/dynamic/fresh/512,6,0.1002,boundary_scans,8
scheduler,scheduler/dynamic/fresh/512,6,0.1002,candidate_slots,14
scheduler,scheduler/dynamic/fresh/512,6,0.1002,cpu_ms,0.1010000000000004
scheduler,scheduler/dynamic/fresh/512,6,0.1002,cpu_percent,100.74812967581087
scheduler,scheduler/dynamic/fresh/512,6,0.1002,leases,512
scheduler,scheduler/dynamic/fresh/512,6,0.1002,max_leases_per_request,64
scheduler,scheduler/dynamic/fresh/512,6,0.1002,max_request_bytes,67108864
scheduler,scheduler/dynamic/fresh/512,6,0.1002,micros_per_request,12.166625
scheduler,scheduler/dynamic/fresh/512,6,0.1002,multi_lease_requests,8
scheduler,scheduler/dynamic/fresh/512,6,0.1002,planned_bytes,536870912
scheduler,scheduler/dynamic/fresh/512,6,0.1002,planned_ranges,14
scheduler,scheduler/dynamic/fresh/512,6,0.1002,process_peak_rss_bytes,16531456
scheduler,scheduler/dynamic/fresh/512,6,0.1002,requests,8
scheduler,scheduler/dynamic/fresh/512,6,0.1002,single_lease_requests,0
scheduler,scheduler/dynamic/fresh/512,6,0.1002,total,0.097333
scheduler,scheduler/dynamic/fresh/512,6,0.1002,truncated_requests,7
scheduler,scheduler/dynamic/fresh/512,7,0.0983,boundary_scans,8
scheduler,scheduler/dynamic/fresh/512,7,0.0983,candidate_slots,14
scheduler,scheduler/dynamic/fresh/512,7,0.0983,cpu_ms,0.0989999999999984
scheduler,scheduler/dynamic/fresh/512,7,0.0983,cpu_percent,100.76335877862431
scheduler,scheduler/dynamic/fresh/512,7,0.0983,leases,512
scheduler,scheduler/dynamic/fresh/512,7,0.0983,max_leases_per_request,64
scheduler,scheduler/dynamic/fresh/512,7,0.0983,max_request_bytes,67108864
scheduler,scheduler/dynamic/fresh/512,7,0.0983,micros_per_request,12.15625
scheduler,scheduler/dynamic/fresh/512,7,0.0983,multi_lease_requests,8
scheduler,scheduler/dynamic/fresh/512,7,0.0983,planned_bytes,536870912
scheduler,scheduler/dynamic/fresh/512,7,0.0983,planned_ranges,14
scheduler,scheduler/dynamic/fresh/512,7,0.0983,process_peak_rss_bytes,16531456
scheduler,scheduler/dynamic/fresh/512,7,0.0983,requests,8
scheduler,scheduler/dynamic/fresh/512,7,0.0983,single_lease_requests,0
scheduler,scheduler/dynamic/fresh/512,7,0.0983,total,0.09725
scheduler,scheduler/dynamic/fresh/512,7,0.0983,truncated_requests,7
scheduler,scheduler/dynamic/fresh/512,8,0.0985,boundary_scans,8
scheduler,scheduler/dynamic/fresh/512,8,0.0985,candidate_slots,14
scheduler,scheduler/dynamic/fresh/512,8,0.0985,cpu_ms,0.09800000000000086
scheduler,scheduler/dynamic/fresh/512,8,0.0985,cpu_percent,99.49238578680291
scheduler,scheduler/dynamic/fresh/512,8,0.0985,leases,512
scheduler,scheduler/dynamic/fresh/512,8,0.0985,max_leases_per_request,64
scheduler,scheduler/dynamic/fresh/512,8,0.0985,max_request_bytes,67108864
scheduler,scheduler/dynamic/fresh/512,8,0.0985,micros_per_request,12.192749999999998
scheduler,scheduler/dynamic/fresh/512,8,0.0985,multi_lease_requests,8
scheduler,scheduler/dynamic/fresh/512,8,0.0985,planned_bytes,536870912
scheduler,scheduler/dynamic/fresh/512,8,0.0985,planned_ranges,14
scheduler,scheduler/dynamic/fresh/512,8,0.0985,process_peak_rss_bytes,16531456
scheduler,scheduler/dynamic/fresh/512,8,0.0985,requests,8
scheduler,scheduler/dynamic/fresh/512,8,0.0985,single_lease_requests,0
scheduler,scheduler/dynamic/fresh/512,8,0.0985,total,0.09754199999999999
scheduler,scheduler/dynamic/fresh/512,8,0.0985,truncated_requests,7
scheduler,scheduler/dynamic/fresh/512,9,0.0983,boundary_scans,8
scheduler,scheduler/dynamic/fresh/512,9,0.0983,candidate_slots,14
scheduler,scheduler/dynamic/fresh/512,9,0.0983,cpu_ms,0.0989999999999984
scheduler,scheduler/dynamic/fresh/512,9,0.0983,cpu_percent,100.72132748674689
scheduler,scheduler/dynamic/fresh/512,9,0.0983,leases,512
scheduler,scheduler/dynamic/fresh/512,9,0.0983,max_leases_per_request,64
scheduler,scheduler/dynamic/fresh/512,9,0.0983,max_request_bytes,67108864
scheduler,scheduler/dynamic/fresh/512,9,0.0983,micros_per_request,12.166625
scheduler,scheduler/dynamic/fresh/512,9,0.0983,multi_lease_requests,8
scheduler,scheduler/dynamic/fresh/512,9,0.0983,planned_bytes,536870912
scheduler,scheduler/dynamic/fresh/512,9,0.0983,planned_ranges,14
scheduler,scheduler/dynamic/fresh/512,9,0.0983,process_peak_rss_bytes,16531456
scheduler,scheduler/dynamic/fresh/512,9,0.0983,requests,8
scheduler,scheduler/dynamic/fresh/512,9,0.0983,single_lease_requests,0
scheduler,scheduler/dynamic/fresh/512,9,0.0983,total,0.097333
scheduler,scheduler/dynamic/fresh/512,9,0.0983,truncated_requests,7
scheduler,scheduler/fixed/fresh/512,0,0.4598,boundary_scans,128
scheduler,scheduler/fixed/fresh/512,0,0.4598,candidate_slots,128
scheduler,scheduler/fixed/fresh/512,0,0.4598,cpu_ms,0.45999999999999863
scheduler,scheduler/fixed/fresh/512,0,0.4598,cpu_percent,100.03631753266917
scheduler,scheduler/fixed/fresh/512,0,0.4598,leases,512
scheduler,scheduler/fixed/fresh/512,0,0.4598,max_leases_per_request,4
scheduler,scheduler/fixed/fresh/512,0,0.4598,max_request_bytes,4194304
scheduler,scheduler/fixed/fresh/512,0,0.4598,micros_per_request,3.5846328124999998
scheduler,scheduler/fixed/fresh/512,0,0.4598,multi_lease_requests,128
scheduler,scheduler/fixed/fresh/512,0,0.4598,planned_bytes,536870912
scheduler,scheduler/fixed/fresh/512,0,0.4598,planned_ranges,134
scheduler,scheduler/fixed/fresh/512,0,0.4598,process_peak_rss_bytes,16531456
scheduler,scheduler/fixed/fresh/512,0,0.4598,requests,128
scheduler,scheduler/fixed/fresh/512,0,0.4598,single_lease_requests,0
scheduler,scheduler/fixed/fresh/512,0,0.4598,total,0.458833
scheduler,scheduler/fixed/fresh/512,0,0.4598,truncated_requests,128
scheduler,scheduler/fixed/fresh/512,1,0.4598,boundary_scans,128
scheduler,scheduler/fixed/fresh/512,1,0.4598,candidate_slots,128
scheduler,scheduler/fixed/fresh/512,1,0.4598,cpu_ms,0.45999999999999863
scheduler,scheduler/fixed/fresh/512,1,0.4598,cpu_percent,100.03631753266917
scheduler,scheduler/fixed/fresh/512,1,0.4598,leases,512
scheduler,scheduler/fixed/fresh/512,1,0.4598,max_leases_per_request,4
scheduler,scheduler/fixed/fresh/512,1,0.4598,max_request_bytes,4194304
scheduler,scheduler/fixed/fresh/512,1,0.4598,micros_per_request,3.5856093749999998
scheduler,scheduler/fixed/fresh/512,1,0.4598,multi_lease_requests,128
scheduler,scheduler/fixed/fresh/512,1,0.4598,planned_bytes,536870912
scheduler,scheduler/fixed/fresh/512,1,0.4598,planned_ranges,134
scheduler,scheduler/fixed/fresh/512,1,0.4598,process_peak_rss_bytes,16531456
scheduler,scheduler/fixed/fresh/512,1,0.4598,requests,128
scheduler,scheduler/fixed/fresh/512,1,0.4598,single_lease_requests,0
scheduler,scheduler/fixed/fresh/512,1,0.4598,total,0.458958
scheduler,scheduler/fixed/fresh/512,1,0.4598,truncated_requests,128
scheduler,scheduler/fixed/fresh/512,2,0.4934,boundary_scans,128
scheduler,scheduler/fixed/fresh/512,2,0.4934,candidate_slots,128
scheduler,scheduler/fixed/fresh/512,2,0.4934,cpu_ms,0.4869999999999979
scheduler,scheduler/fixed/fresh/512,2,0.4934,cpu_percent,98.7078794020771
scheduler,scheduler/fixed/fresh/512,2,0.4934,leases,512
scheduler,scheduler/fixed/fresh/512,2,0.4934,max_leases_per_request,4
scheduler,scheduler/fixed/fresh/512,2,0.4934,max_request_bytes,4194304
scheduler,scheduler/fixed/fresh/512,2,0.4934,micros_per_request,3.82584375
scheduler,scheduler/fixed/fresh/512,2,0.4934,multi_lease_requests,128
scheduler,scheduler/fixed/fresh/512,2,0.4934,planned_bytes,536870912
scheduler,scheduler/fixed/fresh/512,2,0.4934,planned_ranges,134
scheduler,scheduler/fixed/fresh/512,2,0.4934,process_peak_rss_bytes,16531456
scheduler,scheduler/fixed/fresh/512,2,0.4934,requests,128
scheduler,scheduler/fixed/fresh/512,2,0.4934,single_lease_requests,0
scheduler,scheduler/fixed/fresh/512,2,0.4934,total,0.48970800000000003
scheduler,scheduler/fixed/fresh/512,2,0.4934,truncated_requests,128
scheduler,scheduler/fixed/fresh/512,3,0.4645,boundary_scans,128
scheduler,scheduler/fixed/fresh/512,3,0.4645,candidate_slots,128
scheduler,scheduler/fixed/fresh/512,3,0.4645,cpu_ms,0.46399999999999914
scheduler,scheduler/fixed/fresh/512,3,0.4645,cpu_percent,99.90139043788656
scheduler,scheduler/fixed/fresh/512,3,0.4645,leases,512
scheduler,scheduler/fixed/fresh/512,3,0.4645,max_leases_per_request,4
scheduler,scheduler/fixed/fresh/512,3,0.4645,max_request_bytes,4194304
scheduler,scheduler/fixed/fresh/512,3,0.4645,micros_per_request,3.6139296875
scheduler,scheduler/fixed/fresh/512,3,0.4645,multi_lease_requests,128
scheduler,scheduler/fixed/fresh/512,3,0.4645,planned_bytes,536870912
scheduler,scheduler/fixed/fresh/512,3,0.4645,planned_ranges,134
scheduler,scheduler/fixed/fresh/512,3,0.4645,process_peak_rss_bytes,16531456
scheduler,scheduler/fixed/fresh/512,3,0.4645,requests,128
scheduler,scheduler/fixed/fresh/512,3,0.4645,single_lease_requests,0
scheduler,scheduler/fixed/fresh/512,3,0.4645,total,0.462583
scheduler,scheduler/fixed/fresh/512,3,0.4645,truncated_requests,128
scheduler,scheduler/fixed/fresh/512,4,0.4596,boundary_scans,128
scheduler,scheduler/fixed/fresh/512,4,0.4596,candidate_slots,128
scheduler,scheduler/fixed/fresh/512,4,0.4596,cpu_ms,0.4600000000000021
scheduler,scheduler/fixed/fresh/512,4,0.4596,cpu_percent,100.09051664113677
scheduler,scheduler/fixed/fresh/512,4,0.4596,leases,512
scheduler,scheduler/fixed/fresh/512,4,0.4596,max_leases_per_request,4
scheduler,scheduler/fixed/fresh/512,4,0.4596,max_request_bytes,4194304
scheduler,scheduler/fixed/fresh/512,4,0.4596,micros_per_request,3.581703125
scheduler,scheduler/fixed/fresh/512,4,0.4596,multi_lease_requests,128
scheduler,scheduler/fixed/fresh/512,4,0.4596,planned_bytes,536870912
scheduler,scheduler/fixed/fresh/512,4,0.4596,planned_ranges,134
scheduler,scheduler/fixed/fresh/512,4,0.4596,process_peak_rss_bytes,16531456
scheduler,scheduler/fixed/fresh/512,4,0.4596,requests,128
scheduler,scheduler/fixed/fresh/512,4,0.4596,single_lease_requests,0
scheduler,scheduler/fixed/fresh/512,4,0.4596,total,0.45845800000000003
scheduler,scheduler/fixed/fresh/512,4,0.4596,truncated_requests,128
scheduler,scheduler/fixed/fresh/512,5,0.4605,boundary_scans,128
scheduler,scheduler/fixed/fresh/512,5,0.4605,candidate_slots,128
scheduler,scheduler/fixed/fresh/512,5,0.4605,cpu_ms,0.46199999999999714
scheduler,scheduler/fixed/fresh/512,5,0.4605,cpu_percent,100.31680132713419
scheduler,scheduler/fixed/fresh/512,5,0.4605,leases,512
scheduler,scheduler/fixed/fresh/512,5,0.4605,max_leases_per_request,4
scheduler,scheduler/fixed/fresh/512,5,0.4605,max_request_bytes,4194304
scheduler,scheduler/fixed/fresh/512,5,0.4605,micros_per_request,3.5888671875
scheduler,scheduler/fixed/fresh/512,5,0.4605,multi_lease_requests,128
scheduler,scheduler/fixed/fresh/512,5,0.4605,planned_bytes,536870912
scheduler,scheduler/fixed/fresh/512,5,0.4605,planned_ranges,134
scheduler,scheduler/fixed/fresh/512,5,0.4605,process_peak_rss_bytes,16547840
scheduler,scheduler/fixed/fresh/512,5,0.4605,requests,128
scheduler,scheduler/fixed/fresh/512,5,0.4605,single_lease_requests,0
scheduler,scheduler/fixed/fresh/512,5,0.4605,total,0.459375
scheduler,scheduler/fixed/fresh/512,5,0.4605,truncated_requests,128
scheduler,scheduler/fixed/fresh/512,6,0.4573,boundary_scans,128
scheduler,scheduler/fixed/fresh/512,6,0.4573,candidate_slots,128
scheduler,scheduler/fixed/fresh/512,6,0.4573,cpu_ms,0.4580000000000001
scheduler,scheduler/fixed/fresh/512,6,0.4573,cpu_percent,100.15482448851064
scheduler,scheduler/fixed/fresh/512,6,0.4573,leases,512
scheduler,scheduler/fixed/fresh/512,6,0.4573,max_leases_per_request,4
scheduler,scheduler/fixed/fresh/512,6,0.4573,max_request_bytes,4194304
scheduler,scheduler/fixed/fresh/512,6,0.4573,micros_per_request,3.56575
scheduler,scheduler/fixed/fresh/512,6,0.4573,multi_lease_requests,128
scheduler,scheduler/fixed/fresh/512,6,0.4573,planned_bytes,536870912
scheduler,scheduler/fixed/fresh/512,6,0.4573,planned_ranges,134
scheduler,scheduler/fixed/fresh/512,6,0.4573,process_peak_rss_bytes,16547840
scheduler,scheduler/fixed/fresh/512,6,0.4573,requests,128
scheduler,scheduler/fixed/fresh/512,6,0.4573,single_lease_requests,0
scheduler,scheduler/fixed/fresh/512,6,0.4573,total,0.456416
scheduler,scheduler/fixed/fresh/512,6,0.4573,truncated_requests,128
scheduler,scheduler/fixed/fresh/512,7,0.4587,boundary_scans,128
scheduler,scheduler/fixed/fresh/512,7,0.4587,candidate_slots,128
scheduler,scheduler/fixed/fresh/512,7,0.4587,cpu_ms,0.45999999999999863
scheduler,scheduler/fixed/fresh/512,7,0.4587,cpu_percent,100.2816606643003
scheduler,scheduler/fixed/fresh/512,7,0.4587,leases,512
scheduler,scheduler/fixed/fresh/512,7,0.4587,max_leases_per_request,4
scheduler,scheduler/fixed/fresh/512,7,0.4587,max_request_bytes,4194304
scheduler,scheduler/fixed/fresh/512,7,0.4587,micros_per_request,3.576828125
scheduler,scheduler/fixed/fresh/512,7,0.4587,multi_lease_requests,128
scheduler,scheduler/fixed/fresh/512,7,0.4587,planned_bytes,536870912
scheduler,scheduler/fixed/fresh/512,7,0.4587,planned_ranges,134
scheduler,scheduler/fixed/fresh/512,7,0.4587,process_peak_rss_bytes,16547840
scheduler,scheduler/fixed/fresh/512,7,0.4587,requests,128
scheduler,scheduler/fixed/fresh/512,7,0.4587,single_lease_requests,0
scheduler,scheduler/fixed/fresh/512,7,0.4587,total,0.457834
scheduler,scheduler/fixed/fresh/512,7,0.4587,truncated_requests,128
scheduler,scheduler/fixed/fresh/512,8,0.4576,boundary_scans,128
scheduler,scheduler/fixed/fresh/512,8,0.4576,candidate_slots,128
scheduler,scheduler/fixed/fresh/512,8,0.4576,cpu_ms,0.4580000000000001
scheduler,scheduler/fixed/fresh/512,8,0.4576,cpu_percent,100.09113100792644
scheduler,scheduler/fixed/fresh/512,8,0.4576,leases,512
scheduler,scheduler/fixed/fresh/512,8,0.4576,max_leases_per_request,4
scheduler,scheduler/fixed/fresh/512,8,0.4576,max_request_bytes,4194304
scheduler,scheduler/fixed/fresh/512,8,0.4576,micros_per_request,3.568359375
scheduler,scheduler/fixed/fresh/512,8,0.4576,multi_lease_requests,128
scheduler,scheduler/fixed/fresh/512,8,0.4576,planned_bytes,536870912
scheduler,scheduler/fixed/fresh/512,8,0.4576,planned_ranges,134
scheduler,scheduler/fixed/fresh/512,8,0.4576,process_peak_rss_bytes,16547840
scheduler,scheduler/fixed/fresh/512,8,0.4576,requests,128
scheduler,scheduler/fixed/fresh/512,8,0.4576,single_lease_requests,0
scheduler,scheduler/fixed/fresh/512,8,0.4576,total,0.45675
scheduler,scheduler/fixed/fresh/512,8,0.4576,truncated_requests,128
scheduler,scheduler/fixed/fresh/512,9,0.4611,boundary_scans,128
scheduler,scheduler/fixed/fresh/512,9,0.4611,candidate_slots,128
scheduler,scheduler/fixed/fresh/512,9,0.4611,cpu_ms,0.46199999999999714
scheduler,scheduler/fixed/fresh/512,9,0.4611,cpu_percent,100.19887959434574
scheduler,scheduler/fixed/fresh/512,9,0.4611,leases,512
scheduler,scheduler/fixed/fresh/512,9,0.4611,max_leases_per_request,4
scheduler,scheduler/fixed/fresh/512,9,0.4611,max_request_bytes,4194304
scheduler,scheduler/fixed/fresh/512,9,0.4611,micros_per_request,3.5931015625000002
scheduler,scheduler/fixed/fresh/512,9,0.4611,multi_lease_requests,128
scheduler,scheduler/fixed/fresh/512,9,0.4611,planned_bytes,536870912
scheduler,scheduler/fixed/fresh/512,9,0.4611,planned_ranges,134
scheduler,scheduler/fixed/fresh/512,9,0.4611,process_peak_rss_bytes,16547840
scheduler,scheduler/fixed/fresh/512,9,0.4611,requests,128
scheduler,scheduler/fixed/fresh/512,9,0.4611,single_lease_requests,0
scheduler,scheduler/fixed/fresh/512,9,0.4611,total,0.459917
scheduler,scheduler/fixed/fresh/512,9,0.4611,truncated_requests,128
scheduler,scheduler/dynamic/holes/512,0,0.4430,boundary_scans,132
scheduler,scheduler/dynamic/holes/512,0,0.4430,candidate_slots,132
scheduler,scheduler/dynamic/holes/512,0,0.4430,cpu_ms,0.44500000000000095
scheduler,scheduler/dynamic/holes/512,0,0.4430,cpu_percent,100.44217126631642
scheduler,scheduler/dynamic/holes/512,0,0.4430,leases,384
scheduler,scheduler/dynamic/holes/512,0,0.4430,max_leases_per_request,64
scheduler,scheduler/dynamic/holes/512,0,0.4430,max_request_bytes,67108864
scheduler,scheduler/dynamic/holes/512,0,0.4430,micros_per_request,3.3421742424242424
scheduler,scheduler/dynamic/holes/512,0,0.4430,multi_lease_requests,4
scheduler,scheduler/dynamic/holes/512,0,0.4430,planned_bytes,402653184
scheduler,scheduler/dynamic/holes/512,0,0.4430,planned_ranges,138
scheduler,scheduler/dynamic/holes/512,0,0.4430,process_peak_rss_bytes,16580608
scheduler,scheduler/dynamic/holes/512,0,0.4430,requests,132
scheduler,scheduler/dynamic/holes/512,0,0.4430,single_lease_requests,128
scheduler,scheduler/dynamic/holes/512,0,0.4430,total,0.44116700000000003
scheduler,scheduler/dynamic/holes/512,0,0.4430,truncated_requests,4
scheduler,scheduler/dynamic/holes/512,1,0.4242,boundary_scans,132
scheduler,scheduler/dynamic/holes/512,1,0.4242,candidate_slots,132
scheduler,scheduler/dynamic/holes/512,1,0.4242,cpu_ms,0.42599999999999927
scheduler,scheduler/dynamic/holes/512,1,0.4242,cpu_percent,100.41249263405993
scheduler,scheduler/dynamic/holes/512,1,0.4242,leases,384
scheduler,scheduler/dynamic/holes/512,1,0.4242,max_leases_per_request,64
scheduler,scheduler/dynamic/holes/512,1,0.4242,max_request_bytes,67108864
scheduler,scheduler/dynamic/holes/512,1,0.4242,micros_per_request,3.2023333333333333
scheduler,scheduler/dynamic/holes/512,1,0.4242,multi_lease_requests,4
scheduler,scheduler/dynamic/holes/512,1,0.4242,planned_bytes,402653184
scheduler,scheduler/dynamic/holes/512,1,0.4242,planned_ranges,138
scheduler,scheduler/dynamic/holes/512,1,0.4242,process_peak_rss_bytes,16580608
scheduler,scheduler/dynamic/holes/512,1,0.4242,requests,132
scheduler,scheduler/dynamic/holes/512,1,0.4242,single_lease_requests,128
scheduler,scheduler/dynamic/holes/512,1,0.4242,total,0.422708
scheduler,scheduler/dynamic/holes/512,1,0.4242,truncated_requests,4
scheduler,scheduler/dynamic/holes/512,2,0.3946,boundary_scans,132
scheduler,scheduler/dynamic/holes/512,2,0.3946,candidate_slots,132
scheduler,scheduler/dynamic/holes/512,2,0.3946,cpu_ms,0.3960000000000005
scheduler,scheduler/dynamic/holes/512,2,0.3946,cpu_percent,100.34843205574926
scheduler,scheduler/dynamic/holes/512,2,0.3946,leases,384
scheduler,scheduler/dynamic/holes/512,2,0.3946,max_leases_per_request,64
scheduler,scheduler/dynamic/holes/512,2,0.3946,max_request_bytes,67108864
scheduler,scheduler/dynamic/holes/512,2,0.3946,micros_per_request,2.9785378787878787
scheduler,scheduler/dynamic/holes/512,2,0.3946,multi_lease_requests,4
scheduler,scheduler/dynamic/holes/512,2,0.3946,planned_bytes,402653184
scheduler,scheduler/dynamic/holes/512,2,0.3946,planned_ranges,138
scheduler,scheduler/dynamic/holes/512,2,0.3946,process_peak_rss_bytes,16580608
scheduler,scheduler/dynamic/holes/512,2,0.3946,requests,132
scheduler,scheduler/dynamic/holes/512,2,0.3946,single_lease_requests,128
scheduler,scheduler/dynamic/holes/512,2,0.3946,total,0.393167
scheduler,scheduler/dynamic/holes/512,2,0.3946,truncated_requests,4
scheduler,scheduler/dynamic/holes/512,3,0.3739,boundary_scans,132
scheduler,scheduler/dynamic/holes/512,3,0.3739,candidate_slots,132
scheduler,scheduler/dynamic/holes/512,3,0.3739,cpu_ms,0.37399999999999933
scheduler,scheduler/dynamic/holes/512,3,0.3739,cpu_percent,100.03343363423586
scheduler,scheduler/dynamic/holes/512,3,0.3739,leases,384
scheduler,scheduler/dynamic/holes/512,3,0.3739,max_leases_per_request,64
scheduler,scheduler/dynamic/holes/512,3,0.3739,max_request_bytes,67108864
scheduler,scheduler/dynamic/holes/512,3,0.3739,micros_per_request,2.822287878787879
scheduler,scheduler/dynamic/holes/512,3,0.3739,multi_lease_requests,4
scheduler,scheduler/dynamic/holes/512,3,0.3739,planned_bytes,402653184
scheduler,scheduler/dynamic/holes/512,3,0.3739,planned_ranges,138
scheduler,scheduler/dynamic/holes/512,3,0.3739,process_peak_rss_bytes,16580608
scheduler,scheduler/dynamic/holes/512,3,0.3739,requests,132
scheduler,scheduler/dynamic/holes/512,3,0.3739,single_lease_requests,128
scheduler,scheduler/dynamic/holes/512,3,0.3739,total,0.37254200000000004
scheduler,scheduler/dynamic/holes/512,3,0.3739,truncated_requests,4
scheduler,scheduler/dynamic/holes/512,4,0.3861,boundary_scans,132
scheduler,scheduler/dynamic/holes/512,4,0.3861,candidate_slots,132
scheduler,scheduler/dynamic/holes/512,4,0.3861,cpu_ms,0.38699999999999846
scheduler,scheduler/dynamic/holes/512,4,0.3861,cpu_percent,100.22661055357682
scheduler,scheduler/dynamic/holes/512,4,0.3861,leases,384
scheduler,scheduler/dynamic/holes/512,4,0.3861,max_leases_per_request,64
scheduler,scheduler/dynamic/holes/512,4,0.3861,max_request_bytes,67108864
scheduler,scheduler/dynamic/holes/512,4,0.3861,micros_per_request,2.914772727272727
scheduler,scheduler/dynamic/holes/512,4,0.3861,multi_lease_requests,4
scheduler,scheduler/dynamic/holes/512,4,0.3861,planned_bytes,402653184
scheduler,scheduler/dynamic/holes/512,4,0.3861,planned_ranges,138
scheduler,scheduler/dynamic/holes/512,4,0.3861,process_peak_rss_bytes,16580608
scheduler,scheduler/dynamic/holes/512,4,0.3861,requests,132
scheduler,scheduler/dynamic/holes/512,4,0.3861,single_lease_requests,128
scheduler,scheduler/dynamic/holes/512,4,0.3861,total,0.38475
scheduler,scheduler/dynamic/holes/512,4,0.3861,truncated_requests,4
scheduler,scheduler/dynamic/holes/512,5,0.3804,boundary_scans,132
scheduler,scheduler/dynamic/holes/512,5,0.3804,candidate_slots,132
scheduler,scheduler/dynamic/holes/512,5,0.3804,cpu_ms,0.3820000000000004
scheduler,scheduler/dynamic/holes/512,5,0.3804,cpu_percent,100.41638627187089
scheduler,scheduler/dynamic/holes/512,5,0.3804,leases,384
scheduler,scheduler/dynamic/holes/512,5,0.3804,max_leases_per_request,64
scheduler,scheduler/dynamic/holes/512,5,0.3804,max_request_bytes,67108864
scheduler,scheduler/dynamic/holes/512,5,0.3804,micros_per_request,2.8718484848484853
scheduler,scheduler/dynamic/holes/512,5,0.3804,multi_lease_requests,4
scheduler,scheduler/dynamic/holes/512,5,0.3804,planned_bytes,402653184
scheduler,scheduler/dynamic/holes/512,5,0.3804,planned_ranges,138
scheduler,scheduler/dynamic/holes/512,5,0.3804,process_peak_rss_bytes,16580608
scheduler,scheduler/dynamic/holes/512,5,0.3804,requests,132
scheduler,scheduler/dynamic/holes/512,5,0.3804,single_lease_requests,128
scheduler,scheduler/dynamic/holes/512,5,0.3804,total,0.37908400000000003
scheduler,scheduler/dynamic/holes/512,5,0.3804,truncated_requests,4
scheduler,scheduler/dynamic/holes/512,6,0.3652,boundary_scans,132
scheduler,scheduler/dynamic/holes/512,6,0.3652,candidate_slots,132
scheduler,scheduler/dynamic/holes/512,6,0.3652,cpu_ms,0.3650000000000042
scheduler,scheduler/dynamic/holes/512,6,0.3652,cpu_percent,99.95426749952875
scheduler,scheduler/dynamic/holes/512,6,0.3652,leases,384
scheduler,scheduler/dynamic/holes/512,6,0.3652,max_leases_per_request,64
scheduler,scheduler/dynamic/holes/512,6,0.3652,max_request_bytes,67108864
scheduler,scheduler/dynamic/holes/512,6,0.3652,micros_per_request,2.756628787878788
scheduler,scheduler/dynamic/holes/512,6,0.3652,multi_lease_requests,4
scheduler,scheduler/dynamic/holes/512,6,0.3652,planned_bytes,402653184
scheduler,scheduler/dynamic/holes/512,6,0.3652,planned_ranges,138
scheduler,scheduler/dynamic/holes/512,6,0.3652,process_peak_rss_bytes,16580608
scheduler,scheduler/dynamic/holes/512,6,0.3652,requests,132
scheduler,scheduler/dynamic/holes/512,6,0.3652,single_lease_requests,128
scheduler,scheduler/dynamic/holes/512,6,0.3652,total,0.363875
scheduler,scheduler/dynamic/holes/512,6,0.3652,truncated_requests,4
scheduler,scheduler/dynamic/holes/512,7,0.3595,boundary_scans,132
scheduler,scheduler/dynamic/holes/512,7,0.3595,candidate_slots,132
scheduler,scheduler/dynamic/holes/512,7,0.3595,cpu_ms,0.3599999999999992
scheduler,scheduler/dynamic/holes/512,7,0.3595,cpu_percent,100.13908205841425
scheduler,scheduler/dynamic/holes/512,7,0.3595,leases,384
scheduler,scheduler/dynamic/holes/512,7,0.3595,max_leases_per_request,64
scheduler,scheduler/dynamic/holes/512,7,0.3595,max_request_bytes,67108864
scheduler,scheduler/dynamic/holes/512,7,0.3595,micros_per_request,2.7136969696969695
scheduler,scheduler/dynamic/holes/512,7,0.3595,multi_lease_requests,4
scheduler,scheduler/dynamic/holes/512,7,0.3595,planned_bytes,402653184
scheduler,scheduler/dynamic/holes/512,7,0.3595,planned_ranges,138
scheduler,scheduler/dynamic/holes/512,7,0.3595,process_peak_rss_bytes,16580608
scheduler,scheduler/dynamic/holes/512,7,0.3595,requests,132
scheduler,scheduler/dynamic/holes/512,7,0.3595,single_lease_requests,128
scheduler,scheduler/dynamic/holes/512,7,0.3595,total,0.35820799999999997
scheduler,scheduler/dynamic/holes/512,7,0.3595,truncated_requests,4
scheduler,scheduler/dynamic/holes/512,8,0.3612,boundary_scans,132
scheduler,scheduler/dynamic/holes/512,8,0.3612,candidate_slots,132
scheduler,scheduler/dynamic/holes/512,8,0.3612,cpu_ms,0.3610000000000002
scheduler,scheduler/dynamic/holes/512,8,0.3612,cpu_percent,99.94241545037768
scheduler,scheduler/dynamic/holes/512,8,0.3612,leases,384
scheduler,scheduler/dynamic/holes/512,8,0.3612,max_leases_per_request,64
scheduler,scheduler/dynamic/holes/512,8,0.3612,max_request_bytes,67108864
scheduler,scheduler/dynamic/holes/512,8,0.3612,micros_per_request,2.726325757575758
scheduler,scheduler/dynamic/holes/512,8,0.3612,multi_lease_requests,4
scheduler,scheduler/dynamic/holes/512,8,0.3612,planned_bytes,402653184
scheduler,scheduler/dynamic/holes/512,8,0.3612,planned_ranges,138
scheduler,scheduler/dynamic/holes/512,8,0.3612,process_peak_rss_bytes,16580608
scheduler,scheduler/dynamic/holes/512,8,0.3612,requests,132
scheduler,scheduler/dynamic/holes/512,8,0.3612,single_lease_requests,128
scheduler,scheduler/dynamic/holes/512,8,0.3612,total,0.359875
scheduler,scheduler/dynamic/holes/512,8,0.3612,truncated_requests,4
scheduler,scheduler/dynamic/holes/512,9,0.3662,boundary_scans,132
scheduler,scheduler/dynamic/holes/512,9,0.3662,candidate_slots,132
scheduler,scheduler/dynamic/holes/512,9,0.3662,cpu_ms,0.36599999999999827
scheduler,scheduler/dynamic/holes/512,9,0.3662,cpu_percent,99.931740614334
scheduler,scheduler/dynamic/holes/512,9,0.3662,leases,384
scheduler,scheduler/dynamic/holes/512,9,0.3662,max_leases_per_request,64
scheduler,scheduler/dynamic/holes/512,9,0.3662,max_request_bytes,67108864
scheduler,scheduler/dynamic/holes/512,9,0.3662,micros_per_request,2.7648333333333337
scheduler,scheduler/dynamic/holes/512,9,0.3662,multi_lease_requests,4
scheduler,scheduler/dynamic/holes/512,9,0.3662,planned_bytes,402653184
scheduler,scheduler/dynamic/holes/512,9,0.3662,planned_ranges,138
scheduler,scheduler/dynamic/holes/512,9,0.3662,process_peak_rss_bytes,16580608
scheduler,scheduler/dynamic/holes/512,9,0.3662,requests,132
scheduler,scheduler/dynamic/holes/512,9,0.3662,single_lease_requests,128
scheduler,scheduler/dynamic/holes/512,9,0.3662,total,0.364958
scheduler,scheduler/dynamic/holes/512,9,0.3662,truncated_requests,4
scheduler,scheduler/fixed/holes/512,0,0.1546,boundary_scans,192
scheduler,scheduler/fixed/holes/512,0,0.1546,candidate_slots,192
scheduler,scheduler/fixed/holes/512,0,0.1546,cpu_ms,0.15500000000000236
scheduler,scheduler/fixed/holes/512,0,0.1546,cpu_percent,100.24252223120605
scheduler,scheduler/fixed/holes/512,0,0.1546,leases,384
scheduler,scheduler/fixed/holes/512,0,0.1546,max_leases_per_request,4
scheduler,scheduler/fixed/holes/512,0,0.1546,max_request_bytes,4194304
scheduler,scheduler/fixed/holes/512,0,0.1546,micros_per_request,0.7970937499999998
scheduler,scheduler/fixed/holes/512,0,0.1546,multi_lease_requests,64
scheduler,scheduler/fixed/holes/512,0,0.1546,planned_bytes,402653184
scheduler,scheduler/fixed/holes/512,0,0.1546,planned_ranges,198
scheduler,scheduler/fixed/holes/512,0,0.1546,process_peak_rss_bytes,16580608
scheduler,scheduler/fixed/holes/512,0,0.1546,requests,192
scheduler,scheduler/fixed/holes/512,0,0.1546,single_lease_requests,128
scheduler,scheduler/fixed/holes/512,0,0.1546,total,0.15304199999999998
scheduler,scheduler/fixed/holes/512,0,0.1546,truncated_requests,192
scheduler,scheduler/fixed/holes/512,1,0.1509,boundary_scans,192
scheduler,scheduler/fixed/holes/512,1,0.1509,candidate_slots,192
scheduler,scheduler/fixed/holes/512,1,0.1509,cpu_ms,0.15199999999999936
scheduler,scheduler/fixed/holes/512,1,0.1509,cpu_percent,100.71761299257165
scheduler,scheduler/fixed/holes/512,1,0.1509,leases,384
scheduler,scheduler/fixed/holes/512,1,0.1509,max_leases_per_request,4
scheduler,scheduler/fixed/holes/512,1,0.1509,max_request_bytes,4194304
scheduler,scheduler/fixed/holes/512,1,0.1509,micros_per_request,0.7790781250000002
scheduler,scheduler/fixed/holes/512,1,0.1509,multi_lease_requests,64
scheduler,scheduler/fixed/holes/512,1,0.1509,planned_bytes,402653184
scheduler,scheduler/fixed/holes/512,1,0.1509,planned_ranges,198
scheduler,scheduler/fixed/holes/512,1,0.1509,process_peak_rss_bytes,16580608
scheduler,scheduler/fixed/holes/512,1,0.1509,requests,192
scheduler,scheduler/fixed/holes/512,1,0.1509,single_lease_requests,128
scheduler,scheduler/fixed/holes/512,1,0.1509,total,0.14958300000000002
scheduler,scheduler/fixed/holes/512,1,0.1509,truncated_requests,192
scheduler,scheduler/fixed/holes/512,2,0.1504,boundary_scans,192
scheduler,scheduler/fixed/holes/512,2,0.1504,candidate_slots,192
scheduler,scheduler/fixed/holes/512,2,0.1504,cpu_ms,0.15199999999999936
scheduler,scheduler/fixed/holes/512,2,0.1504,cpu_percent,101.08063175394803
scheduler,scheduler/fixed/holes/512,2,0.1504,leases,384
scheduler,scheduler/fixed/holes/512,2,0.1504,max_leases_per_request,4
scheduler,scheduler/fixed/holes/512,2,0.1504,max_request_bytes,4194304
scheduler,scheduler/fixed/holes/512,2,0.1504,micros_per_request,0.7758229166666667
scheduler,scheduler/fixed/holes/512,2,0.1504,multi_lease_requests,64
scheduler,scheduler/fixed/holes/512,2,0.1504,planned_bytes,402653184
scheduler,scheduler/fixed/holes/512,2,0.1504,planned_ranges,198
scheduler,scheduler/fixed/holes/512,2,0.1504,process_peak_rss_bytes,16580608
scheduler,scheduler/fixed/holes/512,2,0.1504,requests,192
scheduler,scheduler/fixed/holes/512,2,0.1504,single_lease_requests,128
scheduler,scheduler/fixed/holes/512,2,0.1504,total,0.148958
scheduler,scheduler/fixed/holes/512,2,0.1504,truncated_requests,192
scheduler,scheduler/fixed/holes/512,3,0.1497,boundary_scans,192
scheduler,scheduler/fixed/holes/512,3,0.1497,candidate_slots,192
scheduler,scheduler/fixed/holes/512,3,0.1497,cpu_ms,0.15099999999999836
scheduler,scheduler/fixed/holes/512,3,0.1497,cpu_percent,100.86233960550024
scheduler,scheduler/fixed/holes/512,3,0.1497,leases,384
scheduler,scheduler/fixed/holes/512,3,0.1497,max_leases_per_request,4
scheduler,scheduler/fixed/holes/512,3,0.1497,max_request_bytes,4194304
scheduler,scheduler/fixed/holes/512,3,0.1497,micros_per_request,0.7727864583333331
scheduler,scheduler/fixed/holes/512,3,0.1497,multi_lease_requests,64
scheduler,scheduler/fixed/holes/512,3,0.1497,planned_bytes,402653184
scheduler,scheduler/fixed/holes/512,3,0.1497,planned_ranges,198
scheduler,scheduler/fixed/holes/512,3,0.1497,process_peak_rss_bytes,16580608
scheduler,scheduler/fixed/holes/512,3,0.1497,requests,192
scheduler,scheduler/fixed/holes/512,3,0.1497,single_lease_requests,128
scheduler,scheduler/fixed/holes/512,3,0.1497,total,0.14837499999999998
scheduler,scheduler/fixed/holes/512,3,0.1497,truncated_requests,192
scheduler,scheduler/fixed/holes/512,4,0.1511,boundary_scans,192
scheduler,scheduler/fixed/holes/512,4,0.1511,candidate_slots,192
scheduler,scheduler/fixed/holes/512,4,0.1511,cpu_ms,0.15199999999999936
scheduler,scheduler/fixed/holes/512,4,0.1511,cpu_percent,100.57899090157112
scheduler,scheduler/fixed/holes/512,4,0.1511,leases,384
scheduler,scheduler/fixed/holes/512,4,0.1511,max_leases_per_request,4
scheduler,scheduler/fixed/holes/512,4,0.1511,max_request_bytes,4194304
scheduler,scheduler/fixed/holes/512,4,0.1511,micros_per_request,0.779734375
scheduler,scheduler/fixed/holes/512,4,0.1511,multi_lease_requests,64
scheduler,scheduler/fixed/holes/512,4,0.1511,planned_bytes,402653184
scheduler,scheduler/fixed/holes/512,4,0.1511,planned_ranges,198
scheduler,scheduler/fixed/holes/512,4,0.1511,process_peak_rss_bytes,16580608
scheduler,scheduler/fixed/holes/512,4,0.1511,requests,192
scheduler,scheduler/fixed/holes/512,4,0.1511,single_lease_requests,128
scheduler,scheduler/fixed/holes/512,4,0.1511,total,0.149709
scheduler,scheduler/fixed/holes/512,4,0.1511,truncated_requests,192
scheduler,scheduler/fixed/holes/512,5,0.1531,boundary_scans,192
scheduler,scheduler/fixed/holes/512,5,0.1531,candidate_slots,192
scheduler,scheduler/fixed/holes/512,5,0.1531,cpu_ms,0.15400000000000136
scheduler,scheduler/fixed/holes/512,5,0.1531,cpu_percent,100.57142857142946
scheduler,scheduler/fixed/holes/512,5,0.1531,leases,384
scheduler,scheduler/fixed/holes/512,5,0.1531,max_leases_per_request,4
scheduler,scheduler/fixed/holes/512,5,0.1531,max_request_bytes,4194304
scheduler,scheduler/fixed/holes/512,5,0.1531,micros_per_request,0.78103125
scheduler,scheduler/fixed/holes/512,5,0.1531,multi_lease_requests,64
scheduler,scheduler/fixed/holes/512,5,0.1531,planned_bytes,402653184
scheduler,scheduler/fixed/holes/512,5,0.1531,planned_ranges,198
scheduler,scheduler/fixed/holes/512,5,0.1531,process_peak_rss_bytes,16596992
scheduler,scheduler/fixed/holes/512,5,0.1531,requests,192
scheduler,scheduler/fixed/holes/512,5,0.1531,single_lease_requests,128
scheduler,scheduler/fixed/holes/512,5,0.1531,total,0.149958
scheduler,scheduler/fixed/holes/512,5,0.1531,truncated_requests,192
scheduler,scheduler/fixed/holes/512,6,0.1515,boundary_scans,192
scheduler,scheduler/fixed/holes/512,6,0.1515,candidate_slots,192
scheduler,scheduler/fixed/holes/512,6,0.1515,cpu_ms,0.15300000000000036
scheduler,scheduler/fixed/holes/512,6,0.1515,cpu_percent,100.96277575045723
scheduler,scheduler/fixed/holes/512,6,0.1515,leases,384
scheduler,scheduler/fixed/holes/512,6,0.1515,max_leases_per_request,4
scheduler,scheduler/fixed/holes/512,6,0.1515,max_request_bytes,4194304
scheduler,scheduler/fixed/holes/512,6,0.1515,micros_per_request,0.7825520833333334
scheduler,scheduler/fixed/holes/512,6,0.1515,multi_lease_requests,64
scheduler,scheduler/fixed/holes/512,6,0.1515,planned_bytes,402653184
scheduler,scheduler/fixed/holes/512,6,0.1515,planned_ranges,198
scheduler,scheduler/fixed/holes/512,6,0.1515,process_peak_rss_bytes,16596992
scheduler,scheduler/fixed/holes/512,6,0.1515,requests,192
scheduler,scheduler/fixed/holes/512,6,0.1515,single_lease_requests,128
scheduler,scheduler/fixed/holes/512,6,0.1515,total,0.15025
scheduler,scheduler/fixed/holes/512,6,0.1515,truncated_requests,192
scheduler,scheduler/fixed/holes/512,7,0.1507,boundary_scans,192
scheduler,scheduler/fixed/holes/512,7,0.1507,candidate_slots,192
scheduler,scheduler/fixed/holes/512,7,0.1507,cpu_ms,0.15099999999999836
scheduler,scheduler/fixed/holes/512,7,0.1507,cpu_percent,100.22101721013783
scheduler,scheduler/fixed/holes/512,7,0.1507,leases,384
scheduler,scheduler/fixed/holes/512,7,0.1507,max_leases_per_request,4
scheduler,scheduler/fixed/holes/512,7,0.1507,max_request_bytes,4194304
scheduler,scheduler/fixed/holes/512,7,0.1507,micros_per_request,0.7777760416666667
scheduler,scheduler/fixed/holes/512,7,0.1507,multi_lease_requests,64
scheduler,scheduler/fixed/holes/512,7,0.1507,planned_bytes,402653184
scheduler,scheduler/fixed/holes/512,7,0.1507,planned_ranges,198
scheduler,scheduler/fixed/holes/512,7,0.1507,process_peak_rss_bytes,16596992
scheduler,scheduler/fixed/holes/512,7,0.1507,requests,192
scheduler,scheduler/fixed/holes/512,7,0.1507,single_lease_requests,128
scheduler,scheduler/fixed/holes/512,7,0.1507,total,0.149333
scheduler,scheduler/fixed/holes/512,7,0.1507,truncated_requests,192
scheduler,scheduler/fixed/holes/512,8,0.1511,boundary_scans,192
scheduler,scheduler/fixed/holes/512,8,0.1511,candidate_slots,192
scheduler,scheduler/fixed/holes/512,8,0.1511,cpu_ms,0.15099999999999836
scheduler,scheduler/fixed/holes/512,8,0.1511,cpu_percent,99.91728701406012
scheduler,scheduler/fixed/holes/512,8,0.1511,leases,384
scheduler,scheduler/fixed/holes/512,8,0.1511,max_leases_per_request,4
scheduler,scheduler/fixed/holes/512,8,0.1511,max_request_bytes,4194304
scheduler,scheduler/fixed/holes/512,8,0.1511,micros_per_request,0.7801666666666666
scheduler,scheduler/fixed/holes/512,8,0.1511,multi_lease_requests,64
scheduler,scheduler/fixed/holes/512,8,0.1511,planned_bytes,402653184
scheduler,scheduler/fixed/holes/512,8,0.1511,planned_ranges,198
scheduler,scheduler/fixed/holes/512,8,0.1511,process_peak_rss_bytes,16596992
scheduler,scheduler/fixed/holes/512,8,0.1511,requests,192
scheduler,scheduler/fixed/holes/512,8,0.1511,single_lease_requests,128
scheduler,scheduler/fixed/holes/512,8,0.1511,total,0.14979199999999998
scheduler,scheduler/fixed/holes/512,8,0.1511,truncated_requests,192
scheduler,scheduler/fixed/holes/512,9,0.1498,boundary_scans,192
scheduler,scheduler/fixed/holes/512,9,0.1498,candidate_slots,192
scheduler,scheduler/fixed/holes/512,9,0.1498,cpu_ms,0.1500000000000043
scheduler,scheduler/fixed/holes/512,9,0.1498,cpu_percent,100.11145742260003
scheduler,scheduler/fixed/holes/512,9,0.1498,leases,384
scheduler,scheduler/fixed/holes/512,9,0.1498,max_leases_per_request,4
scheduler,scheduler/fixed/holes/512,9,0.1498,max_request_bytes,4194304
scheduler,scheduler/fixed/holes/512,9,0.1498,micros_per_request,0.7738697916666668
scheduler,scheduler/fixed/holes/512,9,0.1498,multi_lease_requests,64
scheduler,scheduler/fixed/holes/512,9,0.1498,planned_bytes,402653184
scheduler,scheduler/fixed/holes/512,9,0.1498,planned_ranges,198
scheduler,scheduler/fixed/holes/512,9,0.1498,process_peak_rss_bytes,16596992
scheduler,scheduler/fixed/holes/512,9,0.1498,requests,192
scheduler,scheduler/fixed/holes/512,9,0.1498,single_lease_requests,128
scheduler,scheduler/fixed/holes/512,9,0.1498,total,0.14858300000000002
scheduler,scheduler/fixed/holes/512,9,0.1498,truncated_requests,192
scheduler,scheduler/dynamic/resumed_suffix/512,0,0.0732,boundary_scans,6
scheduler,scheduler/dynamic/resumed_suffix/512,0,0.0732,candidate_slots,12
scheduler,scheduler/dynamic/resumed_suffix/512,0,0.0732,cpu_ms,0.07300000000000362
scheduler,scheduler/dynamic/resumed_suffix/512,0,0.0732,cpu_percent,99.71587804612012
scheduler,scheduler/dynamic/resumed_suffix/512,0,0.0732,leases,383
scheduler,scheduler/dynamic/resumed_suffix/512,0,0.0732,max_leases_per_request,64
scheduler,scheduler/dynamic/resumed_suffix/512,0,0.0732,max_request_bytes,67108864
scheduler,scheduler/dynamic/resumed_suffix/512,0,0.0732,micros_per_request,11.958333333333334
scheduler,scheduler/dynamic/resumed_suffix/512,0,0.0732,multi_lease_requests,6
scheduler,scheduler/dynamic/resumed_suffix/512,0,0.0732,planned_bytes,401604608
scheduler,scheduler/dynamic/resumed_suffix/512,0,0.0732,planned_ranges,12
scheduler,scheduler/dynamic/resumed_suffix/512,0,0.0732,process_peak_rss_bytes,16596992
scheduler,scheduler/dynamic/resumed_suffix/512,0,0.0732,requests,6
scheduler,scheduler/dynamic/resumed_suffix/512,0,0.0732,single_lease_requests,0
scheduler,scheduler/dynamic/resumed_suffix/512,0,0.0732,total,0.07175
scheduler,scheduler/dynamic/resumed_suffix/512,0,0.0732,truncated_requests,5
scheduler,scheduler/dynamic/resumed_suffix/512,1,0.0759,boundary_scans,6
scheduler,scheduler/dynamic/resumed_suffix/512,1,0.0759,candidate_slots,12
scheduler,scheduler/dynamic/resumed_suffix/512,1,0.0759,cpu_ms,0.07599999999999968
scheduler,scheduler/dynamic/resumed_suffix/512,1,0.0759,cpu_percent,100.16474464579859
scheduler,scheduler/dynamic/resumed_suffix/512,1,0.0759,leases,383
scheduler,scheduler/dynamic/resumed_suffix/512,1,0.0759,max_leases_per_request,64
scheduler,scheduler/dynamic/resumed_suffix/512,1,0.0759,max_request_bytes,67108864
scheduler,scheduler/dynamic/resumed_suffix/512,1,0.0759,micros_per_request,12.430666666666667
scheduler,scheduler/dynamic/resumed_suffix/512,1,0.0759,multi_lease_requests,6
scheduler,scheduler/dynamic/resumed_suffix/512,1,0.0759,planned_bytes,401604608
scheduler,scheduler/dynamic/resumed_suffix/512,1,0.0759,planned_ranges,12
scheduler,scheduler/dynamic/resumed_suffix/512,1,0.0759,process_peak_rss_bytes,16596992
scheduler,scheduler/dynamic/resumed_suffix/512,1,0.0759,requests,6
scheduler,scheduler/dynamic/resumed_suffix/512,1,0.0759,single_lease_requests,0
scheduler,scheduler/dynamic/resumed_suffix/512,1,0.0759,total,0.074584
scheduler,scheduler/dynamic/resumed_suffix/512,1,0.0759,truncated_requests,5
scheduler,scheduler/dynamic/resumed_suffix/512,2,0.0689,boundary_scans,6
scheduler,scheduler/dynamic/resumed_suffix/512,2,0.0689,candidate_slots,12
scheduler,scheduler/dynamic/resumed_suffix/512,2,0.0689,cpu_ms,0.06899999999999962
scheduler,scheduler/dynamic/resumed_suffix/512,2,0.0689,cpu_percent,100.12043472582906
scheduler,scheduler/dynamic/resumed_suffix/512,2,0.0689,leases,383
scheduler,scheduler/dynamic/resumed_suffix/512,2,0.0689,max_leases_per_request,64
scheduler,scheduler/dynamic/resumed_suffix/512,2,0.0689,max_request_bytes,67108864
scheduler,scheduler/dynamic/resumed_suffix/512,2,0.0689,micros_per_request,10.951333333333332
scheduler,scheduler/dynamic/resumed_suffix/512,2,0.0689,multi_lease_requests,6
scheduler,scheduler/dynamic/resumed_suffix/512,2,0.0689,planned_bytes,401604608
scheduler,scheduler/dynamic/resumed_suffix/512,2,0.0689,planned_ranges,12
scheduler,scheduler/dynamic/resumed_suffix/512,2,0.0689,process_peak_rss_bytes,16613376
scheduler,scheduler/dynamic/resumed_suffix/512,2,0.0689,requests,6
scheduler,scheduler/dynamic/resumed_suffix/512,2,0.0689,single_lease_requests,0
scheduler,scheduler/dynamic/resumed_suffix/512,2,0.0689,total,0.065708
scheduler,scheduler/dynamic/resumed_suffix/512,2,0.0689,truncated_requests,5
scheduler,scheduler/dynamic/resumed_suffix/512,3,0.0670,boundary_scans,6
scheduler,scheduler/dynamic/resumed_suffix/512,3,0.0670,candidate_slots,12
scheduler,scheduler/dynamic/resumed_suffix/512,3,0.0670,cpu_ms,0.06699999999999762
scheduler,scheduler/dynamic/resumed_suffix/512,3,0.0670,cpu_percent,99.93884339433721
scheduler,scheduler/dynamic/resumed_suffix/512,3,0.0670,leases,383
scheduler,scheduler/dynamic/resumed_suffix/512,3,0.0670,max_leases_per_request,64
scheduler,scheduler/dynamic/resumed_suffix/512,3,0.0670,max_request_bytes,67108864
scheduler,scheduler/dynamic/resumed_suffix/512,3,0.0670,micros_per_request,10.958333333333334
scheduler,scheduler/dynamic/resumed_suffix/512,3,0.0670,multi_lease_requests,6
scheduler,scheduler/dynamic/resumed_suffix/512,3,0.0670,planned_bytes,401604608
scheduler,scheduler/dynamic/resumed_suffix/512,3,0.0670,planned_ranges,12
scheduler,scheduler/dynamic/resumed_suffix/512,3,0.0670,process_peak_rss_bytes,16613376
scheduler,scheduler/dynamic/resumed_suffix/512,3,0.0670,requests,6
scheduler,scheduler/dynamic/resumed_suffix/512,3,0.0670,single_lease_requests,0
scheduler,scheduler/dynamic/resumed_suffix/512,3,0.0670,total,0.06575
scheduler,scheduler/dynamic/resumed_suffix/512,3,0.0670,truncated_requests,5
scheduler,scheduler/dynamic/resumed_suffix/512,4,0.0900,boundary_scans,6
scheduler,scheduler/dynamic/resumed_suffix/512,4,0.0900,candidate_slots,12
scheduler,scheduler/dynamic/resumed_suffix/512,4,0.0900,cpu_ms,0.08099999999999774
scheduler,scheduler/dynamic/resumed_suffix/512,4,0.0900,cpu_percent,90.04101868628791
scheduler,scheduler/dynamic/resumed_suffix/512,4,0.0900,leases,383
scheduler,scheduler/dynamic/resumed_suffix/512,4,0.0900,max_leases_per_request,64
scheduler,scheduler/dynamic/resumed_suffix/512,4,0.0900,max_request_bytes,67108864
scheduler,scheduler/dynamic/resumed_suffix/512,4,0.0900,micros_per_request,14.388833333333336
scheduler,scheduler/dynamic/resumed_suffix/512,4,0.0900,multi_lease_requests,6
scheduler,scheduler/dynamic/resumed_suffix/512,4,0.0900,planned_bytes,401604608
scheduler,scheduler/dynamic/resumed_suffix/512,4,0.0900,planned_ranges,12
scheduler,scheduler/dynamic/resumed_suffix/512,4,0.0900,process_peak_rss_bytes,16613376
scheduler,scheduler/dynamic/resumed_suffix/512,4,0.0900,requests,6
scheduler,scheduler/dynamic/resumed_suffix/512,4,0.0900,single_lease_requests,0
scheduler,scheduler/dynamic/resumed_suffix/512,4,0.0900,total,0.08633300000000001
scheduler,scheduler/dynamic/resumed_suffix/512,4,0.0900,truncated_requests,5
scheduler,scheduler/dynamic/resumed_suffix/512,5,0.0804,boundary_scans,6
scheduler,scheduler/dynamic/resumed_suffix/512,5,0.0804,candidate_slots,12
scheduler,scheduler/dynamic/resumed_suffix/512,5,0.0804,cpu_ms,0.08099999999999774
scheduler,scheduler/dynamic/resumed_suffix/512,5,0.0804,cpu_percent,100.72497108819994
scheduler,scheduler/dynamic/resumed_suffix/512,5,0.0804,leases,383
scheduler,scheduler/dynamic/resumed_suffix/512,5,0.0804,max_leases_per_request,64
scheduler,scheduler/dynamic/resumed_suffix/512,5,0.0804,max_request_bytes,67108864
scheduler,scheduler/dynamic/resumed_suffix/512,5,0.0804,micros_per_request,13.034666666666666
scheduler,scheduler/dynamic/resumed_suffix/512,5,0.0804,multi_lease_requests,6
scheduler,scheduler/dynamic/resumed_suffix/512,5,0.0804,planned_bytes,401604608
scheduler,scheduler/dynamic/resumed_suffix/512,5,0.0804,planned_ranges,12
scheduler,scheduler/dynamic/resumed_suffix/512,5,0.0804,process_peak_rss_bytes,16613376
scheduler,scheduler/dynamic/resumed_suffix/512,5,0.0804,requests,6
scheduler,scheduler/dynamic/resumed_suffix/512,5,0.0804,single_lease_requests,0
scheduler,scheduler/dynamic/resumed_suffix/512,5,0.0804,total,0.078208
scheduler,scheduler/dynamic/resumed_suffix/512,5,0.0804,truncated_requests,5
scheduler,scheduler/dynamic/resumed_suffix/512,6,0.0727,boundary_scans,6
scheduler,scheduler/dynamic/resumed_suffix/512,6,0.0727,candidate_slots,12
scheduler,scheduler/dynamic/resumed_suffix/512,6,0.0727,cpu_ms,0.07200000000000262
scheduler,scheduler/dynamic/resumed_suffix/512,6,0.0727,cpu_percent,99.02624195412146
scheduler,scheduler/dynamic/resumed_suffix/512,6,0.0727,leases,383
scheduler,scheduler/dynamic/resumed_suffix/512,6,0.0727,max_leases_per_request,64
scheduler,scheduler/dynamic/resumed_suffix/512,6,0.0727,max_request_bytes,67108864
scheduler,scheduler/dynamic/resumed_suffix/512,6,0.0727,micros_per_request,11.854166666666666
scheduler,scheduler/dynamic/resumed_suffix/512,6,0.0727,multi_lease_requests,6
scheduler,scheduler/dynamic/resumed_suffix/512,6,0.0727,planned_bytes,401604608
scheduler,scheduler/dynamic/resumed_suffix/512,6,0.0727,planned_ranges,12
scheduler,scheduler/dynamic/resumed_suffix/512,6,0.0727,process_peak_rss_bytes,16613376
scheduler,scheduler/dynamic/resumed_suffix/512,6,0.0727,requests,6
scheduler,scheduler/dynamic/resumed_suffix/512,6,0.0727,single_lease_requests,0
scheduler,scheduler/dynamic/resumed_suffix/512,6,0.0727,total,0.071125
scheduler,scheduler/dynamic/resumed_suffix/512,6,0.0727,truncated_requests,5
scheduler,scheduler/dynamic/resumed_suffix/512,7,0.1244,boundary_scans,6
scheduler,scheduler/dynamic/resumed_suffix/512,7,0.1244,candidate_slots,12
scheduler,scheduler/dynamic/resumed_suffix/512,7,0.1244,cpu_ms,0.11000000000000593
scheduler,scheduler/dynamic/resumed_suffix/512,7,0.1244,cpu_percent,88.44221105528115
scheduler,scheduler/dynamic/resumed_suffix/512,7,0.1244,leases,383
scheduler,scheduler/dynamic/resumed_suffix/512,7,0.1244,max_leases_per_request,64
scheduler,scheduler/dynamic/resumed_suffix/512,7,0.1244,max_request_bytes,67108864
scheduler,scheduler/dynamic/resumed_suffix/512,7,0.1244,micros_per_request,20.42366666666667
scheduler,scheduler/dynamic/resumed_suffix/512,7,0.1244,multi_lease_requests,6
scheduler,scheduler/dynamic/resumed_suffix/512,7,0.1244,planned_bytes,401604608
scheduler,scheduler/dynamic/resumed_suffix/512,7,0.1244,planned_ranges,12
scheduler,scheduler/dynamic/resumed_suffix/512,7,0.1244,process_peak_rss_bytes,16613376
scheduler,scheduler/dynamic/resumed_suffix/512,7,0.1244,requests,6
scheduler,scheduler/dynamic/resumed_suffix/512,7,0.1244,single_lease_requests,0
scheduler,scheduler/dynamic/resumed_suffix/512,7,0.1244,total,0.12254200000000001
scheduler,scheduler/dynamic/resumed_suffix/512,7,0.1244,truncated_requests,5
scheduler,scheduler/dynamic/resumed_suffix/512,8,0.1241,boundary_scans,6
scheduler,scheduler/dynamic/resumed_suffix/512,8,0.1241,candidate_slots,12
scheduler,scheduler/dynamic/resumed_suffix/512,8,0.1241,cpu_ms,0.10299999999999893
scheduler,scheduler/dynamic/resumed_suffix/512,8,0.1241,cpu_percent,82.98086606243619
scheduler,scheduler/dynamic/resumed_suffix/512,8,0.1241,leases,383
scheduler,scheduler/dynamic/resumed_suffix/512,8,0.1241,max_leases_per_request,64
scheduler,scheduler/dynamic/resumed_suffix/512,8,0.1241,max_request_bytes,67108864
scheduler,scheduler/dynamic/resumed_suffix/512,8,0.1241,micros_per_request,18.458333333333332
scheduler,scheduler/dynamic/resumed_suffix/512,8,0.1241,multi_lease_requests,6
scheduler,scheduler/dynamic/resumed_suffix/512,8,0.1241,planned_bytes,401604608
scheduler,scheduler/dynamic/resumed_suffix/512,8,0.1241,planned_ranges,12
scheduler,scheduler/dynamic/resumed_suffix/512,8,0.1241,process_peak_rss_bytes,16613376
scheduler,scheduler/dynamic/resumed_suffix/512,8,0.1241,requests,6
scheduler,scheduler/dynamic/resumed_suffix/512,8,0.1241,single_lease_requests,0
scheduler,scheduler/dynamic/resumed_suffix/512,8,0.1241,total,0.11075
scheduler,scheduler/dynamic/resumed_suffix/512,8,0.1241,truncated_requests,5
scheduler,scheduler/dynamic/resumed_suffix/512,9,0.1057,boundary_scans,6
scheduler,scheduler/dynamic/resumed_suffix/512,9,0.1057,candidate_slots,12
scheduler,scheduler/dynamic/resumed_suffix/512,9,0.1057,cpu_ms,0.09299999999999586
scheduler,scheduler/dynamic/resumed_suffix/512,9,0.1057,cpu_percent,87.94326241134361
scheduler,scheduler/dynamic/resumed_suffix/512,9,0.1057,leases,383
scheduler,scheduler/dynamic/resumed_suffix/512,9,0.1057,max_leases_per_request,64
scheduler,scheduler/dynamic/resumed_suffix/512,9,0.1057,max_request_bytes,67108864
scheduler,scheduler/dynamic/resumed_suffix/512,9,0.1057,micros_per_request,17.013833333333334
scheduler,scheduler/dynamic/resumed_suffix/512,9,0.1057,multi_lease_requests,6
scheduler,scheduler/dynamic/resumed_suffix/512,9,0.1057,planned_bytes,401604608
scheduler,scheduler/dynamic/resumed_suffix/512,9,0.1057,planned_ranges,12
scheduler,scheduler/dynamic/resumed_suffix/512,9,0.1057,process_peak_rss_bytes,16613376
scheduler,scheduler/dynamic/resumed_suffix/512,9,0.1057,requests,6
scheduler,scheduler/dynamic/resumed_suffix/512,9,0.1057,single_lease_requests,0
scheduler,scheduler/dynamic/resumed_suffix/512,9,0.1057,total,0.10208300000000001
scheduler,scheduler/dynamic/resumed_suffix/512,9,0.1057,truncated_requests,5
scheduler,scheduler/fixed/resumed_suffix/512,0,0.2690,boundary_scans,96
scheduler,scheduler/fixed/resumed_suffix/512,0,0.2690,candidate_slots,96
scheduler,scheduler/fixed/resumed_suffix/512,0,0.2690,cpu_ms,0.2649999999999944
scheduler,scheduler/fixed/resumed_suffix/512,0,0.2690,cpu_percent,98.5130111524143
scheduler,scheduler/fixed/resumed_suffix/512,0,0.2690,leases,383
scheduler,scheduler/fixed/resumed_suffix/512,0,0.2690,max_leases_per_request,4
scheduler,scheduler/fixed/resumed_suffix/512,0,0.2690,max_request_bytes,4194304
scheduler,scheduler/fixed/resumed_suffix/512,0,0.2690,micros_per_request,2.7747395833333335
scheduler,scheduler/fixed/resumed_suffix/512,0,0.2690,multi_lease_requests,96
scheduler,scheduler/fixed/resumed_suffix/512,0,0.2690,planned_bytes,401604608
scheduler,scheduler/fixed/resumed_suffix/512,0,0.2690,planned_ranges,102
scheduler,scheduler/fixed/resumed_suffix/512,0,0.2690,process_peak_rss_bytes,16613376
scheduler,scheduler/fixed/resumed_suffix/512,0,0.2690,requests,96
scheduler,scheduler/fixed/resumed_suffix/512,0,0.2690,single_lease_requests,0
scheduler,scheduler/fixed/resumed_suffix/512,0,0.2690,total,0.26637500000000003
scheduler,scheduler/fixed/resumed_suffix/512,0,0.2690,truncated_requests,96
scheduler,scheduler/fixed/resumed_suffix/512,1,0.2269,boundary_scans,96
scheduler,scheduler/fixed/resumed_suffix/512,1,0.2269,candidate_slots,96
scheduler,scheduler/fixed/resumed_suffix/512,1,0.2269,cpu_ms,0.22699999999999804
scheduler,scheduler/fixed/resumed_suffix/512,1,0.2269,cpu_percent,100.03657725071194
scheduler,scheduler/fixed/resumed_suffix/512,1,0.2269,leases,383
scheduler,scheduler/fixed/resumed_suffix/512,1,0.2269,max_leases_per_request,4
scheduler,scheduler/fixed/resumed_suffix/512,1,0.2269,max_request_bytes,4194304
scheduler,scheduler/fixed/resumed_suffix/512,1,0.2269,micros_per_request,2.3489583333333335
scheduler,scheduler/fixed/resumed_suffix/512,1,0.2269,multi_lease_requests,96
scheduler,scheduler/fixed/resumed_suffix/512,1,0.2269,planned_bytes,401604608
scheduler,scheduler/fixed/resumed_suffix/512,1,0.2269,planned_ranges,102
scheduler,scheduler/fixed/resumed_suffix/512,1,0.2269,process_peak_rss_bytes,16613376
scheduler,scheduler/fixed/resumed_suffix/512,1,0.2269,requests,96
scheduler,scheduler/fixed/resumed_suffix/512,1,0.2269,single_lease_requests,0
scheduler,scheduler/fixed/resumed_suffix/512,1,0.2269,total,0.2255
scheduler,scheduler/fixed/resumed_suffix/512,1,0.2269,truncated_requests,96
scheduler,scheduler/fixed/resumed_suffix/512,2,0.2145,boundary_scans,96
scheduler,scheduler/fixed/resumed_suffix/512,2,0.2145,candidate_slots,96
scheduler,scheduler/fixed/resumed_suffix/512,2,0.2145,cpu_ms,0.2160000000000009
scheduler,scheduler/fixed/resumed_suffix/512,2,0.2145,cpu_percent,100.71902190638768
scheduler,scheduler/fixed/resumed_suffix/512,2,0.2145,leases,383
scheduler,scheduler/fixed/resumed_suffix/512,2,0.2145,max_leases_per_request,4
scheduler,scheduler/fixed/resumed_suffix/512,2,0.2145,max_request_bytes,4194304
scheduler,scheduler/fixed/resumed_suffix/512,2,0.2145,micros_per_request,2.2209166666666667
scheduler,scheduler/fixed/resumed_suffix/512,2,0.2145,multi_lease_requests,96
scheduler,scheduler/fixed/resumed_suffix/512,2,0.2145,planned_bytes,401604608
scheduler,scheduler/fixed/resumed_suffix/512,2,0.2145,planned_ranges,102
scheduler,scheduler/fixed/resumed_suffix/512,2,0.2145,process_peak_rss_bytes,16613376
scheduler,scheduler/fixed/resumed_suffix/512,2,0.2145,requests,96
scheduler,scheduler/fixed/resumed_suffix/512,2,0.2145,single_lease_requests,0
scheduler,scheduler/fixed/resumed_suffix/512,2,0.2145,total,0.213208
scheduler,scheduler/fixed/resumed_suffix/512,2,0.2145,truncated_requests,96
scheduler,scheduler/fixed/resumed_suffix/512,3,0.2385,boundary_scans,96
scheduler,scheduler/fixed/resumed_suffix/512,3,0.2385,candidate_slots,96
scheduler,scheduler/fixed/resumed_suffix/512,3,0.2385,cpu_ms,0.2319999999999961
scheduler,scheduler/fixed/resumed_suffix/512,3,0.2385,cpu_percent,97.29135826284438
scheduler,scheduler/fixed/resumed_suffix/512,3,0.2385,leases,383
scheduler,scheduler/fixed/resumed_suffix/512,3,0.2385,max_leases_per_request,4
scheduler,scheduler/fixed/resumed_suffix/512,3,0.2385,max_request_bytes,4194304
scheduler,scheduler/fixed/resumed_suffix/512,3,0.2385,micros_per_request,2.4466145833333335
scheduler,scheduler/fixed/resumed_suffix/512,3,0.2385,multi_lease_requests,96
scheduler,scheduler/fixed/resumed_suffix/512,3,0.2385,planned_bytes,401604608
scheduler,scheduler/fixed/resumed_suffix/512,3,0.2385,planned_ranges,102
scheduler,scheduler/fixed/resumed_suffix/512,3,0.2385,process_peak_rss_bytes,16613376
scheduler,scheduler/fixed/resumed_suffix/512,3,0.2385,requests,96
scheduler,scheduler/fixed/resumed_suffix/512,3,0.2385,single_lease_requests,0
scheduler,scheduler/fixed/resumed_suffix/512,3,0.2385,total,0.234875
scheduler,scheduler/fixed/resumed_suffix/512,3,0.2385,truncated_requests,96
scheduler,scheduler/fixed/resumed_suffix/512,4,0.2267,boundary_scans,96
scheduler,scheduler/fixed/resumed_suffix/512,4,0.2267,candidate_slots,96
scheduler,scheduler/fixed/resumed_suffix/512,4,0.2267,cpu_ms,0.22799999999999904
scheduler,scheduler/fixed/resumed_suffix/512,4,0.2267,cpu_percent,100.58853114273825
scheduler,scheduler/fixed/resumed_suffix/512,4,0.2267,leases,383
scheduler,scheduler/fixed/resumed_suffix/512,4,0.2267,max_leases_per_request,4
scheduler,scheduler/fixed/resumed_suffix/512,4,0.2267,max_request_bytes,4194304
scheduler,scheduler/fixed/resumed_suffix/512,4,0.2267,micros_per_request,2.306864583333333
scheduler,scheduler/fixed/resumed_suffix/512,4,0.2267,multi_lease_requests,96
scheduler,scheduler/fixed/resumed_suffix/512,4,0.2267,planned_bytes,401604608
scheduler,scheduler/fixed/resumed_suffix/512,4,0.2267,planned_ranges,102
scheduler,scheduler/fixed/resumed_suffix/512,4,0.2267,process_peak_rss_bytes,16629760
scheduler,scheduler/fixed/resumed_suffix/512,4,0.2267,requests,96
scheduler,scheduler/fixed/resumed_suffix/512,4,0.2267,single_lease_requests,0
scheduler,scheduler/fixed/resumed_suffix/512,4,0.2267,total,0.221459
scheduler,scheduler/fixed/resumed_suffix/512,4,0.2267,truncated_requests,96
scheduler,scheduler/fixed/resumed_suffix/512,5,0.2165,boundary_scans,96
scheduler,scheduler/fixed/resumed_suffix/512,5,0.2165,candidate_slots,96
scheduler,scheduler/fixed/resumed_suffix/512,5,0.2165,cpu_ms,0.2170000000000019
scheduler,scheduler/fixed/resumed_suffix/512,5,0.2165,cpu_percent,100.25039499579684
scheduler,scheduler/fixed/resumed_suffix/512,5,0.2165,leases,383
scheduler,scheduler/fixed/resumed_suffix/512,5,0.2165,max_leases_per_request,4
scheduler,scheduler/fixed/resumed_suffix/512,5,0.2165,max_request_bytes,4194304
scheduler,scheduler/fixed/resumed_suffix/512,5,0.2165,micros_per_request,2.2400104166666663
scheduler,scheduler/fixed/resumed_suffix/512,5,0.2165,multi_lease_requests,96
scheduler,scheduler/fixed/resumed_suffix/512,5,0.2165,planned_bytes,401604608
scheduler,scheduler/fixed/resumed_suffix/512,5,0.2165,planned_ranges,102
scheduler,scheduler/fixed/resumed_suffix/512,5,0.2165,process_peak_rss_bytes,16629760
scheduler,scheduler/fixed/resumed_suffix/512,5,0.2165,requests,96
scheduler,scheduler/fixed/resumed_suffix/512,5,0.2165,single_lease_requests,0
scheduler,scheduler/fixed/resumed_suffix/512,5,0.2165,total,0.21504099999999998
scheduler,scheduler/fixed/resumed_suffix/512,5,0.2165,truncated_requests,96
scheduler,scheduler/fixed/resumed_suffix/512,6,0.2148,boundary_scans,96
scheduler,scheduler/fixed/resumed_suffix/512,6,0.2148,candidate_slots,96
scheduler,scheduler/fixed/resumed_suffix/512,6,0.2148,cpu_ms,0.2149999999999999
scheduler,scheduler/fixed/resumed_suffix/512,6,0.2148,cpu_percent,100.09683787105661
scheduler,scheduler/fixed/resumed_suffix/512,6,0.2148,leases,383
scheduler,scheduler/fixed/resumed_suffix/512,6,0.2148,max_leases_per_request,4
scheduler,scheduler/fixed/resumed_suffix/512,6,0.2148,max_request_bytes,4194304
scheduler,scheduler/fixed/resumed_suffix/512,6,0.2148,micros_per_request,2.2239583333333335
scheduler,scheduler/fixed/resumed_suffix/512,6,0.2148,multi_lease_requests,96
scheduler,scheduler/fixed/resumed_suffix/512,6,0.2148,planned_bytes,401604608
scheduler,scheduler/fixed/resumed_suffix/512,6,0.2148,planned_ranges,102
scheduler,scheduler/fixed/resumed_suffix/512,6,0.2148,process_peak_rss_bytes,16629760
scheduler,scheduler/fixed/resumed_suffix/512,6,0.2148,requests,96
scheduler,scheduler/fixed/resumed_suffix/512,6,0.2148,single_lease_requests,0
scheduler,scheduler/fixed/resumed_suffix/512,6,0.2148,total,0.21350000000000002
scheduler,scheduler/fixed/resumed_suffix/512,6,0.2148,truncated_requests,96
scheduler,scheduler/fixed/resumed_suffix/512,7,0.2149,boundary_scans,96
scheduler,scheduler/fixed/resumed_suffix/512,7,0.2149,candidate_slots,96
scheduler,scheduler/fixed/resumed_suffix/512,7,0.2149,cpu_ms,0.2149999999999999
scheduler,scheduler/fixed/resumed_suffix/512,7,0.2149,cpu_percent,100.05817335660264
scheduler,scheduler/fixed/resumed_suffix/512,7,0.2149,leases,383
scheduler,scheduler/fixed/resumed_suffix/512,7,0.2149,max_leases_per_request,4
scheduler,scheduler/fixed/resumed_suffix/512,7,0.2149,max_request_bytes,4194304
scheduler,scheduler/fixed/resumed_suffix/512,7,0.2149,micros_per_request,2.2248229166666667
scheduler,scheduler/fixed/resumed_suffix/512,7,0.2149,multi_lease_requests,96
scheduler,scheduler/fixed/resumed_suffix/512,7,0.2149,planned_bytes,401604608
scheduler,scheduler/fixed/resumed_suffix/512,7,0.2149,planned_ranges,102
scheduler,scheduler/fixed/resumed_suffix/512,7,0.2149,process_peak_rss_bytes,16629760
scheduler,scheduler/fixed/resumed_suffix/512,7,0.2149,requests,96
scheduler,scheduler/fixed/resumed_suffix/512,7,0.2149,single_lease_requests,0
scheduler,scheduler/fixed/resumed_suffix/512,7,0.2149,total,0.213583
scheduler,scheduler/fixed/resumed_suffix/512,7,0.2149,truncated_requests,96
scheduler,scheduler/fixed/resumed_suffix/512,8,0.2140,boundary_scans,96
scheduler,scheduler/fixed/resumed_suffix/512,8,0.2140,candidate_slots,96
scheduler,scheduler/fixed/resumed_suffix/512,8,0.2140,cpu_ms,0.2139999999999989
scheduler,scheduler/fixed/resumed_suffix/512,8,0.2140,cpu_percent,99.98037768288415
scheduler,scheduler/fixed/resumed_suffix/512,8,0.2140,leases,383
scheduler,scheduler/fixed/resumed_suffix/512,8,0.2140,max_leases_per_request,4
scheduler,scheduler/fixed/resumed_suffix/512,8,0.2140,max_request_bytes,4194304
scheduler,scheduler/fixed/resumed_suffix/512,8,0.2140,micros_per_request,2.217875
scheduler,scheduler/fixed/resumed_suffix/512,8,0.2140,multi_lease_requests,96
scheduler,scheduler/fixed/resumed_suffix/512,8,0.2140,planned_bytes,401604608
scheduler,scheduler/fixed/resumed_suffix/512,8,0.2140,planned_ranges,102
scheduler,scheduler/fixed/resumed_suffix/512,8,0.2140,process_peak_rss_bytes,16629760
scheduler,scheduler/fixed/resumed_suffix/512,8,0.2140,requests,96
scheduler,scheduler/fixed/resumed_suffix/512,8,0.2140,single_lease_requests,0
scheduler,scheduler/fixed/resumed_suffix/512,8,0.2140,total,0.212916
scheduler,scheduler/fixed/resumed_suffix/512,8,0.2140,truncated_requests,96
scheduler,scheduler/fixed/resumed_suffix/512,9,0.2144,boundary_scans,96
scheduler,scheduler/fixed/resumed_suffix/512,9,0.2144,candidate_slots,96
scheduler,scheduler/fixed/resumed_suffix/512,9,0.2144,cpu_ms,0.2160000000000009
scheduler,scheduler/fixed/resumed_suffix/512,9,0.2144,cpu_percent,100.7580174927118
scheduler,scheduler/fixed/resumed_suffix/512,9,0.2144,leases,383
scheduler,scheduler/fixed/resumed_suffix/512,9,0.2144,max_leases_per_request,4
scheduler,scheduler/fixed/resumed_suffix/512,9,0.2144,max_request_bytes,4194304
scheduler,scheduler/fixed/resumed_suffix/512,9,0.2144,micros_per_request,2.2217916666666664
scheduler,scheduler/fixed/resumed_suffix/512,9,0.2144,multi_lease_requests,96
scheduler,scheduler/fixed/resumed_suffix/512,9,0.2144,planned_bytes,401604608
scheduler,scheduler/fixed/resumed_suffix/512,9,0.2144,planned_ranges,102
scheduler,scheduler/fixed/resumed_suffix/512,9,0.2144,process_peak_rss_bytes,16629760
scheduler,scheduler/fixed/resumed_suffix/512,9,0.2144,requests,96
scheduler,scheduler/fixed/resumed_suffix/512,9,0.2144,single_lease_requests,0
scheduler,scheduler/fixed/resumed_suffix/512,9,0.2144,total,0.21329199999999998
scheduler,scheduler/fixed/resumed_suffix/512,9,0.2144,truncated_requests,96
scheduler,scheduler/dynamic/fresh/4096,0,0.6468,boundary_scans,64
scheduler,scheduler/dynamic/fresh/4096,0,0.6468,candidate_slots,70
scheduler,scheduler/dynamic/fresh/4096,0,0.6468,cpu_ms,0.6480000000000028
scheduler,scheduler/dynamic/fresh/4096,0,0.6468,cpu_percent,100.18692282360188
scheduler,scheduler/dynamic/fresh/4096,0,0.6468,leases,4096
scheduler,scheduler/dynamic/fresh/4096,0,0.6468,max_leases_per_request,64
scheduler,scheduler/dynamic/fresh/4096,0,0.6468,max_request_bytes,67108864
scheduler,scheduler/dynamic/fresh/4096,0,0.6468,micros_per_request,10.07421875
scheduler,scheduler/dynamic/fresh/4096,0,0.6468,multi_lease_requests,64
scheduler,scheduler/dynamic/fresh/4096,0,0.6468,planned_bytes,4294967296
scheduler,scheduler/dynamic/fresh/4096,0,0.6468,planned_ranges,70
scheduler,scheduler/dynamic/fresh/4096,0,0.6468,process_peak_rss_bytes,16629760
scheduler,scheduler/dynamic/fresh/4096,0,0.6468,requests,64
scheduler,scheduler/dynamic/fresh/4096,0,0.6468,single_lease_requests,0
scheduler,scheduler/dynamic/fresh/4096,0,0.6468,total,0.64475
scheduler,scheduler/dynamic/fresh/4096,0,0.6468,truncated_requests,63
scheduler,scheduler/dynamic/fresh/4096,1,0.6351,boundary_scans,64
scheduler,scheduler/dynamic/fresh/4096,1,0.6351,candidate_slots,70
scheduler,scheduler/dynamic/fresh/4096,1,0.6351,cpu_ms,0.6349999999999967
scheduler,scheduler/dynamic/fresh/4096,1,0.6351,cpu_percent,99.98693084210987
scheduler,scheduler/dynamic/fresh/4096,1,0.6351,leases,4096
scheduler,scheduler/dynamic/fresh/4096,1,0.6351,max_leases_per_request,64
scheduler,scheduler/dynamic/fresh/4096,1,0.6351,max_request_bytes,67108864
scheduler,scheduler/dynamic/fresh/4096,1,0.6351,micros_per_request,9.90234375
scheduler,scheduler/dynamic/fresh/4096,1,0.6351,multi_lease_requests,64
scheduler,scheduler/dynamic/fresh/4096,1,0.6351,planned_bytes,4294967296
scheduler,scheduler/dynamic/fresh/4096,1,0.6351,planned_ranges,70
scheduler,scheduler/dynamic/fresh/4096,1,0.6351,process_peak_rss_bytes,16629760
scheduler,scheduler/dynamic/fresh/4096,1,0.6351,requests,64
scheduler,scheduler/dynamic/fresh/4096,1,0.6351,single_lease_requests,0
scheduler,scheduler/dynamic/fresh/4096,1,0.6351,total,0.63375
scheduler,scheduler/dynamic/fresh/4096,1,0.6351,truncated_requests,63
scheduler,scheduler/dynamic/fresh/4096,2,0.6301,boundary_scans,64
scheduler,scheduler/dynamic/fresh/4096,2,0.6301,candidate_slots,70
scheduler,scheduler/dynamic/fresh/4096,2,0.6301,cpu_ms,0.6309999999999996
scheduler,scheduler/dynamic/fresh/4096,2,0.6301,cpu_percent,100.13886133703623
scheduler,scheduler/dynamic/fresh/4096,2,0.6301,leases,4096
scheduler,scheduler/dynamic/fresh/4096,2,0.6301,max_leases_per_request,64
scheduler,scheduler/dynamic/fresh/4096,2,0.6301,max_request_bytes,67108864
scheduler,scheduler/dynamic/fresh/4096,2,0.6301,micros_per_request,9.820968749999999
scheduler,scheduler/dynamic/fresh/4096,2,0.6301,multi_lease_requests,64
scheduler,scheduler/dynamic/fresh/4096,2,0.6301,planned_bytes,4294967296
scheduler,scheduler/dynamic/fresh/4096,2,0.6301,planned_ranges,70
scheduler,scheduler/dynamic/fresh/4096,2,0.6301,process_peak_rss_bytes,16629760
scheduler,scheduler/dynamic/fresh/4096,2,0.6301,requests,64
scheduler,scheduler/dynamic/fresh/4096,2,0.6301,single_lease_requests,0
scheduler,scheduler/dynamic/fresh/4096,2,0.6301,total,0.6285419999999999
scheduler,scheduler/dynamic/fresh/4096,2,0.6301,truncated_requests,63
scheduler,scheduler/dynamic/fresh/4096,3,0.6146,boundary_scans,64
scheduler,scheduler/dynamic/fresh/4096,3,0.6146,candidate_slots,70
scheduler,scheduler/dynamic/fresh/4096,3,0.6146,cpu_ms,0.6150000000000044
scheduler,scheduler/dynamic/fresh/4096,3,0.6146,cpu_percent,100.06101281269137
scheduler,scheduler/dynamic/fresh/4096,3,0.6146,leases,4096
scheduler,scheduler/dynamic/fresh/4096,3,0.6146,max_leases_per_request,64
scheduler,scheduler/dynamic/fresh/4096,3,0.6146,max_request_bytes,67108864
scheduler,scheduler/dynamic/fresh/4096,3,0.6146,micros_per_request,9.582687499999999
scheduler,scheduler/dynamic/fresh/4096,3,0.6146,multi_lease_requests,64
scheduler,scheduler/dynamic/fresh/4096,3,0.6146,planned_bytes,4294967296
scheduler,scheduler/dynamic/fresh/4096,3,0.6146,planned_ranges,70
scheduler,scheduler/dynamic/fresh/4096,3,0.6146,process_peak_rss_bytes,16629760
scheduler,scheduler/dynamic/fresh/4096,3,0.6146,requests,64
scheduler,scheduler/dynamic/fresh/4096,3,0.6146,single_lease_requests,0
scheduler,scheduler/dynamic/fresh/4096,3,0.6146,total,0.613292
scheduler,scheduler/dynamic/fresh/4096,3,0.6146,truncated_requests,63
scheduler,scheduler/dynamic/fresh/4096,4,0.6129,boundary_scans,64
scheduler,scheduler/dynamic/fresh/4096,4,0.6129,candidate_slots,70
scheduler,scheduler/dynamic/fresh/4096,4,0.6129,cpu_ms,0.6130000000000024
scheduler,scheduler/dynamic/fresh/4096,4,0.6129,cpu_percent,100.0137049775177
scheduler,scheduler/dynamic/fresh/4096,4,0.6129,leases,4096
scheduler,scheduler/dynamic/fresh/4096,4,0.6129,max_leases_per_request,64
scheduler,scheduler/dynamic/fresh/4096,4,0.6129,max_request_bytes,67108864
scheduler,scheduler/dynamic/fresh/4096,4,0.6129,micros_per_request,9.557281249999999
scheduler,scheduler/dynamic/fresh/4096,4,0.6129,multi_lease_requests,64
scheduler,scheduler/dynamic/fresh/4096,4,0.6129,planned_bytes,4294967296
scheduler,scheduler/dynamic/fresh/4096,4,0.6129,planned_ranges,70
scheduler,scheduler/dynamic/fresh/4096,4,0.6129,process_peak_rss_bytes,16629760
scheduler,scheduler/dynamic/fresh/4096,4,0.6129,requests,64
scheduler,scheduler/dynamic/fresh/4096,4,0.6129,single_lease_requests,0
scheduler,scheduler/dynamic/fresh/4096,4,0.6129,total,0.6116659999999999
scheduler,scheduler/dynamic/fresh/4096,4,0.6129,truncated_requests,63
scheduler,scheduler/dynamic/fresh/4096,5,0.6196,boundary_scans,64
scheduler,scheduler/dynamic/fresh/4096,5,0.6196,candidate_slots,70
scheduler,scheduler/dynamic/fresh/4096,5,0.6196,cpu_ms,0.6199999999999956
scheduler,scheduler/dynamic/fresh/4096,5,0.6196,cpu_percent,100.06730333143348
scheduler,scheduler/dynamic/fresh/4096,5,0.6196,leases,4096
scheduler,scheduler/dynamic/fresh/4096,5,0.6196,max_leases_per_request,64
scheduler,scheduler/dynamic/fresh/4096,5,0.6196,max_request_bytes,67108864
scheduler,scheduler/dynamic/fresh/4096,5,0.6196,micros_per_request,9.661453125
scheduler,scheduler/dynamic/fresh/4096,5,0.6196,multi_lease_requests,64
scheduler,scheduler/dynamic/fresh/4096,5,0.6196,planned_bytes,4294967296
scheduler,scheduler/dynamic/fresh/4096,5,0.6196,planned_ranges,70
scheduler,scheduler/dynamic/fresh/4096,5,0.6196,process_peak_rss_bytes,16629760
scheduler,scheduler/dynamic/fresh/4096,5,0.6196,requests,64
scheduler,scheduler/dynamic/fresh/4096,5,0.6196,single_lease_requests,0
scheduler,scheduler/dynamic/fresh/4096,5,0.6196,total,0.618333
scheduler,scheduler/dynamic/fresh/4096,5,0.6196,truncated_requests,63
scheduler,scheduler/dynamic/fresh/4096,6,0.5825,boundary_scans,64
scheduler,scheduler/dynamic/fresh/4096,6,0.5825,candidate_slots,70
scheduler,scheduler/dynamic/fresh/4096,6,0.5825,cpu_ms,0.5830000000000002
scheduler,scheduler/dynamic/fresh/4096,6,0.5825,cpu_percent,100.07879273733526
scheduler,scheduler/dynamic/fresh/4096,6,0.5825,leases,4096
scheduler,scheduler/dynamic/fresh/4096,6,0.5825,max_leases_per_request,64
scheduler,scheduler/dynamic/fresh/4096,6,0.5825,max_request_bytes,67108864
scheduler,scheduler/dynamic/fresh/4096,6,0.5825,micros_per_request,9.083984375
scheduler,scheduler/dynamic/fresh/4096,6,0.5825,multi_lease_requests,64
scheduler,scheduler/dynamic/fresh/4096,6,0.5825,planned_bytes,4294967296
scheduler,scheduler/dynamic/fresh/4096,6,0.5825,planned_ranges,70
scheduler,scheduler/dynamic/fresh/4096,6,0.5825,process_peak_rss_bytes,16629760
scheduler,scheduler/dynamic/fresh/4096,6,0.5825,requests,64
scheduler,scheduler/dynamic/fresh/4096,6,0.5825,single_lease_requests,0
scheduler,scheduler/dynamic/fresh/4096,6,0.5825,total,0.581375
scheduler,scheduler/dynamic/fresh/4096,6,0.5825,truncated_requests,63
scheduler,scheduler/dynamic/fresh/4096,7,0.5635,boundary_scans,64
scheduler,scheduler/dynamic/fresh/4096,7,0.5635,candidate_slots,70
scheduler,scheduler/dynamic/fresh/4096,7,0.5635,cpu_ms,0.563000000000001
scheduler,scheduler/dynamic/fresh/4096,7,0.5635,cpu_percent,99.91871621309859
scheduler,scheduler/dynamic/fresh/4096,7,0.5635,leases,4096
scheduler,scheduler/dynamic/fresh/4096,7,0.5635,max_leases_per_request,64
scheduler,scheduler/dynamic/fresh/4096,7,0.5635,max_request_bytes,67108864
scheduler,scheduler/dynamic/fresh/4096,7,0.5635,micros_per_request,8.7858125
scheduler,scheduler/dynamic/fresh/4096,7,0.5635,multi_lease_requests,64
scheduler,scheduler/dynamic/fresh/4096,7,0.5635,planned_bytes,4294967296
scheduler,scheduler/dynamic/fresh/4096,7,0.5635,planned_ranges,70
scheduler,scheduler/dynamic/fresh/4096,7,0.5635,process_peak_rss_bytes,16629760
scheduler,scheduler/dynamic/fresh/4096,7,0.5635,requests,64
scheduler,scheduler/dynamic/fresh/4096,7,0.5635,single_lease_requests,0
scheduler,scheduler/dynamic/fresh/4096,7,0.5635,total,0.562292
scheduler,scheduler/dynamic/fresh/4096,7,0.5635,truncated_requests,63
scheduler,scheduler/dynamic/fresh/4096,8,0.5455,boundary_scans,64
scheduler,scheduler/dynamic/fresh/4096,8,0.5455,candidate_slots,70
scheduler,scheduler/dynamic/fresh/4096,8,0.5455,cpu_ms,0.5460000000000048
scheduler,scheduler/dynamic/fresh/4096,8,0.5455,cpu_percent,100.09936603734931
scheduler,scheduler/dynamic/fresh/4096,8,0.5455,leases,4096
scheduler,scheduler/dynamic/fresh/4096,8,0.5455,max_leases_per_request,64
scheduler,scheduler/dynamic/fresh/4096,8,0.5455,max_request_bytes,67108864
scheduler,scheduler/dynamic/fresh/4096,8,0.5455,micros_per_request,8.501296875
scheduler,scheduler/dynamic/fresh/4096,8,0.5455,multi_lease_requests,64
scheduler,scheduler/dynamic/fresh/4096,8,0.5455,planned_bytes,4294967296
scheduler,scheduler/dynamic/fresh/4096,8,0.5455,planned_ranges,70
scheduler,scheduler/dynamic/fresh/4096,8,0.5455,process_peak_rss_bytes,16629760
scheduler,scheduler/dynamic/fresh/4096,8,0.5455,requests,64
scheduler,scheduler/dynamic/fresh/4096,8,0.5455,single_lease_requests,0
scheduler,scheduler/dynamic/fresh/4096,8,0.5455,total,0.544083
scheduler,scheduler/dynamic/fresh/4096,8,0.5455,truncated_requests,63
scheduler,scheduler/dynamic/fresh/4096,9,0.5425,boundary_scans,64
scheduler,scheduler/dynamic/fresh/4096,9,0.5425,candidate_slots,70
scheduler,scheduler/dynamic/fresh/4096,9,0.5425,cpu_ms,0.5429999999999948
scheduler,scheduler/dynamic/fresh/4096,9,0.5425,cpu_percent,100.09216589861657
scheduler,scheduler/dynamic/fresh/4096,9,0.5425,leases,4096
scheduler,scheduler/dynamic/fresh/4096,9,0.5425,max_leases_per_request,64
scheduler,scheduler/dynamic/fresh/4096,9,0.5425,max_request_bytes,67108864
scheduler,scheduler/dynamic/fresh/4096,9,0.5425,micros_per_request,8.459640625
scheduler,scheduler/dynamic/fresh/4096,9,0.5425,multi_lease_requests,64
scheduler,scheduler/dynamic/fresh/4096,9,0.5425,planned_bytes,4294967296
scheduler,scheduler/dynamic/fresh/4096,9,0.5425,planned_ranges,70
scheduler,scheduler/dynamic/fresh/4096,9,0.5425,process_peak_rss_bytes,16629760
scheduler,scheduler/dynamic/fresh/4096,9,0.5425,requests,64
scheduler,scheduler/dynamic/fresh/4096,9,0.5425,single_lease_requests,0
scheduler,scheduler/dynamic/fresh/4096,9,0.5425,total,0.541417
scheduler,scheduler/dynamic/fresh/4096,9,0.5425,truncated_requests,63
scheduler,scheduler/fixed/fresh/4096,0,14.6948,boundary_scans,1024
scheduler,scheduler/fixed/fresh/4096,0,14.6948,candidate_slots,1024
scheduler,scheduler/fixed/fresh/4096,0,14.6948,cpu_ms,14.683000000000002
scheduler,scheduler/fixed/fresh/4096,0,14.6948,cpu_percent,99.9194750971311
scheduler,scheduler/fixed/fresh/4096,0,14.6948,leases,4096
scheduler,scheduler/fixed/fresh/4096,0,14.6948,max_leases_per_request,4
scheduler,scheduler/fixed/fresh/4096,0,14.6948,max_request_bytes,4194304
scheduler,scheduler/fixed/fresh/4096,0,14.6948,micros_per_request,14.348958984375
scheduler,scheduler/fixed/fresh/4096,0,14.6948,multi_lease_requests,1024
scheduler,scheduler/fixed/fresh/4096,0,14.6948,planned_bytes,4294967296
scheduler,scheduler/fixed/fresh/4096,0,14.6948,planned_ranges,1030
scheduler,scheduler/fixed/fresh/4096,0,14.6948,process_peak_rss_bytes,16629760
scheduler,scheduler/fixed/fresh/4096,0,14.6948,requests,1024
scheduler,scheduler/fixed/fresh/4096,0,14.6948,single_lease_requests,0
scheduler,scheduler/fixed/fresh/4096,0,14.6948,total,14.693334
scheduler,scheduler/fixed/fresh/4096,0,14.6948,truncated_requests,1024
scheduler,scheduler/fixed/fresh/4096,1,12.9875,boundary_scans,1024
scheduler,scheduler/fixed/fresh/4096,1,12.9875,candidate_slots,1024
scheduler,scheduler/fixed/fresh/4096,1,12.9875,cpu_ms,12.919999999999995
scheduler,scheduler/fixed/fresh/4096,1,12.9875,cpu_percent,99.48059119806197
scheduler,scheduler/fixed/fresh/4096,1,12.9875,leases,4096
scheduler,scheduler/fixed/fresh/4096,1,12.9875,max_leases_per_request,4
scheduler,scheduler/fixed/fresh/4096,1,12.9875,max_request_bytes,4194304
scheduler,scheduler/fixed/fresh/4096,1,12.9875,micros_per_request,12.681478515625
scheduler,scheduler/fixed/fresh/4096,1,12.9875,multi_lease_requests,1024
scheduler,scheduler/fixed/fresh/4096,1,12.9875,planned_bytes,4294967296
scheduler,scheduler/fixed/fresh/4096,1,12.9875,planned_ranges,1030
scheduler,scheduler/fixed/fresh/4096,1,12.9875,process_peak_rss_bytes,16629760
scheduler,scheduler/fixed/fresh/4096,1,12.9875,requests,1024
scheduler,scheduler/fixed/fresh/4096,1,12.9875,single_lease_requests,0
scheduler,scheduler/fixed/fresh/4096,1,12.9875,total,12.985834
scheduler,scheduler/fixed/fresh/4096,1,12.9875,truncated_requests,1024
scheduler,scheduler/fixed/fresh/4096,2,11.6183,boundary_scans,1024
scheduler,scheduler/fixed/fresh/4096,2,11.6183,candidate_slots,1024
scheduler,scheduler/fixed/fresh/4096,2,11.6183,cpu_ms,11.618000000000004
scheduler,scheduler/fixed/fresh/4096,2,11.6183,cpu_percent,99.99748672180044
scheduler,scheduler/fixed/fresh/4096,2,11.6183,leases,4096
scheduler,scheduler/fixed/fresh/4096,2,11.6183,max_leases_per_request,4
scheduler,scheduler/fixed/fresh/4096,2,11.6183,max_request_bytes,4194304
scheduler,scheduler/fixed/fresh/4096,2,11.6183,micros_per_request,11.34501171875
scheduler,scheduler/fixed/fresh/4096,2,11.6183,multi_lease_requests,1024
scheduler,scheduler/fixed/fresh/4096,2,11.6183,planned_bytes,4294967296
scheduler,scheduler/fixed/fresh/4096,2,11.6183,planned_ranges,1030
scheduler,scheduler/fixed/fresh/4096,2,11.6183,process_peak_rss_bytes,16629760
scheduler,scheduler/fixed/fresh/4096,2,11.6183,requests,1024
scheduler,scheduler/fixed/fresh/4096,2,11.6183,single_lease_requests,0
scheduler,scheduler/fixed/fresh/4096,2,11.6183,total,11.617291999999999
scheduler,scheduler/fixed/fresh/4096,2,11.6183,truncated_requests,1024
scheduler,scheduler/fixed/fresh/4096,3,11.0515,boundary_scans,1024
scheduler,scheduler/fixed/fresh/4096,3,11.0515,candidate_slots,1024
scheduler,scheduler/fixed/fresh/4096,3,11.0515,cpu_ms,11.041999999999996
scheduler,scheduler/fixed/fresh/4096,3,11.0515,cpu_percent,99.91365910748017
scheduler,scheduler/fixed/fresh/4096,3,11.0515,leases,4096
scheduler,scheduler/fixed/fresh/4096,3,11.0515,max_leases_per_request,4
scheduler,scheduler/fixed/fresh/4096,3,11.0515,max_request_bytes,4194304
scheduler,scheduler/fixed/fresh/4096,3,11.0515,micros_per_request,10.790609374999999
scheduler,scheduler/fixed/fresh/4096,3,11.0515,multi_lease_requests,1024
scheduler,scheduler/fixed/fresh/4096,3,11.0515,planned_bytes,4294967296
scheduler,scheduler/fixed/fresh/4096,3,11.0515,planned_ranges,1030
scheduler,scheduler/fixed/fresh/4096,3,11.0515,process_peak_rss_bytes,16629760
scheduler,scheduler/fixed/fresh/4096,3,11.0515,requests,1024
scheduler,scheduler/fixed/fresh/4096,3,11.0515,single_lease_requests,0
scheduler,scheduler/fixed/fresh/4096,3,11.0515,total,11.049584
scheduler,scheduler/fixed/fresh/4096,3,11.0515,truncated_requests,1024
scheduler,scheduler/fixed/fresh/4096,4,10.7166,boundary_scans,1024
scheduler,scheduler/fixed/fresh/4096,4,10.7166,candidate_slots,1024
scheduler,scheduler/fixed/fresh/4096,4,10.7166,cpu_ms,10.716000000000003
scheduler,scheduler/fixed/fresh/4096,4,10.7166,cpu_percent,99.9941679399998
scheduler,scheduler/fixed/fresh/4096,4,10.7166,leases,4096
scheduler,scheduler/fixed/fresh/4096,4,10.7166,max_leases_per_request,4
scheduler,scheduler/fixed/fresh/4096,4,10.7166,max_request_bytes,4194304
scheduler,scheduler/fixed/fresh/4096,4,10.7166,micros_per_request,10.4641923828125
scheduler,scheduler/fixed/fresh/4096,4,10.7166,multi_lease_requests,1024
scheduler,scheduler/fixed/fresh/4096,4,10.7166,planned_bytes,4294967296
scheduler,scheduler/fixed/fresh/4096,4,10.7166,planned_ranges,1030
scheduler,scheduler/fixed/fresh/4096,4,10.7166,process_peak_rss_bytes,16629760
scheduler,scheduler/fixed/fresh/4096,4,10.7166,requests,1024
scheduler,scheduler/fixed/fresh/4096,4,10.7166,single_lease_requests,0
scheduler,scheduler/fixed/fresh/4096,4,10.7166,total,10.715333000000001
scheduler,scheduler/fixed/fresh/4096,4,10.7166,truncated_requests,1024
scheduler,scheduler/fixed/fresh/4096,5,10.2068,boundary_scans,1024
scheduler,scheduler/fixed/fresh/4096,5,10.2068,candidate_slots,1024
scheduler,scheduler/fixed/fresh/4096,5,10.2068,cpu_ms,10.207999999999995
scheduler,scheduler/fixed/fresh/4096,5,10.2068,cpu_percent,100.0118352563665
scheduler,scheduler/fixed/fresh/4096,5,10.2068,leases,4096
scheduler,scheduler/fixed/fresh/4096,5,10.2068,max_leases_per_request,4
scheduler,scheduler/fixed/fresh/4096,5,10.2068,max_request_bytes,4194304
scheduler,scheduler/fixed/fresh/4096,5,10.2068,micros_per_request,9.966796875
scheduler,scheduler/fixed/fresh/4096,5,10.2068,multi_lease_requests,1024
scheduler,scheduler/fixed/fresh/4096,5,10.2068,planned_bytes,4294967296
scheduler,scheduler/fixed/fresh/4096,5,10.2068,planned_ranges,1030
scheduler,scheduler/fixed/fresh/4096,5,10.2068,process_peak_rss_bytes,16629760
scheduler,scheduler/fixed/fresh/4096,5,10.2068,requests,1024
scheduler,scheduler/fixed/fresh/4096,5,10.2068,single_lease_requests,0
scheduler,scheduler/fixed/fresh/4096,5,10.2068,total,10.206
scheduler,scheduler/fixed/fresh/4096,5,10.2068,truncated_requests,1024
scheduler,scheduler/fixed/fresh/4096,6,10.2749,boundary_scans,1024
scheduler,scheduler/fixed/fresh/4096,6,10.2749,candidate_slots,1024
scheduler,scheduler/fixed/fresh/4096,6,10.2749,cpu_ms,10.252999999999998
scheduler,scheduler/fixed/fresh/4096,6,10.2749,cpu_percent,99.7866941406923
scheduler,scheduler/fixed/fresh/4096,6,10.2749,leases,4096
scheduler,scheduler/fixed/fresh/4096,6,10.2749,max_leases_per_request,4
scheduler,scheduler/fixed/fresh/4096,6,10.2749,max_request_bytes,4194304
scheduler,scheduler/fixed/fresh/4096,6,10.2749,micros_per_request,10.033122070312501
scheduler,scheduler/fixed/fresh/4096,6,10.2749,multi_lease_requests,1024
scheduler,scheduler/fixed/fresh/4096,6,10.2749,planned_bytes,4294967296
scheduler,scheduler/fixed/fresh/4096,6,10.2749,planned_ranges,1030
scheduler,scheduler/fixed/fresh/4096,6,10.2749,process_peak_rss_bytes,16629760
scheduler,scheduler/fixed/fresh/4096,6,10.2749,requests,1024
scheduler,scheduler/fixed/fresh/4096,6,10.2749,single_lease_requests,0
scheduler,scheduler/fixed/fresh/4096,6,10.2749,total,10.273917
scheduler,scheduler/fixed/fresh/4096,6,10.2749,truncated_requests,1024
scheduler,scheduler/fixed/fresh/4096,7,10.4037,boundary_scans,1024
scheduler,scheduler/fixed/fresh/4096,7,10.4037,candidate_slots,1024
scheduler,scheduler/fixed/fresh/4096,7,10.4037,cpu_ms,10.357000000000005
scheduler,scheduler/fixed/fresh/4096,7,10.4037,cpu_percent,99.55143700773972
scheduler,scheduler/fixed/fresh/4096,7,10.4037,leases,4096
scheduler,scheduler/fixed/fresh/4096,7,10.4037,max_leases_per_request,4
scheduler,scheduler/fixed/fresh/4096,7,10.4037,max_request_bytes,4194304
scheduler,scheduler/fixed/fresh/4096,7,10.4037,micros_per_request,10.155720703125
scheduler,scheduler/fixed/fresh/4096,7,10.4037,multi_lease_requests,1024
scheduler,scheduler/fixed/fresh/4096,7,10.4037,planned_bytes,4294967296
scheduler,scheduler/fixed/fresh/4096,7,10.4037,planned_ranges,1030
scheduler,scheduler/fixed/fresh/4096,7,10.4037,process_peak_rss_bytes,16646144
scheduler,scheduler/fixed/fresh/4096,7,10.4037,requests,1024
scheduler,scheduler/fixed/fresh/4096,7,10.4037,single_lease_requests,0
scheduler,scheduler/fixed/fresh/4096,7,10.4037,total,10.399458000000001
scheduler,scheduler/fixed/fresh/4096,7,10.4037,truncated_requests,1024
scheduler,scheduler/fixed/fresh/4096,8,10.2245,boundary_scans,1024
scheduler,scheduler/fixed/fresh/4096,8,10.2245,candidate_slots,1024
scheduler,scheduler/fixed/fresh/4096,8,10.2245,cpu_ms,10.213
scheduler,scheduler/fixed/fresh/4096,8,10.2245,cpu_percent,99.88752506235024
scheduler,scheduler/fixed/fresh/4096,8,10.2245,leases,4096
scheduler,scheduler/fixed/fresh/4096,8,10.2245,max_leases_per_request,4
scheduler,scheduler/fixed/fresh/4096,8,10.2245,max_request_bytes,4194304
scheduler,scheduler/fixed/fresh/4096,8,10.2245,micros_per_request,9.983358398437499
scheduler,scheduler/fixed/fresh/4096,8,10.2245,multi_lease_requests,1024
scheduler,scheduler/fixed/fresh/4096,8,10.2245,planned_bytes,4294967296
scheduler,scheduler/fixed/fresh/4096,8,10.2245,planned_ranges,1030
scheduler,scheduler/fixed/fresh/4096,8,10.2245,process_peak_rss_bytes,16646144
scheduler,scheduler/fixed/fresh/4096,8,10.2245,requests,1024
scheduler,scheduler/fixed/fresh/4096,8,10.2245,single_lease_requests,0
scheduler,scheduler/fixed/fresh/4096,8,10.2245,total,10.222959
scheduler,scheduler/fixed/fresh/4096,8,10.2245,truncated_requests,1024
scheduler,scheduler/fixed/fresh/4096,9,10.2693,boundary_scans,1024
scheduler,scheduler/fixed/fresh/4096,9,10.2693,candidate_slots,1024
scheduler,scheduler/fixed/fresh/4096,9,10.2693,cpu_ms,10.264999999999997
scheduler,scheduler/fixed/fresh/4096,9,10.2693,cpu_percent,99.95821522634813
scheduler,scheduler/fixed/fresh/4096,9,10.2693,leases,4096
scheduler,scheduler/fixed/fresh/4096,9,10.2693,max_leases_per_request,4
scheduler,scheduler/fixed/fresh/4096,9,10.2693,max_request_bytes,4194304
scheduler,scheduler/fixed/fresh/4096,9,10.2693,micros_per_request,10.0275478515625
scheduler,scheduler/fixed/fresh/4096,9,10.2693,multi_lease_requests,1024
scheduler,scheduler/fixed/fresh/4096,9,10.2693,planned_bytes,4294967296
scheduler,scheduler/fixed/fresh/4096,9,10.2693,planned_ranges,1030
scheduler,scheduler/fixed/fresh/4096,9,10.2693,process_peak_rss_bytes,16646144
scheduler,scheduler/fixed/fresh/4096,9,10.2693,requests,1024
scheduler,scheduler/fixed/fresh/4096,9,10.2693,single_lease_requests,0
scheduler,scheduler/fixed/fresh/4096,9,10.2693,total,10.268209
scheduler,scheduler/fixed/fresh/4096,9,10.2693,truncated_requests,1024
scheduler,scheduler/dynamic/holes/4096,0,8.8508,boundary_scans,1056
scheduler,scheduler/dynamic/holes/4096,0,8.8508,candidate_slots,1056
scheduler,scheduler/dynamic/holes/4096,0,8.8508,cpu_ms,8.840999999999987
scheduler,scheduler/dynamic/holes/4096,0,8.8508,cpu_percent,99.88937711894887
scheduler,scheduler/dynamic/holes/4096,0,8.8508,leases,3072
scheduler,scheduler/dynamic/holes/4096,0,8.8508,max_leases_per_request,64
scheduler,scheduler/dynamic/holes/4096,0,8.8508,max_request_bytes,67108864
scheduler,scheduler/dynamic/holes/4096,0,8.8508,micros_per_request,8.378274621212121
scheduler,scheduler/dynamic/holes/4096,0,8.8508,multi_lease_requests,32
scheduler,scheduler/dynamic/holes/4096,0,8.8508,planned_bytes,3221225472
scheduler,scheduler/dynamic/holes/4096,0,8.8508,planned_ranges,1062
scheduler,scheduler/dynamic/holes/4096,0,8.8508,process_peak_rss_bytes,16678912
scheduler,scheduler/dynamic/holes/4096,0,8.8508,requests,1056
scheduler,scheduler/dynamic/holes/4096,0,8.8508,single_lease_requests,1024
scheduler,scheduler/dynamic/holes/4096,0,8.8508,total,8.847458000000001
scheduler,scheduler/dynamic/holes/4096,0,8.8508,truncated_requests,32
scheduler,scheduler/dynamic/holes/4096,1,8.8372,boundary_scans,1056
scheduler,scheduler/dynamic/holes/4096,1,8.8372,candidate_slots,1056
scheduler,scheduler/dynamic/holes/4096,1,8.8372,cpu_ms,8.818000000000021
scheduler,scheduler/dynamic/holes/4096,1,8.8372,cpu_percent,99.78217205578683
scheduler,scheduler/dynamic/holes/4096,1,8.8372,leases,3072
scheduler,scheduler/dynamic/holes/4096,1,8.8372,max_leases_per_request,64
scheduler,scheduler/dynamic/holes/4096,1,8.8372,max_request_bytes,67108864
scheduler,scheduler/dynamic/holes/4096,1,8.8372,micros_per_request,8.36541193181818
scheduler,scheduler/dynamic/holes/4096,1,8.8372,multi_lease_requests,32
scheduler,scheduler/dynamic/holes/4096,1,8.8372,planned_bytes,3221225472
scheduler,scheduler/dynamic/holes/4096,1,8.8372,planned_ranges,1062
scheduler,scheduler/dynamic/holes/4096,1,8.8372,process_peak_rss_bytes,16678912
scheduler,scheduler/dynamic/holes/4096,1,8.8372,requests,1056
scheduler,scheduler/dynamic/holes/4096,1,8.8372,single_lease_requests,1024
scheduler,scheduler/dynamic/holes/4096,1,8.8372,total,8.833874999999999
scheduler,scheduler/dynamic/holes/4096,1,8.8372,truncated_requests,32
scheduler,scheduler/dynamic/holes/4096,2,8.7879,boundary_scans,1056
scheduler,scheduler/dynamic/holes/4096,2,8.7879,candidate_slots,1056
scheduler,scheduler/dynamic/holes/4096,2,8.7879,cpu_ms,8.775999999999978
scheduler,scheduler/dynamic/holes/4096,2,8.7879,cpu_percent,99.86487063140952
scheduler,scheduler/dynamic/holes/4096,2,8.7879,leases,3072
scheduler,scheduler/dynamic/holes/4096,2,8.7879,max_leases_per_request,64
scheduler,scheduler/dynamic/holes/4096,2,8.7879,max_request_bytes,67108864
scheduler,scheduler/dynamic/holes/4096,2,8.7879,micros_per_request,8.318852272727273
scheduler,scheduler/dynamic/holes/4096,2,8.7879,multi_lease_requests,32
scheduler,scheduler/dynamic/holes/4096,2,8.7879,planned_bytes,3221225472
scheduler,scheduler/dynamic/holes/4096,2,8.7879,planned_ranges,1062
scheduler,scheduler/dynamic/holes/4096,2,8.7879,process_peak_rss_bytes,16678912
scheduler,scheduler/dynamic/holes/4096,2,8.7879,requests,1056
scheduler,scheduler/dynamic/holes/4096,2,8.7879,single_lease_requests,1024
scheduler,scheduler/dynamic/holes/4096,2,8.7879,total,8.784708
scheduler,scheduler/dynamic/holes/4096,2,8.7879,truncated_requests,32
scheduler,scheduler/dynamic/holes/4096,3,8.8834,boundary_scans,1056
scheduler,scheduler/dynamic/holes/4096,3,8.8834,candidate_slots,1056
scheduler,scheduler/dynamic/holes/4096,3,8.8834,cpu_ms,8.854000000000001
scheduler,scheduler/dynamic/holes/4096,3,8.8834,cpu_percent,99.66886612087063
scheduler,scheduler/dynamic/holes/4096,3,8.8834,leases,3072
scheduler,scheduler/dynamic/holes/4096,3,8.8834,max_leases_per_request,64
scheduler,scheduler/dynamic/holes/4096,3,8.8834,max_request_bytes,67108864
scheduler,scheduler/dynamic/holes/4096,3,8.8834,micros_per_request,8.409051136363637
scheduler,scheduler/dynamic/holes/4096,3,8.8834,multi_lease_requests,32
scheduler,scheduler/dynamic/holes/4096,3,8.8834,planned_bytes,3221225472
scheduler,scheduler/dynamic/holes/4096,3,8.8834,planned_ranges,1062
scheduler,scheduler/dynamic/holes/4096,3,8.8834,process_peak_rss_bytes,16678912
scheduler,scheduler/dynamic/holes/4096,3,8.8834,requests,1056
scheduler,scheduler/dynamic/holes/4096,3,8.8834,single_lease_requests,1024
scheduler,scheduler/dynamic/holes/4096,3,8.8834,total,8.879958
scheduler,scheduler/dynamic/holes/4096,3,8.8834,truncated_requests,32
scheduler,scheduler/dynamic/holes/4096,4,8.8120,boundary_scans,1056
scheduler,scheduler/dynamic/holes/4096,4,8.8120,candidate_slots,1056
scheduler,scheduler/dynamic/holes/4096,4,8.8120,cpu_ms,8.80700000000001
scheduler,scheduler/dynamic/holes/4096,4,8.8120,cpu_percent,99.94325919201098
scheduler,scheduler/dynamic/holes/4096,4,8.8120,leases,3072
scheduler,scheduler/dynamic/holes/4096,4,8.8120,max_leases_per_request,64
scheduler,scheduler/dynamic/holes/4096,4,8.8120,max_request_bytes,67108864
scheduler,scheduler/dynamic/holes/4096,4,8.8120,micros_per_request,8.34146212121212
scheduler,scheduler/dynamic/holes/4096,4,8.8120,multi_lease_requests,32
scheduler,scheduler/dynamic/holes/4096,4,8.8120,planned_bytes,3221225472
scheduler,scheduler/dynamic/holes/4096,4,8.8120,planned_ranges,1062
scheduler,scheduler/dynamic/holes/4096,4,8.8120,process_peak_rss_bytes,16678912
scheduler,scheduler/dynamic/holes/4096,4,8.8120,requests,1056
scheduler,scheduler/dynamic/holes/4096,4,8.8120,single_lease_requests,1024
scheduler,scheduler/dynamic/holes/4096,4,8.8120,total,8.808584
scheduler,scheduler/dynamic/holes/4096,4,8.8120,truncated_requests,32
scheduler,scheduler/dynamic/holes/4096,5,8.9195,boundary_scans,1056
scheduler,scheduler/dynamic/holes/4096,5,8.9195,candidate_slots,1056
scheduler,scheduler/dynamic/holes/4096,5,8.9195,cpu_ms,8.874999999999995
scheduler,scheduler/dynamic/holes/4096,5,8.9195,cpu_percent,99.50062458363885
scheduler,scheduler/dynamic/holes/4096,5,8.9195,leases,3072
scheduler,scheduler/dynamic/holes/4096,5,8.9195,max_leases_per_request,64
scheduler,scheduler/dynamic/holes/4096,5,8.9195,max_request_bytes,67108864
scheduler,scheduler/dynamic/holes/4096,5,8.9195,micros_per_request,8.443536931818182
scheduler,scheduler/dynamic/holes/4096,5,8.9195,multi_lease_requests,32
scheduler,scheduler/dynamic/holes/4096,5,8.9195,planned_bytes,3221225472
scheduler,scheduler/dynamic/holes/4096,5,8.9195,planned_ranges,1062
scheduler,scheduler/dynamic/holes/4096,5,8.9195,process_peak_rss_bytes,16678912
scheduler,scheduler/dynamic/holes/4096,5,8.9195,requests,1056
scheduler,scheduler/dynamic/holes/4096,5,8.9195,single_lease_requests,1024
scheduler,scheduler/dynamic/holes/4096,5,8.9195,total,8.916375
scheduler,scheduler/dynamic/holes/4096,5,8.9195,truncated_requests,32
scheduler,scheduler/dynamic/holes/4096,6,8.8565,boundary_scans,1056
scheduler,scheduler/dynamic/holes/4096,6,8.8565,candidate_slots,1056
scheduler,scheduler/dynamic/holes/4096,6,8.8565,cpu_ms,8.849999999999996
scheduler,scheduler/dynamic/holes/4096,6,8.8565,cpu_percent,99.9266075763563
scheduler,scheduler/dynamic/holes/4096,6,8.8565,leases,3072
scheduler,scheduler/dynamic/holes/4096,6,8.8565,max_leases_per_request,64
scheduler,scheduler/dynamic/holes/4096,6,8.8565,max_request_bytes,67108864
scheduler,scheduler/dynamic/holes/4096,6,8.8565,micros_per_request,8.383482954545453
scheduler,scheduler/dynamic/holes/4096,6,8.8565,multi_lease_requests,32
scheduler,scheduler/dynamic/holes/4096,6,8.8565,planned_bytes,3221225472
scheduler,scheduler/dynamic/holes/4096,6,8.8565,planned_ranges,1062
scheduler,scheduler/dynamic/holes/4096,6,8.8565,process_peak_rss_bytes,16678912
scheduler,scheduler/dynamic/holes/4096,6,8.8565,requests,1056
scheduler,scheduler/dynamic/holes/4096,6,8.8565,single_lease_requests,1024
scheduler,scheduler/dynamic/holes/4096,6,8.8565,total,8.852958
scheduler,scheduler/dynamic/holes/4096,6,8.8565,truncated_requests,32
scheduler,scheduler/dynamic/holes/4096,7,8.8572,boundary_scans,1056
scheduler,scheduler/dynamic/holes/4096,7,8.8572,candidate_slots,1056
scheduler,scheduler/dynamic/holes/4096,7,8.8572,cpu_ms,8.828000000000003
scheduler,scheduler/dynamic/holes/4096,7,8.8572,cpu_percent,99.67023468343527
scheduler,scheduler/dynamic/holes/4096,7,8.8572,leases,3072
scheduler,scheduler/dynamic/holes/4096,7,8.8572,max_leases_per_request,64
scheduler,scheduler/dynamic/holes/4096,7,8.8572,max_request_bytes,67108864
scheduler,scheduler/dynamic/holes/4096,7,8.8572,micros_per_request,8.384469696969699
scheduler,scheduler/dynamic/holes/4096,7,8.8572,multi_lease_requests,32
scheduler,scheduler/dynamic/holes/4096,7,8.8572,planned_bytes,3221225472
scheduler,scheduler/dynamic/holes/4096,7,8.8572,planned_ranges,1062
scheduler,scheduler/dynamic/holes/4096,7,8.8572,process_peak_rss_bytes,16678912
scheduler,scheduler/dynamic/holes/4096,7,8.8572,requests,1056
scheduler,scheduler/dynamic/holes/4096,7,8.8572,single_lease_requests,1024
scheduler,scheduler/dynamic/holes/4096,7,8.8572,total,8.854000000000001
scheduler,scheduler/dynamic/holes/4096,7,8.8572,truncated_requests,32
scheduler,scheduler/dynamic/holes/4096,8,8.6766,boundary_scans,1056
scheduler,scheduler/dynamic/holes/4096,8,8.6766,candidate_slots,1056
scheduler,scheduler/dynamic/holes/4096,8,8.6766,cpu_ms,8.646999999999988
scheduler,scheduler/dynamic/holes/4096,8,8.6766,cpu_percent,99.65856539841226
scheduler,scheduler/dynamic/holes/4096,8,8.6766,leases,3072
scheduler,scheduler/dynamic/holes/4096,8,8.6766,max_leases_per_request,64
scheduler,scheduler/dynamic/holes/4096,8,8.6766,max_request_bytes,67108864
scheduler,scheduler/dynamic/holes/4096,8,8.6766,micros_per_request,8.213580492424244
scheduler,scheduler/dynamic/holes/4096,8,8.6766,multi_lease_requests,32
scheduler,scheduler/dynamic/holes/4096,8,8.6766,planned_bytes,3221225472
scheduler,scheduler/dynamic/holes/4096,8,8.6766,planned_ranges,1062
scheduler,scheduler/dynamic/holes/4096,8,8.6766,process_peak_rss_bytes,16678912
scheduler,scheduler/dynamic/holes/4096,8,8.6766,requests,1056
scheduler,scheduler/dynamic/holes/4096,8,8.6766,single_lease_requests,1024
scheduler,scheduler/dynamic/holes/4096,8,8.6766,total,8.673541
scheduler,scheduler/dynamic/holes/4096,8,8.6766,truncated_requests,32
scheduler,scheduler/dynamic/holes/4096,9,8.0912,boundary_scans,1056
scheduler,scheduler/dynamic/holes/4096,9,8.0912,candidate_slots,1056
scheduler,scheduler/dynamic/holes/4096,9,8.0912,cpu_ms,8.084000000000009
scheduler,scheduler/dynamic/holes/4096,9,8.0912,cpu_percent,99.91142192467426
scheduler,scheduler/dynamic/holes/4096,9,8.0912,leases,3072
scheduler,scheduler/dynamic/holes/4096,9,8.0912,max_leases_per_request,64
scheduler,scheduler/dynamic/holes/4096,9,8.0912,max_request_bytes,67108864
scheduler,scheduler/dynamic/holes/4096,9,8.0912,micros_per_request,7.659051136363635
scheduler,scheduler/dynamic/holes/4096,9,8.0912,multi_lease_requests,32
scheduler,scheduler/dynamic/holes/4096,9,8.0912,planned_bytes,3221225472
scheduler,scheduler/dynamic/holes/4096,9,8.0912,planned_ranges,1062
scheduler,scheduler/dynamic/holes/4096,9,8.0912,process_peak_rss_bytes,16678912
scheduler,scheduler/dynamic/holes/4096,9,8.0912,requests,1056
scheduler,scheduler/dynamic/holes/4096,9,8.0912,single_lease_requests,1024
scheduler,scheduler/dynamic/holes/4096,9,8.0912,total,8.087957999999999
scheduler,scheduler/dynamic/holes/4096,9,8.0912,truncated_requests,32
scheduler,scheduler/fixed/holes/4096,0,2.7670,boundary_scans,1536
scheduler,scheduler/fixed/holes/4096,0,2.7670,candidate_slots,1536
scheduler,scheduler/fixed/holes/4096,0,2.7670,cpu_ms,2.7610000000000134
scheduler,scheduler/fixed/holes/4096,0,2.7670,cpu_percent,99.78164408057461
scheduler,scheduler/fixed/holes/4096,0,2.7670,leases,3072
scheduler,scheduler/fixed/holes/4096,0,2.7670,max_leases_per_request,4
scheduler,scheduler/fixed/holes/4096,0,2.7670,max_request_bytes,4194304
scheduler,scheduler/fixed/holes/4096,0,2.7670,micros_per_request,1.7994524739583333
scheduler,scheduler/fixed/holes/4096,0,2.7670,multi_lease_requests,512
scheduler,scheduler/fixed/holes/4096,0,2.7670,planned_bytes,3221225472
scheduler,scheduler/fixed/holes/4096,0,2.7670,planned_ranges,1542
scheduler,scheduler/fixed/holes/4096,0,2.7670,process_peak_rss_bytes,16678912
scheduler,scheduler/fixed/holes/4096,0,2.7670,requests,1536
scheduler,scheduler/fixed/holes/4096,0,2.7670,single_lease_requests,1024
scheduler,scheduler/fixed/holes/4096,0,2.7670,total,2.763959
scheduler,scheduler/fixed/holes/4096,0,2.7670,truncated_requests,1536
scheduler,scheduler/fixed/holes/4096,1,2.7895,boundary_scans,1536
scheduler,scheduler/fixed/holes/4096,1,2.7895,candidate_slots,1536
scheduler,scheduler/fixed/holes/4096,1,2.7895,cpu_ms,2.790999999999988
scheduler,scheduler/fixed/holes/4096,1,2.7895,cpu_percent,100.05377307761204
scheduler,scheduler/fixed/holes/4096,1,2.7895,leases,3072
scheduler,scheduler/fixed/holes/4096,1,2.7895,max_leases_per_request,4
scheduler,scheduler/fixed/holes/4096,1,2.7895,max_request_bytes,4194304
scheduler,scheduler/fixed/holes/4096,1,2.7895,micros_per_request,1.8141542968750002
scheduler,scheduler/fixed/holes/4096,1,2.7895,multi_lease_requests,512
scheduler,scheduler/fixed/holes/4096,1,2.7895,planned_bytes,3221225472
scheduler,scheduler/fixed/holes/4096,1,2.7895,planned_ranges,1542
scheduler,scheduler/fixed/holes/4096,1,2.7895,process_peak_rss_bytes,16678912
scheduler,scheduler/fixed/holes/4096,1,2.7895,requests,1536
scheduler,scheduler/fixed/holes/4096,1,2.7895,single_lease_requests,1024
scheduler,scheduler/fixed/holes/4096,1,2.7895,total,2.786541
scheduler,scheduler/fixed/holes/4096,1,2.7895,truncated_requests,1536
scheduler,scheduler/fixed/holes/4096,2,2.8110,boundary_scans,1536
scheduler,scheduler/fixed/holes/4096,2,2.8110,candidate_slots,1536
scheduler,scheduler/fixed/holes/4096,2,2.8110,cpu_ms,2.8019999999999987
scheduler,scheduler/fixed/holes/4096,2,2.8110,cpu_percent,99.67833991808016
scheduler,scheduler/fixed/holes/4096,2,2.8110,leases,3072
scheduler,scheduler/fixed/holes/4096,2,2.8110,max_leases_per_request,4
scheduler,scheduler/fixed/holes/4096,2,2.8110,max_request_bytes,4194304
scheduler,scheduler/fixed/holes/4096,2,2.8110,micros_per_request,1.8280169270833333
scheduler,scheduler/fixed/holes/4096,2,2.8110,multi_lease_requests,512
scheduler,scheduler/fixed/holes/4096,2,2.8110,planned_bytes,3221225472
scheduler,scheduler/fixed/holes/4096,2,2.8110,planned_ranges,1542
scheduler,scheduler/fixed/holes/4096,2,2.8110,process_peak_rss_bytes,16678912
scheduler,scheduler/fixed/holes/4096,2,2.8110,requests,1536
scheduler,scheduler/fixed/holes/4096,2,2.8110,single_lease_requests,1024
scheduler,scheduler/fixed/holes/4096,2,2.8110,total,2.8078339999999997
scheduler,scheduler/fixed/holes/4096,2,2.8110,truncated_requests,1536
scheduler,scheduler/fixed/holes/4096,3,2.8055,boundary_scans,1536
scheduler,scheduler/fixed/holes/4096,3,2.8055,candidate_slots,1536
scheduler,scheduler/fixed/holes/4096,3,2.8055,cpu_ms,2.805999999999975
scheduler,scheduler/fixed/holes/4096,3,2.8055,cpu_percent,100.01931948366276
scheduler,scheduler/fixed/holes/4096,3,2.8055,leases,3072
scheduler,scheduler/fixed/holes/4096,3,2.8055,max_leases_per_request,4
scheduler,scheduler/fixed/holes/4096,3,2.8055,max_request_bytes,4194304
scheduler,scheduler/fixed/holes/4096,3,2.8055,micros_per_request,1.8224010416666667
scheduler,scheduler/fixed/holes/4096,3,2.8055,multi_lease_requests,512
scheduler,scheduler/fixed/holes/4096,3,2.8055,planned_bytes,3221225472
scheduler,scheduler/fixed/holes/4096,3,2.8055,planned_ranges,1542
scheduler,scheduler/fixed/holes/4096,3,2.8055,process_peak_rss_bytes,16695296
scheduler,scheduler/fixed/holes/4096,3,2.8055,requests,1536
scheduler,scheduler/fixed/holes/4096,3,2.8055,single_lease_requests,1024
scheduler,scheduler/fixed/holes/4096,3,2.8055,total,2.799208
scheduler,scheduler/fixed/holes/4096,3,2.8055,truncated_requests,1536
scheduler,scheduler/fixed/holes/4096,4,2.8042,boundary_scans,1536
scheduler,scheduler/fixed/holes/4096,4,2.8042,candidate_slots,1536
scheduler,scheduler/fixed/holes/4096,4,2.8042,cpu_ms,2.805000000000002
scheduler,scheduler/fixed/holes/4096,4,2.8042,cpu_percent,100.0297057914169
scheduler,scheduler/fixed/holes/4096,4,2.8042,leases,3072
scheduler,scheduler/fixed/holes/4096,4,2.8042,max_leases_per_request,4
scheduler,scheduler/fixed/holes/4096,4,2.8042,max_request_bytes,4194304
scheduler,scheduler/fixed/holes/4096,4,2.8042,micros_per_request,1.8231608072916667
scheduler,scheduler/fixed/holes/4096,4,2.8042,multi_lease_requests,512
scheduler,scheduler/fixed/holes/4096,4,2.8042,planned_bytes,3221225472
scheduler,scheduler/fixed/holes/4096,4,2.8042,planned_ranges,1542
scheduler,scheduler/fixed/holes/4096,4,2.8042,process_peak_rss_bytes,16695296
scheduler,scheduler/fixed/holes/4096,4,2.8042,requests,1536
scheduler,scheduler/fixed/holes/4096,4,2.8042,single_lease_requests,1024
scheduler,scheduler/fixed/holes/4096,4,2.8042,total,2.800375
scheduler,scheduler/fixed/holes/4096,4,2.8042,truncated_requests,1536
scheduler,scheduler/fixed/holes/4096,5,2.8127,boundary_scans,1536
scheduler,scheduler/fixed/holes/4096,5,2.8127,candidate_slots,1536
scheduler,scheduler/fixed/holes/4096,5,2.8127,cpu_ms,2.8129999999999544
scheduler,scheduler/fixed/holes/4096,5,2.8127,cpu_percent,100.01183929700723
scheduler,scheduler/fixed/holes/4096,5,2.8127,leases,3072
scheduler,scheduler/fixed/holes/4096,5,2.8127,max_leases_per_request,4
scheduler,scheduler/fixed/holes/4096,5,2.8127,max_request_bytes,4194304
scheduler,scheduler/fixed/holes/4096,5,2.8127,micros_per_request,1.8292369791666667
scheduler,scheduler/fixed/holes/4096,5,2.8127,multi_lease_requests,512
scheduler,scheduler/fixed/holes/4096,5,2.8127,planned_bytes,3221225472
scheduler,scheduler/fixed/holes/4096,5,2.8127,planned_ranges,1542
scheduler,scheduler/fixed/holes/4096,5,2.8127,process_peak_rss_bytes,16695296
scheduler,scheduler/fixed/holes/4096,5,2.8127,requests,1536
scheduler,scheduler/fixed/holes/4096,5,2.8127,single_lease_requests,1024
scheduler,scheduler/fixed/holes/4096,5,2.8127,total,2.809708
scheduler,scheduler/fixed/holes/4096,5,2.8127,truncated_requests,1536
scheduler,scheduler/fixed/holes/4096,6,2.7984,boundary_scans,1536
scheduler,scheduler/fixed/holes/4096,6,2.7984,candidate_slots,1536
scheduler,scheduler/fixed/holes/4096,6,2.7984,cpu_ms,2.790999999999988
scheduler,scheduler/fixed/holes/4096,6,2.7984,cpu_percent,99.73495729907256
scheduler,scheduler/fixed/holes/4096,6,2.7984,leases,3072
scheduler,scheduler/fixed/holes/4096,6,2.7984,max_leases_per_request,4
scheduler,scheduler/fixed/holes/4096,6,2.7984,max_request_bytes,4194304
scheduler,scheduler/fixed/holes/4096,6,2.7984,micros_per_request,1.81982421875
scheduler,scheduler/fixed/holes/4096,6,2.7984,multi_lease_requests,512
scheduler,scheduler/fixed/holes/4096,6,2.7984,planned_bytes,3221225472
scheduler,scheduler/fixed/holes/4096,6,2.7984,planned_ranges,1542
scheduler,scheduler/fixed/holes/4096,6,2.7984,process_peak_rss_bytes,16695296
scheduler,scheduler/fixed/holes/4096,6,2.7984,requests,1536
scheduler,scheduler/fixed/holes/4096,6,2.7984,single_lease_requests,1024
scheduler,scheduler/fixed/holes/4096,6,2.7984,total,2.79525
scheduler,scheduler/fixed/holes/4096,6,2.7984,truncated_requests,1536
scheduler,scheduler/fixed/holes/4096,7,2.7903,boundary_scans,1536
scheduler,scheduler/fixed/holes/4096,7,2.7903,candidate_slots,1536
scheduler,scheduler/fixed/holes/4096,7,2.7903,cpu_ms,2.784999999999982
scheduler,scheduler/fixed/holes/4096,7,2.7903,cpu_percent,99.81034243011061
scheduler,scheduler/fixed/holes/4096,7,2.7903,leases,3072
scheduler,scheduler/fixed/holes/4096,7,2.7903,max_leases_per_request,4
scheduler,scheduler/fixed/holes/4096,7,2.7903,max_request_bytes,4194304
scheduler,scheduler/fixed/holes/4096,7,2.7903,micros_per_request,1.8145885416666665
scheduler,scheduler/fixed/holes/4096,7,2.7903,multi_lease_requests,512
scheduler,scheduler/fixed/holes/4096,7,2.7903,planned_bytes,3221225472
scheduler,scheduler/fixed/holes/4096,7,2.7903,planned_ranges,1542
scheduler,scheduler/fixed/holes/4096,7,2.7903,process_peak_rss_bytes,16695296
scheduler,scheduler/fixed/holes/4096,7,2.7903,requests,1536
scheduler,scheduler/fixed/holes/4096,7,2.7903,single_lease_requests,1024
scheduler,scheduler/fixed/holes/4096,7,2.7903,total,2.7872079999999997
scheduler,scheduler/fixed/holes/4096,7,2.7903,truncated_requests,1536
scheduler,scheduler/fixed/holes/4096,8,2.8357,boundary_scans,1536
scheduler,scheduler/fixed/holes/4096,8,2.8357,candidate_slots,1536
scheduler,scheduler/fixed/holes/4096,8,2.8357,cpu_ms,2.829999999999999
scheduler,scheduler/fixed/holes/4096,8,2.8357,cpu_percent,99.79723177289956
scheduler,scheduler/fixed/holes/4096,8,2.8357,leases,3072
scheduler,scheduler/fixed/holes/4096,8,2.8357,max_leases_per_request,4
scheduler,scheduler/fixed/holes/4096,8,2.8357,max_request_bytes,4194304
scheduler,scheduler/fixed/holes/4096,8,2.8357,micros_per_request,1.8441835937500002
scheduler,scheduler/fixed/holes/4096,8,2.8357,multi_lease_requests,512
scheduler,scheduler/fixed/holes/4096,8,2.8357,planned_bytes,3221225472
scheduler,scheduler/fixed/holes/4096,8,2.8357,planned_ranges,1542
scheduler,scheduler/fixed/holes/4096,8,2.8357,process_peak_rss_bytes,16695296
scheduler,scheduler/fixed/holes/4096,8,2.8357,requests,1536
scheduler,scheduler/fixed/holes/4096,8,2.8357,single_lease_requests,1024
scheduler,scheduler/fixed/holes/4096,8,2.8357,total,2.832666
scheduler,scheduler/fixed/holes/4096,8,2.8357,truncated_requests,1536
scheduler,scheduler/fixed/holes/4096,9,2.7883,boundary_scans,1536
scheduler,scheduler/fixed/holes/4096,9,2.7883,candidate_slots,1536
scheduler,scheduler/fixed/holes/4096,9,2.7883,cpu_ms,2.78299999999998
scheduler,scheduler/fixed/holes/4096,9,2.7883,cpu_percent,99.81020639158238
scheduler,scheduler/fixed/holes/4096,9,2.7883,leases,3072
scheduler,scheduler/fixed/holes/4096,9,2.7883,max_leases_per_request,4
scheduler,scheduler/fixed/holes/4096,9,2.7883,max_request_bytes,4194304
scheduler,scheduler/fixed/holes/4096,9,2.7883,micros_per_request,1.8132591145833332
scheduler,scheduler/fixed/holes/4096,9,2.7883,multi_lease_requests,512
scheduler,scheduler/fixed/holes/4096,9,2.7883,planned_bytes,3221225472
scheduler,scheduler/fixed/holes/4096,9,2.7883,planned_ranges,1542
scheduler,scheduler/fixed/holes/4096,9,2.7883,process_peak_rss_bytes,16695296
scheduler,scheduler/fixed/holes/4096,9,2.7883,requests,1536
scheduler,scheduler/fixed/holes/4096,9,2.7883,single_lease_requests,1024
scheduler,scheduler/fixed/holes/4096,9,2.7883,total,2.785166
scheduler,scheduler/fixed/holes/4096,9,2.7883,truncated_requests,1536
scheduler,scheduler/dynamic/resumed_suffix/4096,0,0.2815,boundary_scans,48
scheduler,scheduler/dynamic/resumed_suffix/4096,0,0.2815,candidate_slots,54
scheduler,scheduler/dynamic/resumed_suffix/4096,0,0.2815,cpu_ms,0.2810000000000312
scheduler,scheduler/dynamic/resumed_suffix/4096,0,0.2815,cpu_percent,99.82238010658301
scheduler,scheduler/dynamic/resumed_suffix/4096,0,0.2815,leases,3071
scheduler,scheduler/dynamic/resumed_suffix/4096,0,0.2815,max_leases_per_request,64
scheduler,scheduler/dynamic/resumed_suffix/4096,0,0.2815,max_request_bytes,67108864
scheduler,scheduler/dynamic/resumed_suffix/4096,0,0.2815,micros_per_request,5.800354166666666
scheduler,scheduler/dynamic/resumed_suffix/4096,0,0.2815,multi_lease_requests,48
scheduler,scheduler/dynamic/resumed_suffix/4096,0,0.2815,planned_bytes,3220176896
scheduler,scheduler/dynamic/resumed_suffix/4096,0,0.2815,planned_ranges,54
scheduler,scheduler/dynamic/resumed_suffix/4096,0,0.2815,process_peak_rss_bytes,16695296
scheduler,scheduler/dynamic/resumed_suffix/4096,0,0.2815,requests,48
scheduler,scheduler/dynamic/resumed_suffix/4096,0,0.2815,single_lease_requests,0
scheduler,scheduler/dynamic/resumed_suffix/4096,0,0.2815,total,0.27841699999999997
scheduler,scheduler/dynamic/resumed_suffix/4096,0,0.2815,truncated_requests,47
scheduler,scheduler/dynamic/resumed_suffix/4096,1,0.2773,boundary_scans,48
scheduler,scheduler/dynamic/resumed_suffix/4096,1,0.2773,candidate_slots,54
scheduler,scheduler/dynamic/resumed_suffix/4096,1,0.2773,cpu_ms,0.2770000000000272
scheduler,scheduler/dynamic/resumed_suffix/4096,1,0.2773,cpu_percent,99.89469584410197
scheduler,scheduler/dynamic/resumed_suffix/4096,1,0.2773,leases,3071
scheduler,scheduler/dynamic/resumed_suffix/4096,1,0.2773,max_leases_per_request,64
scheduler,scheduler/dynamic/resumed_suffix/4096,1,0.2773,max_request_bytes,67108864
scheduler,scheduler/dynamic/resumed_suffix/4096,1,0.2773,micros_per_request,5.7152916666666655
scheduler,scheduler/dynamic/resumed_suffix/4096,1,0.2773,multi_lease_requests,48
scheduler,scheduler/dynamic/resumed_suffix/4096,1,0.2773,planned_bytes,3220176896
scheduler,scheduler/dynamic/resumed_suffix/4096,1,0.2773,planned_ranges,54
scheduler,scheduler/dynamic/resumed_suffix/4096,1,0.2773,process_peak_rss_bytes,16695296
scheduler,scheduler/dynamic/resumed_suffix/4096,1,0.2773,requests,48
scheduler,scheduler/dynamic/resumed_suffix/4096,1,0.2773,single_lease_requests,0
scheduler,scheduler/dynamic/resumed_suffix/4096,1,0.2773,total,0.27433399999999997
scheduler,scheduler/dynamic/resumed_suffix/4096,1,0.2773,truncated_requests,47
scheduler,scheduler/dynamic/resumed_suffix/4096,2,0.2743,boundary_scans,48
scheduler,scheduler/dynamic/resumed_suffix/4096,2,0.2743,candidate_slots,54
scheduler,scheduler/dynamic/resumed_suffix/4096,2,0.2743,cpu_ms,0.2750000000000252
scheduler,scheduler/dynamic/resumed_suffix/4096,2,0.2743,cpu_percent,100.25811908478018
scheduler,scheduler/dynamic/resumed_suffix/4096,2,0.2743,leases,3071
scheduler,scheduler/dynamic/resumed_suffix/4096,2,0.2743,max_leases_per_request,64
scheduler,scheduler/dynamic/resumed_suffix/4096,2,0.2743,max_request_bytes,67108864
scheduler,scheduler/dynamic/resumed_suffix/4096,2,0.2743,micros_per_request,5.653645833333335
scheduler,scheduler/dynamic/resumed_suffix/4096,2,0.2743,multi_lease_requests,48
scheduler,scheduler/dynamic/resumed_suffix/4096,2,0.2743,planned_bytes,3220176896
scheduler,scheduler/dynamic/resumed_suffix/4096,2,0.2743,planned_ranges,54
scheduler,scheduler/dynamic/resumed_suffix/4096,2,0.2743,process_peak_rss_bytes,16695296
scheduler,scheduler/dynamic/resumed_suffix/4096,2,0.2743,requests,48
scheduler,scheduler/dynamic/resumed_suffix/4096,2,0.2743,single_lease_requests,0
scheduler,scheduler/dynamic/resumed_suffix/4096,2,0.2743,total,0.27137500000000003
scheduler,scheduler/dynamic/resumed_suffix/4096,2,0.2743,truncated_requests,47
scheduler,scheduler/dynamic/resumed_suffix/4096,3,0.2732,boundary_scans,48
scheduler,scheduler/dynamic/resumed_suffix/4096,3,0.2732,candidate_slots,54
scheduler,scheduler/dynamic/resumed_suffix/4096,3,0.2732,cpu_ms,0.2729999999999677
scheduler,scheduler/dynamic/resumed_suffix/4096,3,0.2732,cpu_percent,99.93886523627222
scheduler,scheduler/dynamic/resumed_suffix/4096,3,0.2732,leases,3071
scheduler,scheduler/dynamic/resumed_suffix/4096,3,0.2732,max_leases_per_request,64
scheduler,scheduler/dynamic/resumed_suffix/4096,3,0.2732,max_request_bytes,67108864
scheduler,scheduler/dynamic/resumed_suffix/4096,3,0.2732,micros_per_request,5.629333333333334
scheduler,scheduler/dynamic/resumed_suffix/4096,3,0.2732,multi_lease_requests,48
scheduler,scheduler/dynamic/resumed_suffix/4096,3,0.2732,planned_bytes,3220176896
scheduler,scheduler/dynamic/resumed_suffix/4096,3,0.2732,planned_ranges,54
scheduler,scheduler/dynamic/resumed_suffix/4096,3,0.2732,process_peak_rss_bytes,16695296
scheduler,scheduler/dynamic/resumed_suffix/4096,3,0.2732,requests,48
scheduler,scheduler/dynamic/resumed_suffix/4096,3,0.2732,single_lease_requests,0
scheduler,scheduler/dynamic/resumed_suffix/4096,3,0.2732,total,0.270208
scheduler,scheduler/dynamic/resumed_suffix/4096,3,0.2732,truncated_requests,47
scheduler,scheduler/dynamic/resumed_suffix/4096,4,0.2730,boundary_scans,48
scheduler,scheduler/dynamic/resumed_suffix/4096,4,0.2730,candidate_slots,54
scheduler,scheduler/dynamic/resumed_suffix/4096,4,0.2730,cpu_ms,0.2730000000000232
scheduler,scheduler/dynamic/resumed_suffix/4096,4,0.2730,cpu_percent,100.0000000000085
scheduler,scheduler/dynamic/resumed_suffix/4096,4,0.2730,leases,3071
scheduler,scheduler/dynamic/resumed_suffix/4096,4,0.2730,max_leases_per_request,64
scheduler,scheduler/dynamic/resumed_suffix/4096,4,0.2730,max_request_bytes,67108864
scheduler,scheduler/dynamic/resumed_suffix/4096,4,0.2730,micros_per_request,5.625875000000001
scheduler,scheduler/dynamic/resumed_suffix/4096,4,0.2730,multi_lease_requests,48
scheduler,scheduler/dynamic/resumed_suffix/4096,4,0.2730,planned_bytes,3220176896
scheduler,scheduler/dynamic/resumed_suffix/4096,4,0.2730,planned_ranges,54
scheduler,scheduler/dynamic/resumed_suffix/4096,4,0.2730,process_peak_rss_bytes,16695296
scheduler,scheduler/dynamic/resumed_suffix/4096,4,0.2730,requests,48
scheduler,scheduler/dynamic/resumed_suffix/4096,4,0.2730,single_lease_requests,0
scheduler,scheduler/dynamic/resumed_suffix/4096,4,0.2730,total,0.270042
scheduler,scheduler/dynamic/resumed_suffix/4096,4,0.2730,truncated_requests,47
scheduler,scheduler/dynamic/resumed_suffix/4096,5,0.2745,boundary_scans,48
scheduler,scheduler/dynamic/resumed_suffix/4096,5,0.2745,candidate_slots,54
scheduler,scheduler/dynamic/resumed_suffix/4096,5,0.2745,cpu_ms,0.2749999999999697
scheduler,scheduler/dynamic/resumed_suffix/4096,5,0.2745,cpu_percent,100.16682329114296
scheduler,scheduler/dynamic/resumed_suffix/4096,5,0.2745,leases,3071
scheduler,scheduler/dynamic/resumed_suffix/4096,5,0.2745,max_leases_per_request,64
scheduler,scheduler/dynamic/resumed_suffix/4096,5,0.2745,max_request_bytes,67108864
scheduler,scheduler/dynamic/resumed_suffix/4096,5,0.2745,micros_per_request,5.618062500000001
scheduler,scheduler/dynamic/resumed_suffix/4096,5,0.2745,multi_lease_requests,48
scheduler,scheduler/dynamic/resumed_suffix/4096,5,0.2745,planned_bytes,3220176896
scheduler,scheduler/dynamic/resumed_suffix/4096,5,0.2745,planned_ranges,54
scheduler,scheduler/dynamic/resumed_suffix/4096,5,0.2745,process_peak_rss_bytes,16711680
scheduler,scheduler/dynamic/resumed_suffix/4096,5,0.2745,requests,48
scheduler,scheduler/dynamic/resumed_suffix/4096,5,0.2745,single_lease_requests,0
scheduler,scheduler/dynamic/resumed_suffix/4096,5,0.2745,total,0.26966700000000005
scheduler,scheduler/dynamic/resumed_suffix/4096,5,0.2745,truncated_requests,47
scheduler,scheduler/dynamic/resumed_suffix/4096,6,0.2715,boundary_scans,48
scheduler,scheduler/dynamic/resumed_suffix/4096,6,0.2715,candidate_slots,54
scheduler,scheduler/dynamic/resumed_suffix/4096,6,0.2715,cpu_ms,0.27199999999999447
scheduler,scheduler/dynamic/resumed_suffix/4096,6,0.2715,cpu_percent,100.18416206261308
scheduler,scheduler/dynamic/resumed_suffix/4096,6,0.2715,leases,3071
scheduler,scheduler/dynamic/resumed_suffix/4096,6,0.2715,max_leases_per_request,64
scheduler,scheduler/dynamic/resumed_suffix/4096,6,0.2715,max_request_bytes,67108864
scheduler,scheduler/dynamic/resumed_suffix/4096,6,0.2715,micros_per_request,5.59375
scheduler,scheduler/dynamic/resumed_suffix/4096,6,0.2715,multi_lease_requests,48
scheduler,scheduler/dynamic/resumed_suffix/4096,6,0.2715,planned_bytes,3220176896
scheduler,scheduler/dynamic/resumed_suffix/4096,6,0.2715,planned_ranges,54
scheduler,scheduler/dynamic/resumed_suffix/4096,6,0.2715,process_peak_rss_bytes,16711680
scheduler,scheduler/dynamic/resumed_suffix/4096,6,0.2715,requests,48
scheduler,scheduler/dynamic/resumed_suffix/4096,6,0.2715,single_lease_requests,0
scheduler,scheduler/dynamic/resumed_suffix/4096,6,0.2715,total,0.2685
scheduler,scheduler/dynamic/resumed_suffix/4096,6,0.2715,truncated_requests,47
scheduler,scheduler/dynamic/resumed_suffix/4096,7,0.2725,boundary_scans,48
scheduler,scheduler/dynamic/resumed_suffix/4096,7,0.2725,candidate_slots,54
scheduler,scheduler/dynamic/resumed_suffix/4096,7,0.2725,cpu_ms,0.2730000000000232
scheduler,scheduler/dynamic/resumed_suffix/4096,7,0.2725,cpu_percent,100.19856198548156
scheduler,scheduler/dynamic/resumed_suffix/4096,7,0.2725,leases,3071
scheduler,scheduler/dynamic/resumed_suffix/4096,7,0.2725,max_leases_per_request,64
scheduler,scheduler/dynamic/resumed_suffix/4096,7,0.2725,max_request_bytes,67108864
scheduler,scheduler/dynamic/resumed_suffix/4096,7,0.2725,micros_per_request,5.614583333333333
scheduler,scheduler/dynamic/resumed_suffix/4096,7,0.2725,multi_lease_requests,48
scheduler,scheduler/dynamic/resumed_suffix/4096,7,0.2725,planned_bytes,3220176896
scheduler,scheduler/dynamic/resumed_suffix/4096,7,0.2725,planned_ranges,54
scheduler,scheduler/dynamic/resumed_suffix/4096,7,0.2725,process_peak_rss_bytes,16711680
scheduler,scheduler/dynamic/resumed_suffix/4096,7,0.2725,requests,48
scheduler,scheduler/dynamic/resumed_suffix/4096,7,0.2725,single_lease_requests,0
scheduler,scheduler/dynamic/resumed_suffix/4096,7,0.2725,total,0.2695
scheduler,scheduler/dynamic/resumed_suffix/4096,7,0.2725,truncated_requests,47
scheduler,scheduler/dynamic/resumed_suffix/4096,8,0.2713,boundary_scans,48
scheduler,scheduler/dynamic/resumed_suffix/4096,8,0.2713,candidate_slots,54
scheduler,scheduler/dynamic/resumed_suffix/4096,8,0.2713,cpu_ms,0.27199999999999447
scheduler,scheduler/dynamic/resumed_suffix/4096,8,0.2713,cpu_percent,100.26134298594295
scheduler,scheduler/dynamic/resumed_suffix/4096,8,0.2713,leases,3071
scheduler,scheduler/dynamic/resumed_suffix/4096,8,0.2713,max_leases_per_request,64
scheduler,scheduler/dynamic/resumed_suffix/4096,8,0.2713,max_request_bytes,67108864
scheduler,scheduler/dynamic/resumed_suffix/4096,8,0.2713,micros_per_request,5.590270833333332
scheduler,scheduler/dynamic/resumed_suffix/4096,8,0.2713,multi_lease_requests,48
scheduler,scheduler/dynamic/resumed_suffix/4096,8,0.2713,planned_bytes,3220176896
scheduler,scheduler/dynamic/resumed_suffix/4096,8,0.2713,planned_ranges,54
scheduler,scheduler/dynamic/resumed_suffix/4096,8,0.2713,process_peak_rss_bytes,16711680
scheduler,scheduler/dynamic/resumed_suffix/4096,8,0.2713,requests,48
scheduler,scheduler/dynamic/resumed_suffix/4096,8,0.2713,single_lease_requests,0
scheduler,scheduler/dynamic/resumed_suffix/4096,8,0.2713,total,0.268333
scheduler,scheduler/dynamic/resumed_suffix/4096,8,0.2713,truncated_requests,47
scheduler,scheduler/dynamic/resumed_suffix/4096,9,0.2698,boundary_scans,48
scheduler,scheduler/dynamic/resumed_suffix/4096,9,0.2698,candidate_slots,54
scheduler,scheduler/dynamic/resumed_suffix/4096,9,0.2698,cpu_ms,0.26999999999999247
scheduler,scheduler/dynamic/resumed_suffix/4096,9,0.2698,cpu_percent,100.07709642983947
scheduler,scheduler/dynamic/resumed_suffix/4096,9,0.2698,leases,3071
scheduler,scheduler/dynamic/resumed_suffix/4096,9,0.2698,max_leases_per_request,64
scheduler,scheduler/dynamic/resumed_suffix/4096,9,0.2698,max_request_bytes,67108864
scheduler,scheduler/dynamic/resumed_suffix/4096,9,0.2698,micros_per_request,5.558145833333334
scheduler,scheduler/dynamic/resumed_suffix/4096,9,0.2698,multi_lease_requests,48
scheduler,scheduler/dynamic/resumed_suffix/4096,9,0.2698,planned_bytes,3220176896
scheduler,scheduler/dynamic/resumed_suffix/4096,9,0.2698,planned_ranges,54
scheduler,scheduler/dynamic/resumed_suffix/4096,9,0.2698,process_peak_rss_bytes,16711680
scheduler,scheduler/dynamic/resumed_suffix/4096,9,0.2698,requests,48
scheduler,scheduler/dynamic/resumed_suffix/4096,9,0.2698,single_lease_requests,0
scheduler,scheduler/dynamic/resumed_suffix/4096,9,0.2698,total,0.266791
scheduler,scheduler/dynamic/resumed_suffix/4096,9,0.2698,truncated_requests,47
scheduler,scheduler/fixed/resumed_suffix/4096,0,6.8778,boundary_scans,768
scheduler,scheduler/fixed/resumed_suffix/4096,0,6.8778,candidate_slots,768
scheduler,scheduler/fixed/resumed_suffix/4096,0,6.8778,cpu_ms,6.57000000000002
scheduler,scheduler/fixed/resumed_suffix/4096,0,6.8778,cpu_percent,95.52427341576947
scheduler,scheduler/fixed/resumed_suffix/4096,0,6.8778,leases,3071
scheduler,scheduler/fixed/resumed_suffix/4096,0,6.8778,max_leases_per_request,4
scheduler,scheduler/fixed/resumed_suffix/4096,0,6.8778,max_request_bytes,4194304
scheduler,scheduler/fixed/resumed_suffix/4096,0,6.8778,micros_per_request,8.949761718749999
scheduler,scheduler/fixed/resumed_suffix/4096,0,6.8778,multi_lease_requests,768
scheduler,scheduler/fixed/resumed_suffix/4096,0,6.8778,planned_bytes,3220176896
scheduler,scheduler/fixed/resumed_suffix/4096,0,6.8778,planned_ranges,774
scheduler,scheduler/fixed/resumed_suffix/4096,0,6.8778,process_peak_rss_bytes,16711680
scheduler,scheduler/fixed/resumed_suffix/4096,0,6.8778,requests,768
scheduler,scheduler/fixed/resumed_suffix/4096,0,6.8778,single_lease_requests,0
scheduler,scheduler/fixed/resumed_suffix/4096,0,6.8778,total,6.873417
scheduler,scheduler/fixed/resumed_suffix/4096,0,6.8778,truncated_requests,768
scheduler,scheduler/fixed/resumed_suffix/4096,1,6.2010,boundary_scans,768
scheduler,scheduler/fixed/resumed_suffix/4096,1,6.2010,candidate_slots,768
scheduler,scheduler/fixed/resumed_suffix/4096,1,6.2010,cpu_ms,6.110000000000005
scheduler,scheduler/fixed/resumed_suffix/4096,1,6.2010,cpu_percent,98.53316213398001
scheduler,scheduler/fixed/resumed_suffix/4096,1,6.2010,leases,3071
scheduler,scheduler/fixed/resumed_suffix/4096,1,6.2010,max_leases_per_request,4
scheduler,scheduler/fixed/resumed_suffix/4096,1,6.2010,max_request_bytes,4194304
scheduler,scheduler/fixed/resumed_suffix/4096,1,6.2010,micros_per_request,8.06846875
scheduler,scheduler/fixed/resumed_suffix/4096,1,6.2010,multi_lease_requests,768
scheduler,scheduler/fixed/resumed_suffix/4096,1,6.2010,planned_bytes,3220176896
scheduler,scheduler/fixed/resumed_suffix/4096,1,6.2010,planned_ranges,774
scheduler,scheduler/fixed/resumed_suffix/4096,1,6.2010,process_peak_rss_bytes,16711680
scheduler,scheduler/fixed/resumed_suffix/4096,1,6.2010,requests,768
scheduler,scheduler/fixed/resumed_suffix/4096,1,6.2010,single_lease_requests,0
scheduler,scheduler/fixed/resumed_suffix/4096,1,6.2010,total,6.196584
scheduler,scheduler/fixed/resumed_suffix/4096,1,6.2010,truncated_requests,768
scheduler,scheduler/fixed/resumed_suffix/4096,2,6.0204,boundary_scans,768
scheduler,scheduler/fixed/resumed_suffix/4096,2,6.0204,candidate_slots,768
scheduler,scheduler/fixed/resumed_suffix/4096,2,6.0204,cpu_ms,5.979000000000012
scheduler,scheduler/fixed/resumed_suffix/4096,2,6.0204,cpu_percent,99.3120741158088
scheduler,scheduler/fixed/resumed_suffix/4096,2,6.0204,leases,3071
scheduler,scheduler/fixed/resumed_suffix/4096,2,6.0204,max_leases_per_request,4
scheduler,scheduler/fixed/resumed_suffix/4096,2,6.0204,max_request_bytes,4194304
scheduler,scheduler/fixed/resumed_suffix/4096,2,6.0204,micros_per_request,7.8327903645833326
scheduler,scheduler/fixed/resumed_suffix/4096,2,6.0204,multi_lease_requests,768
scheduler,scheduler/fixed/resumed_suffix/4096,2,6.0204,planned_bytes,3220176896
scheduler,scheduler/fixed/resumed_suffix/4096,2,6.0204,planned_ranges,774
scheduler,scheduler/fixed/resumed_suffix/4096,2,6.0204,process_peak_rss_bytes,16711680
scheduler,scheduler/fixed/resumed_suffix/4096,2,6.0204,requests,768
scheduler,scheduler/fixed/resumed_suffix/4096,2,6.0204,single_lease_requests,0
scheduler,scheduler/fixed/resumed_suffix/4096,2,6.0204,total,6.0155829999999995
scheduler,scheduler/fixed/resumed_suffix/4096,2,6.0204,truncated_requests,768
scheduler,scheduler/fixed/resumed_suffix/4096,3,6.0564,boundary_scans,768
scheduler,scheduler/fixed/resumed_suffix/4096,3,6.0564,candidate_slots,768
scheduler,scheduler/fixed/resumed_suffix/4096,3,6.0564,cpu_ms,6.037000000000015
scheduler,scheduler/fixed/resumed_suffix/4096,3,6.0564,cpu_percent,99.67939790143274
scheduler,scheduler/fixed/resumed_suffix/4096,3,6.0564,leases,3071
scheduler,scheduler/fixed/resumed_suffix/4096,3,6.0564,max_leases_per_request,4
scheduler,scheduler/fixed/resumed_suffix/4096,3,6.0564,max_request_bytes,4194304
scheduler,scheduler/fixed/resumed_suffix/4096,3,6.0564,micros_per_request,7.879990885416667
scheduler,scheduler/fixed/resumed_suffix/4096,3,6.0564,multi_lease_requests,768
scheduler,scheduler/fixed/resumed_suffix/4096,3,6.0564,planned_bytes,3220176896
scheduler,scheduler/fixed/resumed_suffix/4096,3,6.0564,planned_ranges,774
scheduler,scheduler/fixed/resumed_suffix/4096,3,6.0564,process_peak_rss_bytes,16711680
scheduler,scheduler/fixed/resumed_suffix/4096,3,6.0564,requests,768
scheduler,scheduler/fixed/resumed_suffix/4096,3,6.0564,single_lease_requests,0
scheduler,scheduler/fixed/resumed_suffix/4096,3,6.0564,total,6.051833
scheduler,scheduler/fixed/resumed_suffix/4096,3,6.0564,truncated_requests,768
scheduler,scheduler/fixed/resumed_suffix/4096,4,6.1760,boundary_scans,768
scheduler,scheduler/fixed/resumed_suffix/4096,4,6.1760,candidate_slots,768
scheduler,scheduler/fixed/resumed_suffix/4096,4,6.1760,cpu_ms,6.114999999999982
scheduler,scheduler/fixed/resumed_suffix/4096,4,6.1760,cpu_percent,99.0129790390411
scheduler,scheduler/fixed/resumed_suffix/4096,4,6.1760,leases,3071
scheduler,scheduler/fixed/resumed_suffix/4096,4,6.1760,max_leases_per_request,4
scheduler,scheduler/fixed/resumed_suffix/4096,4,6.1760,max_request_bytes,4194304
scheduler,scheduler/fixed/resumed_suffix/4096,4,6.1760,micros_per_request,8.035265625000001
scheduler,scheduler/fixed/resumed_suffix/4096,4,6.1760,multi_lease_requests,768
scheduler,scheduler/fixed/resumed_suffix/4096,4,6.1760,planned_bytes,3220176896
scheduler,scheduler/fixed/resumed_suffix/4096,4,6.1760,planned_ranges,774
scheduler,scheduler/fixed/resumed_suffix/4096,4,6.1760,process_peak_rss_bytes,16711680
scheduler,scheduler/fixed/resumed_suffix/4096,4,6.1760,requests,768
scheduler,scheduler/fixed/resumed_suffix/4096,4,6.1760,single_lease_requests,0
scheduler,scheduler/fixed/resumed_suffix/4096,4,6.1760,total,6.1710840000000005
scheduler,scheduler/fixed/resumed_suffix/4096,4,6.1760,truncated_requests,768
scheduler,scheduler/fixed/resumed_suffix/4096,5,5.8984,boundary_scans,768
scheduler,scheduler/fixed/resumed_suffix/4096,5,5.8984,candidate_slots,768
scheduler,scheduler/fixed/resumed_suffix/4096,5,5.8984,cpu_ms,5.898999999999988
scheduler,scheduler/fixed/resumed_suffix/4096,5,5.8984,cpu_percent,100.01059613876683
scheduler,scheduler/fixed/resumed_suffix/4096,5,5.8984,leases,3071
scheduler,scheduler/fixed/resumed_suffix/4096,5,5.8984,max_leases_per_request,4
scheduler,scheduler/fixed/resumed_suffix/4096,5,5.8984,max_request_bytes,4194304
scheduler,scheduler/fixed/resumed_suffix/4096,5,5.8984,micros_per_request,7.675401041666667
scheduler,scheduler/fixed/resumed_suffix/4096,5,5.8984,multi_lease_requests,768
scheduler,scheduler/fixed/resumed_suffix/4096,5,5.8984,planned_bytes,3220176896
scheduler,scheduler/fixed/resumed_suffix/4096,5,5.8984,planned_ranges,774
scheduler,scheduler/fixed/resumed_suffix/4096,5,5.8984,process_peak_rss_bytes,16711680
scheduler,scheduler/fixed/resumed_suffix/4096,5,5.8984,requests,768
scheduler,scheduler/fixed/resumed_suffix/4096,5,5.8984,single_lease_requests,0
scheduler,scheduler/fixed/resumed_suffix/4096,5,5.8984,total,5.8947080000000005
scheduler,scheduler/fixed/resumed_suffix/4096,5,5.8984,truncated_requests,768
scheduler,scheduler/fixed/resumed_suffix/4096,6,5.9913,boundary_scans,768
scheduler,scheduler/fixed/resumed_suffix/4096,6,5.9913,candidate_slots,768
scheduler,scheduler/fixed/resumed_suffix/4096,6,5.9913,cpu_ms,5.97700000000001
scheduler,scheduler/fixed/resumed_suffix/4096,6,5.9913,cpu_percent,99.76145378993395
scheduler,scheduler/fixed/resumed_suffix/4096,6,5.9913,leases,3071
scheduler,scheduler/fixed/resumed_suffix/4096,6,5.9913,max_leases_per_request,4
scheduler,scheduler/fixed/resumed_suffix/4096,6,5.9913,max_request_bytes,4194304
scheduler,scheduler/fixed/resumed_suffix/4096,6,5.9913,micros_per_request,7.79546484375
scheduler,scheduler/fixed/resumed_suffix/4096,6,5.9913,multi_lease_requests,768
scheduler,scheduler/fixed/resumed_suffix/4096,6,5.9913,planned_bytes,3220176896
scheduler,scheduler/fixed/resumed_suffix/4096,6,5.9913,planned_ranges,774
scheduler,scheduler/fixed/resumed_suffix/4096,6,5.9913,process_peak_rss_bytes,16711680
scheduler,scheduler/fixed/resumed_suffix/4096,6,5.9913,requests,768
scheduler,scheduler/fixed/resumed_suffix/4096,6,5.9913,single_lease_requests,0
scheduler,scheduler/fixed/resumed_suffix/4096,6,5.9913,total,5.986916999999999
scheduler,scheduler/fixed/resumed_suffix/4096,6,5.9913,truncated_requests,768
scheduler,scheduler/fixed/resumed_suffix/4096,7,7.0498,boundary_scans,768
scheduler,scheduler/fixed/resumed_suffix/4096,7,7.0498,candidate_slots,768
scheduler,scheduler/fixed/resumed_suffix/4096,7,7.0498,cpu_ms,6.8909999999999805
scheduler,scheduler/fixed/resumed_suffix/4096,7,7.0498,cpu_percent,97.74756475084628
scheduler,scheduler/fixed/resumed_suffix/4096,7,7.0498,leases,3071
scheduler,scheduler/fixed/resumed_suffix/4096,7,7.0498,max_leases_per_request,4
scheduler,scheduler/fixed/resumed_suffix/4096,7,7.0498,max_request_bytes,4194304
scheduler,scheduler/fixed/resumed_suffix/4096,7,7.0498,micros_per_request,9.172037760416666
scheduler,scheduler/fixed/resumed_suffix/4096,7,7.0498,multi_lease_requests,768
scheduler,scheduler/fixed/resumed_suffix/4096,7,7.0498,planned_bytes,3220176896
scheduler,scheduler/fixed/resumed_suffix/4096,7,7.0498,planned_ranges,774
scheduler,scheduler/fixed/resumed_suffix/4096,7,7.0498,process_peak_rss_bytes,16711680
scheduler,scheduler/fixed/resumed_suffix/4096,7,7.0498,requests,768
scheduler,scheduler/fixed/resumed_suffix/4096,7,7.0498,single_lease_requests,0
scheduler,scheduler/fixed/resumed_suffix/4096,7,7.0498,total,7.044125
scheduler,scheduler/fixed/resumed_suffix/4096,7,7.0498,truncated_requests,768
scheduler,scheduler/fixed/resumed_suffix/4096,8,6.8136,boundary_scans,768
scheduler,scheduler/fixed/resumed_suffix/4096,8,6.8136,candidate_slots,768
scheduler,scheduler/fixed/resumed_suffix/4096,8,6.8136,cpu_ms,6.671999999999956
scheduler,scheduler/fixed/resumed_suffix/4096,8,6.8136,cpu_percent,97.92144416518309
scheduler,scheduler/fixed/resumed_suffix/4096,8,6.8136,leases,3071
scheduler,scheduler/fixed/resumed_suffix/4096,8,6.8136,max_leases_per_request,4
scheduler,scheduler/fixed/resumed_suffix/4096,8,6.8136,max_request_bytes,4194304
scheduler,scheduler/fixed/resumed_suffix/4096,8,6.8136,micros_per_request,8.865234375
scheduler,scheduler/fixed/resumed_suffix/4096,8,6.8136,multi_lease_requests,768
scheduler,scheduler/fixed/resumed_suffix/4096,8,6.8136,planned_bytes,3220176896
scheduler,scheduler/fixed/resumed_suffix/4096,8,6.8136,planned_ranges,774
scheduler,scheduler/fixed/resumed_suffix/4096,8,6.8136,process_peak_rss_bytes,16711680
scheduler,scheduler/fixed/resumed_suffix/4096,8,6.8136,requests,768
scheduler,scheduler/fixed/resumed_suffix/4096,8,6.8136,single_lease_requests,0
scheduler,scheduler/fixed/resumed_suffix/4096,8,6.8136,total,6.8085
scheduler,scheduler/fixed/resumed_suffix/4096,8,6.8136,truncated_requests,768
scheduler,scheduler/fixed/resumed_suffix/4096,9,8.3120,boundary_scans,768
scheduler,scheduler/fixed/resumed_suffix/4096,9,8.3120,candidate_slots,768
scheduler,scheduler/fixed/resumed_suffix/4096,9,8.3120,cpu_ms,7.948000000000011
scheduler,scheduler/fixed/resumed_suffix/4096,9,8.3120,cpu_percent,95.62030605716394
scheduler,scheduler/fixed/resumed_suffix/4096,9,8.3120,leases,3071
scheduler,scheduler/fixed/resumed_suffix/4096,9,8.3120,max_leases_per_request,4
scheduler,scheduler/fixed/resumed_suffix/4096,9,8.3120,max_request_bytes,4194304
scheduler,scheduler/fixed/resumed_suffix/4096,9,8.3120,micros_per_request,10.813639322916666
scheduler,scheduler/fixed/resumed_suffix/4096,9,8.3120,multi_lease_requests,768
scheduler,scheduler/fixed/resumed_suffix/4096,9,8.3120,planned_bytes,3220176896
scheduler,scheduler/fixed/resumed_suffix/4096,9,8.3120,planned_ranges,774
scheduler,scheduler/fixed/resumed_suffix/4096,9,8.3120,process_peak_rss_bytes,16728064
scheduler,scheduler/fixed/resumed_suffix/4096,9,8.3120,requests,768
scheduler,scheduler/fixed/resumed_suffix/4096,9,8.3120,single_lease_requests,0
scheduler,scheduler/fixed/resumed_suffix/4096,9,8.3120,total,8.304875
scheduler,scheduler/fixed/resumed_suffix/4096,9,8.3120,truncated_requests,768
writer,writer/split_4conns_16KiB_chunks,0,22.4642,avg_block_bytes,1048576
writer,writer/split_4conns_16KiB_chunks,0,22.4642,body_reads,779
writer,writer/split_4conns_16KiB_chunks,0,22.4642,body_wait_ms,4.222
writer,writer/split_4conns_16KiB_chunks,0,22.4642,cache_copied_bytes,12582912
writer,writer/split_4conns_16KiB_chunks,0,22.4642,cache_evicted_bytes,12582912
writer,writer/split_4conns_16KiB_chunks,0,22.4642,checksum_ms,0
writer,writer/split_4conns_16KiB_chunks,0,22.4642,cpu_ms,18.80900000000002
writer,writer/split_4conns_16KiB_chunks,0,22.4642,cpu_percent,83.72890034159744
writer,writer/split_4conns_16KiB_chunks,0,22.4642,distinct_ranges,4
writer,writer/split_4conns_16KiB_chunks,0,22.4642,driver_connections,4
writer,writer/split_4conns_16KiB_chunks,0,22.4642,driver_loops,82
writer,writer/split_4conns_16KiB_chunks,0,22.4642,driver_pauses,13
writer,writer/split_4conns_16KiB_chunks,0,22.4642,duplicate_bytes,0
writer,writer/split_4conns_16KiB_chunks,0,22.4642,failed,0
writer,writer/split_4conns_16KiB_chunks,0,22.4642,file_bytes,12582912
writer,writer/split_4conns_16KiB_chunks,0,22.4642,finalize,0.004125000000001933
writer,writer/split_4conns_16KiB_chunks,0,22.4642,fsync_calls,1
writer,writer/split_4conns_16KiB_chunks,0,22.4642,fsync_ms,15.03
writer,writer/split_4conns_16KiB_chunks,0,22.4642,prealloc_ms,0.12
writer,writer/split_4conns_16KiB_chunks,0,22.4642,process_peak_rss_bytes,52690944
writer,writer/split_4conns_16KiB_chunks,0,22.4642,report_span,0
writer,writer/split_4conns_16KiB_chunks,0,22.4642,requests,4
writer,writer/split_4conns_16KiB_chunks,0,22.4642,response_head_ms,2.066
writer,writer/split_4conns_16KiB_chunks,0,22.4642,response_heads,4
writer,writer/split_4conns_16KiB_chunks,0,22.4642,running_reports,1
writer,writer/split_4conns_16KiB_chunks,0,22.4642,served_bytes,12582912
writer,writer/split_4conns_16KiB_chunks,0,22.4642,to_first_report,19.55775
writer,writer/split_4conns_16KiB_chunks,0,22.4642,total,19.561875
writer,writer/split_4conns_16KiB_chunks,0,22.4642,unique_bytes,12582912
writer,writer/split_4conns_16KiB_chunks,0,22.4642,verified,1
writer,writer/split_4conns_16KiB_chunks,0,22.4642,writer_blocks,12
writer,writer/split_4conns_16KiB_chunks,0,22.4642,writer_bytes,12582912
writer,writer/split_4conns_16KiB_chunks,0,22.4642,writer_seeks,9
writer,writer/split_4conns_16KiB_chunks,1,23.8728,avg_block_bytes,1048576
writer,writer/split_4conns_16KiB_chunks,1,23.8728,body_reads,780
writer,writer/split_4conns_16KiB_chunks,1,23.8728,body_wait_ms,6.763
writer,writer/split_4conns_16KiB_chunks,1,23.8728,cache_copied_bytes,12582912
writer,writer/split_4conns_16KiB_chunks,1,23.8728,cache_evicted_bytes,12582912
writer,writer/split_4conns_16KiB_chunks,1,23.8728,checksum_ms,0
writer,writer/split_4conns_16KiB_chunks,1,23.8728,cpu_ms,19.30700000000002
writer,writer/split_4conns_16KiB_chunks,1,23.8728,cpu_percent,80.8743562190546
writer,writer/split_4conns_16KiB_chunks,1,23.8728,distinct_ranges,4
writer,writer/split_4conns_16KiB_chunks,1,23.8728,driver_connections,4
writer,writer/split_4conns_16KiB_chunks,1,23.8728,driver_loops,86
writer,writer/split_4conns_16KiB_chunks,1,23.8728,driver_pauses,13
writer,writer/split_4conns_16KiB_chunks,1,23.8728,duplicate_bytes,0
writer,writer/split_4conns_16KiB_chunks,1,23.8728,failed,0
writer,writer/split_4conns_16KiB_chunks,1,23.8728,file_bytes,12582912
writer,writer/split_4conns_16KiB_chunks,1,23.8728,finalize,0.010417000000003895
writer,writer/split_4conns_16KiB_chunks,1,23.8728,fsync_calls,1
writer,writer/split_4conns_16KiB_chunks,1,23.8728,fsync_ms,15.321
writer,writer/split_4conns_16KiB_chunks,1,23.8728,prealloc_ms,0.243
writer,writer/split_4conns_16KiB_chunks,1,23.8728,process_peak_rss_bytes,53035008
writer,writer/split_4conns_16KiB_chunks,1,23.8728,report_span,0
writer,writer/split_4conns_16KiB_chunks,1,23.8728,requests,4
writer,writer/split_4conns_16KiB_chunks,1,23.8728,response_head_ms,1.731
writer,writer/split_4conns_16KiB_chunks,1,23.8728,response_heads,4
writer,writer/split_4conns_16KiB_chunks,1,23.8728,running_reports,1
writer,writer/split_4conns_16KiB_chunks,1,23.8728,served_bytes,12582912
writer,writer/split_4conns_16KiB_chunks,1,23.8728,to_first_report,21.005
writer,writer/split_4conns_16KiB_chunks,1,23.8728,total,21.015417000000003
writer,writer/split_4conns_16KiB_chunks,1,23.8728,unique_bytes,12582912
writer,writer/split_4conns_16KiB_chunks,1,23.8728,verified,1
writer,writer/split_4conns_16KiB_chunks,1,23.8728,writer_blocks,12
writer,writer/split_4conns_16KiB_chunks,1,23.8728,writer_bytes,12582912
writer,writer/split_4conns_16KiB_chunks,1,23.8728,writer_seeks,9
writer,writer/split_4conns_16KiB_chunks,2,13.7825,avg_block_bytes,1048576
writer,writer/split_4conns_16KiB_chunks,2,13.7825,body_reads,783
writer,writer/split_4conns_16KiB_chunks,2,13.7825,body_wait_ms,5.552
writer,writer/split_4conns_16KiB_chunks,2,13.7825,cache_copied_bytes,12582912
writer,writer/split_4conns_16KiB_chunks,2,13.7825,cache_evicted_bytes,12582912
writer,writer/split_4conns_16KiB_chunks,2,13.7825,checksum_ms,0
writer,writer/split_4conns_16KiB_chunks,2,13.7825,cpu_ms,15.74399999999998
writer,writer/split_4conns_16KiB_chunks,2,13.7825,cpu_percent,114.23181570832564
writer,writer/split_4conns_16KiB_chunks,2,13.7825,distinct_ranges,4
writer,writer/split_4conns_16KiB_chunks,2,13.7825,driver_connections,4
writer,writer/split_4conns_16KiB_chunks,2,13.7825,driver_loops,76
writer,writer/split_4conns_16KiB_chunks,2,13.7825,driver_pauses,6
writer,writer/split_4conns_16KiB_chunks,2,13.7825,duplicate_bytes,0
writer,writer/split_4conns_16KiB_chunks,2,13.7825,failed,0
writer,writer/split_4conns_16KiB_chunks,2,13.7825,file_bytes,12582912
writer,writer/split_4conns_16KiB_chunks,2,13.7825,finalize,0.0009160000000001389
writer,writer/split_4conns_16KiB_chunks,2,13.7825,fsync_calls,1
writer,writer/split_4conns_16KiB_chunks,2,13.7825,fsync_ms,6.376
writer,writer/split_4conns_16KiB_chunks,2,13.7825,prealloc_ms,0.099
writer,writer/split_4conns_16KiB_chunks,2,13.7825,process_peak_rss_bytes,54460416
writer,writer/split_4conns_16KiB_chunks,2,13.7825,report_span,0
writer,writer/split_4conns_16KiB_chunks,2,13.7825,requests,4
writer,writer/split_4conns_16KiB_chunks,2,13.7825,response_head_ms,2.053
writer,writer/split_4conns_16KiB_chunks,2,13.7825,response_heads,4
writer,writer/split_4conns_16KiB_chunks,2,13.7825,running_reports,1
writer,writer/split_4conns_16KiB_chunks,2,13.7825,served_bytes,12582912
writer,writer/split_4conns_16KiB_chunks,2,13.7825,to_first_report,10.389917
writer,writer/split_4conns_16KiB_chunks,2,13.7825,total,10.390833
writer,writer/split_4conns_16KiB_chunks,2,13.7825,unique_bytes,12582912
writer,writer/split_4conns_16KiB_chunks,2,13.7825,verified,1
writer,writer/split_4conns_16KiB_chunks,2,13.7825,writer_blocks,12
writer,writer/split_4conns_16KiB_chunks,2,13.7825,writer_bytes,12582912
writer,writer/split_4conns_16KiB_chunks,2,13.7825,writer_seeks,11
writer,writer/split_4conns_16KiB_chunks,3,11.9340,avg_block_bytes,1048576
writer,writer/split_4conns_16KiB_chunks,3,11.9340,body_reads,784
writer,writer/split_4conns_16KiB_chunks,3,11.9340,body_wait_ms,4.779
writer,writer/split_4conns_16KiB_chunks,3,11.9340,cache_copied_bytes,12582912
writer,writer/split_4conns_16KiB_chunks,3,11.9340,cache_evicted_bytes,12582912
writer,writer/split_4conns_16KiB_chunks,3,11.9340,checksum_ms,0
writer,writer/split_4conns_16KiB_chunks,3,11.9340,cpu_ms,13.33300000000004
writer,writer/split_4conns_16KiB_chunks,3,11.9340,cpu_percent,111.72241559062753
writer,writer/split_4conns_16KiB_chunks,3,11.9340,distinct_ranges,4
writer,writer/split_4conns_16KiB_chunks,3,11.9340,driver_connections,4
writer,writer/split_4conns_16KiB_chunks,3,11.9340,driver_loops,96
writer,writer/split_4conns_16KiB_chunks,3,11.9340,driver_pauses,7
writer,writer/split_4conns_16KiB_chunks,3,11.9340,duplicate_bytes,0
writer,writer/split_4conns_16KiB_chunks,3,11.9340,failed,0
writer,writer/split_4conns_16KiB_chunks,3,11.9340,file_bytes,12582912
writer,writer/split_4conns_16KiB_chunks,3,11.9340,finalize,0.0012499999999988631
writer,writer/split_4conns_16KiB_chunks,3,11.9340,fsync_calls,1
writer,writer/split_4conns_16KiB_chunks,3,11.9340,fsync_ms,6.434
writer,writer/split_4conns_16KiB_chunks,3,11.9340,prealloc_ms,0.096
writer,writer/split_4conns_16KiB_chunks,3,11.9340,process_peak_rss_bytes,56967168
writer,writer/split_4conns_16KiB_chunks,3,11.9340,report_span,0
writer,writer/split_4conns_16KiB_chunks,3,11.9340,requests,4
writer,writer/split_4conns_16KiB_chunks,3,11.9340,response_head_ms,1.43
writer,writer/split_4conns_16KiB_chunks,3,11.9340,response_heads,4
writer,writer/split_4conns_16KiB_chunks,3,11.9340,running_reports,1
writer,writer/split_4conns_16KiB_chunks,3,11.9340,served_bytes,12582912
writer,writer/split_4conns_16KiB_chunks,3,11.9340,to_first_report,10.335542
writer,writer/split_4conns_16KiB_chunks,3,11.9340,total,10.336791999999999
writer,writer/split_4conns_16KiB_chunks,3,11.9340,unique_bytes,12582912
writer,writer/split_4conns_16KiB_chunks,3,11.9340,verified,1
writer,writer/split_4conns_16KiB_chunks,3,11.9340,writer_blocks,12
writer,writer/split_4conns_16KiB_chunks,3,11.9340,writer_bytes,12582912
writer,writer/split_4conns_16KiB_chunks,3,11.9340,writer_seeks,12
writer,writer/split_4conns_16KiB_chunks,4,12.4926,avg_block_bytes,1048576
writer,writer/split_4conns_16KiB_chunks,4,12.4926,body_reads,789
writer,writer/split_4conns_16KiB_chunks,4,12.4926,body_wait_ms,5.88
writer,writer/split_4conns_16KiB_chunks,4,12.4926,cache_copied_bytes,12582912
writer,writer/split_4conns_16KiB_chunks,4,12.4926,cache_evicted_bytes,12582912
writer,writer/split_4conns_16KiB_chunks,4,12.4926,checksum_ms,0
writer,writer/split_4conns_16KiB_chunks,4,12.4926,cpu_ms,12.792000000000026
writer,writer/split_4conns_16KiB_chunks,4,12.4926,cpu_percent,102.39641388419187
writer,writer/split_4conns_16KiB_chunks,4,12.4926,distinct_ranges,4
writer,writer/split_4conns_16KiB_chunks,4,12.4926,driver_connections,4
writer,writer/split_4conns_16KiB_chunks,4,12.4926,driver_loops,87
writer,writer/split_4conns_16KiB_chunks,4,12.4926,driver_pauses,10
writer,writer/split_4conns_16KiB_chunks,4,12.4926,duplicate_bytes,0
writer,writer/split_4conns_16KiB_chunks,4,12.4926,failed,0
writer,writer/split_4conns_16KiB_chunks,4,12.4926,file_bytes,12582912
writer,writer/split_4conns_16KiB_chunks,4,12.4926,finalize,0.005083000000000837
writer,writer/split_4conns_16KiB_chunks,4,12.4926,fsync_calls,1
writer,writer/split_4conns_16KiB_chunks,4,12.4926,fsync_ms,6.977
writer,writer/split_4conns_16KiB_chunks,4,12.4926,prealloc_ms,0.066
writer,writer/split_4conns_16KiB_chunks,4,12.4926,process_peak_rss_bytes,57311232
writer,writer/split_4conns_16KiB_chunks,4,12.4926,report_span,0
writer,writer/split_4conns_16KiB_chunks,4,12.4926,requests,4
writer,writer/split_4conns_16KiB_chunks,4,12.4926,response_head_ms,1.449
writer,writer/split_4conns_16KiB_chunks,4,12.4926,response_heads,4
writer,writer/split_4conns_16KiB_chunks,4,12.4926,running_reports,1
writer,writer/split_4conns_16KiB_chunks,4,12.4926,served_bytes,12582912
writer,writer/split_4conns_16KiB_chunks,4,12.4926,to_first_report,10.874917
writer,writer/split_4conns_16KiB_chunks,4,12.4926,total,10.88
writer,writer/split_4conns_16KiB_chunks,4,12.4926,unique_bytes,12582912
writer,writer/split_4conns_16KiB_chunks,4,12.4926,verified,1
writer,writer/split_4conns_16KiB_chunks,4,12.4926,writer_blocks,12
writer,writer/split_4conns_16KiB_chunks,4,12.4926,writer_bytes,12582912
writer,writer/split_4conns_16KiB_chunks,4,12.4926,writer_seeks,12
writer,writer/split_4conns_16KiB_chunks,5,15.0950,avg_block_bytes,1048576
writer,writer/split_4conns_16KiB_chunks,5,15.0950,body_reads,789
writer,writer/split_4conns_16KiB_chunks,5,15.0950,body_wait_ms,5.295
writer,writer/split_4conns_16KiB_chunks,5,15.0950,cache_copied_bytes,12582912
writer,writer/split_4conns_16KiB_chunks,5,15.0950,cache_evicted_bytes,12582912
writer,writer/split_4conns_16KiB_chunks,5,15.0950,checksum_ms,0
writer,writer/split_4conns_16KiB_chunks,5,15.0950,cpu_ms,15.492999999999979
writer,writer/split_4conns_16KiB_chunks,5,15.0950,cpu_percent,102.63634907408658
writer,writer/split_4conns_16KiB_chunks,5,15.0950,distinct_ranges,4
writer,writer/split_4conns_16KiB_chunks,5,15.0950,driver_connections,4
writer,writer/split_4conns_16KiB_chunks,5,15.0950,driver_loops,89
writer,writer/split_4conns_16KiB_chunks,5,15.0950,driver_pauses,15
writer,writer/split_4conns_16KiB_chunks,5,15.0950,duplicate_bytes,0
writer,writer/split_4conns_16KiB_chunks,5,15.0950,failed,0
writer,writer/split_4conns_16KiB_chunks,5,15.0950,file_bytes,12582912
writer,writer/split_4conns_16KiB_chunks,5,15.0950,finalize,0.004417000000000115
writer,writer/split_4conns_16KiB_chunks,5,15.0950,fsync_calls,1
writer,writer/split_4conns_16KiB_chunks,5,15.0950,fsync_ms,8.566
writer,writer/split_4conns_16KiB_chunks,5,15.0950,prealloc_ms,0.097
writer,writer/split_4conns_16KiB_chunks,5,15.0950,process_peak_rss_bytes,58343424
writer,writer/split_4conns_16KiB_chunks,5,15.0950,report_span,0
writer,writer/split_4conns_16KiB_chunks,5,15.0950,requests,4
writer,writer/split_4conns_16KiB_chunks,5,15.0950,response_head_ms,1.658
writer,writer/split_4conns_16KiB_chunks,5,15.0950,response_heads,4
writer,writer/split_4conns_16KiB_chunks,5,15.0950,running_reports,1
writer,writer/split_4conns_16KiB_chunks,5,15.0950,served_bytes,12582912
writer,writer/split_4conns_16KiB_chunks,5,15.0950,to_first_report,13.127915999999999
writer,writer/split_4conns_16KiB_chunks,5,15.0950,total,13.132333
writer,writer/split_4conns_16KiB_chunks,5,15.0950,unique_bytes,12582912
writer,writer/split_4conns_16KiB_chunks,5,15.0950,verified,1
writer,writer/split_4conns_16KiB_chunks,5,15.0950,writer_blocks,12
writer,writer/split_4conns_16KiB_chunks,5,15.0950,writer_bytes,12582912
writer,writer/split_4conns_16KiB_chunks,5,15.0950,writer_seeks,10
writer,writer/split_4conns_16KiB_chunks,6,12.8048,avg_block_bytes,1048576
writer,writer/split_4conns_16KiB_chunks,6,12.8048,body_reads,781
writer,writer/split_4conns_16KiB_chunks,6,12.8048,body_wait_ms,5.562
writer,writer/split_4conns_16KiB_chunks,6,12.8048,cache_copied_bytes,12582912
writer,writer/split_4conns_16KiB_chunks,6,12.8048,cache_evicted_bytes,12582912
writer,writer/split_4conns_16KiB_chunks,6,12.8048,checksum_ms,0
writer,writer/split_4conns_16KiB_chunks,6,12.8048,cpu_ms,17.365999999999993
writer,writer/split_4conns_16KiB_chunks,6,12.8048,cpu_percent,135.62065701125053
writer,writer/split_4conns_16KiB_chunks,6,12.8048,distinct_ranges,4
writer,writer/split_4conns_16KiB_chunks,6,12.8048,driver_connections,4
writer,writer/split_4conns_16KiB_chunks,6,12.8048,driver_loops,97
writer,writer/split_4conns_16KiB_chunks,6,12.8048,driver_pauses,11
writer,writer/split_4conns_16KiB_chunks,6,12.8048,duplicate_bytes,0
writer,writer/split_4conns_16KiB_chunks,6,12.8048,failed,0
writer,writer/split_4conns_16KiB_chunks,6,12.8048,file_bytes,12582912
writer,writer/split_4conns_16KiB_chunks,6,12.8048,finalize,0.006083000000000283
writer,writer/split_4conns_16KiB_chunks,6,12.8048,fsync_calls,1
writer,writer/split_4conns_16KiB_chunks,6,12.8048,fsync_ms,6.44
writer,writer/split_4conns_16KiB_chunks,6,12.8048,prealloc_ms,0.074
writer,writer/split_4conns_16KiB_chunks,6,12.8048,process_peak_rss_bytes,58376192
writer,writer/split_4conns_16KiB_chunks,6,12.8048,report_span,0
writer,writer/split_4conns_16KiB_chunks,6,12.8048,requests,4
writer,writer/split_4conns_16KiB_chunks,6,12.8048,response_head_ms,1.848
writer,writer/split_4conns_16KiB_chunks,6,12.8048,response_heads,4
writer,writer/split_4conns_16KiB_chunks,6,12.8048,running_reports,1
writer,writer/split_4conns_16KiB_chunks,6,12.8048,served_bytes,12582912
writer,writer/split_4conns_16KiB_chunks,6,12.8048,to_first_report,10.913917
writer,writer/split_4conns_16KiB_chunks,6,12.8048,total,10.92
writer,writer/split_4conns_16KiB_chunks,6,12.8048,unique_bytes,12582912
writer,writer/split_4conns_16KiB_chunks,6,12.8048,verified,1
writer,writer/split_4conns_16KiB_chunks,6,12.8048,writer_blocks,12
writer,writer/split_4conns_16KiB_chunks,6,12.8048,writer_bytes,12582912
writer,writer/split_4conns_16KiB_chunks,6,12.8048,writer_seeks,11
writer,writer/split_4conns_16KiB_chunks,7,33.9093,avg_block_bytes,1048576
writer,writer/split_4conns_16KiB_chunks,7,33.9093,body_reads,788
writer,writer/split_4conns_16KiB_chunks,7,33.9093,body_wait_ms,28.069
writer,writer/split_4conns_16KiB_chunks,7,33.9093,cache_copied_bytes,12582912
writer,writer/split_4conns_16KiB_chunks,7,33.9093,cache_evicted_bytes,12582912
writer,writer/split_4conns_16KiB_chunks,7,33.9093,checksum_ms,0
writer,writer/split_4conns_16KiB_chunks,7,33.9093,cpu_ms,18.564999999999998
writer,writer/split_4conns_16KiB_chunks,7,33.9093,cpu_percent,54.74900508096718
writer,writer/split_4conns_16KiB_chunks,7,33.9093,distinct_ranges,5
writer,writer/split_4conns_16KiB_chunks,7,33.9093,driver_connections,4
writer,writer/split_4conns_16KiB_chunks,7,33.9093,driver_loops,125
writer,writer/split_4conns_16KiB_chunks,7,33.9093,driver_pauses,4
writer,writer/split_4conns_16KiB_chunks,7,33.9093,duplicate_bytes,0
writer,writer/split_4conns_16KiB_chunks,7,33.9093,failed,0
writer,writer/split_4conns_16KiB_chunks,7,33.9093,file_bytes,12582912
writer,writer/split_4conns_16KiB_chunks,7,33.9093,finalize,0.001041999999998211
writer,writer/split_4conns_16KiB_chunks,7,33.9093,fsync_calls,1
writer,writer/split_4conns_16KiB_chunks,7,33.9093,fsync_ms,4.302
writer,writer/split_4conns_16KiB_chunks,7,33.9093,prealloc_ms,0.151
writer,writer/split_4conns_16KiB_chunks,7,33.9093,process_peak_rss_bytes,58425344
writer,writer/split_4conns_16KiB_chunks,7,33.9093,report_span,0
writer,writer/split_4conns_16KiB_chunks,7,33.9093,requests,5
writer,writer/split_4conns_16KiB_chunks,7,33.9093,response_head_ms,2.547
writer,writer/split_4conns_16KiB_chunks,7,33.9093,response_heads,5
writer,writer/split_4conns_16KiB_chunks,7,33.9093,running_reports,1
writer,writer/split_4conns_16KiB_chunks,7,33.9093,served_bytes,12582912
writer,writer/split_4conns_16KiB_chunks,7,33.9093,to_first_report,32.045583
writer,writer/split_4conns_16KiB_chunks,7,33.9093,total,32.046625
writer,writer/split_4conns_16KiB_chunks,7,33.9093,unique_bytes,12582912
writer,writer/split_4conns_16KiB_chunks,7,33.9093,verified,1
writer,writer/split_4conns_16KiB_chunks,7,33.9093,writer_blocks,12
writer,writer/split_4conns_16KiB_chunks,7,33.9093,writer_bytes,12582912
writer,writer/split_4conns_16KiB_chunks,7,33.9093,writer_seeks,1
writer,writer/split_4conns_16KiB_chunks,8,13.4008,avg_block_bytes,1048576
writer,writer/split_4conns_16KiB_chunks,8,13.4008,body_reads,788
writer,writer/split_4conns_16KiB_chunks,8,13.4008,body_wait_ms,6.044
writer,writer/split_4conns_16KiB_chunks,8,13.4008,cache_copied_bytes,12582912
writer,writer/split_4conns_16KiB_chunks,8,13.4008,cache_evicted_bytes,12582912
writer,writer/split_4conns_16KiB_chunks,8,13.4008,checksum_ms,0
writer,writer/split_4conns_16KiB_chunks,8,13.4008,cpu_ms,15.087000000000018
writer,writer/split_4conns_16KiB_chunks,8,13.4008,cpu_percent,112.58255363677779
writer,writer/split_4conns_16KiB_chunks,8,13.4008,distinct_ranges,4
writer,writer/split_4conns_16KiB_chunks,8,13.4008,driver_connections,4
writer,writer/split_4conns_16KiB_chunks,8,13.4008,driver_loops,99
writer,writer/split_4conns_16KiB_chunks,8,13.4008,driver_pauses,14
writer,writer/split_4conns_16KiB_chunks,8,13.4008,duplicate_bytes,0
writer,writer/split_4conns_16KiB_chunks,8,13.4008,failed,0
writer,writer/split_4conns_16KiB_chunks,8,13.4008,file_bytes,12582912
writer,writer/split_4conns_16KiB_chunks,8,13.4008,finalize,0.0009580000000006805
writer,writer/split_4conns_16KiB_chunks,8,13.4008,fsync_calls,1
writer,writer/split_4conns_16KiB_chunks,8,13.4008,fsync_ms,5.964
writer,writer/split_4conns_16KiB_chunks,8,13.4008,prealloc_ms,0.077
writer,writer/split_4conns_16KiB_chunks,8,13.4008,process_peak_rss_bytes,58458112
writer,writer/split_4conns_16KiB_chunks,8,13.4008,report_span,0
writer,writer/split_4conns_16KiB_chunks,8,13.4008,requests,4
writer,writer/split_4conns_16KiB_chunks,8,13.4008,response_head_ms,1.692
writer,writer/split_4conns_16KiB_chunks,8,13.4008,response_heads,4
writer,writer/split_4conns_16KiB_chunks,8,13.4008,running_reports,1
writer,writer/split_4conns_16KiB_chunks,8,13.4008,served_bytes,12582912
writer,writer/split_4conns_16KiB_chunks,8,13.4008,to_first_report,10.174084
writer,writer/split_4conns_16KiB_chunks,8,13.4008,total,10.175042000000001
writer,writer/split_4conns_16KiB_chunks,8,13.4008,unique_bytes,12582912
writer,writer/split_4conns_16KiB_chunks,8,13.4008,verified,1
writer,writer/split_4conns_16KiB_chunks,8,13.4008,writer_blocks,12
writer,writer/split_4conns_16KiB_chunks,8,13.4008,writer_bytes,12582912
writer,writer/split_4conns_16KiB_chunks,8,13.4008,writer_seeks,12
writer,writer/split_4conns_16KiB_chunks,9,14.2851,avg_block_bytes,1048576
writer,writer/split_4conns_16KiB_chunks,9,14.2851,body_reads,786
writer,writer/split_4conns_16KiB_chunks,9,14.2851,body_wait_ms,5.817
writer,writer/split_4conns_16KiB_chunks,9,14.2851,cache_copied_bytes,12582912
writer,writer/split_4conns_16KiB_chunks,9,14.2851,cache_evicted_bytes,12582912
writer,writer/split_4conns_16KiB_chunks,9,14.2851,checksum_ms,0
writer,writer/split_4conns_16KiB_chunks,9,14.2851,cpu_ms,19.935000000000038
writer,writer/split_4conns_16KiB_chunks,9,14.2851,cpu_percent,139.5507564687046
writer,writer/split_4conns_16KiB_chunks,9,14.2851,distinct_ranges,4
writer,writer/split_4conns_16KiB_chunks,9,14.2851,driver_connections,4
writer,writer/split_4conns_16KiB_chunks,9,14.2851,driver_loops,96
writer,writer/split_4conns_16KiB_chunks,9,14.2851,driver_pauses,15
writer,writer/split_4conns_16KiB_chunks,9,14.2851,duplicate_bytes,0
writer,writer/split_4conns_16KiB_chunks,9,14.2851,failed,0
writer,writer/split_4conns_16KiB_chunks,9,14.2851,file_bytes,12582912
writer,writer/split_4conns_16KiB_chunks,9,14.2851,fsync_calls,1
writer,writer/split_4conns_16KiB_chunks,9,14.2851,fsync_ms,6.303
writer,writer/split_4conns_16KiB_chunks,9,14.2851,prealloc_ms,0.092
writer,writer/split_4conns_16KiB_chunks,9,14.2851,process_peak_rss_bytes,58507264
writer,writer/split_4conns_16KiB_chunks,9,14.2851,requests,4
writer,writer/split_4conns_16KiB_chunks,9,14.2851,response_head_ms,2.002
writer,writer/split_4conns_16KiB_chunks,9,14.2851,response_heads,4
writer,writer/split_4conns_16KiB_chunks,9,14.2851,running_reports,0
writer,writer/split_4conns_16KiB_chunks,9,14.2851,served_bytes,12582912
writer,writer/split_4conns_16KiB_chunks,9,14.2851,total,11.8035
writer,writer/split_4conns_16KiB_chunks,9,14.2851,unique_bytes,12582912
writer,writer/split_4conns_16KiB_chunks,9,14.2851,verified,1
writer,writer/split_4conns_16KiB_chunks,9,14.2851,writer_blocks,12
writer,writer/split_4conns_16KiB_chunks,9,14.2851,writer_bytes,12582912
writer,writer/split_4conns_16KiB_chunks,9,14.2851,writer_seeks,10
writer,writer/split_4conns_1MiB_chunks,0,14.8853,avg_block_bytes,1048576
writer,writer/split_4conns_1MiB_chunks,0,14.8853,body_reads,777
writer,writer/split_4conns_1MiB_chunks,0,14.8853,body_wait_ms,5.541
writer,writer/split_4conns_1MiB_chunks,0,14.8853,cache_copied_bytes,12582912
writer,writer/split_4conns_1MiB_chunks,0,14.8853,cache_evicted_bytes,12582912
writer,writer/split_4conns_1MiB_chunks,0,14.8853,checksum_ms,0
writer,writer/split_4conns_1MiB_chunks,0,14.8853,cpu_ms,16.595999999999943
writer,writer/split_4conns_1MiB_chunks,0,14.8853,cpu_percent,111.49261374869958
writer,writer/split_4conns_1MiB_chunks,0,14.8853,distinct_ranges,4
writer,writer/split_4conns_1MiB_chunks,0,14.8853,driver_connections,4
writer,writer/split_4conns_1MiB_chunks,0,14.8853,driver_loops,73
writer,writer/split_4conns_1MiB_chunks,0,14.8853,driver_pauses,21
writer,writer/split_4conns_1MiB_chunks,0,14.8853,duplicate_bytes,0
writer,writer/split_4conns_1MiB_chunks,0,14.8853,failed,0
writer,writer/split_4conns_1MiB_chunks,0,14.8853,file_bytes,12582912
writer,writer/split_4conns_1MiB_chunks,0,14.8853,fsync_calls,1
writer,writer/split_4conns_1MiB_chunks,0,14.8853,fsync_ms,6.392
writer,writer/split_4conns_1MiB_chunks,0,14.8853,prealloc_ms,0.083
writer,writer/split_4conns_1MiB_chunks,0,14.8853,process_peak_rss_bytes,64815104
writer,writer/split_4conns_1MiB_chunks,0,14.8853,requests,4
writer,writer/split_4conns_1MiB_chunks,0,14.8853,response_head_ms,1.658
writer,writer/split_4conns_1MiB_chunks,0,14.8853,response_heads,4
writer,writer/split_4conns_1MiB_chunks,0,14.8853,running_reports,0
writer,writer/split_4conns_1MiB_chunks,0,14.8853,served_bytes,12582912
writer,writer/split_4conns_1MiB_chunks,0,14.8853,total,12.314042
writer,writer/split_4conns_1MiB_chunks,0,14.8853,unique_bytes,12582912
writer,writer/split_4conns_1MiB_chunks,0,14.8853,verified,1
writer,writer/split_4conns_1MiB_chunks,0,14.8853,writer_blocks,12
writer,writer/split_4conns_1MiB_chunks,0,14.8853,writer_bytes,12582912
writer,writer/split_4conns_1MiB_chunks,0,14.8853,writer_seeks,10
writer,writer/split_4conns_1MiB_chunks,1,13.2722,avg_block_bytes,1048576
writer,writer/split_4conns_1MiB_chunks,1,13.2722,body_reads,778
writer,writer/split_4conns_1MiB_chunks,1,13.2722,body_wait_ms,6.083
writer,writer/split_4conns_1MiB_chunks,1,13.2722,cache_copied_bytes,12582912
writer,writer/split_4conns_1MiB_chunks,1,13.2722,cache_evicted_bytes,12582912
writer,writer/split_4conns_1MiB_chunks,1,13.2722,checksum_ms,0
writer,writer/split_4conns_1MiB_chunks,1,13.2722,cpu_ms,14.523999999999981
writer,writer/split_4conns_1MiB_chunks,1,13.2722,cpu_percent,109.43201664053791
writer,writer/split_4conns_1MiB_chunks,1,13.2722,distinct_ranges,4
writer,writer/split_4conns_1MiB_chunks,1,13.2722,driver_connections,4
writer,writer/split_4conns_1MiB_chunks,1,13.2722,driver_loops,66
writer,writer/split_4conns_1MiB_chunks,1,13.2722,driver_pauses,9
writer,writer/split_4conns_1MiB_chunks,1,13.2722,duplicate_bytes,0
writer,writer/split_4conns_1MiB_chunks,1,13.2722,failed,0
writer,writer/split_4conns_1MiB_chunks,1,13.2722,file_bytes,12582912
writer,writer/split_4conns_1MiB_chunks,1,13.2722,fsync_calls,1
writer,writer/split_4conns_1MiB_chunks,1,13.2722,fsync_ms,5.785
writer,writer/split_4conns_1MiB_chunks,1,13.2722,prealloc_ms,0.138
writer,writer/split_4conns_1MiB_chunks,1,13.2722,process_peak_rss_bytes,65896448
writer,writer/split_4conns_1MiB_chunks,1,13.2722,requests,4
writer,writer/split_4conns_1MiB_chunks,1,13.2722,response_head_ms,1.48
writer,writer/split_4conns_1MiB_chunks,1,13.2722,response_heads,4
writer,writer/split_4conns_1MiB_chunks,1,13.2722,running_reports,0
writer,writer/split_4conns_1MiB_chunks,1,13.2722,served_bytes,12582912
writer,writer/split_4conns_1MiB_chunks,1,13.2722,total,10.3215
writer,writer/split_4conns_1MiB_chunks,1,13.2722,unique_bytes,12582912
writer,writer/split_4conns_1MiB_chunks,1,13.2722,verified,1
writer,writer/split_4conns_1MiB_chunks,1,13.2722,writer_blocks,12
writer,writer/split_4conns_1MiB_chunks,1,13.2722,writer_bytes,12582912
writer,writer/split_4conns_1MiB_chunks,1,13.2722,writer_seeks,12
writer,writer/split_4conns_1MiB_chunks,2,14.0279,avg_block_bytes,1048576
writer,writer/split_4conns_1MiB_chunks,2,14.0279,body_reads,778
writer,writer/split_4conns_1MiB_chunks,2,14.0279,body_wait_ms,5.062
writer,writer/split_4conns_1MiB_chunks,2,14.0279,cache_copied_bytes,12582912
writer,writer/split_4conns_1MiB_chunks,2,14.0279,cache_evicted_bytes,12582912
writer,writer/split_4conns_1MiB_chunks,2,14.0279,checksum_ms,0
writer,writer/split_4conns_1MiB_chunks,2,14.0279,cpu_ms,16.677000000000053
writer,writer/split_4conns_1MiB_chunks,2,14.0279,cpu_percent,118.88472060094671
writer,writer/split_4conns_1MiB_chunks,2,14.0279,distinct_ranges,4
writer,writer/split_4conns_1MiB_chunks,2,14.0279,driver_connections,4
writer,writer/split_4conns_1MiB_chunks,2,14.0279,driver_loops,69
writer,writer/split_4conns_1MiB_chunks,2,14.0279,driver_pauses,13
writer,writer/split_4conns_1MiB_chunks,2,14.0279,duplicate_bytes,0
writer,writer/split_4conns_1MiB_chunks,2,14.0279,failed,0
writer,writer/split_4conns_1MiB_chunks,2,14.0279,file_bytes,12582912
writer,writer/split_4conns_1MiB_chunks,2,14.0279,finalize,0.011416000000000537
writer,writer/split_4conns_1MiB_chunks,2,14.0279,fsync_calls,1
writer,writer/split_4conns_1MiB_chunks,2,14.0279,fsync_ms,6.183
writer,writer/split_4conns_1MiB_chunks,2,14.0279,prealloc_ms,0.147
writer,writer/split_4conns_1MiB_chunks,2,14.0279,process_peak_rss_bytes,66027520
writer,writer/split_4conns_1MiB_chunks,2,14.0279,report_span,0
writer,writer/split_4conns_1MiB_chunks,2,14.0279,requests,4
writer,writer/split_4conns_1MiB_chunks,2,14.0279,response_head_ms,1.783
writer,writer/split_4conns_1MiB_chunks,2,14.0279,response_heads,4
writer,writer/split_4conns_1MiB_chunks,2,14.0279,running_reports,1
writer,writer/split_4conns_1MiB_chunks,2,14.0279,served_bytes,12582912
writer,writer/split_4conns_1MiB_chunks,2,14.0279,to_first_report,11.144542
writer,writer/split_4conns_1MiB_chunks,2,14.0279,total,11.155958
writer,writer/split_4conns_1MiB_chunks,2,14.0279,unique_bytes,12582912
writer,writer/split_4conns_1MiB_chunks,2,14.0279,verified,1
writer,writer/split_4conns_1MiB_chunks,2,14.0279,writer_blocks,12
writer,writer/split_4conns_1MiB_chunks,2,14.0279,writer_bytes,12582912
writer,writer/split_4conns_1MiB_chunks,2,14.0279,writer_seeks,11
writer,writer/split_4conns_1MiB_chunks,3,13.1005,avg_block_bytes,1048576
writer,writer/split_4conns_1MiB_chunks,3,13.1005,body_reads,777
writer,writer/split_4conns_1MiB_chunks,3,13.1005,body_wait_ms,5.129
writer,writer/split_4conns_1MiB_chunks,3,13.1005,cache_copied_bytes,12582912
writer,writer/split_4conns_1MiB_chunks,3,13.1005,cache_evicted_bytes,12582912
writer,writer/split_4conns_1MiB_chunks,3,13.1005,checksum_ms,0
writer,writer/split_4conns_1MiB_chunks,3,13.1005,cpu_ms,16.297000000000004
writer,writer/split_4conns_1MiB_chunks,3,13.1005,cpu_percent,124.40023089269097
writer,writer/split_4conns_1MiB_chunks,3,13.1005,distinct_ranges,4
writer,writer/split_4conns_1MiB_chunks,3,13.1005,driver_connections,4
writer,writer/split_4conns_1MiB_chunks,3,13.1005,driver_loops,63
writer,writer/split_4conns_1MiB_chunks,3,13.1005,driver_pauses,13
writer,writer/split_4conns_1MiB_chunks,3,13.1005,duplicate_bytes,0
writer,writer/split_4conns_1MiB_chunks,3,13.1005,failed,0
writer,writer/split_4conns_1MiB_chunks,3,13.1005,file_bytes,12582912
writer,writer/split_4conns_1MiB_chunks,3,13.1005,finalize,0.003959000000000046
writer,writer/split_4conns_1MiB_chunks,3,13.1005,fsync_calls,1
writer,writer/split_4conns_1MiB_chunks,3,13.1005,fsync_ms,6.668
writer,writer/split_4conns_1MiB_chunks,3,13.1005,prealloc_ms,0.142
writer,writer/split_4conns_1MiB_chunks,3,13.1005,process_peak_rss_bytes,66043904
writer,writer/split_4conns_1MiB_chunks,3,13.1005,report_span,0
writer,writer/split_4conns_1MiB_chunks,3,13.1005,requests,4
writer,writer/split_4conns_1MiB_chunks,3,13.1005,response_head_ms,1.561
writer,writer/split_4conns_1MiB_chunks,3,13.1005,response_heads,4
writer,writer/split_4conns_1MiB_chunks,3,13.1005,running_reports,1
writer,writer/split_4conns_1MiB_chunks,3,13.1005,served_bytes,12582912
writer,writer/split_4conns_1MiB_chunks,3,13.1005,to_first_report,11.369041
writer,writer/split_4conns_1MiB_chunks,3,13.1005,total,11.373
writer,writer/split_4conns_1MiB_chunks,3,13.1005,unique_bytes,12582912
writer,writer/split_4conns_1MiB_chunks,3,13.1005,verified,1
writer,writer/split_4conns_1MiB_chunks,3,13.1005,writer_blocks,12
writer,writer/split_4conns_1MiB_chunks,3,13.1005,writer_bytes,12582912
writer,writer/split_4conns_1MiB_chunks,3,13.1005,writer_seeks,11
writer,writer/split_4conns_1MiB_chunks,4,10.9009,avg_block_bytes,1048576
writer,writer/split_4conns_1MiB_chunks,4,10.9009,body_reads,780
writer,writer/split_4conns_1MiB_chunks,4,10.9009,body_wait_ms,4.287
writer,writer/split_4conns_1MiB_chunks,4,10.9009,cache_copied_bytes,12582912
writer,writer/split_4conns_1MiB_chunks,4,10.9009,cache_evicted_bytes,12582912
writer,writer/split_4conns_1MiB_chunks,4,10.9009,checksum_ms,0
writer,writer/split_4conns_1MiB_chunks,4,10.9009,cpu_ms,11.05900000000004
writer,writer/split_4conns_1MiB_chunks,4,10.9009,cpu_percent,101.45057162842468
writer,writer/split_4conns_1MiB_chunks,4,10.9009,distinct_ranges,4
writer,writer/split_4conns_1MiB_chunks,4,10.9009,driver_connections,4
writer,writer/split_4conns_1MiB_chunks,4,10.9009,driver_loops,85
writer,writer/split_4conns_1MiB_chunks,4,10.9009,driver_pauses,6
writer,writer/split_4conns_1MiB_chunks,4,10.9009,duplicate_bytes,0
writer,writer/split_4conns_1MiB_chunks,4,10.9009,failed,0
writer,writer/split_4conns_1MiB_chunks,4,10.9009,file_bytes,12582912
writer,writer/split_4conns_1MiB_chunks,4,10.9009,finalize,0.004875000000001961
writer,writer/split_4conns_1MiB_chunks,4,10.9009,fsync_calls,1
writer,writer/split_4conns_1MiB_chunks,4,10.9009,fsync_ms,5.648
writer,writer/split_4conns_1MiB_chunks,4,10.9009,prealloc_ms,0.08
writer,writer/split_4conns_1MiB_chunks,4,10.9009,process_peak_rss_bytes,68812800
writer,writer/split_4conns_1MiB_chunks,4,10.9009,report_span,0
writer,writer/split_4conns_1MiB_chunks,4,10.9009,requests,4
writer,writer/split_4conns_1MiB_chunks,4,10.9009,response_head_ms,1.473
writer,writer/split_4conns_1MiB_chunks,4,10.9009,response_heads,4
writer,writer/split_4conns_1MiB_chunks,4,10.9009,running_reports,1
writer,writer/split_4conns_1MiB_chunks,4,10.9009,served_bytes,12582912
writer,writer/split_4conns_1MiB_chunks,4,10.9009,to_first_report,9.078916
writer,writer/split_4conns_1MiB_chunks,4,10.9009,total,9.083791000000002
writer,writer/split_4conns_1MiB_chunks,4,10.9009,unique_bytes,12582912
writer,writer/split_4conns_1MiB_chunks,4,10.9009,verified,1
writer,writer/split_4conns_1MiB_chunks,4,10.9009,writer_blocks,12
writer,writer/split_4conns_1MiB_chunks,4,10.9009,writer_bytes,12582912
writer,writer/split_4conns_1MiB_chunks,4,10.9009,writer_seeks,9
writer,writer/split_4conns_1MiB_chunks,5,10.6406,avg_block_bytes,1048576
writer,writer/split_4conns_1MiB_chunks,5,10.6406,body_reads,778
writer,writer/split_4conns_1MiB_chunks,5,10.6406,body_wait_ms,4.544
writer,writer/split_4conns_1MiB_chunks,5,10.6406,cache_copied_bytes,12582912
writer,writer/split_4conns_1MiB_chunks,5,10.6406,cache_evicted_bytes,12582912
writer,writer/split_4conns_1MiB_chunks,5,10.6406,checksum_ms,0
writer,writer/split_4conns_1MiB_chunks,5,10.6406,cpu_ms,11.363000000000012
writer,writer/split_4conns_1MiB_chunks,5,10.6406,cpu_percent,106.78926145306147
writer,writer/split_4conns_1MiB_chunks,5,10.6406,distinct_ranges,4
writer,writer/split_4conns_1MiB_chunks,5,10.6406,driver_connections,4
writer,writer/split_4conns_1MiB_chunks,5,10.6406,driver_loops,77
writer,writer/split_4conns_1MiB_chunks,5,10.6406,driver_pauses,4
writer,writer/split_4conns_1MiB_chunks,5,10.6406,duplicate_bytes,0
writer,writer/split_4conns_1MiB_chunks,5,10.6406,failed,0
writer,writer/split_4conns_1MiB_chunks,5,10.6406,file_bytes,12582912
writer,writer/split_4conns_1MiB_chunks,5,10.6406,finalize,0.003540999999998462
writer,writer/split_4conns_1MiB_chunks,5,10.6406,fsync_calls,1
writer,writer/split_4conns_1MiB_chunks,5,10.6406,fsync_ms,5.77
writer,writer/split_4conns_1MiB_chunks,5,10.6406,prealloc_ms,0.072
writer,writer/split_4conns_1MiB_chunks,5,10.6406,process_peak_rss_bytes,69238784
writer,writer/split_4conns_1MiB_chunks,5,10.6406,report_span,0
writer,writer/split_4conns_1MiB_chunks,5,10.6406,requests,4
writer,writer/split_4conns_1MiB_chunks,5,10.6406,response_head_ms,1.364
writer,writer/split_4conns_1MiB_chunks,5,10.6406,response_heads,4
writer,writer/split_4conns_1MiB_chunks,5,10.6406,running_reports,1
writer,writer/split_4conns_1MiB_chunks,5,10.6406,served_bytes,12582912
writer,writer/split_4conns_1MiB_chunks,5,10.6406,to_first_report,9.10025
writer,writer/split_4conns_1MiB_chunks,5,10.6406,total,9.103791
writer,writer/split_4conns_1MiB_chunks,5,10.6406,unique_bytes,12582912
writer,writer/split_4conns_1MiB_chunks,5,10.6406,verified,1
writer,writer/split_4conns_1MiB_chunks,5,10.6406,writer_blocks,12
writer,writer/split_4conns_1MiB_chunks,5,10.6406,writer_bytes,12582912
writer,writer/split_4conns_1MiB_chunks,5,10.6406,writer_seeks,8
writer,writer/split_4conns_1MiB_chunks,6,11.6312,avg_block_bytes,1048576
writer,writer/split_4conns_1MiB_chunks,6,11.6312,body_reads,780
writer,writer/split_4conns_1MiB_chunks,6,11.6312,body_wait_ms,5.011
writer,writer/split_4conns_1MiB_chunks,6,11.6312,cache_copied_bytes,12582912
writer,writer/split_4conns_1MiB_chunks,6,11.6312,cache_evicted_bytes,12582912
writer,writer/split_4conns_1MiB_chunks,6,11.6312,checksum_ms,0
writer,writer/split_4conns_1MiB_chunks,6,11.6312,cpu_ms,11.800000000000033
writer,writer/split_4conns_1MiB_chunks,6,11.6312,cpu_percent,101.45083288554568
writer,writer/split_4conns_1MiB_chunks,6,11.6312,distinct_ranges,4
writer,writer/split_4conns_1MiB_chunks,6,11.6312,driver_connections,4
writer,writer/split_4conns_1MiB_chunks,6,11.6312,driver_loops,93
writer,writer/split_4conns_1MiB_chunks,6,11.6312,driver_pauses,3
writer,writer/split_4conns_1MiB_chunks,6,11.6312,duplicate_bytes,0
writer,writer/split_4conns_1MiB_chunks,6,11.6312,failed,0
writer,writer/split_4conns_1MiB_chunks,6,11.6312,file_bytes,12582912
writer,writer/split_4conns_1MiB_chunks,6,11.6312,finalize,0.003916999999999504
writer,writer/split_4conns_1MiB_chunks,6,11.6312,fsync_calls,1
writer,writer/split_4conns_1MiB_chunks,6,11.6312,fsync_ms,5.766
writer,writer/split_4conns_1MiB_chunks,6,11.6312,prealloc_ms,0.077
writer,writer/split_4conns_1MiB_chunks,6,11.6312,process_peak_rss_bytes,70303744
writer,writer/split_4conns_1MiB_chunks,6,11.6312,report_span,0
writer,writer/split_4conns_1MiB_chunks,6,11.6312,requests,4
writer,writer/split_4conns_1MiB_chunks,6,11.6312,response_head_ms,1.279
writer,writer/split_4conns_1MiB_chunks,6,11.6312,response_heads,4
writer,writer/split_4conns_1MiB_chunks,6,11.6312,running_reports,1
writer,writer/split_4conns_1MiB_chunks,6,11.6312,served_bytes,12582912
writer,writer/split_4conns_1MiB_chunks,6,11.6312,to_first_report,9.442083
writer,writer/split_4conns_1MiB_chunks,6,11.6312,total,9.446
writer,writer/split_4conns_1MiB_chunks,6,11.6312,unique_bytes,12582912
writer,writer/split_4conns_1MiB_chunks,6,11.6312,verified,1
writer,writer/split_4conns_1MiB_chunks,6,11.6312,writer_blocks,12
writer,writer/split_4conns_1MiB_chunks,6,11.6312,writer_bytes,12582912
writer,writer/split_4conns_1MiB_chunks,6,11.6312,writer_seeks,8
writer,writer/split_4conns_1MiB_chunks,7,11.1961,avg_block_bytes,1048576
writer,writer/split_4conns_1MiB_chunks,7,11.1961,body_reads,780
writer,writer/split_4conns_1MiB_chunks,7,11.1961,body_wait_ms,4.301
writer,writer/split_4conns_1MiB_chunks,7,11.1961,cache_copied_bytes,12582912
writer,writer/split_4conns_1MiB_chunks,7,11.1961,cache_evicted_bytes,12582912
writer,writer/split_4conns_1MiB_chunks,7,11.1961,checksum_ms,0
writer,writer/split_4conns_1MiB_chunks,7,11.1961,cpu_ms,11.386999999999926
writer,writer/split_4conns_1MiB_chunks,7,11.1961,cpu_percent,101.7048309124802
writer,writer/split_4conns_1MiB_chunks,7,11.1961,distinct_ranges,4
writer,writer/split_4conns_1MiB_chunks,7,11.1961,driver_connections,4
writer,writer/split_4conns_1MiB_chunks,7,11.1961,driver_loops,83
writer,writer/split_4conns_1MiB_chunks,7,11.1961,driver_pauses,6
writer,writer/split_4conns_1MiB_chunks,7,11.1961,duplicate_bytes,0
writer,writer/split_4conns_1MiB_chunks,7,11.1961,failed,0
writer,writer/split_4conns_1MiB_chunks,7,11.1961,file_bytes,12582912
writer,writer/split_4conns_1MiB_chunks,7,11.1961,finalize,0.0038330000000001974
writer,writer/split_4conns_1MiB_chunks,7,11.1961,fsync_calls,1
writer,writer/split_4conns_1MiB_chunks,7,11.1961,fsync_ms,5.603
writer,writer/split_4conns_1MiB_chunks,7,11.1961,prealloc_ms,0.058
writer,writer/split_4conns_1MiB_chunks,7,11.1961,process_peak_rss_bytes,70336512
writer,writer/split_4conns_1MiB_chunks,7,11.1961,report_span,0
writer,writer/split_4conns_1MiB_chunks,7,11.1961,requests,4
writer,writer/split_4conns_1MiB_chunks,7,11.1961,response_head_ms,1.325
writer,writer/split_4conns_1MiB_chunks,7,11.1961,response_heads,4
writer,writer/split_4conns_1MiB_chunks,7,11.1961,running_reports,1
writer,writer/split_4conns_1MiB_chunks,7,11.1961,served_bytes,12582912
writer,writer/split_4conns_1MiB_chunks,7,11.1961,to_first_report,8.953792
writer,writer/split_4conns_1MiB_chunks,7,11.1961,total,8.957625
writer,writer/split_4conns_1MiB_chunks,7,11.1961,unique_bytes,12582912
writer,writer/split_4conns_1MiB_chunks,7,11.1961,verified,1
writer,writer/split_4conns_1MiB_chunks,7,11.1961,writer_blocks,12
writer,writer/split_4conns_1MiB_chunks,7,11.1961,writer_bytes,12582912
writer,writer/split_4conns_1MiB_chunks,7,11.1961,writer_seeks,10
writer,writer/split_4conns_1MiB_chunks,8,9.7764,avg_block_bytes,1048576
writer,writer/split_4conns_1MiB_chunks,8,9.7764,body_reads,777
writer,writer/split_4conns_1MiB_chunks,8,9.7764,body_wait_ms,3.952
writer,writer/split_4conns_1MiB_chunks,8,9.7764,cache_copied_bytes,12582912
writer,writer/split_4conns_1MiB_chunks,8,9.7764,cache_evicted_bytes,12582912
writer,writer/split_4conns_1MiB_chunks,8,9.7764,checksum_ms,0
writer,writer/split_4conns_1MiB_chunks,8,9.7764,cpu_ms,11.549000000000031
writer,writer/split_4conns_1MiB_chunks,8,9.7764,cpu_percent,118.13121310189644
writer,writer/split_4conns_1MiB_chunks,8,9.7764,distinct_ranges,4
writer,writer/split_4conns_1MiB_chunks,8,9.7764,driver_connections,4
writer,writer/split_4conns_1MiB_chunks,8,9.7764,driver_loops,97
writer,writer/split_4conns_1MiB_chunks,8,9.7764,driver_pauses,13
writer,writer/split_4conns_1MiB_chunks,8,9.7764,duplicate_bytes,0
writer,writer/split_4conns_1MiB_chunks,8,9.7764,failed,0
writer,writer/split_4conns_1MiB_chunks,8,9.7764,file_bytes,12582912
writer,writer/split_4conns_1MiB_chunks,8,9.7764,fsync_calls,1
writer,writer/split_4conns_1MiB_chunks,8,9.7764,fsync_ms,3.902
writer,writer/split_4conns_1MiB_chunks,8,9.7764,prealloc_ms,0.062
writer,writer/split_4conns_1MiB_chunks,8,9.7764,process_peak_rss_bytes,70352896
writer,writer/split_4conns_1MiB_chunks,8,9.7764,requests,4
writer,writer/split_4conns_1MiB_chunks,8,9.7764,response_head_ms,1.329
writer,writer/split_4conns_1MiB_chunks,8,9.7764,response_heads,4
writer,writer/split_4conns_1MiB_chunks,8,9.7764,running_reports,0
writer,writer/split_4conns_1MiB_chunks,8,9.7764,served_bytes,12582912
writer,writer/split_4conns_1MiB_chunks,8,9.7764,total,7.712083
writer,writer/split_4conns_1MiB_chunks,8,9.7764,unique_bytes,12582912
writer,writer/split_4conns_1MiB_chunks,8,9.7764,verified,1
writer,writer/split_4conns_1MiB_chunks,8,9.7764,writer_blocks,12
writer,writer/split_4conns_1MiB_chunks,8,9.7764,writer_bytes,12582912
writer,writer/split_4conns_1MiB_chunks,8,9.7764,writer_seeks,5
writer,writer/split_4conns_1MiB_chunks,9,12.8785,avg_block_bytes,1048576
writer,writer/split_4conns_1MiB_chunks,9,12.8785,body_reads,778
writer,writer/split_4conns_1MiB_chunks,9,12.8785,body_wait_ms,5.822
writer,writer/split_4conns_1MiB_chunks,9,12.8785,cache_copied_bytes,12582912
writer,writer/split_4conns_1MiB_chunks,9,12.8785,cache_evicted_bytes,12582912
writer,writer/split_4conns_1MiB_chunks,9,12.8785,checksum_ms,0
writer,writer/split_4conns_1MiB_chunks,9,12.8785,cpu_ms,14.247999999999927
writer,writer/split_4conns_1MiB_chunks,9,12.8785,cpu_percent,110.63400240711206
writer,writer/split_4conns_1MiB_chunks,9,12.8785,distinct_ranges,4
writer,writer/split_4conns_1MiB_chunks,9,12.8785,driver_connections,4
writer,writer/split_4conns_1MiB_chunks,9,12.8785,driver_loops,71
writer,writer/split_4conns_1MiB_chunks,9,12.8785,driver_pauses,14
writer,writer/split_4conns_1MiB_chunks,9,12.8785,duplicate_bytes,0
writer,writer/split_4conns_1MiB_chunks,9,12.8785,failed,0
writer,writer/split_4conns_1MiB_chunks,9,12.8785,file_bytes,12582912
writer,writer/split_4conns_1MiB_chunks,9,12.8785,finalize,0.008209000000000799
writer,writer/split_4conns_1MiB_chunks,9,12.8785,fsync_calls,1
writer,writer/split_4conns_1MiB_chunks,9,12.8785,fsync_ms,6.338
writer,writer/split_4conns_1MiB_chunks,9,12.8785,prealloc_ms,0.075
writer,writer/split_4conns_1MiB_chunks,9,12.8785,process_peak_rss_bytes,70467584
writer,writer/split_4conns_1MiB_chunks,9,12.8785,report_span,0
writer,writer/split_4conns_1MiB_chunks,9,12.8785,requests,4
writer,writer/split_4conns_1MiB_chunks,9,12.8785,response_head_ms,1.575
writer,writer/split_4conns_1MiB_chunks,9,12.8785,response_heads,4
writer,writer/split_4conns_1MiB_chunks,9,12.8785,running_reports,1
writer,writer/split_4conns_1MiB_chunks,9,12.8785,served_bytes,12582912
writer,writer/split_4conns_1MiB_chunks,9,12.8785,to_first_report,10.844833
writer,writer/split_4conns_1MiB_chunks,9,12.8785,total,10.853042
writer,writer/split_4conns_1MiB_chunks,9,12.8785,unique_bytes,12582912
writer,writer/split_4conns_1MiB_chunks,9,12.8785,verified,1
writer,writer/split_4conns_1MiB_chunks,9,12.8785,writer_blocks,12
writer,writer/split_4conns_1MiB_chunks,9,12.8785,writer_bytes,12582912
writer,writer/split_4conns_1MiB_chunks,9,12.8785,writer_seeks,12
writer,writer/split_tiny_budget_1MiB,0,13.7631,avg_block_bytes,285975.2727272727
writer,writer/split_tiny_budget_1MiB,0,13.7631,body_reads,778
writer,writer/split_tiny_budget_1MiB,0,13.7631,body_wait_ms,3.097
writer,writer/split_tiny_budget_1MiB,0,13.7631,cache_copied_bytes,12582912
writer,writer/split_tiny_budget_1MiB,0,13.7631,cache_evicted_bytes,12582912
writer,writer/split_tiny_budget_1MiB,0,13.7631,checksum_ms,0
writer,writer/split_tiny_budget_1MiB,0,13.7631,cpu_ms,14.68999999999998
writer,writer/split_tiny_budget_1MiB,0,13.7631,cpu_percent,106.73480643835381
writer,writer/split_tiny_budget_1MiB,0,13.7631,distinct_ranges,4
writer,writer/split_tiny_budget_1MiB,0,13.7631,driver_connections,4
writer,writer/split_tiny_budget_1MiB,0,13.7631,driver_loops,87
writer,writer/split_tiny_budget_1MiB,0,13.7631,driver_pauses,29
writer,writer/split_tiny_budget_1MiB,0,13.7631,duplicate_bytes,0
writer,writer/split_tiny_budget_1MiB,0,13.7631,failed,0
writer,writer/split_tiny_budget_1MiB,0,13.7631,file_bytes,12582912
writer,writer/split_tiny_budget_1MiB,0,13.7631,finalize,0.007500000000000284
writer,writer/split_tiny_budget_1MiB,0,13.7631,fsync_calls,1
writer,writer/split_tiny_budget_1MiB,0,13.7631,fsync_ms,6.588
writer,writer/split_tiny_budget_1MiB,0,13.7631,prealloc_ms,0.078
writer,writer/split_tiny_budget_1MiB,0,13.7631,process_peak_rss_bytes,70516736
writer,writer/split_tiny_budget_1MiB,0,13.7631,report_span,0
writer,writer/split_tiny_budget_1MiB,0,13.7631,requests,4
writer,writer/split_tiny_budget_1MiB,0,13.7631,response_head_ms,1.473
writer,writer/split_tiny_budget_1MiB,0,13.7631,response_heads,4
writer,writer/split_tiny_budget_1MiB,0,13.7631,running_reports,1
writer,writer/split_tiny_budget_1MiB,0,13.7631,served_bytes,12582912
writer,writer/split_tiny_budget_1MiB,0,13.7631,to_first_report,11.618833
writer,writer/split_tiny_budget_1MiB,0,13.7631,total,11.626333
writer,writer/split_tiny_budget_1MiB,0,13.7631,unique_bytes,12582912
writer,writer/split_tiny_budget_1MiB,0,13.7631,verified,1
writer,writer/split_tiny_budget_1MiB,0,13.7631,writer_blocks,44
writer,writer/split_tiny_budget_1MiB,0,13.7631,writer_bytes,12582912
writer,writer/split_tiny_budget_1MiB,0,13.7631,writer_seeks,33
writer,writer/split_tiny_budget_1MiB,1,20.9460,avg_block_bytes,220752.84210526315
writer,writer/split_tiny_budget_1MiB,1,20.9460,body_reads,780
writer,writer/split_tiny_budget_1MiB,1,20.9460,body_wait_ms,3.536
writer,writer/split_tiny_budget_1MiB,1,20.9460,cache_copied_bytes,12582912
writer,writer/split_tiny_budget_1MiB,1,20.9460,cache_evicted_bytes,12582912
writer,writer/split_tiny_budget_1MiB,1,20.9460,checksum_ms,0
writer,writer/split_tiny_budget_1MiB,1,20.9460,cpu_ms,14.501999999999903
writer,writer/split_tiny_budget_1MiB,1,20.9460,cpu_percent,69.23531499490213
writer,writer/split_tiny_budget_1MiB,1,20.9460,distinct_ranges,4
writer,writer/split_tiny_budget_1MiB,1,20.9460,driver_connections,4
writer,writer/split_tiny_budget_1MiB,1,20.9460,driver_loops,81
writer,writer/split_tiny_budget_1MiB,1,20.9460,driver_pauses,39
writer,writer/split_tiny_budget_1MiB,1,20.9460,duplicate_bytes,0
writer,writer/split_tiny_budget_1MiB,1,20.9460,failed,0
writer,writer/split_tiny_budget_1MiB,1,20.9460,file_bytes,12582912
writer,writer/split_tiny_budget_1MiB,1,20.9460,finalize,0.005334000000001282
writer,writer/split_tiny_budget_1MiB,1,20.9460,fsync_calls,1
writer,writer/split_tiny_budget_1MiB,1,20.9460,fsync_ms,13.938
writer,writer/split_tiny_budget_1MiB,1,20.9460,prealloc_ms,0.068
writer,writer/split_tiny_budget_1MiB,1,20.9460,process_peak_rss_bytes,70565888
writer,writer/split_tiny_budget_1MiB,1,20.9460,report_span,0
writer,writer/split_tiny_budget_1MiB,1,20.9460,requests,4
writer,writer/split_tiny_budget_1MiB,1,20.9460,response_head_ms,1.497
writer,writer/split_tiny_budget_1MiB,1,20.9460,response_heads,4
writer,writer/split_tiny_budget_1MiB,1,20.9460,running_reports,1
writer,writer/split_tiny_budget_1MiB,1,20.9460,served_bytes,12582912
writer,writer/split_tiny_budget_1MiB,1,20.9460,to_first_report,19.100165999999998
writer,writer/split_tiny_budget_1MiB,1,20.9460,total,19.1055
writer,writer/split_tiny_budget_1MiB,1,20.9460,unique_bytes,12582912
writer,writer/split_tiny_budget_1MiB,1,20.9460,verified,1
writer,writer/split_tiny_budget_1MiB,1,20.9460,writer_blocks,57
writer,writer/split_tiny_budget_1MiB,1,20.9460,writer_bytes,12582912
writer,writer/split_tiny_budget_1MiB,1,20.9460,writer_seeks,50
writer,writer/split_tiny_budget_1MiB,2,12.0803,avg_block_bytes,267721.5319148936
writer,writer/split_tiny_budget_1MiB,2,12.0803,body_reads,781
writer,writer/split_tiny_budget_1MiB,2,12.0803,body_wait_ms,3.514
writer,writer/split_tiny_budget_1MiB,2,12.0803,cache_copied_bytes,12582912
writer,writer/split_tiny_budget_1MiB,2,12.0803,cache_evicted_bytes,12582912
writer,writer/split_tiny_budget_1MiB,2,12.0803,checksum_ms,0
writer,writer/split_tiny_budget_1MiB,2,12.0803,cpu_ms,12.005000000000043
writer,writer/split_tiny_budget_1MiB,2,12.0803,cpu_percent,99.3763996406394
writer,writer/split_tiny_budget_1MiB,2,12.0803,distinct_ranges,4
writer,writer/split_tiny_budget_1MiB,2,12.0803,driver_connections,4
writer,writer/split_tiny_budget_1MiB,2,12.0803,driver_loops,92
writer,writer/split_tiny_budget_1MiB,2,12.0803,driver_pauses,20
writer,writer/split_tiny_budget_1MiB,2,12.0803,duplicate_bytes,0
writer,writer/split_tiny_budget_1MiB,2,12.0803,failed,0
writer,writer/split_tiny_budget_1MiB,2,12.0803,file_bytes,12582912
writer,writer/split_tiny_budget_1MiB,2,12.0803,finalize,0.004832999999999643
writer,writer/split_tiny_budget_1MiB,2,12.0803,fsync_calls,1
writer,writer/split_tiny_budget_1MiB,2,12.0803,fsync_ms,6.394
writer,writer/split_tiny_budget_1MiB,2,12.0803,prealloc_ms,0.067
writer,writer/split_tiny_budget_1MiB,2,12.0803,process_peak_rss_bytes,70582272
writer,writer/split_tiny_budget_1MiB,2,12.0803,report_span,0
writer,writer/split_tiny_budget_1MiB,2,12.0803,requests,4
writer,writer/split_tiny_budget_1MiB,2,12.0803,response_head_ms,1.246
writer,writer/split_tiny_budget_1MiB,2,12.0803,response_heads,4
writer,writer/split_tiny_budget_1MiB,2,12.0803,running_reports,1
writer,writer/split_tiny_budget_1MiB,2,12.0803,served_bytes,12582912
writer,writer/split_tiny_budget_1MiB,2,12.0803,to_first_report,10.045
writer,writer/split_tiny_budget_1MiB,2,12.0803,total,10.049833
writer,writer/split_tiny_budget_1MiB,2,12.0803,unique_bytes,12582912
writer,writer/split_tiny_budget_1MiB,2,12.0803,verified,1
writer,writer/split_tiny_budget_1MiB,2,12.0803,writer_blocks,47
writer,writer/split_tiny_budget_1MiB,2,12.0803,writer_bytes,12582912
writer,writer/split_tiny_budget_1MiB,2,12.0803,writer_seeks,38
writer,writer/split_tiny_budget_1MiB,3,12.0033,avg_block_bytes,359511.77142857143
writer,writer/split_tiny_budget_1MiB,3,12.0033,body_reads,789
writer,writer/split_tiny_budget_1MiB,3,12.0033,body_wait_ms,3.715
writer,writer/split_tiny_budget_1MiB,3,12.0033,cache_copied_bytes,12582912
writer,writer/split_tiny_budget_1MiB,3,12.0033,cache_evicted_bytes,12582912
writer,writer/split_tiny_budget_1MiB,3,12.0033,checksum_ms,0
writer,writer/split_tiny_budget_1MiB,3,12.0033,cpu_ms,12.473999999999986
writer,writer/split_tiny_budget_1MiB,3,12.0033,cpu_percent,103.92149087100427
writer,writer/split_tiny_budget_1MiB,3,12.0033,distinct_ranges,4
writer,writer/split_tiny_budget_1MiB,3,12.0033,driver_connections,4
writer,writer/split_tiny_budget_1MiB,3,12.0033,driver_loops,101
writer,writer/split_tiny_budget_1MiB,3,12.0033,driver_pauses,7
writer,writer/split_tiny_budget_1MiB,3,12.0033,duplicate_bytes,0
writer,writer/split_tiny_budget_1MiB,3,12.0033,failed,0
writer,writer/split_tiny_budget_1MiB,3,12.0033,file_bytes,12582912
writer,writer/split_tiny_budget_1MiB,3,12.0033,fsync_calls,1
writer,writer/split_tiny_budget_1MiB,3,12.0033,fsync_ms,6.291
writer,writer/split_tiny_budget_1MiB,3,12.0033,prealloc_ms,0.076
writer,writer/split_tiny_budget_1MiB,3,12.0033,process_peak_rss_bytes,70582272
writer,writer/split_tiny_budget_1MiB,3,12.0033,requests,4
writer,writer/split_tiny_budget_1MiB,3,12.0033,response_head_ms,1.36
writer,writer/split_tiny_budget_1MiB,3,12.0033,response_heads,4
writer,writer/split_tiny_budget_1MiB,3,12.0033,running_reports,0
writer,writer/split_tiny_budget_1MiB,3,12.0033,served_bytes,12582912
writer,writer/split_tiny_budget_1MiB,3,12.0033,total,9.989208
writer,writer/split_tiny_budget_1MiB,3,12.0033,unique_bytes,12582912
writer,writer/split_tiny_budget_1MiB,3,12.0033,verified,1
writer,writer/split_tiny_budget_1MiB,3,12.0033,writer_blocks,35
writer,writer/split_tiny_budget_1MiB,3,12.0033,writer_bytes,12582912
writer,writer/split_tiny_budget_1MiB,3,12.0033,writer_seeks,17
writer,writer/split_tiny_budget_1MiB,4,10.4335,avg_block_bytes,256794.1224489796
writer,writer/split_tiny_budget_1MiB,4,10.4335,body_reads,785
writer,writer/split_tiny_budget_1MiB,4,10.4335,body_wait_ms,4.457
writer,writer/split_tiny_budget_1MiB,4,10.4335,cache_copied_bytes,12582912
writer,writer/split_tiny_budget_1MiB,4,10.4335,cache_evicted_bytes,12582912
writer,writer/split_tiny_budget_1MiB,4,10.4335,checksum_ms,0
writer,writer/split_tiny_budget_1MiB,4,10.4335,cpu_ms,11.461000000000055
writer,writer/split_tiny_budget_1MiB,4,10.4335,cpu_percent,109.84808549384249
writer,writer/split_tiny_budget_1MiB,4,10.4335,distinct_ranges,4
writer,writer/split_tiny_budget_1MiB,4,10.4335,driver_connections,4
writer,writer/split_tiny_budget_1MiB,4,10.4335,driver_loops,86
writer,writer/split_tiny_budget_1MiB,4,10.4335,driver_pauses,6
writer,writer/split_tiny_budget_1MiB,4,10.4335,duplicate_bytes,0
writer,writer/split_tiny_budget_1MiB,4,10.4335,failed,0
writer,writer/split_tiny_budget_1MiB,4,10.4335,file_bytes,12582912
writer,writer/split_tiny_budget_1MiB,4,10.4335,fsync_calls,1
writer,writer/split_tiny_budget_1MiB,4,10.4335,fsync_ms,5.532
writer,writer/split_tiny_budget_1MiB,4,10.4335,prealloc_ms,0.068
writer,writer/split_tiny_budget_1MiB,4,10.4335,process_peak_rss_bytes,70598656
writer,writer/split_tiny_budget_1MiB,4,10.4335,requests,4
writer,writer/split_tiny_budget_1MiB,4,10.4335,response_head_ms,1.404
writer,writer/split_tiny_budget_1MiB,4,10.4335,response_heads,4
writer,writer/split_tiny_budget_1MiB,4,10.4335,running_reports,0
writer,writer/split_tiny_budget_1MiB,4,10.4335,served_bytes,12582912
writer,writer/split_tiny_budget_1MiB,4,10.4335,total,8.994416999999999
writer,writer/split_tiny_budget_1MiB,4,10.4335,unique_bytes,12582912
writer,writer/split_tiny_budget_1MiB,4,10.4335,verified,1
writer,writer/split_tiny_budget_1MiB,4,10.4335,writer_blocks,49
writer,writer/split_tiny_budget_1MiB,4,10.4335,writer_bytes,12582912
writer,writer/split_tiny_budget_1MiB,4,10.4335,writer_seeks,39
writer,writer/split_tiny_budget_1MiB,5,11.2068,avg_block_bytes,273541.5652173913
writer,writer/split_tiny_budget_1MiB,5,11.2068,body_reads,786
writer,writer/split_tiny_budget_1MiB,5,11.2068,body_wait_ms,4.893
writer,writer/split_tiny_budget_1MiB,5,11.2068,cache_copied_bytes,12582912
writer,writer/split_tiny_budget_1MiB,5,11.2068,cache_evicted_bytes,12582912
writer,writer/split_tiny_budget_1MiB,5,11.2068,checksum_ms,0
writer,writer/split_tiny_budget_1MiB,5,11.2068,cpu_ms,11.992000000000003
writer,writer/split_tiny_budget_1MiB,5,11.2068,cpu_percent,107.00614526869458
writer,writer/split_tiny_budget_1MiB,5,11.2068,distinct_ranges,4
writer,writer/split_tiny_budget_1MiB,5,11.2068,driver_connections,4
writer,writer/split_tiny_budget_1MiB,5,11.2068,driver_loops,98
writer,writer/split_tiny_budget_1MiB,5,11.2068,driver_pauses,10
writer,writer/split_tiny_budget_1MiB,5,11.2068,duplicate_bytes,0
writer,writer/split_tiny_budget_1MiB,5,11.2068,failed,0
writer,writer/split_tiny_budget_1MiB,5,11.2068,file_bytes,12582912
writer,writer/split_tiny_budget_1MiB,5,11.2068,fsync_calls,1
writer,writer/split_tiny_budget_1MiB,5,11.2068,fsync_ms,5.754
writer,writer/split_tiny_budget_1MiB,5,11.2068,prealloc_ms,0.069
writer,writer/split_tiny_budget_1MiB,5,11.2068,process_peak_rss_bytes,70598656
writer,writer/split_tiny_budget_1MiB,5,11.2068,requests,4
writer,writer/split_tiny_budget_1MiB,5,11.2068,response_head_ms,1.338
writer,writer/split_tiny_budget_1MiB,5,11.2068,response_heads,4
writer,writer/split_tiny_budget_1MiB,5,11.2068,running_reports,0
writer,writer/split_tiny_budget_1MiB,5,11.2068,served_bytes,12582912
writer,writer/split_tiny_budget_1MiB,5,11.2068,total,9.414917
writer,writer/split_tiny_budget_1MiB,5,11.2068,unique_bytes,12582912
writer,writer/split_tiny_budget_1MiB,5,11.2068,verified,1
writer,writer/split_tiny_budget_1MiB,5,11.2068,writer_blocks,46
writer,writer/split_tiny_budget_1MiB,5,11.2068,writer_bytes,12582912
writer,writer/split_tiny_budget_1MiB,5,11.2068,writer_seeks,35
writer,writer/split_tiny_budget_1MiB,6,15.7767,avg_block_bytes,246723.76470588235
writer,writer/split_tiny_budget_1MiB,6,15.7767,body_reads,785
writer,writer/split_tiny_budget_1MiB,6,15.7767,body_wait_ms,4.827
writer,writer/split_tiny_budget_1MiB,6,15.7767,cache_copied_bytes,12582912
writer,writer/split_tiny_budget_1MiB,6,15.7767,cache_evicted_bytes,12582912
writer,writer/split_tiny_budget_1MiB,6,15.7767,checksum_ms,0
writer,writer/split_tiny_budget_1MiB,6,15.7767,cpu_ms,11.924000000000046
writer,writer/split_tiny_budget_1MiB,6,15.7767,cpu_percent,75.57957120446255
writer,writer/split_tiny_budget_1MiB,6,15.7767,distinct_ranges,4
writer,writer/split_tiny_budget_1MiB,6,15.7767,driver_connections,4
writer,writer/split_tiny_budget_1MiB,6,15.7767,driver_loops,94
writer,writer/split_tiny_budget_1MiB,6,15.7767,driver_pauses,3
writer,writer/split_tiny_budget_1MiB,6,15.7767,duplicate_bytes,0
writer,writer/split_tiny_budget_1MiB,6,15.7767,failed,0
writer,writer/split_tiny_budget_1MiB,6,15.7767,file_bytes,12582912
writer,writer/split_tiny_budget_1MiB,6,15.7767,finalize,0.003750000000000142
writer,writer/split_tiny_budget_1MiB,6,15.7767,fsync_calls,1
writer,writer/split_tiny_budget_1MiB,6,15.7767,fsync_ms,8.675
writer,writer/split_tiny_budget_1MiB,6,15.7767,prealloc_ms,0.084
writer,writer/split_tiny_budget_1MiB,6,15.7767,process_peak_rss_bytes,70615040
writer,writer/split_tiny_budget_1MiB,6,15.7767,report_span,0
writer,writer/split_tiny_budget_1MiB,6,15.7767,requests,4
writer,writer/split_tiny_budget_1MiB,6,15.7767,response_head_ms,1.332
writer,writer/split_tiny_budget_1MiB,6,15.7767,response_heads,4
writer,writer/split_tiny_budget_1MiB,6,15.7767,running_reports,1
writer,writer/split_tiny_budget_1MiB,6,15.7767,served_bytes,12582912
writer,writer/split_tiny_budget_1MiB,6,15.7767,to_first_report,12.117833
writer,writer/split_tiny_budget_1MiB,6,15.7767,total,12.121583
writer,writer/split_tiny_budget_1MiB,6,15.7767,unique_bytes,12582912
writer,writer/split_tiny_budget_1MiB,6,15.7767,verified,1
writer,writer/split_tiny_budget_1MiB,6,15.7767,writer_blocks,51
writer,writer/split_tiny_budget_1MiB,6,15.7767,writer_bytes,12582912
writer,writer/split_tiny_budget_1MiB,6,15.7767,writer_seeks,39
writer,writer/split_tiny_budget_1MiB,7,12.4972,avg_block_bytes,228780.21818181817
writer,writer/split_tiny_budget_1MiB,7,12.4972,body_reads,779
writer,writer/split_tiny_budget_1MiB,7,12.4972,body_wait_ms,2.095
writer,writer/split_tiny_budget_1MiB,7,12.4972,cache_copied_bytes,12582912
writer,writer/split_tiny_budget_1MiB,7,12.4972,cache_evicted_bytes,12582912
writer,writer/split_tiny_budget_1MiB,7,12.4972,checksum_ms,0
writer,writer/split_tiny_budget_1MiB,7,12.4972,cpu_ms,13.081999999999926
writer,writer/split_tiny_budget_1MiB,7,12.4972,cpu_percent,104.6793728103605
writer,writer/split_tiny_budget_1MiB,7,12.4972,distinct_ranges,4
writer,writer/split_tiny_budget_1MiB,7,12.4972,driver_connections,4
writer,writer/split_tiny_budget_1MiB,7,12.4972,driver_loops,79
writer,writer/split_tiny_budget_1MiB,7,12.4972,driver_pauses,45
writer,writer/split_tiny_budget_1MiB,7,12.4972,duplicate_bytes,0
writer,writer/split_tiny_budget_1MiB,7,12.4972,failed,0
writer,writer/split_tiny_budget_1MiB,7,12.4972,file_bytes,12582912
writer,writer/split_tiny_budget_1MiB,7,12.4972,finalize,0.0066670000000002005
writer,writer/split_tiny_budget_1MiB,7,12.4972,fsync_calls,1
writer,writer/split_tiny_budget_1MiB,7,12.4972,fsync_ms,6.083
writer,writer/split_tiny_budget_1MiB,7,12.4972,prealloc_ms,0.07
writer,writer/split_tiny_budget_1MiB,7,12.4972,process_peak_rss_bytes,70615040
writer,writer/split_tiny_budget_1MiB,7,12.4972,report_span,0
writer,writer/split_tiny_budget_1MiB,7,12.4972,requests,4
writer,writer/split_tiny_budget_1MiB,7,12.4972,response_head_ms,1.792
writer,writer/split_tiny_budget_1MiB,7,12.4972,response_heads,4
writer,writer/split_tiny_budget_1MiB,7,12.4972,running_reports,1
writer,writer/split_tiny_budget_1MiB,7,12.4972,served_bytes,12582912
writer,writer/split_tiny_budget_1MiB,7,12.4972,to_first_report,10.4485
writer,writer/split_tiny_budget_1MiB,7,12.4972,total,10.455167
writer,writer/split_tiny_budget_1MiB,7,12.4972,unique_bytes,12582912
writer,writer/split_tiny_budget_1MiB,7,12.4972,verified,1
writer,writer/split_tiny_budget_1MiB,7,12.4972,writer_blocks,55
writer,writer/split_tiny_budget_1MiB,7,12.4972,writer_bytes,12582912
writer,writer/split_tiny_budget_1MiB,7,12.4972,writer_seeks,49
writer,writer/split_tiny_budget_1MiB,8,11.6992,avg_block_bytes,262144
writer,writer/split_tiny_budget_1MiB,8,11.6992,body_reads,781
writer,writer/split_tiny_budget_1MiB,8,11.6992,body_wait_ms,3.061
writer,writer/split_tiny_budget_1MiB,8,11.6992,cache_copied_bytes,12582912
writer,writer/split_tiny_budget_1MiB,8,11.6992,cache_evicted_bytes,12582912
writer,writer/split_tiny_budget_1MiB,8,11.6992,checksum_ms,0
writer,writer/split_tiny_budget_1MiB,8,11.6992,cpu_ms,12.854000000000031
writer,writer/split_tiny_budget_1MiB,8,11.6992,cpu_percent,109.87029083060906
writer,writer/split_tiny_budget_1MiB,8,11.6992,distinct_ranges,4
writer,writer/split_tiny_budget_1MiB,8,11.6992,driver_connections,4
writer,writer/split_tiny_budget_1MiB,8,11.6992,driver_loops,77
writer,writer/split_tiny_budget_1MiB,8,11.6992,driver_pauses,24
writer,writer/split_tiny_budget_1MiB,8,11.6992,duplicate_bytes,0
writer,writer/split_tiny_budget_1MiB,8,11.6992,failed,0
writer,writer/split_tiny_budget_1MiB,8,11.6992,file_bytes,12582912
writer,writer/split_tiny_budget_1MiB,8,11.6992,finalize,0.00412499999999838
writer,writer/split_tiny_budget_1MiB,8,11.6992,fsync_calls,1
writer,writer/split_tiny_budget_1MiB,8,11.6992,fsync_ms,5.925
writer,writer/split_tiny_budget_1MiB,8,11.6992,prealloc_ms,0.131
writer,writer/split_tiny_budget_1MiB,8,11.6992,process_peak_rss_bytes,70615040
writer,writer/split_tiny_budget_1MiB,8,11.6992,report_span,0
writer,writer/split_tiny_budget_1MiB,8,11.6992,requests,4
writer,writer/split_tiny_budget_1MiB,8,11.6992,response_head_ms,1.336
writer,writer/split_tiny_budget_1MiB,8,11.6992,response_heads,4
writer,writer/split_tiny_budget_1MiB,8,11.6992,running_reports,1
writer,writer/split_tiny_budget_1MiB,8,11.6992,served_bytes,12582912
writer,writer/split_tiny_budget_1MiB,8,11.6992,to_first_report,9.869041000000001
writer,writer/split_tiny_budget_1MiB,8,11.6992,total,9.873166
writer,writer/split_tiny_budget_1MiB,8,11.6992,unique_bytes,12582912
writer,writer/split_tiny_budget_1MiB,8,11.6992,verified,1
writer,writer/split_tiny_budget_1MiB,8,11.6992,writer_blocks,48
writer,writer/split_tiny_budget_1MiB,8,11.6992,writer_bytes,12582912
writer,writer/split_tiny_budget_1MiB,8,11.6992,writer_seeks,41
writer,writer/split_tiny_budget_1MiB,9,11.7038,avg_block_bytes,256794.1224489796
writer,writer/split_tiny_budget_1MiB,9,11.7038,body_reads,781
writer,writer/split_tiny_budget_1MiB,9,11.7038,body_wait_ms,3.601
writer,writer/split_tiny_budget_1MiB,9,11.7038,cache_copied_bytes,12582912
writer,writer/split_tiny_budget_1MiB,9,11.7038,cache_evicted_bytes,12582912
writer,writer/split_tiny_budget_1MiB,9,11.7038,checksum_ms,0
writer,writer/split_tiny_budget_1MiB,9,11.7038,cpu_ms,12.230999999999991
writer,writer/split_tiny_budget_1MiB,9,11.7038,cpu_percent,104.50422523971412
writer,writer/split_tiny_budget_1MiB,9,11.7038,distinct_ranges,4
writer,writer/split_tiny_budget_1MiB,9,11.7038,driver_connections,4
writer,writer/split_tiny_budget_1MiB,9,11.7038,driver_loops,82
writer,writer/split_tiny_budget_1MiB,9,11.7038,driver_pauses,17
writer,writer/split_tiny_budget_1MiB,9,11.7038,duplicate_bytes,0
writer,writer/split_tiny_budget_1MiB,9,11.7038,failed,0
writer,writer/split_tiny_budget_1MiB,9,11.7038,file_bytes,12582912
writer,writer/split_tiny_budget_1MiB,9,11.7038,finalize,0.003959000000000046
writer,writer/split_tiny_budget_1MiB,9,11.7038,fsync_calls,1
writer,writer/split_tiny_budget_1MiB,9,11.7038,fsync_ms,6.222
writer,writer/split_tiny_budget_1MiB,9,11.7038,prealloc_ms,0.061
writer,writer/split_tiny_budget_1MiB,9,11.7038,process_peak_rss_bytes,70615040
writer,writer/split_tiny_budget_1MiB,9,11.7038,report_span,0
writer,writer/split_tiny_budget_1MiB,9,11.7038,requests,4
writer,writer/split_tiny_budget_1MiB,9,11.7038,response_head_ms,1.355
writer,writer/split_tiny_budget_1MiB,9,11.7038,response_heads,4
writer,writer/split_tiny_budget_1MiB,9,11.7038,running_reports,1
writer,writer/split_tiny_budget_1MiB,9,11.7038,served_bytes,12582912
writer,writer/split_tiny_budget_1MiB,9,11.7038,to_first_report,10.222708
writer,writer/split_tiny_budget_1MiB,9,11.7038,total,10.226667
writer,writer/split_tiny_budget_1MiB,9,11.7038,unique_bytes,12582912
writer,writer/split_tiny_budget_1MiB,9,11.7038,verified,1
writer,writer/split_tiny_budget_1MiB,9,11.7038,writer_blocks,49
writer,writer/split_tiny_budget_1MiB,9,11.7038,writer_bytes,12582912
writer,writer/split_tiny_budget_1MiB,9,11.7038,writer_seeks,38
writer,writer/split_prealloc_on,0,13.8797,avg_block_bytes,1048576
writer,writer/split_prealloc_on,0,13.8797,body_reads,784
writer,writer/split_prealloc_on,0,13.8797,body_wait_ms,5.19
writer,writer/split_prealloc_on,0,13.8797,cache_copied_bytes,12582912
writer,writer/split_prealloc_on,0,13.8797,cache_evicted_bytes,12582912
writer,writer/split_prealloc_on,0,13.8797,checksum_ms,0
writer,writer/split_prealloc_on,0,13.8797,cpu_ms,11.858000000000036
writer,writer/split_prealloc_on,0,13.8797,cpu_percent,85.4343263422677
writer,writer/split_prealloc_on,0,13.8797,distinct_ranges,4
writer,writer/split_prealloc_on,0,13.8797,driver_connections,4
writer,writer/split_prealloc_on,0,13.8797,driver_loops,92
writer,writer/split_prealloc_on,0,13.8797,driver_pauses,7
writer,writer/split_prealloc_on,0,13.8797,duplicate_bytes,0
writer,writer/split_prealloc_on,0,13.8797,failed,0
writer,writer/split_prealloc_on,0,13.8797,file_bytes,12582912
writer,writer/split_prealloc_on,0,13.8797,finalize,0.003249999999999531
writer,writer/split_prealloc_on,0,13.8797,fsync_calls,1
writer,writer/split_prealloc_on,0,13.8797,fsync_ms,4.511
writer,writer/split_prealloc_on,0,13.8797,prealloc_ms,3.843
writer,writer/split_prealloc_on,0,13.8797,process_peak_rss_bytes,70631424
writer,writer/split_prealloc_on,0,13.8797,report_span,0
writer,writer/split_prealloc_on,0,13.8797,requests,4
writer,writer/split_prealloc_on,0,13.8797,response_head_ms,1.373
writer,writer/split_prealloc_on,0,13.8797,response_heads,4
writer,writer/split_prealloc_on,0,13.8797,running_reports,1
writer,writer/split_prealloc_on,0,13.8797,served_bytes,12582912
writer,writer/split_prealloc_on,0,13.8797,to_first_report,12.089834000000002
writer,writer/split_prealloc_on,0,13.8797,total,12.093084000000001
writer,writer/split_prealloc_on,0,13.8797,unique_bytes,12582912
writer,writer/split_prealloc_on,0,13.8797,verified,1
writer,writer/split_prealloc_on,0,13.8797,writer_blocks,12
writer,writer/split_prealloc_on,0,13.8797,writer_bytes,12582912
writer,writer/split_prealloc_on,0,13.8797,writer_seeks,9
writer,writer/split_prealloc_on,1,15.3275,avg_block_bytes,1048576
writer,writer/split_prealloc_on,1,15.3275,body_reads,784
writer,writer/split_prealloc_on,1,15.3275,body_wait_ms,4.47
writer,writer/split_prealloc_on,1,15.3275,cache_copied_bytes,12582912
writer,writer/split_prealloc_on,1,15.3275,cache_evicted_bytes,12582912
writer,writer/split_prealloc_on,1,15.3275,checksum_ms,0
writer,writer/split_prealloc_on,1,15.3275,cpu_ms,11.711999999999945
writer,writer/split_prealloc_on,1,15.3275,cpu_percent,76.4118877376793
writer,writer/split_prealloc_on,1,15.3275,distinct_ranges,4
writer,writer/split_prealloc_on,1,15.3275,driver_connections,4
writer,writer/split_prealloc_on,1,15.3275,driver_loops,74
writer,writer/split_prealloc_on,1,15.3275,driver_pauses,6
writer,writer/split_prealloc_on,1,15.3275,duplicate_bytes,0
writer,writer/split_prealloc_on,1,15.3275,failed,0
writer,writer/split_prealloc_on,1,15.3275,file_bytes,12582912
writer,writer/split_prealloc_on,1,15.3275,finalize,0.004584000000001254
writer,writer/split_prealloc_on,1,15.3275,fsync_calls,1
writer,writer/split_prealloc_on,1,15.3275,fsync_ms,5.776
writer,writer/split_prealloc_on,1,15.3275,prealloc_ms,4.114
writer,writer/split_prealloc_on,1,15.3275,process_peak_rss_bytes,70631424
writer,writer/split_prealloc_on,1,15.3275,report_span,0
writer,writer/split_prealloc_on,1,15.3275,requests,4
writer,writer/split_prealloc_on,1,15.3275,response_head_ms,1.017
writer,writer/split_prealloc_on,1,15.3275,response_heads,4
writer,writer/split_prealloc_on,1,15.3275,running_reports,1
writer,writer/split_prealloc_on,1,15.3275,served_bytes,12582912
writer,writer/split_prealloc_on,1,15.3275,to_first_report,13.208957999999999
writer,writer/split_prealloc_on,1,15.3275,total,13.213542
writer,writer/split_prealloc_on,1,15.3275,unique_bytes,12582912
writer,writer/split_prealloc_on,1,15.3275,verified,1
writer,writer/split_prealloc_on,1,15.3275,writer_blocks,12
writer,writer/split_prealloc_on,1,15.3275,writer_bytes,12582912
writer,writer/split_prealloc_on,1,15.3275,writer_seeks,12
writer,writer/split_prealloc_on,2,12.8082,avg_block_bytes,1048576
writer,writer/split_prealloc_on,2,12.8082,body_reads,784
writer,writer/split_prealloc_on,2,12.8082,body_wait_ms,6.548
writer,writer/split_prealloc_on,2,12.8082,cache_copied_bytes,12582912
writer,writer/split_prealloc_on,2,12.8082,cache_evicted_bytes,12582912
writer,writer/split_prealloc_on,2,12.8082,checksum_ms,0
writer,writer/split_prealloc_on,2,12.8082,cpu_ms,12.56999999999997
writer,writer/split_prealloc_on,2,12.8082,cpu_percent,98.14051441869172
writer,writer/split_prealloc_on,2,12.8082,distinct_ranges,5
writer,writer/split_prealloc_on,2,12.8082,driver_connections,4
writer,writer/split_prealloc_on,2,12.8082,driver_loops,101
writer,writer/split_prealloc_on,2,12.8082,driver_pauses,7
writer,writer/split_prealloc_on,2,12.8082,duplicate_bytes,0
writer,writer/split_prealloc_on,2,12.8082,failed,0
writer,writer/split_prealloc_on,2,12.8082,file_bytes,12582912
writer,writer/split_prealloc_on,2,12.8082,finalize,0.004208000000000212
writer,writer/split_prealloc_on,2,12.8082,fsync_calls,1
writer,writer/split_prealloc_on,2,12.8082,fsync_ms,4.263
writer,writer/split_prealloc_on,2,12.8082,prealloc_ms,2.78
writer,writer/split_prealloc_on,2,12.8082,process_peak_rss_bytes,70631424
writer,writer/split_prealloc_on,2,12.8082,report_span,0
writer,writer/split_prealloc_on,2,12.8082,requests,5
writer,writer/split_prealloc_on,2,12.8082,response_head_ms,1.98
writer,writer/split_prealloc_on,2,12.8082,response_heads,5
writer,writer/split_prealloc_on,2,12.8082,running_reports,1
writer,writer/split_prealloc_on,2,12.8082,served_bytes,12582912
writer,writer/split_prealloc_on,2,12.8082,to_first_report,10.937542
writer,writer/split_prealloc_on,2,12.8082,total,10.94175
writer,writer/split_prealloc_on,2,12.8082,unique_bytes,12582912
writer,writer/split_prealloc_on,2,12.8082,verified,1
writer,writer/split_prealloc_on,2,12.8082,writer_blocks,12
writer,writer/split_prealloc_on,2,12.8082,writer_bytes,12582912
writer,writer/split_prealloc_on,2,12.8082,writer_seeks,9
writer,writer/split_prealloc_on,3,14.7077,avg_block_bytes,1048576
writer,writer/split_prealloc_on,3,14.7077,body_reads,783
writer,writer/split_prealloc_on,3,14.7077,body_wait_ms,6.275
writer,writer/split_prealloc_on,3,14.7077,cache_copied_bytes,12582912
writer,writer/split_prealloc_on,3,14.7077,cache_evicted_bytes,12582912
writer,writer/split_prealloc_on,3,14.7077,checksum_ms,0
writer,writer/split_prealloc_on,3,14.7077,cpu_ms,10.638999999999953
writer,writer/split_prealloc_on,3,14.7077,cpu_percent,72.33642154122712
writer,writer/split_prealloc_on,3,14.7077,distinct_ranges,5
writer,writer/split_prealloc_on,3,14.7077,driver_connections,4
writer,writer/split_prealloc_on,3,14.7077,driver_loops,89
writer,writer/split_prealloc_on,3,14.7077,driver_pauses,3
writer,writer/split_prealloc_on,3,14.7077,duplicate_bytes,0
writer,writer/split_prealloc_on,3,14.7077,failed,0
writer,writer/split_prealloc_on,3,14.7077,file_bytes,12582912
writer,writer/split_prealloc_on,3,14.7077,finalize,0.00575000000000081
writer,writer/split_prealloc_on,3,14.7077,fsync_calls,1
writer,writer/split_prealloc_on,3,14.7077,fsync_ms,5.889
writer,writer/split_prealloc_on,3,14.7077,prealloc_ms,3.811
writer,writer/split_prealloc_on,3,14.7077,process_peak_rss_bytes,70631424
writer,writer/split_prealloc_on,3,14.7077,report_span,0
writer,writer/split_prealloc_on,3,14.7077,requests,5
writer,writer/split_prealloc_on,3,14.7077,response_head_ms,1.466
writer,writer/split_prealloc_on,3,14.7077,response_heads,5
writer,writer/split_prealloc_on,3,14.7077,running_reports,1
writer,writer/split_prealloc_on,3,14.7077,served_bytes,12582912
writer,writer/split_prealloc_on,3,14.7077,to_first_report,13.231958
writer,writer/split_prealloc_on,3,14.7077,total,13.237708000000001
writer,writer/split_prealloc_on,3,14.7077,unique_bytes,12582912
writer,writer/split_prealloc_on,3,14.7077,verified,1
writer,writer/split_prealloc_on,3,14.7077,writer_blocks,12
writer,writer/split_prealloc_on,3,14.7077,writer_bytes,12582912
writer,writer/split_prealloc_on,3,14.7077,writer_seeks,10
writer,writer/split_prealloc_on,4,24.4843,avg_block_bytes,1048576
writer,writer/split_prealloc_on,4,24.4843,body_reads,785
writer,writer/split_prealloc_on,4,24.4843,body_wait_ms,4.827
writer,writer/split_prealloc_on,4,24.4843,cache_copied_bytes,12582912
writer,writer/split_prealloc_on,4,24.4843,cache_evicted_bytes,12582912
writer,writer/split_prealloc_on,4,24.4843,checksum_ms,0
writer,writer/split_prealloc_on,4,24.4843,cpu_ms,11.631999999999977
writer,writer/split_prealloc_on,4,24.4843,cpu_percent,47.50793088788645
writer,writer/split_prealloc_on,4,24.4843,distinct_ranges,4
writer,writer/split_prealloc_on,4,24.4843,driver_connections,4
writer,writer/split_prealloc_on,4,24.4843,driver_loops,78
writer,writer/split_prealloc_on,4,24.4843,driver_pauses,5
writer,writer/split_prealloc_on,4,24.4843,duplicate_bytes,0
writer,writer/split_prealloc_on,4,24.4843,failed,0
writer,writer/split_prealloc_on,4,24.4843,file_bytes,12582912
writer,writer/split_prealloc_on,4,24.4843,finalize,0.0012500000000024158
writer,writer/split_prealloc_on,4,24.4843,fsync_calls,1
writer,writer/split_prealloc_on,4,24.4843,fsync_ms,15.086
writer,writer/split_prealloc_on,4,24.4843,prealloc_ms,3.925
writer,writer/split_prealloc_on,4,24.4843,process_peak_rss_bytes,70631424
writer,writer/split_prealloc_on,4,24.4843,report_span,0
writer,writer/split_prealloc_on,4,24.4843,requests,4
writer,writer/split_prealloc_on,4,24.4843,response_head_ms,1.205
writer,writer/split_prealloc_on,4,24.4843,response_heads,4
writer,writer/split_prealloc_on,4,24.4843,running_reports,1
writer,writer/split_prealloc_on,4,24.4843,served_bytes,12582912
writer,writer/split_prealloc_on,4,24.4843,to_first_report,22.524375
writer,writer/split_prealloc_on,4,24.4843,total,22.525625
writer,writer/split_prealloc_on,4,24.4843,unique_bytes,12582912
writer,writer/split_prealloc_on,4,24.4843,verified,1
writer,writer/split_prealloc_on,4,24.4843,writer_blocks,12
writer,writer/split_prealloc_on,4,24.4843,writer_bytes,12582912
writer,writer/split_prealloc_on,4,24.4843,writer_seeks,10
writer,writer/split_prealloc_on,5,16.7673,avg_block_bytes,1048576
writer,writer/split_prealloc_on,5,16.7673,body_reads,781
writer,writer/split_prealloc_on,5,16.7673,body_wait_ms,4.122
writer,writer/split_prealloc_on,5,16.7673,cache_copied_bytes,12582912
writer,writer/split_prealloc_on,5,16.7673,cache_evicted_bytes,12582912
writer,writer/split_prealloc_on,5,16.7673,checksum_ms,0
writer,writer/split_prealloc_on,5,16.7673,cpu_ms,12.816000000000049
writer,writer/split_prealloc_on,5,16.7673,cpu_percent,76.43452958501197
writer,writer/split_prealloc_on,5,16.7673,distinct_ranges,4
writer,writer/split_prealloc_on,5,16.7673,driver_connections,4
writer,writer/split_prealloc_on,5,16.7673,driver_loops,86
writer,writer/split_prealloc_on,5,16.7673,driver_pauses,11
writer,writer/split_prealloc_on,5,16.7673,duplicate_bytes,0
writer,writer/split_prealloc_on,5,16.7673,failed,0
writer,writer/split_prealloc_on,5,16.7673,file_bytes,12582912
writer,writer/split_prealloc_on,5,16.7673,finalize,0.004624999999998991
writer,writer/split_prealloc_on,5,16.7673,fsync_calls,1
writer,writer/split_prealloc_on,5,16.7673,fsync_ms,7.757
writer,writer/split_prealloc_on,5,16.7673,prealloc_ms,3.516
writer,writer/split_prealloc_on,5,16.7673,process_peak_rss_bytes,70631424
writer,writer/split_prealloc_on,5,16.7673,report_span,0
writer,writer/split_prealloc_on,5,16.7673,requests,4
writer,writer/split_prealloc_on,5,16.7673,response_head_ms,1.294
writer,writer/split_prealloc_on,5,16.7673,response_heads,4
writer,writer/split_prealloc_on,5,16.7673,running_reports,1
writer,writer/split_prealloc_on,5,16.7673,served_bytes,12582912
writer,writer/split_prealloc_on,5,16.7673,to_first_report,15.0755
writer,writer/split_prealloc_on,5,16.7673,total,15.080124999999999
writer,writer/split_prealloc_on,5,16.7673,unique_bytes,12582912
writer,writer/split_prealloc_on,5,16.7673,verified,1
writer,writer/split_prealloc_on,5,16.7673,writer_blocks,12
writer,writer/split_prealloc_on,5,16.7673,writer_bytes,12582912
writer,writer/split_prealloc_on,5,16.7673,writer_seeks,12
writer,writer/split_prealloc_on,6,15.3878,avg_block_bytes,1048576
writer,writer/split_prealloc_on,6,15.3878,body_reads,780
writer,writer/split_prealloc_on,6,15.3878,body_wait_ms,4.713
writer,writer/split_prealloc_on,6,15.3878,cache_copied_bytes,12582912
writer,writer/split_prealloc_on,6,15.3878,cache_evicted_bytes,12582912
writer,writer/split_prealloc_on,6,15.3878,checksum_ms,0
writer,writer/split_prealloc_on,6,15.3878,cpu_ms,14.678999999999998
writer,writer/split_prealloc_on,6,15.3878,cpu_percent,95.39354891621191
writer,writer/split_prealloc_on,6,15.3878,distinct_ranges,4
writer,writer/split_prealloc_on,6,15.3878,driver_connections,4
writer,writer/split_prealloc_on,6,15.3878,driver_loops,66
writer,writer/split_prealloc_on,6,15.3878,driver_pauses,14
writer,writer/split_prealloc_on,6,15.3878,duplicate_bytes,0
writer,writer/split_prealloc_on,6,15.3878,failed,0
writer,writer/split_prealloc_on,6,15.3878,file_bytes,12582912
writer,writer/split_prealloc_on,6,15.3878,finalize,0.0045000000000001705
writer,writer/split_prealloc_on,6,15.3878,fsync_calls,1
writer,writer/split_prealloc_on,6,15.3878,fsync_ms,5.219
writer,writer/split_prealloc_on,6,15.3878,prealloc_ms,3.755
writer,writer/split_prealloc_on,6,15.3878,process_peak_rss_bytes,70746112
writer,writer/split_prealloc_on,6,15.3878,report_span,0
writer,writer/split_prealloc_on,6,15.3878,requests,4
writer,writer/split_prealloc_on,6,15.3878,response_head_ms,1.751
writer,writer/split_prealloc_on,6,15.3878,response_heads,4
writer,writer/split_prealloc_on,6,15.3878,running_reports,1
writer,writer/split_prealloc_on,6,15.3878,served_bytes,12582912
writer,writer/split_prealloc_on,6,15.3878,to_first_report,13.193875
writer,writer/split_prealloc_on,6,15.3878,total,13.198375
writer,writer/split_prealloc_on,6,15.3878,unique_bytes,12582912
writer,writer/split_prealloc_on,6,15.3878,verified,1
writer,writer/split_prealloc_on,6,15.3878,writer_blocks,12
writer,writer/split_prealloc_on,6,15.3878,writer_bytes,12582912
writer,writer/split_prealloc_on,6,15.3878,writer_seeks,11
writer,writer/split_prealloc_on,7,14.3743,avg_block_bytes,1048576
writer,writer/split_prealloc_on,7,14.3743,body_reads,781
writer,writer/split_prealloc_on,7,14.3743,body_wait_ms,5.251
writer,writer/split_prealloc_on,7,14.3743,cache_copied_bytes,12582912
writer,writer/split_prealloc_on,7,14.3743,cache_evicted_bytes,12582912
writer,writer/split_prealloc_on,7,14.3743,checksum_ms,0
writer,writer/split_prealloc_on,7,14.3743,cpu_ms,12.132000000000032
writer,writer/split_prealloc_on,7,14.3743,cpu_percent,84.4006786560342
writer,writer/split_prealloc_on,7,14.3743,distinct_ranges,4
writer,writer/split_prealloc_on,7,14.3743,driver_connections,4
writer,writer/split_prealloc_on,7,14.3743,driver_loops,79
writer,writer/split_prealloc_on,7,14.3743,driver_pauses,9
writer,writer/split_prealloc_on,7,14.3743,duplicate_bytes,0
writer,writer/split_prealloc_on,7,14.3743,failed,0
writer,writer/split_prealloc_on,7,14.3743,file_bytes,12582912
writer,writer/split_prealloc_on,7,14.3743,finalize,0.001084000000000529
writer,writer/split_prealloc_on,7,14.3743,fsync_calls,1
writer,writer/split_prealloc_on,7,14.3743,fsync_ms,4.861
writer,writer/split_prealloc_on,7,14.3743,prealloc_ms,4.295
writer,writer/split_prealloc_on,7,14.3743,process_peak_rss_bytes,70762496
writer,writer/split_prealloc_on,7,14.3743,report_span,0
writer,writer/split_prealloc_on,7,14.3743,requests,4
writer,writer/split_prealloc_on,7,14.3743,response_head_ms,1.299
writer,writer/split_prealloc_on,7,14.3743,response_heads,4
writer,writer/split_prealloc_on,7,14.3743,running_reports,1
writer,writer/split_prealloc_on,7,14.3743,served_bytes,12582912
writer,writer/split_prealloc_on,7,14.3743,to_first_report,12.869708000000001
writer,writer/split_prealloc_on,7,14.3743,total,12.870792000000002
writer,writer/split_prealloc_on,7,14.3743,unique_bytes,12582912
writer,writer/split_prealloc_on,7,14.3743,verified,1
writer,writer/split_prealloc_on,7,14.3743,writer_blocks,12
writer,writer/split_prealloc_on,7,14.3743,writer_bytes,12582912
writer,writer/split_prealloc_on,7,14.3743,writer_seeks,12
writer,writer/split_prealloc_on,8,12.8482,avg_block_bytes,1048576
writer,writer/split_prealloc_on,8,12.8482,body_reads,780
writer,writer/split_prealloc_on,8,12.8482,body_wait_ms,4.683
writer,writer/split_prealloc_on,8,12.8482,cache_copied_bytes,12582912
writer,writer/split_prealloc_on,8,12.8482,cache_evicted_bytes,12582912
writer,writer/split_prealloc_on,8,12.8482,checksum_ms,0
writer,writer/split_prealloc_on,8,12.8482,cpu_ms,10.860000000000092
writer,writer/split_prealloc_on,8,12.8482,cpu_percent,84.52567591937505
writer,writer/split_prealloc_on,8,12.8482,distinct_ranges,4
writer,writer/split_prealloc_on,8,12.8482,driver_connections,4
writer,writer/split_prealloc_on,8,12.8482,driver_loops,70
writer,writer/split_prealloc_on,8,12.8482,driver_pauses,6
writer,writer/split_prealloc_on,8,12.8482,duplicate_bytes,0
writer,writer/split_prealloc_on,8,12.8482,failed,0
writer,writer/split_prealloc_on,8,12.8482,file_bytes,12582912
writer,writer/split_prealloc_on,8,12.8482,finalize,0.0006669999999999732
writer,writer/split_prealloc_on,8,12.8482,fsync_calls,1
writer,writer/split_prealloc_on,8,12.8482,fsync_ms,4.999
writer,writer/split_prealloc_on,8,12.8482,prealloc_ms,2.874
writer,writer/split_prealloc_on,8,12.8482,process_peak_rss_bytes,70762496
writer,writer/split_prealloc_on,8,12.8482,report_span,0
writer,writer/split_prealloc_on,8,12.8482,requests,4
writer,writer/split_prealloc_on,8,12.8482,response_head_ms,1.244
writer,writer/split_prealloc_on,8,12.8482,response_heads,4
writer,writer/split_prealloc_on,8,12.8482,running_reports,1
writer,writer/split_prealloc_on,8,12.8482,served_bytes,12582912
writer,writer/split_prealloc_on,8,12.8482,to_first_report,11.335167
writer,writer/split_prealloc_on,8,12.8482,total,11.335834
writer,writer/split_prealloc_on,8,12.8482,unique_bytes,12582912
writer,writer/split_prealloc_on,8,12.8482,verified,1
writer,writer/split_prealloc_on,8,12.8482,writer_blocks,12
writer,writer/split_prealloc_on,8,12.8482,writer_bytes,12582912
writer,writer/split_prealloc_on,8,12.8482,writer_seeks,12
writer,writer/split_prealloc_on,9,14.1697,avg_block_bytes,1048576
writer,writer/split_prealloc_on,9,14.1697,body_reads,780
writer,writer/split_prealloc_on,9,14.1697,body_wait_ms,6.764
writer,writer/split_prealloc_on,9,14.1697,cache_copied_bytes,12582912
writer,writer/split_prealloc_on,9,14.1697,cache_evicted_bytes,12582912
writer,writer/split_prealloc_on,9,14.1697,checksum_ms,0
writer,writer/split_prealloc_on,9,14.1697,cpu_ms,11.533000000000015
writer,writer/split_prealloc_on,9,14.1697,cpu_percent,81.39217960395126
writer,writer/split_prealloc_on,9,14.1697,distinct_ranges,4
writer,writer/split_prealloc_on,9,14.1697,driver_connections,4
writer,writer/split_prealloc_on,9,14.1697,driver_loops,68
writer,writer/split_prealloc_on,9,14.1697,driver_pauses,1
writer,writer/split_prealloc_on,9,14.1697,duplicate_bytes,0
writer,writer/split_prealloc_on,9,14.1697,failed,0
writer,writer/split_prealloc_on,9,14.1697,file_bytes,12582912
writer,writer/split_prealloc_on,9,14.1697,finalize,0.0007500000000018048
writer,writer/split_prealloc_on,9,14.1697,fsync_calls,1
writer,writer/split_prealloc_on,9,14.1697,fsync_ms,5.872
writer,writer/split_prealloc_on,9,14.1697,prealloc_ms,3.187
writer,writer/split_prealloc_on,9,14.1697,process_peak_rss_bytes,70762496
writer,writer/split_prealloc_on,9,14.1697,report_span,0
writer,writer/split_prealloc_on,9,14.1697,requests,4
writer,writer/split_prealloc_on,9,14.1697,response_head_ms,1.202
writer,writer/split_prealloc_on,9,14.1697,response_heads,4
writer,writer/split_prealloc_on,9,14.1697,running_reports,1
writer,writer/split_prealloc_on,9,14.1697,served_bytes,12582912
writer,writer/split_prealloc_on,9,14.1697,to_first_report,12.566291999999999
writer,writer/split_prealloc_on,9,14.1697,total,12.567042
writer,writer/split_prealloc_on,9,14.1697,unique_bytes,12582912
writer,writer/split_prealloc_on,9,14.1697,verified,1
writer,writer/split_prealloc_on,9,14.1697,writer_blocks,12
writer,writer/split_prealloc_on,9,14.1697,writer_bytes,12582912
writer,writer/split_prealloc_on,9,14.1697,writer_seeks,12
writer,writer/single_conn_4MiB,0,13.6475,avg_block_bytes,262144
writer,writer/single_conn_4MiB,0,13.6475,body_reads,260
writer,writer/single_conn_4MiB,0,13.6475,body_wait_ms,0.758
writer,writer/single_conn_4MiB,0,13.6475,cache_copied_bytes,4194304
writer,writer/single_conn_4MiB,0,13.6475,cache_evicted_bytes,4194304
writer,writer/single_conn_4MiB,0,13.6475,checksum_ms,0
writer,writer/single_conn_4MiB,0,13.6475,cpu_ms,5.303999999999975
writer,writer/single_conn_4MiB,0,13.6475,cpu_percent,38.86414409746032
writer,writer/single_conn_4MiB,0,13.6475,distinct_ranges,1
writer,writer/single_conn_4MiB,0,13.6475,driver_connections,1
writer,writer/single_conn_4MiB,0,13.6475,driver_loops,39
writer,writer/single_conn_4MiB,0,13.6475,driver_pauses,1
writer,writer/single_conn_4MiB,0,13.6475,duplicate_bytes,0
writer,writer/single_conn_4MiB,0,13.6475,failed,0
writer,writer/single_conn_4MiB,0,13.6475,file_bytes,4194304
writer,writer/single_conn_4MiB,0,13.6475,finalize,10.086500000000001
writer,writer/single_conn_4MiB,0,13.6475,fsync_calls,2
writer,writer/single_conn_4MiB,0,13.6475,fsync_ms,9.97
writer,writer/single_conn_4MiB,0,13.6475,prealloc_ms,0.06
writer,writer/single_conn_4MiB,0,13.6475,process_peak_rss_bytes,79167488
writer,writer/single_conn_4MiB,0,13.6475,report_span,0.936042
writer,writer/single_conn_4MiB,0,13.6475,requests,1
writer,writer/single_conn_4MiB,0,13.6475,response_head_ms,0.201
writer,writer/single_conn_4MiB,0,13.6475,response_heads,1
writer,writer/single_conn_4MiB,0,13.6475,running_reports,16
writer,writer/single_conn_4MiB,0,13.6475,served_bytes,4194304
writer,writer/single_conn_4MiB,0,13.6475,to_first_report,1.711083
writer,writer/single_conn_4MiB,0,13.6475,total,12.733625
writer,writer/single_conn_4MiB,0,13.6475,unique_bytes,4194304
writer,writer/single_conn_4MiB,0,13.6475,verified,1
writer,writer/single_conn_4MiB,0,13.6475,writer_blocks,16
writer,writer/single_conn_4MiB,0,13.6475,writer_bytes,4194304
writer,writer/single_conn_4MiB,0,13.6475,writer_seeks,1
writer,writer/single_conn_4MiB,1,12.0366,avg_block_bytes,262144
writer,writer/single_conn_4MiB,1,12.0366,body_reads,258
writer,writer/single_conn_4MiB,1,12.0366,body_wait_ms,0.992
writer,writer/single_conn_4MiB,1,12.0366,cache_copied_bytes,4194304
writer,writer/single_conn_4MiB,1,12.0366,cache_evicted_bytes,4194304
writer,writer/single_conn_4MiB,1,12.0366,checksum_ms,0
writer,writer/single_conn_4MiB,1,12.0366,cpu_ms,6.3670000000000115
writer,writer/single_conn_4MiB,1,12.0366,cpu_percent,52.89707220064043
writer,writer/single_conn_4MiB,1,12.0366,distinct_ranges,1
writer,writer/single_conn_4MiB,1,12.0366,driver_connections,1
writer,writer/single_conn_4MiB,1,12.0366,driver_loops,39
writer,writer/single_conn_4MiB,1,12.0366,driver_pauses,2
writer,writer/single_conn_4MiB,1,12.0366,duplicate_bytes,0
writer,writer/single_conn_4MiB,1,12.0366,failed,0
writer,writer/single_conn_4MiB,1,12.0366,file_bytes,4194304
writer,writer/single_conn_4MiB,1,12.0366,finalize,7.973291999999999
writer,writer/single_conn_4MiB,1,12.0366,fsync_calls,2
writer,writer/single_conn_4MiB,1,12.0366,fsync_ms,7.937
writer,writer/single_conn_4MiB,1,12.0366,prealloc_ms,0.119
writer,writer/single_conn_4MiB,1,12.0366,process_peak_rss_bytes,79200256
writer,writer/single_conn_4MiB,1,12.0366,report_span,1.367833
writer,writer/single_conn_4MiB,1,12.0366,requests,1
writer,writer/single_conn_4MiB,1,12.0366,response_head_ms,0.236
writer,writer/single_conn_4MiB,1,12.0366,response_heads,1
writer,writer/single_conn_4MiB,1,12.0366,running_reports,16
writer,writer/single_conn_4MiB,1,12.0366,served_bytes,4194304
writer,writer/single_conn_4MiB,1,12.0366,to_first_report,1.7257500000000001
writer,writer/single_conn_4MiB,1,12.0366,total,11.066875
writer,writer/single_conn_4MiB,1,12.0366,unique_bytes,4194304
writer,writer/single_conn_4MiB,1,12.0366,verified,1
writer,writer/single_conn_4MiB,1,12.0366,writer_blocks,16
writer,writer/single_conn_4MiB,1,12.0366,writer_bytes,4194304
writer,writer/single_conn_4MiB,1,12.0366,writer_seeks,1
writer,writer/single_conn_4MiB,2,11.5723,avg_block_bytes,262144
writer,writer/single_conn_4MiB,2,11.5723,body_reads,261
writer,writer/single_conn_4MiB,2,11.5723,body_wait_ms,0.682
writer,writer/single_conn_4MiB,2,11.5723,cache_copied_bytes,4194304
writer,writer/single_conn_4MiB,2,11.5723,cache_evicted_bytes,4194304
writer,writer/single_conn_4MiB,2,11.5723,checksum_ms,0
writer,writer/single_conn_4MiB,2,11.5723,cpu_ms,4.874000000000045
writer,writer/single_conn_4MiB,2,11.5723,cpu_percent,42.11784493512647
writer,writer/single_conn_4MiB,2,11.5723,distinct_ranges,1
writer,writer/single_conn_4MiB,2,11.5723,driver_connections,1
writer,writer/single_conn_4MiB,2,11.5723,driver_loops,41
writer,writer/single_conn_4MiB,2,11.5723,driver_pauses,4
writer,writer/single_conn_4MiB,2,11.5723,duplicate_bytes,0
writer,writer/single_conn_4MiB,2,11.5723,failed,0
writer,writer/single_conn_4MiB,2,11.5723,file_bytes,4194304
writer,writer/single_conn_4MiB,2,11.5723,finalize,8.171417
writer,writer/single_conn_4MiB,2,11.5723,fsync_calls,2
writer,writer/single_conn_4MiB,2,11.5723,fsync_ms,7.989
writer,writer/single_conn_4MiB,2,11.5723,prealloc_ms,0.08
writer,writer/single_conn_4MiB,2,11.5723,process_peak_rss_bytes,79200256
writer,writer/single_conn_4MiB,2,11.5723,report_span,0.8788329999999998
writer,writer/single_conn_4MiB,2,11.5723,requests,1
writer,writer/single_conn_4MiB,2,11.5723,response_head_ms,0.291
writer,writer/single_conn_4MiB,2,11.5723,response_heads,1
writer,writer/single_conn_4MiB,2,11.5723,running_reports,14
writer,writer/single_conn_4MiB,2,11.5723,served_bytes,4194304
writer,writer/single_conn_4MiB,2,11.5723,to_first_report,1.783709
writer,writer/single_conn_4MiB,2,11.5723,total,10.833959
writer,writer/single_conn_4MiB,2,11.5723,unique_bytes,4194304
writer,writer/single_conn_4MiB,2,11.5723,verified,1
writer,writer/single_conn_4MiB,2,11.5723,writer_blocks,16
writer,writer/single_conn_4MiB,2,11.5723,writer_bytes,4194304
writer,writer/single_conn_4MiB,2,11.5723,writer_seeks,1
writer,writer/single_conn_4MiB,3,12.1326,avg_block_bytes,262144
writer,writer/single_conn_4MiB,3,12.1326,body_reads,262
writer,writer/single_conn_4MiB,3,12.1326,body_wait_ms,0.758
writer,writer/single_conn_4MiB,3,12.1326,cache_copied_bytes,4194304
writer,writer/single_conn_4MiB,3,12.1326,cache_evicted_bytes,4194304
writer,writer/single_conn_4MiB,3,12.1326,checksum_ms,0
writer,writer/single_conn_4MiB,3,12.1326,cpu_ms,4.970999999999948
writer,writer/single_conn_4MiB,3,12.1326,cpu_percent,40.972172139169786
writer,writer/single_conn_4MiB,3,12.1326,distinct_ranges,1
writer,writer/single_conn_4MiB,3,12.1326,driver_connections,1
writer,writer/single_conn_4MiB,3,12.1326,driver_loops,41
writer,writer/single_conn_4MiB,3,12.1326,driver_pauses,1
writer,writer/single_conn_4MiB,3,12.1326,duplicate_bytes,0
writer,writer/single_conn_4MiB,3,12.1326,failed,0
writer,writer/single_conn_4MiB,3,12.1326,file_bytes,4194304
writer,writer/single_conn_4MiB,3,12.1326,finalize,9.365917000000001
writer,writer/single_conn_4MiB,3,12.1326,fsync_calls,2
writer,writer/single_conn_4MiB,3,12.1326,fsync_ms,9.19
writer,writer/single_conn_4MiB,3,12.1326,prealloc_ms,0.085
writer,writer/single_conn_4MiB,3,12.1326,process_peak_rss_bytes,79216640
writer,writer/single_conn_4MiB,3,12.1326,report_span,0.9628329999999999
writer,writer/single_conn_4MiB,3,12.1326,requests,1
writer,writer/single_conn_4MiB,3,12.1326,response_head_ms,0.306
writer,writer/single_conn_4MiB,3,12.1326,response_heads,1
writer,writer/single_conn_4MiB,3,12.1326,running_reports,16
writer,writer/single_conn_4MiB,3,12.1326,served_bytes,4194304
writer,writer/single_conn_4MiB,3,12.1326,to_first_report,0.861042
writer,writer/single_conn_4MiB,3,12.1326,total,11.189792
writer,writer/single_conn_4MiB,3,12.1326,unique_bytes,4194304
writer,writer/single_conn_4MiB,3,12.1326,verified,1
writer,writer/single_conn_4MiB,3,12.1326,writer_blocks,16
writer,writer/single_conn_4MiB,3,12.1326,writer_bytes,4194304
writer,writer/single_conn_4MiB,3,12.1326,writer_seeks,1
writer,writer/single_conn_4MiB,4,11.0485,avg_block_bytes,262144
writer,writer/single_conn_4MiB,4,11.0485,body_reads,263
writer,writer/single_conn_4MiB,4,11.0485,body_wait_ms,0.792
writer,writer/single_conn_4MiB,4,11.0485,cache_copied_bytes,4194304
writer,writer/single_conn_4MiB,4,11.0485,cache_evicted_bytes,4194304
writer,writer/single_conn_4MiB,4,11.0485,checksum_ms,0
writer,writer/single_conn_4MiB,4,11.0485,cpu_ms,4.878000000000049
writer,writer/single_conn_4MiB,4,11.0485,cpu_percent,44.15062186485827
writer,writer/single_conn_4MiB,4,11.0485,distinct_ranges,1
writer,writer/single_conn_4MiB,4,11.0485,driver_connections,1
writer,writer/single_conn_4MiB,4,11.0485,driver_loops,45
writer,writer/single_conn_4MiB,4,11.0485,driver_pauses,0
writer,writer/single_conn_4MiB,4,11.0485,duplicate_bytes,0
writer,writer/single_conn_4MiB,4,11.0485,failed,0
writer,writer/single_conn_4MiB,4,11.0485,file_bytes,4194304
writer,writer/single_conn_4MiB,4,11.0485,finalize,8.570458
writer,writer/single_conn_4MiB,4,11.0485,fsync_calls,2
writer,writer/single_conn_4MiB,4,11.0485,fsync_ms,8.441
writer,writer/single_conn_4MiB,4,11.0485,prealloc_ms,0.065
writer,writer/single_conn_4MiB,4,11.0485,process_peak_rss_bytes,79216640
writer,writer/single_conn_4MiB,4,11.0485,report_span,1.0236669999999999
writer,writer/single_conn_4MiB,4,11.0485,requests,1
writer,writer/single_conn_4MiB,4,11.0485,response_head_ms,0.321
writer,writer/single_conn_4MiB,4,11.0485,response_heads,1
writer,writer/single_conn_4MiB,4,11.0485,running_reports,16
writer,writer/single_conn_4MiB,4,11.0485,served_bytes,4194304
writer,writer/single_conn_4MiB,4,11.0485,to_first_report,0.7150000000000001
writer,writer/single_conn_4MiB,4,11.0485,total,10.309125
writer,writer/single_conn_4MiB,4,11.0485,unique_bytes,4194304
writer,writer/single_conn_4MiB,4,11.0485,verified,1
writer,writer/single_conn_4MiB,4,11.0485,writer_blocks,16
writer,writer/single_conn_4MiB,4,11.0485,writer_bytes,4194304
writer,writer/single_conn_4MiB,4,11.0485,writer_seeks,1
writer,writer/single_conn_4MiB,5,11.9714,avg_block_bytes,262144
writer,writer/single_conn_4MiB,5,11.9714,body_reads,258
writer,writer/single_conn_4MiB,5,11.9714,body_wait_ms,0.599
writer,writer/single_conn_4MiB,5,11.9714,cache_copied_bytes,4194304
writer,writer/single_conn_4MiB,5,11.9714,cache_evicted_bytes,4194304
writer,writer/single_conn_4MiB,5,11.9714,checksum_ms,0
writer,writer/single_conn_4MiB,5,11.9714,cpu_ms,5.485999999999991
writer,writer/single_conn_4MiB,5,11.9714,cpu_percent,45.825980724854006
writer,writer/single_conn_4MiB,5,11.9714,distinct_ranges,1
writer,writer/single_conn_4MiB,5,11.9714,driver_connections,1
writer,writer/single_conn_4MiB,5,11.9714,driver_loops,33
writer,writer/single_conn_4MiB,5,11.9714,driver_pauses,2
writer,writer/single_conn_4MiB,5,11.9714,duplicate_bytes,0
writer,writer/single_conn_4MiB,5,11.9714,failed,0
writer,writer/single_conn_4MiB,5,11.9714,file_bytes,4194304
writer,writer/single_conn_4MiB,5,11.9714,finalize,8.531917
writer,writer/single_conn_4MiB,5,11.9714,fsync_calls,2
writer,writer/single_conn_4MiB,5,11.9714,fsync_ms,8.322
writer,writer/single_conn_4MiB,5,11.9714,prealloc_ms,0.068
writer,writer/single_conn_4MiB,5,11.9714,process_peak_rss_bytes,79216640
writer,writer/single_conn_4MiB,5,11.9714,report_span,0.8331660000000003
writer,writer/single_conn_4MiB,5,11.9714,requests,1
writer,writer/single_conn_4MiB,5,11.9714,response_head_ms,0.266
writer,writer/single_conn_4MiB,5,11.9714,response_heads,1
writer,writer/single_conn_4MiB,5,11.9714,running_reports,16
writer,writer/single_conn_4MiB,5,11.9714,served_bytes,4194304
writer,writer/single_conn_4MiB,5,11.9714,to_first_report,1.748875
writer,writer/single_conn_4MiB,5,11.9714,total,11.113958
writer,writer/single_conn_4MiB,5,11.9714,unique_bytes,4194304
writer,writer/single_conn_4MiB,5,11.9714,verified,1
writer,writer/single_conn_4MiB,5,11.9714,writer_blocks,16
writer,writer/single_conn_4MiB,5,11.9714,writer_bytes,4194304
writer,writer/single_conn_4MiB,5,11.9714,writer_seeks,1
writer,writer/single_conn_4MiB,6,11.3465,avg_block_bytes,262144
writer,writer/single_conn_4MiB,6,11.3465,body_reads,262
writer,writer/single_conn_4MiB,6,11.3465,body_wait_ms,0.75
writer,writer/single_conn_4MiB,6,11.3465,cache_copied_bytes,4194304
writer,writer/single_conn_4MiB,6,11.3465,cache_evicted_bytes,4194304
writer,writer/single_conn_4MiB,6,11.3465,checksum_ms,0
writer,writer/single_conn_4MiB,6,11.3465,cpu_ms,5.203000000000069
writer,writer/single_conn_4MiB,6,11.3465,cpu_percent,45.8557199083632
writer,writer/single_conn_4MiB,6,11.3465,distinct_ranges,1
writer,writer/single_conn_4MiB,6,11.3465,driver_connections,1
writer,writer/single_conn_4MiB,6,11.3465,driver_loops,46
writer,writer/single_conn_4MiB,6,11.3465,driver_pauses,1
writer,writer/single_conn_4MiB,6,11.3465,duplicate_bytes,0
writer,writer/single_conn_4MiB,6,11.3465,failed,0
writer,writer/single_conn_4MiB,6,11.3465,file_bytes,4194304
writer,writer/single_conn_4MiB,6,11.3465,finalize,8.886917
writer,writer/single_conn_4MiB,6,11.3465,fsync_calls,2
writer,writer/single_conn_4MiB,6,11.3465,fsync_ms,8.726
writer,writer/single_conn_4MiB,6,11.3465,prealloc_ms,0.105
writer,writer/single_conn_4MiB,6,11.3465,process_peak_rss_bytes,79216640
writer,writer/single_conn_4MiB,6,11.3465,report_span,0.8755409999999998
writer,writer/single_conn_4MiB,6,11.3465,requests,1
writer,writer/single_conn_4MiB,6,11.3465,response_head_ms,0.345
writer,writer/single_conn_4MiB,6,11.3465,response_heads,1
writer,writer/single_conn_4MiB,6,11.3465,running_reports,16
writer,writer/single_conn_4MiB,6,11.3465,served_bytes,4194304
writer,writer/single_conn_4MiB,6,11.3465,to_first_report,0.7216250000000001
writer,writer/single_conn_4MiB,6,11.3465,total,10.484083
writer,writer/single_conn_4MiB,6,11.3465,unique_bytes,4194304
writer,writer/single_conn_4MiB,6,11.3465,verified,1
writer,writer/single_conn_4MiB,6,11.3465,writer_blocks,16
writer,writer/single_conn_4MiB,6,11.3465,writer_bytes,4194304
writer,writer/single_conn_4MiB,6,11.3465,writer_seeks,1
writer,writer/single_conn_4MiB,7,16.8182,avg_block_bytes,262144
writer,writer/single_conn_4MiB,7,16.8182,body_reads,258
writer,writer/single_conn_4MiB,7,16.8182,body_wait_ms,0.498
writer,writer/single_conn_4MiB,7,16.8182,cache_copied_bytes,4194304
writer,writer/single_conn_4MiB,7,16.8182,cache_evicted_bytes,4194304
writer,writer/single_conn_4MiB,7,16.8182,checksum_ms,0
writer,writer/single_conn_4MiB,7,16.8182,cpu_ms,5.978999999999957
writer,writer/single_conn_4MiB,7,16.8182,cpu_percent,35.55084213398498
writer,writer/single_conn_4MiB,7,16.8182,distinct_ranges,1
writer,writer/single_conn_4MiB,7,16.8182,driver_connections,1
writer,writer/single_conn_4MiB,7,16.8182,driver_loops,34
writer,writer/single_conn_4MiB,7,16.8182,driver_pauses,6
writer,writer/single_conn_4MiB,7,16.8182,duplicate_bytes,0
writer,writer/single_conn_4MiB,7,16.8182,failed,0
writer,writer/single_conn_4MiB,7,16.8182,file_bytes,4194304
writer,writer/single_conn_4MiB,7,16.8182,finalize,10.633709000000001
writer,writer/single_conn_4MiB,7,16.8182,fsync_calls,2
writer,writer/single_conn_4MiB,7,16.8182,fsync_ms,10.384
writer,writer/single_conn_4MiB,7,16.8182,prealloc_ms,0.088
writer,writer/single_conn_4MiB,7,16.8182,process_peak_rss_bytes,79216640
writer,writer/single_conn_4MiB,7,16.8182,report_span,3.1380409999999994
writer,writer/single_conn_4MiB,7,16.8182,requests,1
writer,writer/single_conn_4MiB,7,16.8182,response_head_ms,0.265
writer,writer/single_conn_4MiB,7,16.8182,response_heads,1
writer,writer/single_conn_4MiB,7,16.8182,running_reports,16
writer,writer/single_conn_4MiB,7,16.8182,served_bytes,4194304
writer,writer/single_conn_4MiB,7,16.8182,to_first_report,1.804584
writer,writer/single_conn_4MiB,7,16.8182,total,15.576334000000001
writer,writer/single_conn_4MiB,7,16.8182,unique_bytes,4194304
writer,writer/single_conn_4MiB,7,16.8182,verified,1
writer,writer/single_conn_4MiB,7,16.8182,writer_blocks,16
writer,writer/single_conn_4MiB,7,16.8182,writer_bytes,4194304
writer,writer/single_conn_4MiB,7,16.8182,writer_seeks,1
writer,writer/single_conn_4MiB,8,17.6416,avg_block_bytes,262144
writer,writer/single_conn_4MiB,8,17.6416,body_reads,260
writer,writer/single_conn_4MiB,8,17.6416,body_wait_ms,0.477
writer,writer/single_conn_4MiB,8,17.6416,cache_copied_bytes,4194304
writer,writer/single_conn_4MiB,8,17.6416,cache_evicted_bytes,4194304
writer,writer/single_conn_4MiB,8,17.6416,checksum_ms,0
writer,writer/single_conn_4MiB,8,17.6416,cpu_ms,4.9480000000000635
writer,writer/single_conn_4MiB,8,17.6416,cpu_percent,28.047369671985013
writer,writer/single_conn_4MiB,8,17.6416,distinct_ranges,1
writer,writer/single_conn_4MiB,8,17.6416,driver_connections,1
writer,writer/single_conn_4MiB,8,17.6416,driver_loops,34
writer,writer/single_conn_4MiB,8,17.6416,driver_pauses,5
writer,writer/single_conn_4MiB,8,17.6416,duplicate_bytes,0
writer,writer/single_conn_4MiB,8,17.6416,failed,0
writer,writer/single_conn_4MiB,8,17.6416,file_bytes,4194304
writer,writer/single_conn_4MiB,8,17.6416,finalize,13.195749999999999
writer,writer/single_conn_4MiB,8,17.6416,fsync_calls,2
writer,writer/single_conn_4MiB,8,17.6416,fsync_ms,10.689
writer,writer/single_conn_4MiB,8,17.6416,prealloc_ms,0.128
writer,writer/single_conn_4MiB,8,17.6416,process_peak_rss_bytes,79216640
writer,writer/single_conn_4MiB,8,17.6416,report_span,1.954458
writer,writer/single_conn_4MiB,8,17.6416,requests,1
writer,writer/single_conn_4MiB,8,17.6416,response_head_ms,0.251
writer,writer/single_conn_4MiB,8,17.6416,response_heads,1
writer,writer/single_conn_4MiB,8,17.6416,running_reports,16
writer,writer/single_conn_4MiB,8,17.6416,served_bytes,4194304
writer,writer/single_conn_4MiB,8,17.6416,to_first_report,1.7520840000000002
writer,writer/single_conn_4MiB,8,17.6416,total,16.902292
writer,writer/single_conn_4MiB,8,17.6416,unique_bytes,4194304
writer,writer/single_conn_4MiB,8,17.6416,verified,1
writer,writer/single_conn_4MiB,8,17.6416,writer_blocks,16
writer,writer/single_conn_4MiB,8,17.6416,writer_bytes,4194304
writer,writer/single_conn_4MiB,8,17.6416,writer_seeks,1
writer,writer/single_conn_4MiB,9,7.4208,avg_block_bytes,262144
writer,writer/single_conn_4MiB,9,7.4208,body_reads,260
writer,writer/single_conn_4MiB,9,7.4208,body_wait_ms,0.208
writer,writer/single_conn_4MiB,9,7.4208,cache_copied_bytes,4194304
writer,writer/single_conn_4MiB,9,7.4208,cache_evicted_bytes,4194304
writer,writer/single_conn_4MiB,9,7.4208,checksum_ms,0
writer,writer/single_conn_4MiB,9,7.4208,cpu_ms,4.726000000000008
writer,writer/single_conn_4MiB,9,7.4208,cpu_percent,63.68556418321725
writer,writer/single_conn_4MiB,9,7.4208,distinct_ranges,1
writer,writer/single_conn_4MiB,9,7.4208,driver_connections,1
writer,writer/single_conn_4MiB,9,7.4208,driver_loops,38
writer,writer/single_conn_4MiB,9,7.4208,driver_pauses,7
writer,writer/single_conn_4MiB,9,7.4208,duplicate_bytes,0
writer,writer/single_conn_4MiB,9,7.4208,failed,0
writer,writer/single_conn_4MiB,9,7.4208,file_bytes,4194304
writer,writer/single_conn_4MiB,9,7.4208,finalize,4.587125
writer,writer/single_conn_4MiB,9,7.4208,fsync_calls,2
writer,writer/single_conn_4MiB,9,7.4208,fsync_ms,4.296
writer,writer/single_conn_4MiB,9,7.4208,prealloc_ms,0.063
writer,writer/single_conn_4MiB,9,7.4208,process_peak_rss_bytes,79216640
writer,writer/single_conn_4MiB,9,7.4208,report_span,0.742708
writer,writer/single_conn_4MiB,9,7.4208,requests,1
writer,writer/single_conn_4MiB,9,7.4208,response_head_ms,0.316
writer,writer/single_conn_4MiB,9,7.4208,response_heads,1
writer,writer/single_conn_4MiB,9,7.4208,running_reports,16
writer,writer/single_conn_4MiB,9,7.4208,served_bytes,4194304
writer,writer/single_conn_4MiB,9,7.4208,to_first_report,0.9662499999999999
writer,writer/single_conn_4MiB,9,7.4208,total,6.296083
writer,writer/single_conn_4MiB,9,7.4208,unique_bytes,4194304
writer,writer/single_conn_4MiB,9,7.4208,verified,1
writer,writer/single_conn_4MiB,9,7.4208,writer_blocks,16
writer,writer/single_conn_4MiB,9,7.4208,writer_bytes,4194304
writer,writer/single_conn_4MiB,9,7.4208,writer_seeks,1
writer_stop,writer_stop/single_buffered_cancel,0,272.9425,cancel_ms,10.845625
writer_stop,writer_stop/single_buffered_cancel,0,272.9425,cpu_ms,2.2919999999999607
writer_stop,writer_stop/single_buffered_cancel,0,272.9425,cpu_percent,0.8397373073083014
writer_stop,writer_stop/single_buffered_cancel,0,272.9425,driver_threads_after_drop,0
writer_stop,writer_stop/single_buffered_cancel,0,272.9425,durable_prefix_bytes,81920
writer_stop,writer_stop/single_buffered_cancel,0,272.9425,process_peak_rss_bytes,79216640
writer_stop,writer_stop/single_buffered_cancel,0,272.9425,received_before_cancel,81920
writer_stop,writer_stop/single_buffered_cancel,0,272.9425,total,10.845625
writer_stop,writer_stop/single_buffered_cancel,0,272.9425,verified,1
writer_stop,writer_stop/single_buffered_cancel,0,272.9425,written_before_cancel,0
writer_stop,writer_stop/single_buffered_cancel,1,269.0586,cancel_ms,12.395458
writer_stop,writer_stop/single_buffered_cancel,1,269.0586,cpu_ms,2.701999999999982
writer_stop,writer_stop/single_buffered_cancel,1,269.0586,cpu_percent,1.0042421052289188
writer_stop,writer_stop/single_buffered_cancel,1,269.0586,driver_threads_after_drop,0
writer_stop,writer_stop/single_buffered_cancel,1,269.0586,durable_prefix_bytes,81920
writer_stop,writer_stop/single_buffered_cancel,1,269.0586,process_peak_rss_bytes,79216640
writer_stop,writer_stop/single_buffered_cancel,1,269.0586,received_before_cancel,81920
writer_stop,writer_stop/single_buffered_cancel,1,269.0586,total,12.395458
writer_stop,writer_stop/single_buffered_cancel,1,269.0586,verified,1
writer_stop,writer_stop/single_buffered_cancel,1,269.0586,written_before_cancel,0
writer_stop,writer_stop/single_buffered_cancel,2,274.1966,cancel_ms,11.184125
writer_stop,writer_stop/single_buffered_cancel,2,274.1966,cpu_ms,3.709999999999991
writer_stop,writer_stop/single_buffered_cancel,2,274.1966,cpu_percent,1.3530438488359977
writer_stop,writer_stop/single_buffered_cancel,2,274.1966,driver_threads_after_drop,0
writer_stop,writer_stop/single_buffered_cancel,2,274.1966,durable_prefix_bytes,81920
writer_stop,writer_stop/single_buffered_cancel,2,274.1966,process_peak_rss_bytes,79216640
writer_stop,writer_stop/single_buffered_cancel,2,274.1966,received_before_cancel,81920
writer_stop,writer_stop/single_buffered_cancel,2,274.1966,total,11.184125
writer_stop,writer_stop/single_buffered_cancel,2,274.1966,verified,1
writer_stop,writer_stop/single_buffered_cancel,2,274.1966,written_before_cancel,0
writer_stop,writer_stop/single_buffered_cancel,3,273.7537,cancel_ms,12.15225
writer_stop,writer_stop/single_buffered_cancel,3,273.7537,cpu_ms,3.441999999999945
writer_stop,writer_stop/single_buffered_cancel,3,273.7537,cpu_percent,1.2573347556290253
writer_stop,writer_stop/single_buffered_cancel,3,273.7537,driver_threads_after_drop,0
writer_stop,writer_stop/single_buffered_cancel,3,273.7537,durable_prefix_bytes,81920
writer_stop,writer_stop/single_buffered_cancel,3,273.7537,process_peak_rss_bytes,79216640
writer_stop,writer_stop/single_buffered_cancel,3,273.7537,received_before_cancel,81920
writer_stop,writer_stop/single_buffered_cancel,3,273.7537,total,12.15225
writer_stop,writer_stop/single_buffered_cancel,3,273.7537,verified,1
writer_stop,writer_stop/single_buffered_cancel,3,273.7537,written_before_cancel,0
writer_stop,writer_stop/single_buffered_cancel,4,274.6355,cancel_ms,11.915291
writer_stop,writer_stop/single_buffered_cancel,4,274.6355,cpu_ms,6.832999999999978
writer_stop,writer_stop/single_buffered_cancel,4,274.6355,cpu_percent,2.4880254082558135
writer_stop,writer_stop/single_buffered_cancel,4,274.6355,driver_threads_after_drop,0
writer_stop,writer_stop/single_buffered_cancel,4,274.6355,durable_prefix_bytes,81920
writer_stop,writer_stop/single_buffered_cancel,4,274.6355,process_peak_rss_bytes,79216640
writer_stop,writer_stop/single_buffered_cancel,4,274.6355,received_before_cancel,81920
writer_stop,writer_stop/single_buffered_cancel,4,274.6355,total,11.915291
writer_stop,writer_stop/single_buffered_cancel,4,274.6355,verified,1
writer_stop,writer_stop/single_buffered_cancel,4,274.6355,written_before_cancel,0
writer_stop,writer_stop/single_buffered_cancel,5,269.2420,cancel_ms,12.025667
writer_stop,writer_stop/single_buffered_cancel,5,269.2420,cpu_ms,7.470000000000088
writer_stop,writer_stop/single_buffered_cancel,5,269.2420,cpu_percent,2.7744552613369673
writer_stop,writer_stop/single_buffered_cancel,5,269.2420,driver_threads_after_drop,0
writer_stop,writer_stop/single_buffered_cancel,5,269.2420,durable_prefix_bytes,81920
writer_stop,writer_stop/single_buffered_cancel,5,269.2420,process_peak_rss_bytes,79216640
writer_stop,writer_stop/single_buffered_cancel,5,269.2420,received_before_cancel,81920
writer_stop,writer_stop/single_buffered_cancel,5,269.2420,total,12.025667
writer_stop,writer_stop/single_buffered_cancel,5,269.2420,verified,1
writer_stop,writer_stop/single_buffered_cancel,5,269.2420,written_before_cancel,0
writer_stop,writer_stop/single_buffered_cancel,6,270.3543,cancel_ms,13.527542
writer_stop,writer_stop/single_buffered_cancel,6,270.3543,cpu_ms,6.624999999999992
writer_stop,writer_stop/single_buffered_cancel,6,270.3543,cpu_percent,2.450487819627434
writer_stop,writer_stop/single_buffered_cancel,6,270.3543,driver_threads_after_drop,0
writer_stop,writer_stop/single_buffered_cancel,6,270.3543,durable_prefix_bytes,81920
writer_stop,writer_stop/single_buffered_cancel,6,270.3543,process_peak_rss_bytes,79216640
writer_stop,writer_stop/single_buffered_cancel,6,270.3543,received_before_cancel,81920
writer_stop,writer_stop/single_buffered_cancel,6,270.3543,total,13.527542
writer_stop,writer_stop/single_buffered_cancel,6,270.3543,verified,1
writer_stop,writer_stop/single_buffered_cancel,6,270.3543,written_before_cancel,0
writer_stop,writer_stop/single_buffered_cancel,7,268.0240,cancel_ms,12.473417000000001
writer_stop,writer_stop/single_buffered_cancel,7,268.0240,cpu_ms,6.028999999999951
writer_stop,writer_stop/single_buffered_cancel,7,268.0240,cpu_percent,2.2494254245888246
writer_stop,writer_stop/single_buffered_cancel,7,268.0240,driver_threads_after_drop,0
writer_stop,writer_stop/single_buffered_cancel,7,268.0240,durable_prefix_bytes,81920
writer_stop,writer_stop/single_buffered_cancel,7,268.0240,process_peak_rss_bytes,79216640
writer_stop,writer_stop/single_buffered_cancel,7,268.0240,received_before_cancel,81920
writer_stop,writer_stop/single_buffered_cancel,7,268.0240,total,12.473417000000001
writer_stop,writer_stop/single_buffered_cancel,7,268.0240,verified,1
writer_stop,writer_stop/single_buffered_cancel,7,268.0240,written_before_cancel,0
writer_stop,writer_stop/single_buffered_cancel,8,268.0775,cancel_ms,11.782
writer_stop,writer_stop/single_buffered_cancel,8,268.0775,cpu_ms,5.195999999999978
writer_stop,writer_stop/single_buffered_cancel,8,268.0775,cpu_percent,1.9382454700599556
writer_stop,writer_stop/single_buffered_cancel,8,268.0775,driver_threads_after_drop,0
writer_stop,writer_stop/single_buffered_cancel,8,268.0775,durable_prefix_bytes,81920
writer_stop,writer_stop/single_buffered_cancel,8,268.0775,process_peak_rss_bytes,79216640
writer_stop,writer_stop/single_buffered_cancel,8,268.0775,received_before_cancel,81920
writer_stop,writer_stop/single_buffered_cancel,8,268.0775,total,11.782
writer_stop,writer_stop/single_buffered_cancel,8,268.0775,verified,1
writer_stop,writer_stop/single_buffered_cancel,8,268.0775,written_before_cancel,0
writer_stop,writer_stop/single_buffered_cancel,9,269.9597,cancel_ms,12.542958
writer_stop,writer_stop/single_buffered_cancel,9,269.9597,cpu_ms,6.396999999999986
writer_stop,writer_stop/single_buffered_cancel,9,269.9597,cpu_percent,2.369613244372582
writer_stop,writer_stop/single_buffered_cancel,9,269.9597,driver_threads_after_drop,0
writer_stop,writer_stop/single_buffered_cancel,9,269.9597,durable_prefix_bytes,81920
writer_stop,writer_stop/single_buffered_cancel,9,269.9597,process_peak_rss_bytes,79216640
writer_stop,writer_stop/single_buffered_cancel,9,269.9597,received_before_cancel,81920
writer_stop,writer_stop/single_buffered_cancel,9,269.9597,total,12.542958
writer_stop,writer_stop/single_buffered_cancel,9,269.9597,verified,1
writer_stop,writer_stop/single_buffered_cancel,9,269.9597,written_before_cancel,0
storage,storage/io/tokio_seek_16KiB,0,135.6305,cpu_ms,113.37400000000008
storage,storage/io/tokio_seek_16KiB,0,135.6305,cpu_percent,83.59036876510443
storage,storage/io/tokio_seek_16KiB,0,135.6305,process_peak_rss_bytes,172244992
storage,storage/io/tokio_seek_16KiB,0,135.6305,seek_calls,4096
storage,storage/io/tokio_seek_16KiB,0,135.6305,total,110.508875
storage,storage/io/tokio_seek_16KiB,0,135.6305,verified,1
storage,storage/io/tokio_seek_16KiB,0,135.6305,write_calls,4096
storage,storage/io/tokio_seek_16KiB,1,83.0960,cpu_ms,81.23700000000001
storage,storage/io/tokio_seek_16KiB,1,83.0960,cpu_percent,97.76277912250022
storage,storage/io/tokio_seek_16KiB,1,83.0960,process_peak_rss_bytes,172244992
storage,storage/io/tokio_seek_16KiB,1,83.0960,seek_calls,4096
storage,storage/io/tokio_seek_16KiB,1,83.0960,total,72.954083
storage,storage/io/tokio_seek_16KiB,1,83.0960,verified,1
storage,storage/io/tokio_seek_16KiB,1,83.0960,write_calls,4096
storage,storage/io/tokio_seek_16KiB,2,90.5838,cpu_ms,83.36599999999983
storage,storage/io/tokio_seek_16KiB,2,90.5838,cpu_percent,92.0319167031557
storage,storage/io/tokio_seek_16KiB,2,90.5838,process_peak_rss_bytes,172244992
storage,storage/io/tokio_seek_16KiB,2,90.5838,seek_calls,4096
storage,storage/io/tokio_seek_16KiB,2,90.5838,total,81.755417
storage,storage/io/tokio_seek_16KiB,2,90.5838,verified,1
storage,storage/io/tokio_seek_16KiB,2,90.5838,write_calls,4096
storage,storage/io/tokio_seek_16KiB,3,81.1413,cpu_ms,77.65899999999992
storage,storage/io/tokio_seek_16KiB,3,81.1413,cpu_percent,95.70831181686394
storage,storage/io/tokio_seek_16KiB,3,81.1413,process_peak_rss_bytes,172244992
storage,storage/io/tokio_seek_16KiB,3,81.1413,seek_calls,4096
storage,storage/io/tokio_seek_16KiB,3,81.1413,total,74.29516699999999
storage,storage/io/tokio_seek_16KiB,3,81.1413,verified,1
storage,storage/io/tokio_seek_16KiB,3,81.1413,write_calls,4096
storage,storage/io/tokio_seek_16KiB,4,84.0917,cpu_ms,82.05599999999991
storage,storage/io/tokio_seek_16KiB,4,84.0917,cpu_percent,97.57922862915764
storage,storage/io/tokio_seek_16KiB,4,84.0917,process_peak_rss_bytes,172244992
storage,storage/io/tokio_seek_16KiB,4,84.0917,seek_calls,4096
storage,storage/io/tokio_seek_16KiB,4,84.0917,total,77.198958
storage,storage/io/tokio_seek_16KiB,4,84.0917,verified,1
storage,storage/io/tokio_seek_16KiB,4,84.0917,write_calls,4096
storage,storage/io/tokio_seek_16KiB,5,79.5561,cpu_ms,77.183
storage,storage/io/tokio_seek_16KiB,5,79.5561,cpu_percent,97.01709299819234
storage,storage/io/tokio_seek_16KiB,5,79.5561,process_peak_rss_bytes,172244992
storage,storage/io/tokio_seek_16KiB,5,79.5561,seek_calls,4096
storage,storage/io/tokio_seek_16KiB,5,79.5561,total,72.839958
storage,storage/io/tokio_seek_16KiB,5,79.5561,verified,1
storage,storage/io/tokio_seek_16KiB,5,79.5561,write_calls,4096
storage,storage/io/tokio_seek_16KiB,6,76.5289,cpu_ms,76.66300000000015
storage,storage/io/tokio_seek_16KiB,6,76.5289,cpu_percent,100.17520697666768
storage,storage/io/tokio_seek_16KiB,6,76.5289,process_peak_rss_bytes,172244992
storage,storage/io/tokio_seek_16KiB,6,76.5289,seek_calls,4096
storage,storage/io/tokio_seek_16KiB,6,76.5289,total,69.41362500000001
storage,storage/io/tokio_seek_16KiB,6,76.5289,verified,1
storage,storage/io/tokio_seek_16KiB,6,76.5289,write_calls,4096
storage,storage/io/tokio_seek_16KiB,7,76.4420,cpu_ms,76.00399999999996
storage,storage/io/tokio_seek_16KiB,7,76.4420,cpu_percent,99.4269619328065
storage,storage/io/tokio_seek_16KiB,7,76.4420,process_peak_rss_bytes,172244992
storage,storage/io/tokio_seek_16KiB,7,76.4420,seek_calls,4096
storage,storage/io/tokio_seek_16KiB,7,76.4420,total,69.8015
storage,storage/io/tokio_seek_16KiB,7,76.4420,verified,1
storage,storage/io/tokio_seek_16KiB,7,76.4420,write_calls,4096
storage,storage/io/tokio_seek_16KiB,8,77.3535,cpu_ms,76.07800000000009
storage,storage/io/tokio_seek_16KiB,8,77.3535,cpu_percent,98.35102315030393
storage,storage/io/tokio_seek_16KiB,8,77.3535,process_peak_rss_bytes,172244992
storage,storage/io/tokio_seek_16KiB,8,77.3535,seek_calls,4096
storage,storage/io/tokio_seek_16KiB,8,77.3535,total,70.592
storage,storage/io/tokio_seek_16KiB,8,77.3535,verified,1
storage,storage/io/tokio_seek_16KiB,8,77.3535,write_calls,4096
storage,storage/io/tokio_seek_16KiB,9,78.0205,cpu_ms,75.86599999999999
storage,storage/io/tokio_seek_16KiB,9,78.0205,cpu_percent,97.23849518039101
storage,storage/io/tokio_seek_16KiB,9,78.0205,process_peak_rss_bytes,172244992
storage,storage/io/tokio_seek_16KiB,9,78.0205,seek_calls,4096
storage,storage/io/tokio_seek_16KiB,9,78.0205,total,71.093041
storage,storage/io/tokio_seek_16KiB,9,78.0205,verified,1
storage,storage/io/tokio_seek_16KiB,9,78.0205,write_calls,4096
storage,storage/io/tokio_sequential_16KiB,0,46.7109,cpu_ms,42.615000000000066
storage,storage/io/tokio_sequential_16KiB,0,46.7109,cpu_percent,91.23134962218803
storage,storage/io/tokio_sequential_16KiB,0,46.7109,process_peak_rss_bytes,172244992
storage,storage/io/tokio_sequential_16KiB,0,46.7109,seek_calls,0
storage,storage/io/tokio_sequential_16KiB,0,46.7109,total,39.942208
storage,storage/io/tokio_sequential_16KiB,0,46.7109,verified,1
storage,storage/io/tokio_sequential_16KiB,0,46.7109,write_calls,4096
storage,storage/io/tokio_sequential_16KiB,1,44.9192,cpu_ms,42.10399999999992
storage,storage/io/tokio_sequential_16KiB,1,44.9192,cpu_percent,93.73273010512546
storage,storage/io/tokio_sequential_16KiB,1,44.9192,process_peak_rss_bytes,172244992
storage,storage/io/tokio_sequential_16KiB,1,44.9192,seek_calls,0
storage,storage/io/tokio_sequential_16KiB,1,44.9192,total,38.431875
storage,storage/io/tokio_sequential_16KiB,1,44.9192,verified,1
storage,storage/io/tokio_sequential_16KiB,1,44.9192,write_calls,4096
storage,storage/io/tokio_sequential_16KiB,2,44.5001,cpu_ms,41.01599999999994
storage,storage/io/tokio_sequential_16KiB,2,44.5001,cpu_percent,92.17052761087736
storage,storage/io/tokio_sequential_16KiB,2,44.5001,process_peak_rss_bytes,172244992
storage,storage/io/tokio_sequential_16KiB,2,44.5001,seek_calls,0
storage,storage/io/tokio_sequential_16KiB,2,44.5001,total,37.382583
storage,storage/io/tokio_sequential_16KiB,2,44.5001,verified,1
storage,storage/io/tokio_sequential_16KiB,2,44.5001,write_calls,4096
storage,storage/io/tokio_sequential_16KiB,3,45.6652,cpu_ms,42.86900000000004
storage,storage/io/tokio_sequential_16KiB,3,45.6652,cpu_percent,93.87672120096342
storage,storage/io/tokio_sequential_16KiB,3,45.6652,process_peak_rss_bytes,172244992
storage,storage/io/tokio_sequential_16KiB,3,45.6652,seek_calls,0
storage,storage/io/tokio_sequential_16KiB,3,45.6652,total,38.922375
storage,storage/io/tokio_sequential_16KiB,3,45.6652,verified,1
storage,storage/io/tokio_sequential_16KiB,3,45.6652,write_calls,4096
storage,storage/io/tokio_sequential_16KiB,4,47.7773,cpu_ms,44.70300000000016
storage,storage/io/tokio_sequential_16KiB,4,47.7773,cpu_percent,93.56528963221986
storage,storage/io/tokio_sequential_16KiB,4,47.7773,process_peak_rss_bytes,172244992
storage,storage/io/tokio_sequential_16KiB,4,47.7773,seek_calls,0
storage,storage/io/tokio_sequential_16KiB,4,47.7773,total,41.208583
storage,storage/io/tokio_sequential_16KiB,4,47.7773,verified,1
storage,storage/io/tokio_sequential_16KiB,4,47.7773,write_calls,4096
storage,storage/io/tokio_sequential_16KiB,5,47.2099,cpu_ms,43.44799999999971
storage,storage/io/tokio_sequential_16KiB,5,47.2099,cpu_percent,92.0315110911966
storage,storage/io/tokio_sequential_16KiB,5,47.2099,process_peak_rss_bytes,172244992
storage,storage/io/tokio_sequential_16KiB,5,47.2099,seek_calls,0
storage,storage/io/tokio_sequential_16KiB,5,47.2099,total,40.502041000000006
storage,storage/io/tokio_sequential_16KiB,5,47.2099,verified,1
storage,storage/io/tokio_sequential_16KiB,5,47.2099,write_calls,4096
storage,storage/io/tokio_sequential_16KiB,6,46.1265,cpu_ms,41.94300000000028
storage,storage/io/tokio_sequential_16KiB,6,46.1265,cpu_percent,90.93029345230406
storage,storage/io/tokio_sequential_16KiB,6,46.1265,process_peak_rss_bytes,172244992
storage,storage/io/tokio_sequential_16KiB,6,46.1265,seek_calls,0
storage,storage/io/tokio_sequential_16KiB,6,46.1265,total,39.304292
storage,storage/io/tokio_sequential_16KiB,6,46.1265,verified,1
storage,storage/io/tokio_sequential_16KiB,6,46.1265,write_calls,4096
storage,storage/io/tokio_sequential_16KiB,7,48.3278,cpu_ms,44.58099999999998
storage,storage/io/tokio_sequential_16KiB,7,48.3278,cpu_percent,92.24720786711565
storage,storage/io/tokio_sequential_16KiB,7,48.3278,process_peak_rss_bytes,172244992
storage,storage/io/tokio_sequential_16KiB,7,48.3278,seek_calls,0
storage,storage/io/tokio_sequential_16KiB,7,48.3278,total,38.112624999999994
storage,storage/io/tokio_sequential_16KiB,7,48.3278,verified,1
storage,storage/io/tokio_sequential_16KiB,7,48.3278,write_calls,4096
storage,storage/io/tokio_sequential_16KiB,8,46.9536,cpu_ms,42.10799999999981
storage,storage/io/tokio_sequential_16KiB,8,46.9536,cpu_percent,89.67997678560454
storage,storage/io/tokio_sequential_16KiB,8,46.9536,process_peak_rss_bytes,172244992
storage,storage/io/tokio_sequential_16KiB,8,46.9536,seek_calls,0
storage,storage/io/tokio_sequential_16KiB,8,46.9536,total,38.805541999999996
storage,storage/io/tokio_sequential_16KiB,8,46.9536,verified,1
storage,storage/io/tokio_sequential_16KiB,8,46.9536,write_calls,4096
storage,storage/io/tokio_sequential_16KiB,9,44.1052,cpu_ms,40.113000000000284
storage,storage/io/tokio_sequential_16KiB,9,44.1052,cpu_percent,90.94835648817383
storage,storage/io/tokio_sequential_16KiB,9,44.1052,process_peak_rss_bytes,172244992
storage,storage/io/tokio_sequential_16KiB,9,44.1052,seek_calls,0
storage,storage/io/tokio_sequential_16KiB,9,44.1052,total,37.88525
storage,storage/io/tokio_sequential_16KiB,9,44.1052,verified,1
storage,storage/io/tokio_sequential_16KiB,9,44.1052,write_calls,4096
storage,storage/io/tokio_batch_256KiB,0,22.8893,cpu_ms,15.91399999999954
storage,storage/io/tokio_batch_256KiB,0,22.8893,cpu_percent,69.525835462307
storage,storage/io/tokio_batch_256KiB,0,22.8893,process_peak_rss_bytes,172244992
storage,storage/io/tokio_batch_256KiB,0,22.8893,seek_calls,0
storage,storage/io/tokio_batch_256KiB,0,22.8893,total,15.631874999999999
storage,storage/io/tokio_batch_256KiB,0,22.8893,verified,1
storage,storage/io/tokio_batch_256KiB,0,22.8893,write_calls,256
storage,storage/io/tokio_batch_256KiB,1,21.8311,cpu_ms,15.302000000000149
storage,storage/io/tokio_batch_256KiB,1,21.8311,cpu_percent,70.09258570046275
storage,storage/io/tokio_batch_256KiB,1,21.8311,process_peak_rss_bytes,172244992
storage,storage/io/tokio_batch_256KiB,1,21.8311,seek_calls,0
storage,storage/io/tokio_batch_256KiB,1,21.8311,total,14.840834000000001
storage,storage/io/tokio_batch_256KiB,1,21.8311,verified,1
storage,storage/io/tokio_batch_256KiB,1,21.8311,write_calls,256
storage,storage/io/tokio_batch_256KiB,2,20.4707,cpu_ms,14.785999999999966
storage,storage/io/tokio_batch_256KiB,2,20.4707,cpu_percent,72.23018184996104
storage,storage/io/tokio_batch_256KiB,2,20.4707,process_peak_rss_bytes,172244992
storage,storage/io/tokio_batch_256KiB,2,20.4707,seek_calls,0
storage,storage/io/tokio_batch_256KiB,2,20.4707,total,13.879334
storage,storage/io/tokio_batch_256KiB,2,20.4707,verified,1
storage,storage/io/tokio_batch_256KiB,2,20.4707,write_calls,256
storage,storage/io/tokio_batch_256KiB,3,22.4217,cpu_ms,15.399999999999636
storage,storage/io/tokio_batch_256KiB,3,22.4217,cpu_percent,68.6835639829975
storage,storage/io/tokio_batch_256KiB,3,22.4217,process_peak_rss_bytes,172244992
storage,storage/io/tokio_batch_256KiB,3,22.4217,seek_calls,0
storage,storage/io/tokio_batch_256KiB,3,22.4217,total,15.567292
storage,storage/io/tokio_batch_256KiB,3,22.4217,verified,1
storage,storage/io/tokio_batch_256KiB,3,22.4217,write_calls,256
storage,storage/io/tokio_batch_256KiB,4,23.0536,cpu_ms,15.39899999999994
storage,storage/io/tokio_batch_256KiB,4,23.0536,cpu_percent,66.79643656908594
storage,storage/io/tokio_batch_256KiB,4,23.0536,process_peak_rss_bytes,172244992
storage,storage/io/tokio_batch_256KiB,4,23.0536,seek_calls,0
storage,storage/io/tokio_batch_256KiB,4,23.0536,total,16.143834
storage,storage/io/tokio_batch_256KiB,4,23.0536,verified,1
storage,storage/io/tokio_batch_256KiB,4,23.0536,write_calls,256
storage,storage/io/tokio_batch_256KiB,5,19.7087,cpu_ms,14.962000000000142
storage,storage/io/tokio_batch_256KiB,5,19.7087,cpu_percent,75.91584331481461
storage,storage/io/tokio_batch_256KiB,5,19.7087,process_peak_rss_bytes,172244992
storage,storage/io/tokio_batch_256KiB,5,19.7087,seek_calls,0
storage,storage/io/tokio_batch_256KiB,5,19.7087,total,12.925458
storage,storage/io/tokio_batch_256KiB,5,19.7087,verified,1
storage,storage/io/tokio_batch_256KiB,5,19.7087,write_calls,256
storage,storage/io/tokio_batch_256KiB,6,19.5185,cpu_ms,14.482999999999802
storage,storage/io/tokio_batch_256KiB,6,19.5185,cpu_percent,74.20139867305275
storage,storage/io/tokio_batch_256KiB,6,19.5185,process_peak_rss_bytes,172244992
storage,storage/io/tokio_batch_256KiB,6,19.5185,seek_calls,0
storage,storage/io/tokio_batch_256KiB,6,19.5185,total,13.2255
storage,storage/io/tokio_batch_256KiB,6,19.5185,verified,1
storage,storage/io/tokio_batch_256KiB,6,19.5185,write_calls,256
storage,storage/io/tokio_batch_256KiB,7,21.5490,cpu_ms,15.15999999999984
storage,storage/io/tokio_batch_256KiB,7,21.5490,cpu_percent,70.351158550396
storage,storage/io/tokio_batch_256KiB,7,21.5490,process_peak_rss_bytes,172244992
storage,storage/io/tokio_batch_256KiB,7,21.5490,seek_calls,0
storage,storage/io/tokio_batch_256KiB,7,21.5490,total,14.682041
storage,storage/io/tokio_batch_256KiB,7,21.5490,verified,1
storage,storage/io/tokio_batch_256KiB,7,21.5490,write_calls,256
storage,storage/io/tokio_batch_256KiB,8,22.9693,cpu_ms,15.31799999999972
storage,storage/io/tokio_batch_256KiB,8,22.9693,cpu_percent,66.68891952587269
storage,storage/io/tokio_batch_256KiB,8,22.9693,process_peak_rss_bytes,172244992
storage,storage/io/tokio_batch_256KiB,8,22.9693,seek_calls,0
storage,storage/io/tokio_batch_256KiB,8,22.9693,total,16.152041999999998
storage,storage/io/tokio_batch_256KiB,8,22.9693,verified,1
storage,storage/io/tokio_batch_256KiB,8,22.9693,write_calls,256
storage,storage/io/tokio_batch_256KiB,9,19.6019,cpu_ms,15.076999999999785
storage,storage/io/tokio_batch_256KiB,9,19.6019,cpu_percent,76.91611134138844
storage,storage/io/tokio_batch_256KiB,9,19.6019,process_peak_rss_bytes,172244992
storage,storage/io/tokio_batch_256KiB,9,19.6019,seek_calls,0
storage,storage/io/tokio_batch_256KiB,9,19.6019,total,13.090333
storage,storage/io/tokio_batch_256KiB,9,19.6019,verified,1
storage,storage/io/tokio_batch_256KiB,9,19.6019,write_calls,256
storage,storage/io/blocking_batch_256KiB,0,20.4842,cpu_ms,15.512000000000192
storage,storage/io/blocking_batch_256KiB,0,20.4842,cpu_percent,75.72678331155971
storage,storage/io/blocking_batch_256KiB,0,20.4842,process_peak_rss_bytes,172244992
storage,storage/io/blocking_batch_256KiB,0,20.4842,seek_calls,0
storage,storage/io/blocking_batch_256KiB,0,20.4842,total,13.517625
storage,storage/io/blocking_batch_256KiB,0,20.4842,verified,1
storage,storage/io/blocking_batch_256KiB,0,20.4842,write_calls,256
storage,storage/io/blocking_batch_256KiB,1,20.2978,cpu_ms,15.93200000000028
storage,storage/io/blocking_batch_256KiB,1,20.2978,cpu_percent,78.49129599909331
storage,storage/io/blocking_batch_256KiB,1,20.2978,process_peak_rss_bytes,172244992
storage,storage/io/blocking_batch_256KiB,1,20.2978,seek_calls,0
storage,storage/io/blocking_batch_256KiB,1,20.2978,total,13.144333
storage,storage/io/blocking_batch_256KiB,1,20.2978,verified,1
storage,storage/io/blocking_batch_256KiB,1,20.2978,write_calls,256
storage,storage/io/blocking_batch_256KiB,2,20.8130,cpu_ms,15.362000000000098
storage,storage/io/blocking_batch_256KiB,2,20.8130,cpu_percent,73.80948926158943
storage,storage/io/blocking_batch_256KiB,2,20.8130,process_peak_rss_bytes,172244992
storage,storage/io/blocking_batch_256KiB,2,20.8130,seek_calls,0
storage,storage/io/blocking_batch_256KiB,2,20.8130,total,13.879000000000001
storage,storage/io/blocking_batch_256KiB,2,20.8130,verified,1
storage,storage/io/blocking_batch_256KiB,2,20.8130,write_calls,256
storage,storage/io/blocking_batch_256KiB,3,20.5877,cpu_ms,15.578000000000092
storage,storage/io/blocking_batch_256KiB,3,20.5877,cpu_percent,75.66666004457957
storage,storage/io/blocking_batch_256KiB,3,20.5877,process_peak_rss_bytes,172244992
storage,storage/io/blocking_batch_256KiB,3,20.5877,seek_calls,0
storage,storage/io/blocking_batch_256KiB,3,20.5877,total,13.850416000000001
storage,storage/io/blocking_batch_256KiB,3,20.5877,verified,1
storage,storage/io/blocking_batch_256KiB,3,20.5877,write_calls,256
storage,storage/io/blocking_batch_256KiB,4,21.2289,cpu_ms,15.252000000000265
storage,storage/io/blocking_batch_256KiB,4,21.2289,cpu_percent,71.84539842517763
storage,storage/io/blocking_batch_256KiB,4,21.2289,process_peak_rss_bytes,172244992
storage,storage/io/blocking_batch_256KiB,4,21.2289,seek_calls,0
storage,storage/io/blocking_batch_256KiB,4,21.2289,total,14.27425
storage,storage/io/blocking_batch_256KiB,4,21.2289,verified,1
storage,storage/io/blocking_batch_256KiB,4,21.2289,write_calls,256
storage,storage/io/blocking_batch_256KiB,5,21.5459,cpu_ms,15.823000000000143
storage,storage/io/blocking_batch_256KiB,5,21.5459,cpu_percent,73.43850809413283
storage,storage/io/blocking_batch_256KiB,5,21.5459,process_peak_rss_bytes,172244992
storage,storage/io/blocking_batch_256KiB,5,21.5459,seek_calls,0
storage,storage/io/blocking_batch_256KiB,5,21.5459,total,14.223082999999999
storage,storage/io/blocking_batch_256KiB,5,21.5459,verified,1
storage,storage/io/blocking_batch_256KiB,5,21.5459,write_calls,256
storage,storage/io/blocking_batch_256KiB,6,25.4238,cpu_ms,15.376999999999974
storage,storage/io/blocking_batch_256KiB,6,25.4238,cpu_percent,60.48261642992152
storage,storage/io/blocking_batch_256KiB,6,25.4238,process_peak_rss_bytes,172244992
storage,storage/io/blocking_batch_256KiB,6,25.4238,seek_calls,0
storage,storage/io/blocking_batch_256KiB,6,25.4238,total,18.664707999999997
storage,storage/io/blocking_batch_256KiB,6,25.4238,verified,1
storage,storage/io/blocking_batch_256KiB,6,25.4238,write_calls,256
storage,storage/io/blocking_batch_256KiB,7,24.8637,cpu_ms,15.730000000000022
storage,storage/io/blocking_batch_256KiB,7,24.8637,cpu_percent,63.26500431332202
storage,storage/io/blocking_batch_256KiB,7,24.8637,process_peak_rss_bytes,172244992
storage,storage/io/blocking_batch_256KiB,7,24.8637,seek_calls,0
storage,storage/io/blocking_batch_256KiB,7,24.8637,total,17.247666
storage,storage/io/blocking_batch_256KiB,7,24.8637,verified,1
storage,storage/io/blocking_batch_256KiB,7,24.8637,write_calls,256
storage,storage/io/blocking_batch_256KiB,8,21.5095,cpu_ms,15.104000000000006
storage,storage/io/blocking_batch_256KiB,8,21.5095,cpu_percent,70.22027240295877
storage,storage/io/blocking_batch_256KiB,8,21.5095,process_peak_rss_bytes,172244992
storage,storage/io/blocking_batch_256KiB,8,21.5095,seek_calls,0
storage,storage/io/blocking_batch_256KiB,8,21.5095,total,14.387041
storage,storage/io/blocking_batch_256KiB,8,21.5095,verified,1
storage,storage/io/blocking_batch_256KiB,8,21.5095,write_calls,256
storage,storage/io/blocking_batch_256KiB,9,20.9657,cpu_ms,15.203000000000078
storage,storage/io/blocking_batch_256KiB,9,20.9657,cpu_percent,72.51350416751167
storage,storage/io/blocking_batch_256KiB,9,20.9657,process_peak_rss_bytes,172244992
storage,storage/io/blocking_batch_256KiB,9,20.9657,seek_calls,0
storage,storage/io/blocking_batch_256KiB,9,20.9657,total,13.888166
storage,storage/io/blocking_batch_256KiB,9,20.9657,verified,1
storage,storage/io/blocking_batch_256KiB,9,20.9657,write_calls,256
storage,storage/cache/copy_then_write,0,35.8719,assembly_ms,8.608041
storage,storage/cache/copy_then_write,0,35.8719,cache_copied_bytes,67108864
storage,storage/cache/copy_then_write,0,35.8719,cpu_ms,30.090999999999646
storage,storage/cache/copy_then_write,0,35.8719,cpu_percent,83.88456072754529
storage,storage/cache/copy_then_write,0,35.8719,process_peak_rss_bytes,294633472
storage,storage/cache/copy_then_write,0,35.8719,total,27.898415999999997
storage,storage/cache/copy_then_write,0,35.8719,verified,1
storage,storage/cache/copy_then_write,0,35.8719,write_calls,64
storage,storage/cache/copy_then_write,1,25.8577,assembly_ms,2.00475
storage,storage/cache/copy_then_write,1,25.8577,cache_copied_bytes,67108864
storage,storage/cache/copy_then_write,1,25.8577,cpu_ms,17.765000000000253
storage,storage/cache/copy_then_write,1,25.8577,cpu_percent,68.70291829422875
storage,storage/cache/copy_then_write,1,25.8577,process_peak_rss_bytes,296697856
storage,storage/cache/copy_then_write,1,25.8577,total,18.867667
storage,storage/cache/copy_then_write,1,25.8577,verified,1
storage,storage/cache/copy_then_write,1,25.8577,write_calls,64
storage,storage/cache/copy_then_write,2,23.5562,assembly_ms,1.9586249999999998
storage,storage/cache/copy_then_write,2,23.5562,cache_copied_bytes,67108864
storage,storage/cache/copy_then_write,2,23.5562,cpu_ms,15.805000000000291
storage,storage/cache/copy_then_write,2,23.5562,cpu_percent,67.09495649271076
storage,storage/cache/copy_then_write,2,23.5562,process_peak_rss_bytes,299450368
storage,storage/cache/copy_then_write,2,23.5562,total,17.180500000000002
storage,storage/cache/copy_then_write,2,23.5562,verified,1
storage,storage/cache/copy_then_write,2,23.5562,write_calls,64
storage,storage/cache/copy_then_write,3,25.5326,assembly_ms,1.880708
storage,storage/cache/copy_then_write,3,25.5326,cache_copied_bytes,67108864
storage,storage/cache/copy_then_write,3,25.5326,cpu_ms,16.87300000000036
storage,storage/cache/copy_then_write,3,25.5326,cpu_percent,66.08418740869406
storage,storage/cache/copy_then_write,3,25.5326,process_peak_rss_bytes,299450368
storage,storage/cache/copy_then_write,3,25.5326,total,18.390625
storage,storage/cache/copy_then_write,3,25.5326,verified,1
storage,storage/cache/copy_then_write,3,25.5326,write_calls,64
storage,storage/cache/copy_then_write,4,22.5830,assembly_ms,1.7329999999999999
storage,storage/cache/copy_then_write,4,22.5830,cache_copied_bytes,67108864
storage,storage/cache/copy_then_write,4,22.5830,cpu_ms,16.035999999999717
storage,storage/cache/copy_then_write,4,22.5830,cpu_percent,71.00916618695354
storage,storage/cache/copy_then_write,4,22.5830,process_peak_rss_bytes,299450368
storage,storage/cache/copy_then_write,4,22.5830,total,16.019958000000003
storage,storage/cache/copy_then_write,4,22.5830,verified,1
storage,storage/cache/copy_then_write,4,22.5830,write_calls,64
storage,storage/cache/copy_then_write,5,23.4960,assembly_ms,2.1055829999999998
storage,storage/cache/copy_then_write,5,23.4960,cache_copied_bytes,67108864
storage,storage/cache/copy_then_write,5,23.4960,cpu_ms,16.643000000000185
storage,storage/cache/copy_then_write,5,23.4960,cpu_percent,70.83320671626389
storage,storage/cache/copy_then_write,5,23.4960,process_peak_rss_bytes,299450368
storage,storage/cache/copy_then_write,5,23.4960,total,16.477166
storage,storage/cache/copy_then_write,5,23.4960,verified,1
storage,storage/cache/copy_then_write,5,23.4960,write_calls,64
storage,storage/cache/copy_then_write,6,25.2716,assembly_ms,1.9187500000000002
storage,storage/cache/copy_then_write,6,25.2716,cache_copied_bytes,67108864
storage,storage/cache/copy_then_write,6,25.2716,cpu_ms,16.805999999999877
storage,storage/cache/copy_then_write,6,25.2716,cpu_percent,66.5014616195036
storage,storage/cache/copy_then_write,6,25.2716,process_peak_rss_bytes,299450368
storage,storage/cache/copy_then_write,6,25.2716,total,17.777082999999998
storage,storage/cache/copy_then_write,6,25.2716,verified,1
storage,storage/cache/copy_then_write,6,25.2716,write_calls,64
storage,storage/cache/copy_then_write,7,24.8440,assembly_ms,1.7962500000000001
storage,storage/cache/copy_then_write,7,24.8440,cache_copied_bytes,67108864
storage,storage/cache/copy_then_write,7,24.8440,cpu_ms,16.89100000000021
storage,storage/cache/copy_then_write,7,24.8440,cpu_percent,67.98813445848126
storage,storage/cache/copy_then_write,7,24.8440,process_peak_rss_bytes,299450368
storage,storage/cache/copy_then_write,7,24.8440,total,17.670916
storage,storage/cache/copy_then_write,7,24.8440,verified,1
storage,storage/cache/copy_then_write,7,24.8440,write_calls,64
storage,storage/cache/copy_then_write,8,23.7469,assembly_ms,2.138208
storage,storage/cache/copy_then_write,8,23.7469,cache_copied_bytes,67108864
storage,storage/cache/copy_then_write,8,23.7469,cpu_ms,16.529999999999934
storage,storage/cache/copy_then_write,8,23.7469,cpu_percent,69.60915909988128
storage,storage/cache/copy_then_write,8,23.7469,process_peak_rss_bytes,299450368
storage,storage/cache/copy_then_write,8,23.7469,total,16.64475
storage,storage/cache/copy_then_write,8,23.7469,verified,1
storage,storage/cache/copy_then_write,8,23.7469,write_calls,64
storage,storage/cache/copy_then_write,9,23.7133,assembly_ms,1.754083
storage,storage/cache/copy_then_write,9,23.7133,cache_copied_bytes,67108864
storage,storage/cache/copy_then_write,9,23.7133,cpu_ms,16.209000000000362
storage,storage/cache/copy_then_write,9,23.7133,cpu_percent,68.3541901679456
storage,storage/cache/copy_then_write,9,23.7133,process_peak_rss_bytes,299450368
storage,storage/cache/copy_then_write,9,23.7133,total,16.938042
storage,storage/cache/copy_then_write,9,23.7133,verified,1
storage,storage/cache/copy_then_write,9,23.7133,write_calls,64
storage,storage/cache/retain_then_vectored_write,0,24.2570,assembly_ms,0.06970900000000001
storage,storage/cache/retain_then_vectored_write,0,24.2570,cache_copied_bytes,0
storage,storage/cache/retain_then_vectored_write,0,24.2570,cpu_ms,14.960999999999558
storage,storage/cache/retain_then_vectored_write,0,24.2570,cpu_percent,61.67714847014024
storage,storage/cache/retain_then_vectored_write,0,24.2570,process_peak_rss_bytes,299712512
storage,storage/cache/retain_then_vectored_write,0,24.2570,total,17.236541000000003
storage,storage/cache/retain_then_vectored_write,0,24.2570,verified,1
storage,storage/cache/retain_then_vectored_write,0,24.2570,write_calls,64
storage,storage/cache/retain_then_vectored_write,1,22.4351,assembly_ms,0.063167
storage,storage/cache/retain_then_vectored_write,1,22.4351,cache_copied_bytes,0
storage,storage/cache/retain_then_vectored_write,1,22.4351,cpu_ms,14.013999999999527
storage,storage/cache/retain_then_vectored_write,1,22.4351,cpu_percent,62.46466750312235
storage,storage/cache/retain_then_vectored_write,1,22.4351,process_peak_rss_bytes,299728896
storage,storage/cache/retain_then_vectored_write,1,22.4351,total,16.043667000000003
storage,storage/cache/retain_then_vectored_write,1,22.4351,verified,1
storage,storage/cache/retain_then_vectored_write,1,22.4351,write_calls,64
storage,storage/cache/retain_then_vectored_write,2,25.0643,assembly_ms,0.044416000000000004
storage,storage/cache/retain_then_vectored_write,2,25.0643,cache_copied_bytes,0
storage,storage/cache/retain_then_vectored_write,2,25.0643,cpu_ms,15.39199999999985
storage,storage/cache/retain_then_vectored_write,2,25.0643,cpu_percent,61.41017584806986
storage,storage/cache/retain_then_vectored_write,2,25.0643,process_peak_rss_bytes,299728896
storage,storage/cache/retain_then_vectored_write,2,25.0643,total,17.649417
storage,storage/cache/retain_then_vectored_write,2,25.0643,verified,1
storage,storage/cache/retain_then_vectored_write,2,25.0643,write_calls,64
storage,storage/cache/retain_then_vectored_write,3,21.1460,assembly_ms,0.046792
storage,storage/cache/retain_then_vectored_write,3,21.1460,cache_copied_bytes,0
storage,storage/cache/retain_then_vectored_write,3,21.1460,cpu_ms,14.24000000000003
storage,storage/cache/retain_then_vectored_write,3,21.1460,cpu_percent,67.3412073994747
storage,storage/cache/retain_then_vectored_write,3,21.1460,process_peak_rss_bytes,299728896
storage,storage/cache/retain_then_vectored_write,3,21.1460,total,14.433375
storage,storage/cache/retain_then_vectored_write,3,21.1460,verified,1
storage,storage/cache/retain_then_vectored_write,3,21.1460,write_calls,64
storage,storage/cache/retain_then_vectored_write,4,22.3431,assembly_ms,0.045417
storage,storage/cache/retain_then_vectored_write,4,22.3431,cache_copied_bytes,0
storage,storage/cache/retain_then_vectored_write,4,22.3431,cpu_ms,14.78299999999999
storage,storage/cache/retain_then_vectored_write,4,22.3431,cpu_percent,66.1636504611449
storage,storage/cache/retain_then_vectored_write,4,22.3431,process_peak_rss_bytes,299728896
storage,storage/cache/retain_then_vectored_write,4,22.3431,total,15.426083
storage,storage/cache/retain_then_vectored_write,4,22.3431,verified,1
storage,storage/cache/retain_then_vectored_write,4,22.3431,write_calls,64
storage,storage/cache/retain_then_vectored_write,5,23.2693,assembly_ms,0.045833
storage,storage/cache/retain_then_vectored_write,5,23.2693,cache_copied_bytes,0
storage,storage/cache/retain_then_vectored_write,5,23.2693,cpu_ms,15.24100000000006
storage,storage/cache/retain_then_vectored_write,5,23.2693,cpu_percent,65.49822463755218
storage,storage/cache/retain_then_vectored_write,5,23.2693,process_peak_rss_bytes,299728896
storage,storage/cache/retain_then_vectored_write,5,23.2693,total,15.903875000000001
storage,storage/cache/retain_then_vectored_write,5,23.2693,verified,1
storage,storage/cache/retain_then_vectored_write,5,23.2693,write_calls,64
storage,storage/cache/retain_then_vectored_write,6,23.4248,assembly_ms,0.047541
storage,storage/cache/retain_then_vectored_write,6,23.4248,cache_copied_bytes,0
storage,storage/cache/retain_then_vectored_write,6,23.4248,cpu_ms,14.212000000000113
storage,storage/cache/retain_then_vectored_write,6,23.4248,cpu_percent,60.670762839644915
storage,storage/cache/retain_then_vectored_write,6,23.4248,process_peak_rss_bytes,299728896
storage,storage/cache/retain_then_vectored_write,6,23.4248,total,16.811458000000002
storage,storage/cache/retain_then_vectored_write,6,23.4248,verified,1
storage,storage/cache/retain_then_vectored_write,6,23.4248,write_calls,64
storage,storage/cache/retain_then_vectored_write,7,36.0568,assembly_ms,0.045542
storage,storage/cache/retain_then_vectored_write,7,36.0568,cache_copied_bytes,0
storage,storage/cache/retain_then_vectored_write,7,36.0568,cpu_ms,15.171999999999741
storage,storage/cache/retain_then_vectored_write,7,36.0568,cpu_percent,42.07811297468502
storage,storage/cache/retain_then_vectored_write,7,36.0568,process_peak_rss_bytes,299728896
storage,storage/cache/retain_then_vectored_write,7,36.0568,total,29.440834
storage,storage/cache/retain_then_vectored_write,7,36.0568,verified,1
storage,storage/cache/retain_then_vectored_write,7,36.0568,write_calls,64
storage,storage/cache/retain_then_vectored_write,8,24.5555,assembly_ms,0.044916000000000005
storage,storage/cache/retain_then_vectored_write,8,24.5555,cache_copied_bytes,0
storage,storage/cache/retain_then_vectored_write,8,24.5555,cpu_ms,14.990000000000059
storage,storage/cache/retain_then_vectored_write,8,24.5555,cpu_percent,61.04549139340044
storage,storage/cache/retain_then_vectored_write,8,24.5555,process_peak_rss_bytes,299728896
storage,storage/cache/retain_then_vectored_write,8,24.5555,total,17.420250000000003
storage,storage/cache/retain_then_vectored_write,8,24.5555,verified,1
storage,storage/cache/retain_then_vectored_write,8,24.5555,write_calls,64
storage,storage/cache/retain_then_vectored_write,9,22.7822,assembly_ms,0.049249999999999995
storage,storage/cache/retain_then_vectored_write,9,22.7822,cache_copied_bytes,0
storage,storage/cache/retain_then_vectored_write,9,22.7822,cpu_ms,15.028000000000041
storage,storage/cache/retain_then_vectored_write,9,22.7822,cpu_percent,65.96375557628146
storage,storage/cache/retain_then_vectored_write,9,22.7822,process_peak_rss_bytes,299728896
storage,storage/cache/retain_then_vectored_write,9,22.7822,total,15.704915999999999
storage,storage/cache/retain_then_vectored_write,9,22.7822,verified,1
storage,storage/cache/retain_then_vectored_write,9,22.7822,write_calls,64
storage,storage/allocation/grow,0,20.7477,allocation_ms,0.000041
storage,storage/allocation/grow,0,20.7477,cpu_ms,13.68500000000017
storage,storage/allocation/grow,0,20.7477,cpu_percent,65.95909292727741
storage,storage/allocation/grow,0,20.7477,process_peak_rss_bytes,299728896
storage,storage/allocation/grow,0,20.7477,total,13.969917
storage,storage/allocation/grow,0,20.7477,verified,1
storage,storage/allocation/grow,1,21.7865,allocation_ms,0.000042
storage,storage/allocation/grow,1,21.7865,cpu_ms,14.371000000000134
storage,storage/allocation/grow,1,21.7865,cpu_percent,65.96286691299719
storage,storage/allocation/grow,1,21.7865,process_peak_rss_bytes,299728896
storage,storage/allocation/grow,1,21.7865,total,13.98225
storage,storage/allocation/grow,1,21.7865,verified,1
storage,storage/allocation/grow,2,25.2855,allocation_ms,0
storage,storage/allocation/grow,2,25.2855,cpu_ms,13.808999999999738
storage,storage/allocation/grow,2,25.2855,cpu_percent,54.6124179360316
storage,storage/allocation/grow,2,25.2855,process_peak_rss_bytes,299728896
storage,storage/allocation/grow,2,25.2855,total,18.423709
storage,storage/allocation/grow,2,25.2855,verified,1
storage,storage/allocation/grow,3,20.8414,allocation_ms,0.000083
storage,storage/allocation/grow,3,20.8414,cpu_ms,13.546999999999976
storage,storage/allocation/grow,3,20.8414,cpu_percent,65.00037881301438
storage,storage/allocation/grow,3,20.8414,process_peak_rss_bytes,299728896
storage,storage/allocation/grow,3,20.8414,total,13.953042
storage,storage/allocation/grow,3,20.8414,verified,1
storage,storage/allocation/grow,4,22.3409,allocation_ms,0.000083
storage,storage/allocation/grow,4,22.3409,cpu_ms,13.82899999999987
storage,storage/allocation/grow,4,22.3409,cpu_percent,61.89987635690993
storage,storage/allocation/grow,4,22.3409,process_peak_rss_bytes,299728896
storage,storage/allocation/grow,4,22.3409,total,15.350542
storage,storage/allocation/grow,4,22.3409,verified,1
storage,storage/allocation/grow,5,20.2505,allocation_ms,0
storage,storage/allocation/grow,5,20.2505,cpu_ms,12.754999999999406
storage,storage/allocation/grow,5,20.2505,cpu_percent,62.98622663318104
storage,storage/allocation/grow,5,20.2505,process_peak_rss_bytes,299728896
storage,storage/allocation/grow,5,20.2505,total,13.919209
storage,storage/allocation/grow,5,20.2505,verified,1
storage,storage/allocation/grow,6,20.0472,allocation_ms,0
storage,storage/allocation/grow,6,20.0472,cpu_ms,12.773999999999841
storage,storage/allocation/grow,6,20.0472,cpu_percent,63.71946276920696
storage,storage/allocation/grow,6,20.0472,process_peak_rss_bytes,299728896
storage,storage/allocation/grow,6,20.0472,total,13.575042
storage,storage/allocation/grow,6,20.0472,verified,1
storage,storage/allocation/grow,7,22.7352,allocation_ms,0.000042
storage,storage/allocation/grow,7,22.7352,cpu_ms,13.942000000000121
storage,storage/allocation/grow,7,22.7352,cpu_percent,61.32350210242635
storage,storage/allocation/grow,7,22.7352,process_peak_rss_bytes,299728896
storage,storage/allocation/grow,7,22.7352,total,15.547875
storage,storage/allocation/grow,7,22.7352,verified,1
storage,storage/allocation/grow,8,20.4970,allocation_ms,0
storage,storage/allocation/grow,8,20.4970,cpu_ms,13.39099999999993
storage,storage/allocation/grow,8,20.4970,cpu_percent,65.33151192857457
storage,storage/allocation/grow,8,20.4970,process_peak_rss_bytes,299728896
storage,storage/allocation/grow,8,20.4970,total,13.659417
storage,storage/allocation/grow,8,20.4970,verified,1
storage,storage/allocation/grow,9,20.7395,allocation_ms,0.000042
storage,storage/allocation/grow,9,20.7395,cpu_ms,12.582000000000093
storage,storage/allocation/grow,9,20.7395,cpu_percent,60.666843462957615
storage,storage/allocation/grow,9,20.7395,process_peak_rss_bytes,299728896
storage,storage/allocation/grow,9,20.7395,total,14.250959
storage,storage/allocation/grow,9,20.7395,verified,1
storage,storage/allocation/zero_fill,0,38.5844,allocation_ms,17.587583
storage,storage/allocation/zero_fill,0,38.5844,cpu_ms,19.406000000000034
storage,storage/allocation/zero_fill,0,38.5844,cpu_percent,50.29497043816322
storage,storage/allocation/zero_fill,0,38.5844,process_peak_rss_bytes,299728896
storage,storage/allocation/zero_fill,0,38.5844,total,31.529916999999998
storage,storage/allocation/zero_fill,0,38.5844,verified,1
storage,storage/allocation/zero_fill,1,32.1545,allocation_ms,11.461541
storage,storage/allocation/zero_fill,1,32.1545,cpu_ms,19.266000000000005
storage,storage/allocation/zero_fill,1,32.1545,cpu_percent,59.91688701138668
storage,storage/allocation/zero_fill,1,32.1545,process_peak_rss_bytes,299728896
storage,storage/allocation/zero_fill,1,32.1545,total,25.066833
storage,storage/allocation/zero_fill,1,32.1545,verified,1
storage,storage/allocation/zero_fill,2,36.4431,allocation_ms,13.605166
storage,storage/allocation/zero_fill,2,36.4431,cpu_ms,19.603000000000037
storage,storage/allocation/zero_fill,2,36.4431,cpu_percent,53.79066696393363
storage,storage/allocation/zero_fill,2,36.4431,process_peak_rss_bytes,299728896
storage,storage/allocation/zero_fill,2,36.4431,total,28.908292
storage,storage/allocation/zero_fill,2,36.4431,verified,1
storage,storage/allocation/zero_fill,3,38.7402,allocation_ms,17.228
storage,storage/allocation/zero_fill,3,38.7402,cpu_ms,19.632000000000094
storage,storage/allocation/zero_fill,3,38.7402,cpu_percent,50.6759765360319
storage,storage/allocation/zero_fill,3,38.7402,process_peak_rss_bytes,299728896
storage,storage/allocation/zero_fill,3,38.7402,total,31.264083
storage,storage/allocation/zero_fill,3,38.7402,verified,1
storage,storage/allocation/zero_fill,4,35.8060,allocation_ms,15.380459
storage,storage/allocation/zero_fill,4,35.8060,cpu_ms,17.405000000000115
storage,storage/allocation/zero_fill,4,35.8060,cpu_percent,48.60917164721029
storage,storage/allocation/zero_fill,4,35.8060,process_peak_rss_bytes,299728896
storage,storage/allocation/zero_fill,4,35.8060,total,29.478125000000002
storage,storage/allocation/zero_fill,4,35.8060,verified,1
storage,storage/allocation/zero_fill,5,67.3437,allocation_ms,27.644499999999997
storage,storage/allocation/zero_fill,5,67.3437,cpu_ms,18.961000000000006
storage,storage/allocation/zero_fill,5,67.3437,cpu_percent,28.155580362969854
storage,storage/allocation/zero_fill,5,67.3437,process_peak_rss_bytes,299728896
storage,storage/allocation/zero_fill,5,67.3437,total,59.751125
storage,storage/allocation/zero_fill,5,67.3437,verified,1
storage,storage/allocation/zero_fill,6,37.0536,allocation_ms,16.332
storage,storage/allocation/zero_fill,6,37.0536,cpu_ms,18.993999999999733
storage,storage/allocation/zero_fill,6,37.0536,cpu_percent,51.26084155058981
storage,storage/allocation/zero_fill,6,37.0536,process_peak_rss_bytes,299728896
storage,storage/allocation/zero_fill,6,37.0536,total,30.355709
storage,storage/allocation/zero_fill,6,37.0536,verified,1
storage,storage/allocation/zero_fill,7,36.0910,allocation_ms,14.142958
storage,storage/allocation/zero_fill,7,36.0910,cpu_ms,20.199999999999996
storage,storage/allocation/zero_fill,7,36.0910,cpu_percent,55.96956718512034
storage,storage/allocation/zero_fill,7,36.0910,process_peak_rss_bytes,299745280
storage,storage/allocation/zero_fill,7,36.0910,total,28.496541999999998
storage,storage/allocation/zero_fill,7,36.0910,verified,1
storage,storage/allocation/zero_fill,8,38.9713,allocation_ms,11.906666
storage,storage/allocation/zero_fill,8,38.9713,cpu_ms,27.531000000000194
storage,storage/allocation/zero_fill,8,38.9713,cpu_percent,70.64430914941234
storage,storage/allocation/zero_fill,8,38.9713,process_peak_rss_bytes,299745280
storage,storage/allocation/zero_fill,8,38.9713,total,27.250542
storage,storage/allocation/zero_fill,8,38.9713,verified,1
storage,storage/allocation/zero_fill,9,37.0006,allocation_ms,15.054375
storage,storage/allocation/zero_fill,9,37.0006,cpu_ms,20.87600000000034
storage,storage/allocation/zero_fill,9,37.0006,cpu_percent,56.420668569788596
storage,storage/allocation/zero_fill,9,37.0006,process_peak_rss_bytes,299745280
storage,storage/allocation/zero_fill,9,37.0006,total,30.189042
storage,storage/allocation/zero_fill,9,37.0006,verified,1
storage,storage/allocation/logical_length,0,23.1295,allocation_ms,2.3617500000000002
storage,storage/allocation/logical_length,0,23.1295,cpu_ms,13.148999999999855
storage,storage/allocation/logical_length,0,23.1295,cpu_percent,56.84958117047038
storage,storage/allocation/logical_length,0,23.1295,process_peak_rss_bytes,299745280
storage,storage/allocation/logical_length,0,23.1295,total,16.373167000000002
storage,storage/allocation/logical_length,0,23.1295,verified,1
storage,storage/allocation/logical_length,1,23.9667,allocation_ms,3.909542
storage,storage/allocation/logical_length,1,23.9667,cpu_ms,13.186999999999838
storage,storage/allocation/logical_length,1,23.9667,cpu_percent,55.022061814805255
storage,storage/allocation/logical_length,1,23.9667,process_peak_rss_bytes,299745280
storage,storage/allocation/logical_length,1,23.9667,total,17.089916
storage,storage/allocation/logical_length,1,23.9667,verified,1
storage,storage/allocation/logical_length,2,24.1038,allocation_ms,4.181292
storage,storage/allocation/logical_length,2,24.1038,cpu_ms,13.63100000000017
storage,storage/allocation/logical_length,2,24.1038,cpu_percent,56.551366488617624
storage,storage/allocation/logical_length,2,24.1038,process_peak_rss_bytes,299745280
storage,storage/allocation/logical_length,2,24.1038,total,17.170749999999998
storage,storage/allocation/logical_length,2,24.1038,verified,1
storage,storage/allocation/logical_length,3,25.5401,allocation_ms,3.888791
storage,storage/allocation/logical_length,3,25.5401,cpu_ms,13.894999999999769
storage,storage/allocation/logical_length,3,25.5401,cpu_percent,54.40467832465449
storage,storage/allocation/logical_length,3,25.5401,process_peak_rss_bytes,299745280
storage,storage/allocation/logical_length,3,25.5401,total,18.039709000000002
storage,storage/allocation/logical_length,3,25.5401,verified,1
storage,storage/allocation/logical_length,4,24.9252,allocation_ms,3.5256250000000002
storage,storage/allocation/logical_length,4,24.9252,cpu_ms,14.24700000000012
storage,storage/allocation/logical_length,4,24.9252,cpu_percent,57.15890512632821
storage,storage/allocation/logical_length,4,24.9252,process_peak_rss_bytes,299745280
storage,storage/allocation/logical_length,4,24.9252,total,17.504292
storage,storage/allocation/logical_length,4,24.9252,verified,1
storage,storage/allocation/logical_length,5,30.5070,allocation_ms,3.523292
storage,storage/allocation/logical_length,5,30.5070,cpu_ms,15.08699999999985
storage,storage/allocation/logical_length,5,30.5070,cpu_percent,49.45429008509124
storage,storage/allocation/logical_length,5,30.5070,process_peak_rss_bytes,299745280
storage,storage/allocation/logical_length,5,30.5070,total,22.505625000000002
storage,storage/allocation/logical_length,5,30.5070,verified,1
storage,storage/allocation/logical_length,6,28.7386,allocation_ms,3.9165830000000006
storage,storage/allocation/logical_length,6,28.7386,cpu_ms,15.454000000000079
storage,storage/allocation/logical_length,6,28.7386,cpu_percent,53.774397993109396
storage,storage/allocation/logical_length,6,28.7386,process_peak_rss_bytes,299745280
storage,storage/allocation/logical_length,6,28.7386,total,20.992667
storage,storage/allocation/logical_length,6,28.7386,verified,1
storage,storage/allocation/logical_length,7,26.2714,allocation_ms,4.111583
storage,storage/allocation/logical_length,7,26.2714,cpu_ms,15.219000000000094
storage,storage/allocation/logical_length,7,26.2714,cpu_percent,57.92987869668429
storage,storage/allocation/logical_length,7,26.2714,process_peak_rss_bytes,299745280
storage,storage/allocation/logical_length,7,26.2714,total,18.425708
storage,storage/allocation/logical_length,7,26.2714,verified,1
storage,storage/allocation/logical_length,8,25.0678,allocation_ms,3.8769590000000003
storage,storage/allocation/logical_length,8,25.0678,cpu_ms,14.700999999999631
storage,storage/allocation/logical_length,8,25.0678,cpu_percent,58.644973597992326
storage,storage/allocation/logical_length,8,25.0678,process_peak_rss_bytes,299745280
storage,storage/allocation/logical_length,8,25.0678,total,18.010082999999998
storage,storage/allocation/logical_length,8,25.0678,verified,1
storage,storage/allocation/logical_length,9,25.9640,allocation_ms,3.799083
storage,storage/allocation/logical_length,9,25.9640,cpu_ms,15.31899999999986
storage,storage/allocation/logical_length,9,25.9640,cpu_percent,59.00082891562054
storage,storage/allocation/logical_length,9,25.9640,process_peak_rss_bytes,299745280
storage,storage/allocation/logical_length,9,25.9640,total,18.121708
storage,storage/allocation/logical_length,9,25.9640,verified,1
client,client/distinct_connect_timeouts/2,0,6.9541,cache_entries,1
client,client/distinct_connect_timeouts/2,0,6.9541,cpu_ms,0.26099999999962264
client,client/distinct_connect_timeouts/2,0,6.9541,cpu_percent,3.7531907513848
client,client/distinct_connect_timeouts/2,0,6.9541,driver_threads,1
client,client/distinct_connect_timeouts/2,0,6.9541,driver_threads_after_drop,0
client,client/distinct_connect_timeouts/2,0,6.9541,process_peak_rss_bytes,299794432
client,client/distinct_connect_timeouts/2,0,6.9541,residual_released,1
client,client/distinct_connect_timeouts/2,0,6.9541,total,0.16349999999999998
client,client/distinct_connect_timeouts/2,1,6.8691,cache_entries,1
client,client/distinct_connect_timeouts/2,1,6.8691,cpu_ms,0.14200000000030855
client,client/distinct_connect_timeouts/2,1,6.8691,cpu_percent,2.0672334186087773
client,client/distinct_connect_timeouts/2,1,6.8691,driver_threads,1
client,client/distinct_connect_timeouts/2,1,6.8691,driver_threads_after_drop,0
client,client/distinct_connect_timeouts/2,1,6.8691,process_peak_rss_bytes,299794432
client,client/distinct_connect_timeouts/2,1,6.8691,residual_released,1
client,client/distinct_connect_timeouts/2,1,6.8691,total,0.08875
client,client/distinct_connect_timeouts/2,2,6.8865,cache_entries,1
client,client/distinct_connect_timeouts/2,2,6.8865,cpu_ms,0.15900000000002024
client,client/distinct_connect_timeouts/2,2,6.8865,cpu_percent,2.308879252585585
client,client/distinct_connect_timeouts/2,2,6.8865,driver_threads,1
client,client/distinct_connect_timeouts/2,2,6.8865,driver_threads_after_drop,0
client,client/distinct_connect_timeouts/2,2,6.8865,process_peak_rss_bytes,299794432
client,client/distinct_connect_timeouts/2,2,6.8865,residual_released,1
client,client/distinct_connect_timeouts/2,2,6.8865,total,0.085459
client,client/distinct_connect_timeouts/2,3,6.9345,cache_entries,1
client,client/distinct_connect_timeouts/2,3,6.9345,cpu_ms,0.20600000000037255
client,client/distinct_connect_timeouts/2,3,6.9345,cpu_percent,2.9706359843284895
client,client/distinct_connect_timeouts/2,3,6.9345,driver_threads,1
client,client/distinct_connect_timeouts/2,3,6.9345,driver_threads_after_drop,0
client,client/distinct_connect_timeouts/2,3,6.9345,process_peak_rss_bytes,299794432
client,client/distinct_connect_timeouts/2,3,6.9345,residual_released,1
client,client/distinct_connect_timeouts/2,3,6.9345,total,0.148166
client,client/distinct_connect_timeouts/2,4,5.8606,cache_entries,1
client,client/distinct_connect_timeouts/2,4,5.8606,cpu_ms,0.2089999999999037
client,client/distinct_connect_timeouts/2,4,5.8606,cpu_percent,3.566197498404659
client,client/distinct_connect_timeouts/2,4,5.8606,driver_threads,1
client,client/distinct_connect_timeouts/2,4,5.8606,driver_threads_after_drop,0
client,client/distinct_connect_timeouts/2,4,5.8606,process_peak_rss_bytes,299794432
client,client/distinct_connect_timeouts/2,4,5.8606,residual_released,1
client,client/distinct_connect_timeouts/2,4,5.8606,total,0.18375
client,client/distinct_connect_timeouts/2,5,6.8953,cache_entries,1
client,client/distinct_connect_timeouts/2,5,6.8953,cpu_ms,0.16499999999997073
client,client/distinct_connect_timeouts/2,5,6.8953,cpu_percent,2.3929228653637282
client,client/distinct_connect_timeouts/2,5,6.8953,driver_threads,1
client,client/distinct_connect_timeouts/2,5,6.8953,driver_threads_after_drop,0
client,client/distinct_connect_timeouts/2,5,6.8953,process_peak_rss_bytes,299794432
client,client/distinct_connect_timeouts/2,5,6.8953,residual_released,1
client,client/distinct_connect_timeouts/2,5,6.8953,total,0.108416
client,client/distinct_connect_timeouts/2,6,6.8929,cache_entries,1
client,client/distinct_connect_timeouts/2,6,6.8929,cpu_ms,0.15900000000002024
client,client/distinct_connect_timeouts/2,6,6.8929,cpu_percent,2.3067297753117564
client,client/distinct_connect_timeouts/2,6,6.8929,driver_threads,1
client,client/distinct_connect_timeouts/2,6,6.8929,driver_threads_after_drop,0
client,client/distinct_connect_timeouts/2,6,6.8929,process_peak_rss_bytes,299794432
client,client/distinct_connect_timeouts/2,6,6.8929,residual_released,1
client,client/distinct_connect_timeouts/2,6,6.8929,total,0.113917
client,client/distinct_connect_timeouts/2,7,6.8745,cache_entries,1
client,client/distinct_connect_timeouts/2,7,6.8745,cpu_ms,0.140000000000029
client,client/distinct_connect_timeouts/2,7,6.8745,cpu_percent,2.036499304244981
client,client/distinct_connect_timeouts/2,7,6.8745,driver_threads,1
client,client/distinct_connect_timeouts/2,7,6.8745,driver_threads_after_drop,0
client,client/distinct_connect_timeouts/2,7,6.8745,process_peak_rss_bytes,299794432
client,client/distinct_connect_timeouts/2,7,6.8745,residual_released,1
client,client/distinct_connect_timeouts/2,7,6.8745,total,0.088667
client,client/distinct_connect_timeouts/2,8,6.8893,cache_entries,1
client,client/distinct_connect_timeouts/2,8,6.8893,cpu_ms,0.15800000000032455
client,client/distinct_connect_timeouts/2,8,6.8893,cpu_percent,2.293428167076598
client,client/distinct_connect_timeouts/2,8,6.8893,driver_threads,1
client,client/distinct_connect_timeouts/2,8,6.8893,driver_threads_after_drop,0
client,client/distinct_connect_timeouts/2,8,6.8893,process_peak_rss_bytes,299794432
client,client/distinct_connect_timeouts/2,8,6.8893,residual_released,1
client,client/distinct_connect_timeouts/2,8,6.8893,total,0.111125
client,client/distinct_connect_timeouts/2,9,6.1531,cache_entries,1
client,client/distinct_connect_timeouts/2,9,6.1531,cpu_ms,0.1390000000003333
client,client/distinct_connect_timeouts/2,9,6.1531,cpu_percent,2.259014728293888
client,client/distinct_connect_timeouts/2,9,6.1531,driver_threads,1
client,client/distinct_connect_timeouts/2,9,6.1531,driver_threads_after_drop,0
client,client/distinct_connect_timeouts/2,9,6.1531,process_peak_rss_bytes,299810816
client,client/distinct_connect_timeouts/2,9,6.1531,residual_released,1
client,client/distinct_connect_timeouts/2,9,6.1531,total,0.082625
client,client/distinct_connect_timeouts/8,0,6.9431,cache_entries,1
client,client/distinct_connect_timeouts/8,0,6.9431,cpu_ms,0.21199999999987895
client,client/distinct_connect_timeouts/8,0,6.9431,cpu_percent,3.05338014222528
client,client/distinct_connect_timeouts/8,0,6.9431,driver_threads,1
client,client/distinct_connect_timeouts/8,0,6.9431,driver_threads_after_drop,0
client,client/distinct_connect_timeouts/8,0,6.9431,process_peak_rss_bytes,299810816
client,client/distinct_connect_timeouts/8,0,6.9431,residual_released,1
client,client/distinct_connect_timeouts/8,0,6.9431,total,0.146041
client,client/distinct_connect_timeouts/8,1,6.9469,cache_entries,1
client,client/distinct_connect_timeouts/8,1,6.9469,cpu_ms,0.18099999999998673
client,client/distinct_connect_timeouts/8,1,6.9469,cpu_percent,2.6054880791720985
client,client/distinct_connect_timeouts/8,1,6.9469,driver_threads,1
client,client/distinct_connect_timeouts/8,1,6.9469,driver_threads_after_drop,0
client,client/distinct_connect_timeouts/8,1,6.9469,process_peak_rss_bytes,299810816
client,client/distinct_connect_timeouts/8,1,6.9469,residual_released,1
client,client/distinct_connect_timeouts/8,1,6.9469,total,0.17191700000000001
client,client/distinct_connect_timeouts/8,2,6.8818,cache_entries,1
client,client/distinct_connect_timeouts/8,2,6.8818,cpu_ms,0.1509999999997902
client,client/distinct_connect_timeouts/8,2,6.8818,cpu_percent,2.194209321753772
client,client/distinct_connect_timeouts/8,2,6.8818,driver_threads,1
client,client/distinct_connect_timeouts/8,2,6.8818,driver_threads_after_drop,0
client,client/distinct_connect_timeouts/8,2,6.8818,process_peak_rss_bytes,299810816
client,client/distinct_connect_timeouts/8,2,6.8818,residual_released,1
client,client/distinct_connect_timeouts/8,2,6.8818,total,0.101084
client,client/distinct_connect_timeouts/8,3,6.8754,cache_entries,1
client,client/distinct_connect_timeouts/8,3,6.8754,cpu_ms,0.14200000000030855
client,client/distinct_connect_timeouts/8,3,6.8754,cpu_percent,2.065341890446827
client,client/distinct_connect_timeouts/8,3,6.8754,driver_threads,1
client,client/distinct_connect_timeouts/8,3,6.8754,driver_threads_after_drop,0
client,client/distinct_connect_timeouts/8,3,6.8754,process_peak_rss_bytes,299810816
client,client/distinct_connect_timeouts/8,3,6.8754,residual_released,1
client,client/distinct_connect_timeouts/8,3,6.8754,total,0.09816699999999999
client,client/distinct_connect_timeouts/8,4,6.8998,cache_entries,1
client,client/distinct_connect_timeouts/8,4,6.8998,cpu_ms,0.1500000000000945
client,client/distinct_connect_timeouts/8,4,6.8998,cpu_percent,2.1739918112988805
client,client/distinct_connect_timeouts/8,4,6.8998,driver_threads,1
client,client/distinct_connect_timeouts/8,4,6.8998,driver_threads_after_drop,0
client,client/distinct_connect_timeouts/8,4,6.8998,process_peak_rss_bytes,299810816
client,client/distinct_connect_timeouts/8,4,6.8998,residual_released,1
client,client/distinct_connect_timeouts/8,4,6.8998,total,0.084583
client,client/distinct_connect_timeouts/8,5,6.9074,cache_entries,1
client,client/distinct_connect_timeouts/8,5,6.9074,cpu_ms,0.17800000000001148
client,client/distinct_connect_timeouts/8,5,6.9074,cpu_percent,2.576955790007224
client,client/distinct_connect_timeouts/8,5,6.9074,driver_threads,1
client,client/distinct_connect_timeouts/8,5,6.9074,driver_threads_after_drop,0
client,client/distinct_connect_timeouts/8,5,6.9074,process_peak_rss_bytes,299810816
client,client/distinct_connect_timeouts/8,5,6.9074,residual_released,1
client,client/distinct_connect_timeouts/8,5,6.9074,total,0.123333
client,client/distinct_connect_timeouts/8,6,6.8647,cache_entries,1
client,client/distinct_connect_timeouts/8,6,6.8647,cpu_ms,0.13700000000005375
client,client/distinct_connect_timeouts/8,6,6.8647,cpu_percent,1.9957026840023853
client,client/distinct_connect_timeouts/8,6,6.8647,driver_threads,1
client,client/distinct_connect_timeouts/8,6,6.8647,driver_threads_after_drop,0
client,client/distinct_connect_timeouts/8,6,6.8647,process_peak_rss_bytes,299810816
client,client/distinct_connect_timeouts/8,6,6.8647,residual_released,1
client,client/distinct_connect_timeouts/8,6,6.8647,total,0.092917
client,client/distinct_connect_timeouts/8,7,6.8545,cache_entries,1
client,client/distinct_connect_timeouts/8,7,6.8545,cpu_ms,0.12400000000001299
client,client/distinct_connect_timeouts/8,7,6.8545,cpu_percent,1.8090197432623571
client,client/distinct_connect_timeouts/8,7,6.8545,driver_threads,1
client,client/distinct_connect_timeouts/8,7,6.8545,driver_threads_after_drop,0
client,client/distinct_connect_timeouts/8,7,6.8545,process_peak_rss_bytes,299810816
client,client/distinct_connect_timeouts/8,7,6.8545,residual_released,1
client,client/distinct_connect_timeouts/8,7,6.8545,total,0.077875
client,client/distinct_connect_timeouts/8,8,6.6102,cache_entries,1
client,client/distinct_connect_timeouts/8,8,6.6102,cpu_ms,0.19999999999997797
client,client/distinct_connect_timeouts/8,8,6.6102,cpu_percent,3.025604175333429
client,client/distinct_connect_timeouts/8,8,6.6102,driver_threads,1
client,client/distinct_connect_timeouts/8,8,6.6102,driver_threads_after_drop,0
client,client/distinct_connect_timeouts/8,8,6.6102,process_peak_rss_bytes,299810816
client,client/distinct_connect_timeouts/8,8,6.6102,residual_released,1
client,client/distinct_connect_timeouts/8,8,6.6102,total,0.11770800000000001
client,client/distinct_connect_timeouts/8,9,7.1002,cache_entries,1
client,client/distinct_connect_timeouts/8,9,7.1002,cpu_ms,0.3929999999998657
client,client/distinct_connect_timeouts/8,9,7.1002,cpu_percent,5.5350491140522315
client,client/distinct_connect_timeouts/8,9,7.1002,driver_threads,1
client,client/distinct_connect_timeouts/8,9,7.1002,driver_threads_after_drop,0
client,client/distinct_connect_timeouts/8,9,7.1002,process_peak_rss_bytes,299810816
client,client/distinct_connect_timeouts/8,9,7.1002,residual_released,1
client,client/distinct_connect_timeouts/8,9,7.1002,total,0.29233299999999995
client,client/distinct_connect_timeouts/32,0,6.9225,cache_entries,1
client,client/distinct_connect_timeouts/32,0,6.9225,cpu_ms,0.19400000000002748
client,client/distinct_connect_timeouts/32,0,6.9225,cpu_percent,2.8024557602026365
client,client/distinct_connect_timeouts/32,0,6.9225,driver_threads,1
client,client/distinct_connect_timeouts/32,0,6.9225,driver_threads_after_drop,0
client,client/distinct_connect_timeouts/32,0,6.9225,process_peak_rss_bytes,299810816
client,client/distinct_connect_timeouts/32,0,6.9225,residual_released,1
client,client/distinct_connect_timeouts/32,0,6.9225,total,0.13470800000000002
client,client/distinct_connect_timeouts/32,1,6.9149,cache_entries,1
client,client/distinct_connect_timeouts/32,1,6.9149,cpu_ms,0.16400000000027504
client,client/distinct_connect_timeouts/32,1,6.9149,cpu_percent,2.371684630735573
client,client/distinct_connect_timeouts/32,1,6.9149,driver_threads,1
client,client/distinct_connect_timeouts/32,1,6.9149,driver_threads_after_drop,0
client,client/distinct_connect_timeouts/32,1,6.9149,process_peak_rss_bytes,299810816
client,client/distinct_connect_timeouts/32,1,6.9149,residual_released,1
client,client/distinct_connect_timeouts/32,1,6.9149,total,0.104625
client,client/distinct_connect_timeouts/32,2,6.9361,cache_entries,1
client,client/distinct_connect_timeouts/32,2,6.9361,cpu_ms,0.22700000000019926
client,client/distinct_connect_timeouts/32,2,6.9361,cpu_percent,3.2727207194247403
client,client/distinct_connect_timeouts/32,2,6.9361,driver_threads,1
client,client/distinct_connect_timeouts/32,2,6.9361,driver_threads_after_drop,0
client,client/distinct_connect_timeouts/32,2,6.9361,process_peak_rss_bytes,299810816
client,client/distinct_connect_timeouts/32,2,6.9361,residual_released,1
client,client/distinct_connect_timeouts/32,2,6.9361,total,0.141292
client,client/distinct_connect_timeouts/32,3,5.8043,cache_entries,1
client,client/distinct_connect_timeouts/32,3,5.8043,cpu_ms,0.20200000000025753
client,client/distinct_connect_timeouts/32,3,5.8043,cpu_percent,3.4802084679374166
client,client/distinct_connect_timeouts/32,3,5.8043,driver_threads,1
client,client/distinct_connect_timeouts/32,3,5.8043,driver_threads_after_drop,0
client,client/distinct_connect_timeouts/32,3,5.8043,process_peak_rss_bytes,299810816
client,client/distinct_connect_timeouts/32,3,5.8043,residual_released,1
client,client/distinct_connect_timeouts/32,3,5.8043,total,0.136667
client,client/distinct_connect_timeouts/32,4,6.9302,cache_entries,1
client,client/distinct_connect_timeouts/32,4,6.9302,cpu_ms,0.204000000000093
client,client/distinct_connect_timeouts/32,4,6.9302,cpu_percent,2.9436345922098295
client,client/distinct_connect_timeouts/32,4,6.9302,driver_threads,1
client,client/distinct_connect_timeouts/32,4,6.9302,driver_threads_after_drop,0
client,client/distinct_connect_timeouts/32,4,6.9302,process_peak_rss_bytes,299810816
client,client/distinct_connect_timeouts/32,4,6.9302,residual_released,1
client,client/distinct_connect_timeouts/32,4,6.9302,total,0.143709
client,client/distinct_connect_timeouts/32,5,6.9073,cache_entries,1
client,client/distinct_connect_timeouts/32,5,6.9073,cpu_ms,0.17999999999984695
client,client/distinct_connect_timeouts/32,5,6.9073,cpu_percent,2.6059416628086223
client,client/distinct_connect_timeouts/32,5,6.9073,driver_threads,1
client,client/distinct_connect_timeouts/32,5,6.9073,driver_threads_after_drop,0
client,client/distinct_connect_timeouts/32,5,6.9073,process_peak_rss_bytes,299810816
client,client/distinct_connect_timeouts/32,5,6.9073,residual_released,1
client,client/distinct_connect_timeouts/32,5,6.9073,total,0.12108300000000001
client,client/distinct_connect_timeouts/32,6,6.9668,cache_entries,1
client,client/distinct_connect_timeouts/32,6,6.9668,cpu_ms,0.17800000000001148
client,client/distinct_connect_timeouts/32,6,6.9668,cpu_percent,2.554978325028144
client,client/distinct_connect_timeouts/32,6,6.9668,driver_threads,1
client,client/distinct_connect_timeouts/32,6,6.9668,driver_threads_after_drop,0
client,client/distinct_connect_timeouts/32,6,6.9668,process_peak_rss_bytes,299810816
client,client/distinct_connect_timeouts/32,6,6.9668,residual_released,1
client,client/distinct_connect_timeouts/32,6,6.9668,total,0.18025
client,client/distinct_connect_timeouts/32,7,6.9108,cache_entries,1
client,client/distinct_connect_timeouts/32,7,6.9108,cpu_ms,0.18599999999979744
client,client/distinct_connect_timeouts/32,7,6.9108,cpu_percent,2.6914426016554605
client,client/distinct_connect_timeouts/32,7,6.9108,driver_threads,1
client,client/distinct_connect_timeouts/32,7,6.9108,driver_threads_after_drop,0
client,client/distinct_connect_timeouts/32,7,6.9108,process_peak_rss_bytes,299810816
client,client/distinct_connect_timeouts/32,7,6.9108,residual_released,1
client,client/distinct_connect_timeouts/32,7,6.9108,total,0.128208
client,client/distinct_connect_timeouts/32,8,6.8891,cache_entries,1
client,client/distinct_connect_timeouts/32,8,6.8891,cpu_ms,0.15800000000032455
client,client/distinct_connect_timeouts/32,8,6.8891,cpu_percent,2.293469780274339
client,client/distinct_connect_timeouts/32,8,6.8891,driver_threads,1
client,client/distinct_connect_timeouts/32,8,6.8891,driver_threads_after_drop,0
client,client/distinct_connect_timeouts/32,8,6.8891,process_peak_rss_bytes,299810816
client,client/distinct_connect_timeouts/32,8,6.8891,residual_released,1
client,client/distinct_connect_timeouts/32,8,6.8891,total,0.109917
client,client/distinct_connect_timeouts/32,9,7.0115,cache_entries,1
client,client/distinct_connect_timeouts/32,9,7.0115,cpu_ms,0.23299999999970566
client,client/distinct_connect_timeouts/32,9,7.0115,cpu_percent,3.3230921243815645
client,client/distinct_connect_timeouts/32,9,7.0115,driver_threads,1
client,client/distinct_connect_timeouts/32,9,7.0115,driver_threads_after_drop,0
client,client/distinct_connect_timeouts/32,9,7.0115,process_peak_rss_bytes,299810816
client,client/distinct_connect_timeouts/32,9,7.0115,residual_released,1
client,client/distinct_connect_timeouts/32,9,7.0115,total,0.226959
client,client/reuse_same_config,0,6.8971,cache_entries,1
client,client/reuse_same_config,0,6.8971,cpu_ms,0.17900000000015126
client,client/reuse_same_config,0,6.8971,cpu_percent,2.595284266997499
client,client/reuse_same_config,0,6.8971,driver_threads,1
client,client/reuse_same_config,0,6.8971,driver_threads_after_drop,0
client,client/reuse_same_config,0,6.8971,process_peak_rss_bytes,299810816
client,client/reuse_same_config,0,6.8971,residual_released,1
client,client/reuse_same_config,0,6.8971,total,0.11816600000000001
client,client/reuse_same_config,1,6.3271,cache_entries,1
client,client/reuse_same_config,1,6.3271,cpu_ms,0.15799999999988046
client,client/reuse_same_config,1,6.3271,cpu_percent,2.497184740302751
client,client/reuse_same_config,1,6.3271,driver_threads,1
client,client/reuse_same_config,1,6.3271,driver_threads_after_drop,0
client,client/reuse_same_config,1,6.3271,process_peak_rss_bytes,299810816
client,client/reuse_same_config,1,6.3271,residual_released,1
client,client/reuse_same_config,1,6.3271,total,0.09562499999999999
client,client/reuse_same_config,2,6.9185,cache_entries,1
client,client/reuse_same_config,2,6.9185,cpu_ms,0.20499999999978868
client,client/reuse_same_config,2,6.9185,cpu_percent,2.963087589299708
client,client/reuse_same_config,2,6.9185,driver_threads,1
client,client/reuse_same_config,2,6.9185,driver_threads_after_drop,0
client,client/reuse_same_config,2,6.9185,process_peak_rss_bytes,299810816
client,client/reuse_same_config,2,6.9185,residual_released,1
client,client/reuse_same_config,2,6.9185,total,0.129792
client,client/reuse_same_config,3,6.9330,cache_entries,1
client,client/reuse_same_config,3,6.9330,cpu_ms,0.23499999999998522
client,client/reuse_same_config,3,6.9330,cpu_percent,3.3896065719709423
client,client/reuse_same_config,3,6.9330,driver_threads,1
client,client/reuse_same_config,3,6.9330,driver_threads_after_drop,0
client,client/reuse_same_config,3,6.9330,process_peak_rss_bytes,299810816
client,client/reuse_same_config,3,6.9330,residual_released,1
client,client/reuse_same_config,3,6.9330,total,0.13483399999999998
client,client/reuse_same_config,4,6.9606,cache_entries,1
client,client/reuse_same_config,4,6.9606,cpu_ms,0.2460000000001905
client,client/reuse_same_config,4,6.9606,cpu_percent,3.534165394633248
client,client/reuse_same_config,4,6.9606,driver_threads,1
client,client/reuse_same_config,4,6.9606,driver_threads_after_drop,0
client,client/reuse_same_config,4,6.9606,process_peak_rss_bytes,299810816
client,client/reuse_same_config,4,6.9606,residual_released,1
client,client/reuse_same_config,4,6.9606,total,0.171792
client,client/reuse_same_config,5,6.9482,cache_entries,1
client,client/reuse_same_config,5,6.9482,cpu_ms,0.22699999999975518
client,client/reuse_same_config,5,6.9482,cpu_percent,3.267028956667181
client,client/reuse_same_config,5,6.9482,driver_threads,1
client,client/reuse_same_config,5,6.9482,driver_threads_after_drop,0
client,client/reuse_same_config,5,6.9482,process_peak_rss_bytes,299810816
client,client/reuse_same_config,5,6.9482,residual_released,1
client,client/reuse_same_config,5,6.9482,total,0.163583
client,client/reuse_same_config,6,6.9294,cache_entries,1
client,client/reuse_same_config,6,6.9294,cpu_ms,0.21500000000029829
client,client/reuse_same_config,6,6.9294,cpu_percent,3.102732930463401
client,client/reuse_same_config,6,6.9294,driver_threads,1
client,client/reuse_same_config,6,6.9294,driver_threads_after_drop,0
client,client/reuse_same_config,6,6.9294,process_peak_rss_bytes,299810816
client,client/reuse_same_config,6,6.9294,residual_released,1
client,client/reuse_same_config,6,6.9294,total,0.1325
client,client/reuse_same_config,7,6.9889,cache_entries,1
client,client/reuse_same_config,7,6.9889,cpu_ms,0.2729999999999677
client,client/reuse_same_config,7,6.9889,cpu_percent,3.9062080806992214
client,client/reuse_same_config,7,6.9889,driver_threads,1
client,client/reuse_same_config,7,6.9889,driver_threads_after_drop,0
client,client/reuse_same_config,7,6.9889,process_peak_rss_bytes,299810816
client,client/reuse_same_config,7,6.9889,residual_released,1
client,client/reuse_same_config,7,6.9889,total,0.20350000000000001
client,client/reuse_same_config,8,6.9406,cache_entries,1
client,client/reuse_same_config,8,6.9406,cpu_ms,0.22799999999989495
client,client/reuse_same_config,8,6.9406,cpu_percent,3.2850067537130294
client,client/reuse_same_config,8,6.9406,driver_threads,1
client,client/reuse_same_config,8,6.9406,driver_threads_after_drop,0
client,client/reuse_same_config,8,6.9406,process_peak_rss_bytes,299810816
client,client/reuse_same_config,8,6.9406,residual_released,1
client,client/reuse_same_config,8,6.9406,total,0.14100000000000001
client,client/reuse_same_config,9,6.9425,cache_entries,1
client,client/reuse_same_config,9,6.9425,cpu_ms,0.22099999999980469
client,client/reuse_same_config,9,6.9425,cpu_percent,3.1832913215672263
client,client/reuse_same_config,9,6.9425,driver_threads,1
client,client/reuse_same_config,9,6.9425,driver_threads_after_drop,0
client,client/reuse_same_config,9,6.9425,process_peak_rss_bytes,299810816
client,client/reuse_same_config,9,6.9425,residual_released,1
client,client/reuse_same_config,9,6.9425,total,0.15287499999999998
client,client/queue_with_one_permit,0,186.1140,admitted_before_release,1
client,client/queue_with_one_permit,0,186.1140,cpu_ms,6.306000000000367
client,client/queue_with_one_permit,0,186.1140,cpu_percent,3.3882466784142906
client,client/queue_with_one_permit,0,186.1140,process_peak_rss_bytes,299810816
client,client/queue_with_one_permit,0,186.1140,queue_ms,162.035
client,client/queue_with_one_permit,0,186.1140,queue_waits,2
client,client/queue_with_one_permit,0,186.1140,residual_released,1
client,client/queue_with_one_permit,0,186.1140,total,178.22437499999998
client,client/queue_with_one_permit,0,186.1140,verified,1
client,client/queue_with_one_permit,1,179.3048,admitted_before_release,1
client,client/queue_with_one_permit,1,179.3048,cpu_ms,6.73199999999996
client,client/queue_with_one_permit,1,179.3048,cpu_percent,3.7545017630597965
client,client/queue_with_one_permit,1,179.3048,process_peak_rss_bytes,299810816
client,client/queue_with_one_permit,1,179.3048,queue_ms,155.836
client,client/queue_with_one_permit,1,179.3048,queue_waits,2
client,client/queue_with_one_permit,1,179.3048,residual_released,1
client,client/queue_with_one_permit,1,179.3048,total,170.96758400000002
client,client/queue_with_one_permit,1,179.3048,verified,1
client,client/queue_with_one_permit,2,182.5028,admitted_before_release,1
client,client/queue_with_one_permit,2,182.5028,cpu_ms,7.265999999999995
client,client/queue_with_one_permit,2,182.5028,cpu_percent,3.9813089544405407
client,client/queue_with_one_permit,2,182.5028,process_peak_rss_bytes,299810816
client,client/queue_with_one_permit,2,182.5028,queue_ms,156.225
client,client/queue_with_one_permit,2,182.5028,queue_waits,2
client,client/queue_with_one_permit,2,182.5028,residual_released,1
client,client/queue_with_one_permit,2,182.5028,total,173.881959
client,client/queue_with_one_permit,2,182.5028,verified,1
client,client/queue_with_one_permit,3,180.0878,admitted_before_release,1
client,client/queue_with_one_permit,3,180.0878,cpu_ms,8.382000000000112
client,client/queue_with_one_permit,3,180.0878,cpu_percent,4.654396588161888
client,client/queue_with_one_permit,3,180.0878,process_peak_rss_bytes,299810816
client,client/queue_with_one_permit,3,180.0878,queue_ms,158.191
client,client/queue_with_one_permit,3,180.0878,queue_waits,2
client,client/queue_with_one_permit,3,180.0878,residual_released,1
client,client/queue_with_one_permit,3,180.0878,total,172.882542
client,client/queue_with_one_permit,3,180.0878,verified,1
client,client/queue_with_one_permit,4,183.4774,admitted_before_release,1
client,client/queue_with_one_permit,4,183.4774,cpu_ms,11.050000000000004
client,client/queue_with_one_permit,4,183.4774,cpu_percent,6.022540926367627
client,client/queue_with_one_permit,4,183.4774,process_peak_rss_bytes,299810816
client,client/queue_with_one_permit,4,183.4774,queue_ms,159.903
client,client/queue_with_one_permit,4,183.4774,queue_waits,2
client,client/queue_with_one_permit,4,183.4774,residual_released,1
client,client/queue_with_one_permit,4,183.4774,total,175.843042
client,client/queue_with_one_permit,4,183.4774,verified,1
client,client/queue_with_one_permit,5,179.0141,admitted_before_release,1
client,client/queue_with_one_permit,5,179.0141,cpu_ms,4.915000000000003
client,client/queue_with_one_permit,5,179.0141,cpu_percent,2.74559339940354
client,client/queue_with_one_permit,5,179.0141,process_peak_rss_bytes,299810816
client,client/queue_with_one_permit,5,179.0141,queue_ms,155.897
client,client/queue_with_one_permit,5,179.0141,queue_waits,2
client,client/queue_with_one_permit,5,179.0141,residual_released,1
client,client/queue_with_one_permit,5,179.0141,total,171.524958
client,client/queue_with_one_permit,5,179.0141,verified,1
client,client/queue_with_one_permit,6,204.9792,admitted_before_release,1
client,client/queue_with_one_permit,6,204.9792,cpu_ms,4.065999999999903
client,client/queue_with_one_permit,6,204.9792,cpu_percent,1.9836162179349197
client,client/queue_with_one_permit,6,204.9792,process_peak_rss_bytes,299810816
client,client/queue_with_one_permit,6,204.9792,queue_ms,182.737
client,client/queue_with_one_permit,6,204.9792,queue_waits,2
client,client/queue_with_one_permit,6,204.9792,residual_released,1
client,client/queue_with_one_permit,6,204.9792,total,197.608958
client,client/queue_with_one_permit,6,204.9792,verified,1
client,client/queue_with_one_permit,7,186.0702,admitted_before_release,1
client,client/queue_with_one_permit,7,186.0702,cpu_ms,3.074000000000243
client,client/queue_with_one_permit,7,186.0702,cpu_percent,1.6520642069327274
client,client/queue_with_one_permit,7,186.0702,process_peak_rss_bytes,299810816
client,client/queue_with_one_permit,7,186.0702,queue_ms,158.961
client,client/queue_with_one_permit,7,186.0702,queue_waits,2
client,client/queue_with_one_permit,7,186.0702,residual_released,1
client,client/queue_with_one_permit,7,186.0702,total,178.209792
client,client/queue_with_one_permit,7,186.0702,verified,1
client,client/queue_with_one_permit,8,179.0761,admitted_before_release,1
client,client/queue_with_one_permit,8,179.0761,cpu_ms,3.3119999999997596
client,client/queue_with_one_permit,8,179.0761,cpu_percent,1.8494927785598219
client,client/queue_with_one_permit,8,179.0761,process_peak_rss_bytes,299810816
client,client/queue_with_one_permit,8,179.0761,queue_ms,156.83
client,client/queue_with_one_permit,8,179.0761,queue_waits,2
client,client/queue_with_one_permit,8,179.0761,residual_released,1
client,client/queue_with_one_permit,8,179.0761,total,171.642042
client,client/queue_with_one_permit,8,179.0761,verified,1
client,client/queue_with_one_permit,9,181.3637,admitted_before_release,1
client,client/queue_with_one_permit,9,181.3637,cpu_ms,6.132000000000026
client,client/queue_with_one_permit,9,181.3637,cpu_percent,3.3810512774636887
client,client/queue_with_one_permit,9,181.3637,process_peak_rss_bytes,299810816
client,client/queue_with_one_permit,9,181.3637,queue_ms,155.877
client,client/queue_with_one_permit,9,181.3637,queue_waits,2
client,client/queue_with_one_permit,9,181.3637,residual_released,1
client,client/queue_with_one_permit,9,181.3637,total,172.44220800000002
client,client/queue_with_one_permit,9,181.3637,verified,1
client,client/connection_reuse_two_downloads,0,104.7055,connections,4
client,client/connection_reuse_two_downloads,0,104.7055,cpu_ms,67.35099999999994
client,client/connection_reuse_two_downloads,0,104.7055,cpu_percent,64.32419785382511
client,client/connection_reuse_two_downloads,0,104.7055,pools,1
client,client/connection_reuse_two_downloads,0,104.7055,process_peak_rss_bytes,299810816
client,client/connection_reuse_two_downloads,0,104.7055,residual_released,1
client,client/connection_reuse_two_downloads,0,104.7055,total,97.50425
client,client/connection_reuse_two_downloads,1,38.0340,connections,4
client,client/connection_reuse_two_downloads,1,38.0340,cpu_ms,37.87099999999999
client,client/connection_reuse_two_downloads,1,38.0340,cpu_percent,99.57143608350421
client,client/connection_reuse_two_downloads,1,38.0340,pools,1
client,client/connection_reuse_two_downloads,1,38.0340,process_peak_rss_bytes,299810816
client,client/connection_reuse_two_downloads,1,38.0340,residual_released,1
client,client/connection_reuse_two_downloads,1,38.0340,total,31.606291000000002
client,client/connection_reuse_two_downloads,2,36.9269,connections,4
client,client/connection_reuse_two_downloads,2,36.9269,cpu_ms,33.14400000000006
client,client/connection_reuse_two_downloads,2,36.9269,cpu_percent,89.75576731039402
client,client/connection_reuse_two_downloads,2,36.9269,pools,1
client,client/connection_reuse_two_downloads,2,36.9269,process_peak_rss_bytes,299810816
client,client/connection_reuse_two_downloads,2,36.9269,residual_released,1
client,client/connection_reuse_two_downloads,2,36.9269,total,29.62425
client,client/connection_reuse_two_downloads,3,39.3230,connections,4
client,client/connection_reuse_two_downloads,3,39.3230,cpu_ms,34.01999999999994
client,client/connection_reuse_two_downloads,3,39.3230,cpu_percent,86.5142537446277
client,client/connection_reuse_two_downloads,3,39.3230,pools,1
client,client/connection_reuse_two_downloads,3,39.3230,process_peak_rss_bytes,299810816
client,client/connection_reuse_two_downloads,3,39.3230,residual_released,1
client,client/connection_reuse_two_downloads,3,39.3230,total,32.165042
client,client/connection_reuse_two_downloads,4,39.2646,connections,4
client,client/connection_reuse_two_downloads,4,39.2646,cpu_ms,35.805000000000305
client,client/connection_reuse_two_downloads,4,39.2646,cpu_percent,91.18895188735486
client,client/connection_reuse_two_downloads,4,39.2646,pools,1
client,client/connection_reuse_two_downloads,4,39.2646,process_peak_rss_bytes,299810816
client,client/connection_reuse_two_downloads,4,39.2646,residual_released,1
client,client/connection_reuse_two_downloads,4,39.2646,total,33.240417
client,client/connection_reuse_two_downloads,5,36.6431,connections,4
client,client/connection_reuse_two_downloads,5,36.6431,cpu_ms,30.006999999999895
client,client/connection_reuse_two_downloads,5,36.6431,cpu_percent,81.88994135973897
client,client/connection_reuse_two_downloads,5,36.6431,pools,1
client,client/connection_reuse_two_downloads,5,36.6431,process_peak_rss_bytes,299810816
client,client/connection_reuse_two_downloads,5,36.6431,residual_released,1
client,client/connection_reuse_two_downloads,5,36.6431,total,29.675459
client,client/connection_reuse_two_downloads,6,39.5335,connections,4
client,client/connection_reuse_two_downloads,6,39.5335,cpu_ms,32.667
client,client/connection_reuse_two_downloads,6,39.5335,cpu_percent,82.6311862091644
client,client/connection_reuse_two_downloads,6,39.5335,pools,1
client,client/connection_reuse_two_downloads,6,39.5335,process_peak_rss_bytes,299810816
client,client/connection_reuse_two_downloads,6,39.5335,residual_released,1
client,client/connection_reuse_two_downloads,6,39.5335,total,32.403833
client,client/connection_reuse_two_downloads,7,36.0546,connections,4
client,client/connection_reuse_two_downloads,7,36.0546,cpu_ms,34.18100000000024
client,client/connection_reuse_two_downloads,7,36.0546,cpu_percent,94.80337127345032
client,client/connection_reuse_two_downloads,7,36.0546,pools,1
client,client/connection_reuse_two_downloads,7,36.0546,process_peak_rss_bytes,299810816
client,client/connection_reuse_two_downloads,7,36.0546,residual_released,1
client,client/connection_reuse_two_downloads,7,36.0546,total,28.953917
client,client/connection_reuse_two_downloads,8,39.2593,connections,4
client,client/connection_reuse_two_downloads,8,39.2593,cpu_ms,35.054999999999836
client,client/connection_reuse_two_downloads,8,39.2593,cpu_percent,89.29105879506062
client,client/connection_reuse_two_downloads,8,39.2593,pools,1
client,client/connection_reuse_two_downloads,8,39.2593,process_peak_rss_bytes,299810816
client,client/connection_reuse_two_downloads,8,39.2593,residual_released,1
client,client/connection_reuse_two_downloads,8,39.2593,total,32.114458
client,client/connection_reuse_two_downloads,9,37.4424,connections,4
client,client/connection_reuse_two_downloads,9,37.4424,cpu_ms,31.709999999999905
client,client/connection_reuse_two_downloads,9,37.4424,cpu_percent,84.69014051592589
client,client/connection_reuse_two_downloads,9,37.4424,pools,1
client,client/connection_reuse_two_downloads,9,37.4424,process_peak_rss_bytes,299810816
client,client/connection_reuse_two_downloads,9,37.4424,residual_released,1
client,client/connection_reuse_two_downloads,9,37.4424,total,30.278166
driver,driver/single_origin_split_download,0,16.5770,active,0
driver,driver/single_origin_split_download,0,16.5770,avg_block_bytes,1048576
driver,driver/single_origin_split_download,0,16.5770,body_reads,780
driver,driver/single_origin_split_download,0,16.5770,body_wait_ms,4.082
driver,driver/single_origin_split_download,0,16.5770,cache_copied_bytes,12582912
driver,driver/single_origin_split_download,0,16.5770,cache_evicted_bytes,12582912
driver,driver/single_origin_split_download,0,16.5770,cancelled,0
driver,driver/single_origin_split_download,0,16.5770,checksum_ms,0
driver,driver/single_origin_split_download,0,16.5770,commands,15
driver,driver/single_origin_split_download,0,16.5770,completed,4
driver,driver/single_origin_split_download,0,16.5770,connections,4
driver,driver/single_origin_split_download,0,16.5770,cpu_ms,14.676000000000133
driver,driver/single_origin_split_download,0,16.5770,cpu_percent,88.53230379441474
driver,driver/single_origin_split_download,0,16.5770,distinct_ranges,4
driver,driver/single_origin_split_download,0,16.5770,duplicate_bytes,0
driver,driver/single_origin_split_download,0,16.5770,failed,0
driver,driver/single_origin_split_download,0,16.5770,file_bytes,12582912
driver,driver/single_origin_split_download,0,16.5770,finalize,0.008749999999999147
driver,driver/single_origin_split_download,0,16.5770,fsync_calls,1
driver,driver/single_origin_split_download,0,16.5770,fsync_ms,6.329
driver,driver/single_origin_split_download,0,16.5770,loops,82
driver,driver/single_origin_split_download,0,16.5770,max_command_latency_ms,0.218
driver,driver/single_origin_split_download,0,16.5770,pauses,11
driver,driver/single_origin_split_download,0,16.5770,pools,1
driver,driver/single_origin_split_download,0,16.5770,prealloc_ms,3.502
driver,driver/single_origin_split_download,0,16.5770,process_peak_rss_bytes,299810816
driver,driver/single_origin_split_download,0,16.5770,report_span,0
driver,driver/single_origin_split_download,0,16.5770,requests,4
driver,driver/single_origin_split_download,0,16.5770,response_head_ms,1.485
driver,driver/single_origin_split_download,0,16.5770,response_heads,4
driver,driver/single_origin_split_download,0,16.5770,resumes,11
driver,driver/single_origin_split_download,0,16.5770,running_reports,1
driver,driver/single_origin_split_download,0,16.5770,served_bytes,12582912
driver,driver/single_origin_split_download,0,16.5770,submitted,4
driver,driver/single_origin_split_download,0,16.5770,to_first_report,13.96475
driver,driver/single_origin_split_download,0,16.5770,total,13.9735
driver,driver/single_origin_split_download,0,16.5770,unique_bytes,12582912
driver,driver/single_origin_split_download,0,16.5770,verified,1
driver,driver/single_origin_split_download,0,16.5770,writer_blocks,12
driver,driver/single_origin_split_download,0,16.5770,writer_bytes,12582912
driver,driver/single_origin_split_download,0,16.5770,writer_seeks,10
driver,driver/single_origin_split_download,1,15.7745,active,0
driver,driver/single_origin_split_download,1,15.7745,avg_block_bytes,1048576
driver,driver/single_origin_split_download,1,15.7745,body_reads,783
driver,driver/single_origin_split_download,1,15.7745,body_wait_ms,4.576
driver,driver/single_origin_split_download,1,15.7745,cache_copied_bytes,12582912
driver,driver/single_origin_split_download,1,15.7745,cache_evicted_bytes,12582912
driver,driver/single_origin_split_download,1,15.7745,cancelled,0
driver,driver/single_origin_split_download,1,15.7745,checksum_ms,0
driver,driver/single_origin_split_download,1,15.7745,commands,15
driver,driver/single_origin_split_download,1,15.7745,completed,4
driver,driver/single_origin_split_download,1,15.7745,connections,4
driver,driver/single_origin_split_download,1,15.7745,cpu_ms,15.963999999999867
driver,driver/single_origin_split_download,1,15.7745,cpu_percent,101.20130590509916
driver,driver/single_origin_split_download,1,15.7745,distinct_ranges,4
driver,driver/single_origin_split_download,1,15.7745,duplicate_bytes,0
driver,driver/single_origin_split_download,1,15.7745,failed,0
driver,driver/single_origin_split_download,1,15.7745,file_bytes,12582912
driver,driver/single_origin_split_download,1,15.7745,finalize,0.0012500000000024158
driver,driver/single_origin_split_download,1,15.7745,fsync_calls,1
driver,driver/single_origin_split_download,1,15.7745,fsync_ms,6.087
driver,driver/single_origin_split_download,1,15.7745,loops,75
driver,driver/single_origin_split_download,1,15.7745,max_command_latency_ms,0.237
driver,driver/single_origin_split_download,1,15.7745,pauses,11
driver,driver/single_origin_split_download,1,15.7745,pools,1
driver,driver/single_origin_split_download,1,15.7745,prealloc_ms,2.968
driver,driver/single_origin_split_download,1,15.7745,process_peak_rss_bytes,299810816
driver,driver/single_origin_split_download,1,15.7745,report_span,0
driver,driver/single_origin_split_download,1,15.7745,requests,4
driver,driver/single_origin_split_download,1,15.7745,response_head_ms,1.533
driver,driver/single_origin_split_download,1,15.7745,response_heads,4
driver,driver/single_origin_split_download,1,15.7745,resumes,11
driver,driver/single_origin_split_download,1,15.7745,running_reports,1
driver,driver/single_origin_split_download,1,15.7745,served_bytes,12582912
driver,driver/single_origin_split_download,1,15.7745,submitted,4
driver,driver/single_origin_split_download,1,15.7745,to_first_report,13.379999999999999
driver,driver/single_origin_split_download,1,15.7745,total,13.381250000000001
driver,driver/single_origin_split_download,1,15.7745,unique_bytes,12582912
driver,driver/single_origin_split_download,1,15.7745,verified,1
driver,driver/single_origin_split_download,1,15.7745,writer_blocks,12
driver,driver/single_origin_split_download,1,15.7745,writer_bytes,12582912
driver,driver/single_origin_split_download,1,15.7745,writer_seeks,10
driver,driver/single_origin_split_download,2,14.1010,active,0
driver,driver/single_origin_split_download,2,14.1010,avg_block_bytes,1048576
driver,driver/single_origin_split_download,2,14.1010,body_reads,786
driver,driver/single_origin_split_download,2,14.1010,body_wait_ms,4.239
driver,driver/single_origin_split_download,2,14.1010,cache_copied_bytes,12582912
driver,driver/single_origin_split_download,2,14.1010,cache_evicted_bytes,12582912
driver,driver/single_origin_split_download,2,14.1010,cancelled,0
driver,driver/single_origin_split_download,2,14.1010,checksum_ms,0
driver,driver/single_origin_split_download,2,14.1010,commands,10
driver,driver/single_origin_split_download,2,14.1010,completed,4
driver,driver/single_origin_split_download,2,14.1010,connections,4
driver,driver/single_origin_split_download,2,14.1010,cpu_ms,15.676000000000023
driver,driver/single_origin_split_download,2,14.1010,cpu_percent,111.16908948998254
driver,driver/single_origin_split_download,2,14.1010,distinct_ranges,4
driver,driver/single_origin_split_download,2,14.1010,duplicate_bytes,0
driver,driver/single_origin_split_download,2,14.1010,failed,0
driver,driver/single_origin_split_download,2,14.1010,file_bytes,12582912
driver,driver/single_origin_split_download,2,14.1010,fsync_calls,1
driver,driver/single_origin_split_download,2,14.1010,fsync_ms,5.923
driver,driver/single_origin_split_download,2,14.1010,loops,70
driver,driver/single_origin_split_download,2,14.1010,max_command_latency_ms,0.043
driver,driver/single_origin_split_download,2,14.1010,pauses,6
driver,driver/single_origin_split_download,2,14.1010,pools,1
driver,driver/single_origin_split_download,2,14.1010,prealloc_ms,2.198
driver,driver/single_origin_split_download,2,14.1010,process_peak_rss_bytes,299810816
driver,driver/single_origin_split_download,2,14.1010,requests,4
driver,driver/single_origin_split_download,2,14.1010,response_head_ms,1.602
driver,driver/single_origin_split_download,2,14.1010,response_heads,4
driver,driver/single_origin_split_download,2,14.1010,resumes,6
driver,driver/single_origin_split_download,2,14.1010,running_reports,0
driver,driver/single_origin_split_download,2,14.1010,served_bytes,12582912
driver,driver/single_origin_split_download,2,14.1010,submitted,4
driver,driver/single_origin_split_download,2,14.1010,total,11.826458
driver,driver/single_origin_split_download,2,14.1010,unique_bytes,12582912
driver,driver/single_origin_split_download,2,14.1010,verified,1
driver,driver/single_origin_split_download,2,14.1010,writer_blocks,12
driver,driver/single_origin_split_download,2,14.1010,writer_bytes,12582912
driver,driver/single_origin_split_download,2,14.1010,writer_seeks,12
driver,driver/single_origin_split_download,3,15.1686,active,0
driver,driver/single_origin_split_download,3,15.1686,avg_block_bytes,1048576
driver,driver/single_origin_split_download,3,15.1686,body_reads,782
driver,driver/single_origin_split_download,3,15.1686,body_wait_ms,3.891
driver,driver/single_origin_split_download,3,15.1686,cache_copied_bytes,12582912
driver,driver/single_origin_split_download,3,15.1686,cache_evicted_bytes,12582912
driver,driver/single_origin_split_download,3,15.1686,cancelled,0
driver,driver/single_origin_split_download,3,15.1686,checksum_ms,0
driver,driver/single_origin_split_download,3,15.1686,commands,10
driver,driver/single_origin_split_download,3,15.1686,completed,4
driver,driver/single_origin_split_download,3,15.1686,connections,4
driver,driver/single_origin_split_download,3,15.1686,cpu_ms,16.445000000000043
driver,driver/single_origin_split_download,3,15.1686,cpu_percent,108.41457284361663
driver,driver/single_origin_split_download,3,15.1686,distinct_ranges,4
driver,driver/single_origin_split_download,3,15.1686,duplicate_bytes,0
driver,driver/single_origin_split_download,3,15.1686,failed,0
driver,driver/single_origin_split_download,3,15.1686,file_bytes,12582912
driver,driver/single_origin_split_download,3,15.1686,finalize,0.0037909999999996558
driver,driver/single_origin_split_download,3,15.1686,fsync_calls,1
driver,driver/single_origin_split_download,3,15.1686,fsync_ms,4.553
driver,driver/single_origin_split_download,3,15.1686,loops,79
driver,driver/single_origin_split_download,3,15.1686,max_command_latency_ms,0.112
driver,driver/single_origin_split_download,3,15.1686,pauses,6
driver,driver/single_origin_split_download,3,15.1686,pools,1
driver,driver/single_origin_split_download,3,15.1686,prealloc_ms,4.082
driver,driver/single_origin_split_download,3,15.1686,process_peak_rss_bytes,299810816
driver,driver/single_origin_split_download,3,15.1686,report_span,0
driver,driver/single_origin_split_download,3,15.1686,requests,4
driver,driver/single_origin_split_download,3,15.1686,response_head_ms,1.248
driver,driver/single_origin_split_download,3,15.1686,response_heads,4
driver,driver/single_origin_split_download,3,15.1686,resumes,6
driver,driver/single_origin_split_download,3,15.1686,running_reports,1
driver,driver/single_origin_split_download,3,15.1686,served_bytes,12582912
driver,driver/single_origin_split_download,3,15.1686,submitted,4
driver,driver/single_origin_split_download,3,15.1686,to_first_report,12.429084
driver,driver/single_origin_split_download,3,15.1686,total,12.432875
driver,driver/single_origin_split_download,3,15.1686,unique_bytes,12582912
driver,driver/single_origin_split_download,3,15.1686,verified,1
driver,driver/single_origin_split_download,3,15.1686,writer_blocks,12
driver,driver/single_origin_split_download,3,15.1686,writer_bytes,12582912
driver,driver/single_origin_split_download,3,15.1686,writer_seeks,4
driver,driver/single_origin_split_download,4,15.3032,active,0
driver,driver/single_origin_split_download,4,15.3032,avg_block_bytes,1048576
driver,driver/single_origin_split_download,4,15.3032,body_reads,784
driver,driver/single_origin_split_download,4,15.3032,body_wait_ms,5.541
driver,driver/single_origin_split_download,4,15.3032,cache_copied_bytes,12582912
driver,driver/single_origin_split_download,4,15.3032,cache_evicted_bytes,12582912
driver,driver/single_origin_split_download,4,15.3032,cancelled,0
driver,driver/single_origin_split_download,4,15.3032,checksum_ms,0
driver,driver/single_origin_split_download,4,15.3032,commands,14
driver,driver/single_origin_split_download,4,15.3032,completed,4
driver,driver/single_origin_split_download,4,15.3032,connections,4
driver,driver/single_origin_split_download,4,15.3032,cpu_ms,16.024999999999956
driver,driver/single_origin_split_download,4,15.3032,cpu_percent,104.71688638044633
driver,driver/single_origin_split_download,4,15.3032,distinct_ranges,4
driver,driver/single_origin_split_download,4,15.3032,duplicate_bytes,0
driver,driver/single_origin_split_download,4,15.3032,failed,0
driver,driver/single_origin_split_download,4,15.3032,file_bytes,12582912
driver,driver/single_origin_split_download,4,15.3032,finalize,0.0035000000000007248
driver,driver/single_origin_split_download,4,15.3032,fsync_calls,1
driver,driver/single_origin_split_download,4,15.3032,fsync_ms,5.46
driver,driver/single_origin_split_download,4,15.3032,loops,84
driver,driver/single_origin_split_download,4,15.3032,max_command_latency_ms,0.036
driver,driver/single_origin_split_download,4,15.3032,pauses,10
driver,driver/single_origin_split_download,4,15.3032,pools,1
driver,driver/single_origin_split_download,4,15.3032,prealloc_ms,2.788
driver,driver/single_origin_split_download,4,15.3032,process_peak_rss_bytes,299810816
driver,driver/single_origin_split_download,4,15.3032,report_span,0
driver,driver/single_origin_split_download,4,15.3032,requests,4
driver,driver/single_origin_split_download,4,15.3032,response_head_ms,1.981
driver,driver/single_origin_split_download,4,15.3032,response_heads,4
driver,driver/single_origin_split_download,4,15.3032,resumes,10
driver,driver/single_origin_split_download,4,15.3032,running_reports,1
driver,driver/single_origin_split_download,4,15.3032,served_bytes,12582912
driver,driver/single_origin_split_download,4,15.3032,submitted,4
driver,driver/single_origin_split_download,4,15.3032,to_first_report,12.230667
driver,driver/single_origin_split_download,4,15.3032,total,12.234167000000001
driver,driver/single_origin_split_download,4,15.3032,unique_bytes,12582912
driver,driver/single_origin_split_download,4,15.3032,verified,1
driver,driver/single_origin_split_download,4,15.3032,writer_blocks,12
driver,driver/single_origin_split_download,4,15.3032,writer_bytes,12582912
driver,driver/single_origin_split_download,4,15.3032,writer_seeks,12
driver,driver/single_origin_split_download,5,15.0319,active,0
driver,driver/single_origin_split_download,5,15.0319,avg_block_bytes,1048576
driver,driver/single_origin_split_download,5,15.0319,body_reads,783
driver,driver/single_origin_split_download,5,15.0319,body_wait_ms,4.008
driver,driver/single_origin_split_download,5,15.0319,cache_copied_bytes,12582912
driver,driver/single_origin_split_download,5,15.0319,cache_evicted_bytes,12582912
driver,driver/single_origin_split_download,5,15.0319,cancelled,0
driver,driver/single_origin_split_download,5,15.0319,checksum_ms,0
driver,driver/single_origin_split_download,5,15.0319,commands,10
driver,driver/single_origin_split_download,5,15.0319,completed,4
driver,driver/single_origin_split_download,5,15.0319,connections,4
driver,driver/single_origin_split_download,5,15.0319,cpu_ms,12.98699999999986
driver,driver/single_origin_split_download,5,15.0319,cpu_percent,86.3961719849942
driver,driver/single_origin_split_download,5,15.0319,distinct_ranges,4
driver,driver/single_origin_split_download,5,15.0319,duplicate_bytes,0
driver,driver/single_origin_split_download,5,15.0319,failed,0
driver,driver/single_origin_split_download,5,15.0319,file_bytes,12582912
driver,driver/single_origin_split_download,5,15.0319,finalize,0.0014579999999995152
driver,driver/single_origin_split_download,5,15.0319,fsync_calls,1
driver,driver/single_origin_split_download,5,15.0319,fsync_ms,6.139
driver,driver/single_origin_split_download,5,15.0319,loops,80
driver,driver/single_origin_split_download,5,15.0319,max_command_latency_ms,0.105
driver,driver/single_origin_split_download,5,15.0319,pauses,6
driver,driver/single_origin_split_download,5,15.0319,pools,1
driver,driver/single_origin_split_download,5,15.0319,prealloc_ms,3.455
driver,driver/single_origin_split_download,5,15.0319,process_peak_rss_bytes,299810816
driver,driver/single_origin_split_download,5,15.0319,report_span,0
driver,driver/single_origin_split_download,5,15.0319,requests,4
driver,driver/single_origin_split_download,5,15.0319,response_head_ms,1.445
driver,driver/single_origin_split_download,5,15.0319,response_heads,4
driver,driver/single_origin_split_download,5,15.0319,resumes,6
driver,driver/single_origin_split_download,5,15.0319,running_reports,1
driver,driver/single_origin_split_download,5,15.0319,served_bytes,12582912
driver,driver/single_origin_split_download,5,15.0319,submitted,4
driver,driver/single_origin_split_download,5,15.0319,to_first_report,13.121917
driver,driver/single_origin_split_download,5,15.0319,total,13.123375
driver,driver/single_origin_split_download,5,15.0319,unique_bytes,12582912
driver,driver/single_origin_split_download,5,15.0319,verified,1
driver,driver/single_origin_split_download,5,15.0319,writer_blocks,12
driver,driver/single_origin_split_download,5,15.0319,writer_bytes,12582912
driver,driver/single_origin_split_download,5,15.0319,writer_seeks,11
driver,driver/single_origin_split_download,6,14.8804,active,0
driver,driver/single_origin_split_download,6,14.8804,avg_block_bytes,1048576
driver,driver/single_origin_split_download,6,14.8804,body_reads,783
driver,driver/single_origin_split_download,6,14.8804,body_wait_ms,5.313
driver,driver/single_origin_split_download,6,14.8804,cache_copied_bytes,12582912
driver,driver/single_origin_split_download,6,14.8804,cache_evicted_bytes,12582912
driver,driver/single_origin_split_download,6,14.8804,cancelled,0
driver,driver/single_origin_split_download,6,14.8804,checksum_ms,0
driver,driver/single_origin_split_download,6,14.8804,commands,12
driver,driver/single_origin_split_download,6,14.8804,completed,4
driver,driver/single_origin_split_download,6,14.8804,connections,4
driver,driver/single_origin_split_download,6,14.8804,cpu_ms,15.739000000000392
driver,driver/single_origin_split_download,6,14.8804,cpu_percent,105.7701838831373
driver,driver/single_origin_split_download,6,14.8804,distinct_ranges,4
driver,driver/single_origin_split_download,6,14.8804,duplicate_bytes,0
driver,driver/single_origin_split_download,6,14.8804,failed,0
driver,driver/single_origin_split_download,6,14.8804,file_bytes,12582912
driver,driver/single_origin_split_download,6,14.8804,finalize,0.00416599999999967
driver,driver/single_origin_split_download,6,14.8804,fsync_calls,1
driver,driver/single_origin_split_download,6,14.8804,fsync_ms,5.852
driver,driver/single_origin_split_download,6,14.8804,loops,70
driver,driver/single_origin_split_download,6,14.8804,max_command_latency_ms,0.212
driver,driver/single_origin_split_download,6,14.8804,pauses,8
driver,driver/single_origin_split_download,6,14.8804,pools,1
driver,driver/single_origin_split_download,6,14.8804,prealloc_ms,2.573
driver,driver/single_origin_split_download,6,14.8804,process_peak_rss_bytes,299810816
driver,driver/single_origin_split_download,6,14.8804,report_span,0
driver,driver/single_origin_split_download,6,14.8804,requests,4
driver,driver/single_origin_split_download,6,14.8804,response_head_ms,1.413
driver,driver/single_origin_split_download,6,14.8804,response_heads,4
driver,driver/single_origin_split_download,6,14.8804,resumes,8
driver,driver/single_origin_split_download,6,14.8804,running_reports,1
driver,driver/single_origin_split_download,6,14.8804,served_bytes,12582912
driver,driver/single_origin_split_download,6,14.8804,submitted,4
driver,driver/single_origin_split_download,6,14.8804,to_first_report,13.013917
driver,driver/single_origin_split_download,6,14.8804,total,13.018082999999999
driver,driver/single_origin_split_download,6,14.8804,unique_bytes,12582912
driver,driver/single_origin_split_download,6,14.8804,verified,1
driver,driver/single_origin_split_download,6,14.8804,writer_blocks,12
driver,driver/single_origin_split_download,6,14.8804,writer_bytes,12582912
driver,driver/single_origin_split_download,6,14.8804,writer_seeks,12
driver,driver/single_origin_split_download,7,15.3524,active,0
driver,driver/single_origin_split_download,7,15.3524,avg_block_bytes,1048576
driver,driver/single_origin_split_download,7,15.3524,body_reads,785
driver,driver/single_origin_split_download,7,15.3524,body_wait_ms,4.88
driver,driver/single_origin_split_download,7,15.3524,cache_copied_bytes,12582912
driver,driver/single_origin_split_download,7,15.3524,cache_evicted_bytes,12582912
driver,driver/single_origin_split_download,7,15.3524,cancelled,0
driver,driver/single_origin_split_download,7,15.3524,checksum_ms,0
driver,driver/single_origin_split_download,7,15.3524,commands,12
driver,driver/single_origin_split_download,7,15.3524,completed,4
driver,driver/single_origin_split_download,7,15.3524,connections,4
driver,driver/single_origin_split_download,7,15.3524,cpu_ms,14.805999999999653
driver,driver/single_origin_split_download,7,15.3524,cpu_percent,96.44110438938375
driver,driver/single_origin_split_download,7,15.3524,distinct_ranges,4
driver,driver/single_origin_split_download,7,15.3524,duplicate_bytes,0
driver,driver/single_origin_split_download,7,15.3524,failed,0
driver,driver/single_origin_split_download,7,15.3524,file_bytes,12582912
driver,driver/single_origin_split_download,7,15.3524,finalize,0.0024580000000007374
driver,driver/single_origin_split_download,7,15.3524,fsync_calls,1
driver,driver/single_origin_split_download,7,15.3524,fsync_ms,6.509
driver,driver/single_origin_split_download,7,15.3524,loops,82
driver,driver/single_origin_split_download,7,15.3524,max_command_latency_ms,0.187
driver,driver/single_origin_split_download,7,15.3524,pauses,8
driver,driver/single_origin_split_download,7,15.3524,pools,1
driver,driver/single_origin_split_download,7,15.3524,prealloc_ms,2.716
driver,driver/single_origin_split_download,7,15.3524,process_peak_rss_bytes,299810816
driver,driver/single_origin_split_download,7,15.3524,report_span,0
driver,driver/single_origin_split_download,7,15.3524,requests,4
driver,driver/single_origin_split_download,7,15.3524,response_head_ms,1.583
driver,driver/single_origin_split_download,7,15.3524,response_heads,4
driver,driver/single_origin_split_download,7,15.3524,resumes,8
driver,driver/single_origin_split_download,7,15.3524,running_reports,1
driver,driver/single_origin_split_download,7,15.3524,served_bytes,12582912
driver,driver/single_origin_split_download,7,15.3524,submitted,4
driver,driver/single_origin_split_download,7,15.3524,to_first_report,13.269708999999999
driver,driver/single_origin_split_download,7,15.3524,total,13.272167
driver,driver/single_origin_split_download,7,15.3524,unique_bytes,12582912
driver,driver/single_origin_split_download,7,15.3524,verified,1
driver,driver/single_origin_split_download,7,15.3524,writer_blocks,12
driver,driver/single_origin_split_download,7,15.3524,writer_bytes,12582912
driver,driver/single_origin_split_download,7,15.3524,writer_seeks,11
driver,driver/single_origin_split_download,8,13.5712,active,0
driver,driver/single_origin_split_download,8,13.5712,avg_block_bytes,1048576
driver,driver/single_origin_split_download,8,13.5712,body_reads,780
driver,driver/single_origin_split_download,8,13.5712,body_wait_ms,4.23
driver,driver/single_origin_split_download,8,13.5712,cache_copied_bytes,12582912
driver,driver/single_origin_split_download,8,13.5712,cache_evicted_bytes,12582912
driver,driver/single_origin_split_download,8,13.5712,cancelled,0
driver,driver/single_origin_split_download,8,13.5712,checksum_ms,0
driver,driver/single_origin_split_download,8,13.5712,commands,14
driver,driver/single_origin_split_download,8,13.5712,completed,4
driver,driver/single_origin_split_download,8,13.5712,connections,4
driver,driver/single_origin_split_download,8,13.5712,cpu_ms,14.817999999999998
driver,driver/single_origin_split_download,8,13.5712,cpu_percent,109.18703773459221
driver,driver/single_origin_split_download,8,13.5712,distinct_ranges,4
driver,driver/single_origin_split_download,8,13.5712,duplicate_bytes,0
driver,driver/single_origin_split_download,8,13.5712,failed,0
driver,driver/single_origin_split_download,8,13.5712,file_bytes,12582912
driver,driver/single_origin_split_download,8,13.5712,finalize,0.004125000000000156
driver,driver/single_origin_split_download,8,13.5712,fsync_calls,1
driver,driver/single_origin_split_download,8,13.5712,fsync_ms,5.316
driver,driver/single_origin_split_download,8,13.5712,loops,80
driver,driver/single_origin_split_download,8,13.5712,max_command_latency_ms,0.137
driver,driver/single_origin_split_download,8,13.5712,pauses,10
driver,driver/single_origin_split_download,8,13.5712,pools,1
driver,driver/single_origin_split_download,8,13.5712,prealloc_ms,2.45
driver,driver/single_origin_split_download,8,13.5712,process_peak_rss_bytes,299810816
driver,driver/single_origin_split_download,8,13.5712,report_span,0
driver,driver/single_origin_split_download,8,13.5712,requests,4
driver,driver/single_origin_split_download,8,13.5712,response_head_ms,1.215
driver,driver/single_origin_split_download,8,13.5712,response_heads,4
driver,driver/single_origin_split_download,8,13.5712,resumes,10
driver,driver/single_origin_split_download,8,13.5712,running_reports,1
driver,driver/single_origin_split_download,8,13.5712,served_bytes,12582912
driver,driver/single_origin_split_download,8,13.5712,submitted,4
driver,driver/single_origin_split_download,8,13.5712,to_first_report,11.875209
driver,driver/single_origin_split_download,8,13.5712,total,11.879334
driver,driver/single_origin_split_download,8,13.5712,unique_bytes,12582912
driver,driver/single_origin_split_download,8,13.5712,verified,1
driver,driver/single_origin_split_download,8,13.5712,writer_blocks,12
driver,driver/single_origin_split_download,8,13.5712,writer_bytes,12582912
driver,driver/single_origin_split_download,8,13.5712,writer_seeks,10
driver,driver/single_origin_split_download,9,15.9943,active,0
driver,driver/single_origin_split_download,9,15.9943,avg_block_bytes,1048576
driver,driver/single_origin_split_download,9,15.9943,body_reads,782
driver,driver/single_origin_split_download,9,15.9943,body_wait_ms,3.431
driver,driver/single_origin_split_download,9,15.9943,cache_copied_bytes,12582912
driver,driver/single_origin_split_download,9,15.9943,cache_evicted_bytes,12582912
driver,driver/single_origin_split_download,9,15.9943,cancelled,0
driver,driver/single_origin_split_download,9,15.9943,checksum_ms,0
driver,driver/single_origin_split_download,9,15.9943,commands,16
driver,driver/single_origin_split_download,9,15.9943,completed,4
driver,driver/single_origin_split_download,9,15.9943,connections,4
driver,driver/single_origin_split_download,9,15.9943,cpu_ms,14.034000000000546
driver,driver/single_origin_split_download,9,15.9943,cpu_percent,87.74380260158154
driver,driver/single_origin_split_download,9,15.9943,distinct_ranges,4
driver,driver/single_origin_split_download,9,15.9943,duplicate_bytes,0
driver,driver/single_origin_split_download,9,15.9943,failed,0
driver,driver/single_origin_split_download,9,15.9943,file_bytes,12582912
driver,driver/single_origin_split_download,9,15.9943,fsync_calls,1
driver,driver/single_origin_split_download,9,15.9943,fsync_ms,6.399
driver,driver/single_origin_split_download,9,15.9943,loops,95
driver,driver/single_origin_split_download,9,15.9943,max_command_latency_ms,0.081
driver,driver/single_origin_split_download,9,15.9943,pauses,12
driver,driver/single_origin_split_download,9,15.9943,pools,1
driver,driver/single_origin_split_download,9,15.9943,prealloc_ms,3.815
driver,driver/single_origin_split_download,9,15.9943,process_peak_rss_bytes,299810816
driver,driver/single_origin_split_download,9,15.9943,requests,4
driver,driver/single_origin_split_download,9,15.9943,response_head_ms,1.562
driver,driver/single_origin_split_download,9,15.9943,response_heads,4
driver,driver/single_origin_split_download,9,15.9943,resumes,12
driver,driver/single_origin_split_download,9,15.9943,running_reports,0
driver,driver/single_origin_split_download,9,15.9943,served_bytes,12582912
driver,driver/single_origin_split_download,9,15.9943,submitted,4
driver,driver/single_origin_split_download,9,15.9943,total,14.349167
driver,driver/single_origin_split_download,9,15.9943,unique_bytes,12582912
driver,driver/single_origin_split_download,9,15.9943,verified,1
driver,driver/single_origin_split_download,9,15.9943,writer_blocks,12
driver,driver/single_origin_split_download,9,15.9943,writer_bytes,12582912
driver,driver/single_origin_split_download,9,15.9943,writer_seeks,12
driver,driver/body_backpressure_256KiB_budget,0,16.5452,active,0
driver,driver/body_backpressure_256KiB_budget,0,16.5452,avg_block_bytes,66930.3829787234
driver,driver/body_backpressure_256KiB_budget,0,16.5452,body_reads,782
driver,driver/body_backpressure_256KiB_budget,0,16.5452,body_wait_ms,2.471
driver,driver/body_backpressure_256KiB_budget,0,16.5452,cache_copied_bytes,12582912
driver,driver/body_backpressure_256KiB_budget,0,16.5452,cache_evicted_bytes,12582912
driver,driver/body_backpressure_256KiB_budget,0,16.5452,cancelled,0
driver,driver/body_backpressure_256KiB_budget,0,16.5452,checksum_ms,0
driver,driver/body_backpressure_256KiB_budget,0,16.5452,commands,155
driver,driver/body_backpressure_256KiB_budget,0,16.5452,completed,4
driver,driver/body_backpressure_256KiB_budget,0,16.5452,connections,4
driver,driver/body_backpressure_256KiB_budget,0,16.5452,cpu_ms,16.455000000000553
driver,driver/body_backpressure_256KiB_budget,0,16.5452,cpu_percent,99.45452622354182
driver,driver/body_backpressure_256KiB_budget,0,16.5452,distinct_ranges,4
driver,driver/body_backpressure_256KiB_budget,0,16.5452,duplicate_bytes,0
driver,driver/body_backpressure_256KiB_budget,0,16.5452,failed,0
driver,driver/body_backpressure_256KiB_budget,0,16.5452,file_bytes,12582912
driver,driver/body_backpressure_256KiB_budget,0,16.5452,finalize,0.0017919999999982394
driver,driver/body_backpressure_256KiB_budget,0,16.5452,fsync_calls,1
driver,driver/body_backpressure_256KiB_budget,0,16.5452,fsync_ms,5.783
driver,driver/body_backpressure_256KiB_budget,0,16.5452,loops,122
driver,driver/body_backpressure_256KiB_budget,0,16.5452,max_command_latency_ms,0.069
driver,driver/body_backpressure_256KiB_budget,0,16.5452,pauses,151
driver,driver/body_backpressure_256KiB_budget,0,16.5452,pools,1
driver,driver/body_backpressure_256KiB_budget,0,16.5452,prealloc_ms,3.313
driver,driver/body_backpressure_256KiB_budget,0,16.5452,process_peak_rss_bytes,299810816
driver,driver/body_backpressure_256KiB_budget,0,16.5452,report_span,0
driver,driver/body_backpressure_256KiB_budget,0,16.5452,requests,4
driver,driver/body_backpressure_256KiB_budget,0,16.5452,response_head_ms,1.267
driver,driver/body_backpressure_256KiB_budget,0,16.5452,response_heads,4
driver,driver/body_backpressure_256KiB_budget,0,16.5452,resumes,151
driver,driver/body_backpressure_256KiB_budget,0,16.5452,running_reports,1
driver,driver/body_backpressure_256KiB_budget,0,16.5452,served_bytes,12582912
driver,driver/body_backpressure_256KiB_budget,0,16.5452,submitted,4
driver,driver/body_backpressure_256KiB_budget,0,16.5452,to_first_report,14.737042
driver,driver/body_backpressure_256KiB_budget,0,16.5452,total,14.738833999999999
driver,driver/body_backpressure_256KiB_budget,0,16.5452,unique_bytes,12582912
driver,driver/body_backpressure_256KiB_budget,0,16.5452,verified,1
driver,driver/body_backpressure_256KiB_budget,0,16.5452,writer_blocks,188
driver,driver/body_backpressure_256KiB_budget,0,16.5452,writer_bytes,12582912
driver,driver/body_backpressure_256KiB_budget,0,16.5452,writer_seeks,168
driver,driver/body_backpressure_256KiB_budget,1,16.7328,active,0
driver,driver/body_backpressure_256KiB_budget,1,16.7328,avg_block_bytes,69518.85082872928
driver,driver/body_backpressure_256KiB_budget,1,16.7328,body_reads,777
driver,driver/body_backpressure_256KiB_budget,1,16.7328,body_wait_ms,2.373
driver,driver/body_backpressure_256KiB_budget,1,16.7328,cache_copied_bytes,12582912
driver,driver/body_backpressure_256KiB_budget,1,16.7328,cache_evicted_bytes,12582912
driver,driver/body_backpressure_256KiB_budget,1,16.7328,cancelled,0
driver,driver/body_backpressure_256KiB_budget,1,16.7328,checksum_ms,0
driver,driver/body_backpressure_256KiB_budget,1,16.7328,commands,162
driver,driver/body_backpressure_256KiB_budget,1,16.7328,completed,4
driver,driver/body_backpressure_256KiB_budget,1,16.7328,connections,4
driver,driver/body_backpressure_256KiB_budget,1,16.7328,cpu_ms,15.544000000000224
driver,driver/body_backpressure_256KiB_budget,1,16.7328,cpu_percent,92.89543550173948
driver,driver/body_backpressure_256KiB_budget,1,16.7328,distinct_ranges,4
driver,driver/body_backpressure_256KiB_budget,1,16.7328,duplicate_bytes,0
driver,driver/body_backpressure_256KiB_budget,1,16.7328,failed,0
driver,driver/body_backpressure_256KiB_budget,1,16.7328,file_bytes,12582912
driver,driver/body_backpressure_256KiB_budget,1,16.7328,finalize,0.006000000000002004
driver,driver/body_backpressure_256KiB_budget,1,16.7328,fsync_calls,1
driver,driver/body_backpressure_256KiB_budget,1,16.7328,fsync_ms,5.712
driver,driver/body_backpressure_256KiB_budget,1,16.7328,loops,107
driver,driver/body_backpressure_256KiB_budget,1,16.7328,max_command_latency_ms,0.107
driver,driver/body_backpressure_256KiB_budget,1,16.7328,pauses,158
driver,driver/body_backpressure_256KiB_budget,1,16.7328,pools,1
driver,driver/body_backpressure_256KiB_budget,1,16.7328,prealloc_ms,3.74
driver,driver/body_backpressure_256KiB_budget,1,16.7328,process_peak_rss_bytes,299810816
driver,driver/body_backpressure_256KiB_budget,1,16.7328,report_span,0
driver,driver/body_backpressure_256KiB_budget,1,16.7328,requests,4
driver,driver/body_backpressure_256KiB_budget,1,16.7328,response_head_ms,1.256
driver,driver/body_backpressure_256KiB_budget,1,16.7328,response_heads,4
driver,driver/body_backpressure_256KiB_budget,1,16.7328,resumes,158
driver,driver/body_backpressure_256KiB_budget,1,16.7328,running_reports,1
driver,driver/body_backpressure_256KiB_budget,1,16.7328,served_bytes,12582912
driver,driver/body_backpressure_256KiB_budget,1,16.7328,submitted,4
driver,driver/body_backpressure_256KiB_budget,1,16.7328,to_first_report,15.154041999999999
driver,driver/body_backpressure_256KiB_budget,1,16.7328,total,15.160042
driver,driver/body_backpressure_256KiB_budget,1,16.7328,unique_bytes,12582912
driver,driver/body_backpressure_256KiB_budget,1,16.7328,verified,1
driver,driver/body_backpressure_256KiB_budget,1,16.7328,writer_blocks,181
driver,driver/body_backpressure_256KiB_budget,1,16.7328,writer_bytes,12582912
driver,driver/body_backpressure_256KiB_budget,1,16.7328,writer_seeks,155
driver,driver/body_backpressure_256KiB_budget,2,41.1993,active,0
driver,driver/body_backpressure_256KiB_budget,2,41.1993,avg_block_bytes,71089.89830508475
driver,driver/body_backpressure_256KiB_budget,2,41.1993,body_reads,779
driver,driver/body_backpressure_256KiB_budget,2,41.1993,body_wait_ms,27.637
driver,driver/body_backpressure_256KiB_budget,2,41.1993,cache_copied_bytes,12582912
driver,driver/body_backpressure_256KiB_budget,2,41.1993,cache_evicted_bytes,12582912
driver,driver/body_backpressure_256KiB_budget,2,41.1993,cancelled,0
driver,driver/body_backpressure_256KiB_budget,2,41.1993,checksum_ms,0
driver,driver/body_backpressure_256KiB_budget,2,41.1993,commands,142
driver,driver/body_backpressure_256KiB_budget,2,41.1993,completed,4
driver,driver/body_backpressure_256KiB_budget,2,41.1993,connections,4
driver,driver/body_backpressure_256KiB_budget,2,41.1993,cpu_ms,16.735999999999862
driver,driver/body_backpressure_256KiB_budget,2,41.1993,cpu_percent,40.62201686614651
driver,driver/body_backpressure_256KiB_budget,2,41.1993,distinct_ranges,4
driver,driver/body_backpressure_256KiB_budget,2,41.1993,duplicate_bytes,0
driver,driver/body_backpressure_256KiB_budget,2,41.1993,failed,0
driver,driver/body_backpressure_256KiB_budget,2,41.1993,file_bytes,12582912
driver,driver/body_backpressure_256KiB_budget,2,41.1993,finalize,0.0007499999999964757
driver,driver/body_backpressure_256KiB_budget,2,41.1993,fsync_calls,1
driver,driver/body_backpressure_256KiB_budget,2,41.1993,fsync_ms,5.572
driver,driver/body_backpressure_256KiB_budget,2,41.1993,loops,116
driver,driver/body_backpressure_256KiB_budget,2,41.1993,max_command_latency_ms,24.733
driver,driver/body_backpressure_256KiB_budget,2,41.1993,pauses,138
driver,driver/body_backpressure_256KiB_budget,2,41.1993,pools,1
driver,driver/body_backpressure_256KiB_budget,2,41.1993,prealloc_ms,2.944
driver,driver/body_backpressure_256KiB_budget,2,41.1993,process_peak_rss_bytes,299810816
driver,driver/body_backpressure_256KiB_budget,2,41.1993,report_span,0
driver,driver/body_backpressure_256KiB_budget,2,41.1993,requests,4
driver,driver/body_backpressure_256KiB_budget,2,41.1993,response_head_ms,1.239
driver,driver/body_backpressure_256KiB_budget,2,41.1993,response_heads,4
driver,driver/body_backpressure_256KiB_budget,2,41.1993,resumes,138
driver,driver/body_backpressure_256KiB_budget,2,41.1993,running_reports,1
driver,driver/body_backpressure_256KiB_budget,2,41.1993,served_bytes,12582912
driver,driver/body_backpressure_256KiB_budget,2,41.1993,submitted,4
driver,driver/body_backpressure_256KiB_budget,2,41.1993,to_first_report,39.350334000000004
driver,driver/body_backpressure_256KiB_budget,2,41.1993,total,39.351084
driver,driver/body_backpressure_256KiB_budget,2,41.1993,unique_bytes,12582912
driver,driver/body_backpressure_256KiB_budget,2,41.1993,verified,1
driver,driver/body_backpressure_256KiB_budget,2,41.1993,writer_blocks,177
driver,driver/body_backpressure_256KiB_budget,2,41.1993,writer_bytes,12582912
driver,driver/body_backpressure_256KiB_budget,2,41.1993,writer_seeks,140
driver,driver/body_backpressure_256KiB_budget,3,43.0902,active,0
driver,driver/body_backpressure_256KiB_budget,3,43.0902,avg_block_bytes,71902.35428571429
driver,driver/body_backpressure_256KiB_budget,3,43.0902,body_reads,781
driver,driver/body_backpressure_256KiB_budget,3,43.0902,body_wait_ms,27.671
driver,driver/body_backpressure_256KiB_budget,3,43.0902,cache_copied_bytes,12582912
driver,driver/body_backpressure_256KiB_budget,3,43.0902,cache_evicted_bytes,12582912
driver,driver/body_backpressure_256KiB_budget,3,43.0902,cancelled,0
driver,driver/body_backpressure_256KiB_budget,3,43.0902,checksum_ms,0
driver,driver/body_backpressure_256KiB_budget,3,43.0902,commands,149
driver,driver/body_backpressure_256KiB_budget,3,43.0902,completed,4
driver,driver/body_backpressure_256KiB_budget,3,43.0902,connections,4
driver,driver/body_backpressure_256KiB_budget,3,43.0902,cpu_ms,16.904999999999504
driver,driver/body_backpressure_256KiB_budget,3,43.0902,cpu_percent,39.23161271981366
driver,driver/body_backpressure_256KiB_budget,3,43.0902,distinct_ranges,4
driver,driver/body_backpressure_256KiB_budget,3,43.0902,duplicate_bytes,0
driver,driver/body_backpressure_256KiB_budget,3,43.0902,failed,0
driver,driver/body_backpressure_256KiB_budget,3,43.0902,file_bytes,12582912
driver,driver/body_backpressure_256KiB_budget,3,43.0902,finalize,0.004415999999999087
driver,driver/body_backpressure_256KiB_budget,3,43.0902,fsync_calls,1
driver,driver/body_backpressure_256KiB_budget,3,43.0902,fsync_ms,6.825
driver,driver/body_backpressure_256KiB_budget,3,43.0902,loops,120
driver,driver/body_backpressure_256KiB_budget,3,43.0902,max_command_latency_ms,25.02
driver,driver/body_backpressure_256KiB_budget,3,43.0902,pauses,145
driver,driver/body_backpressure_256KiB_budget,3,43.0902,pools,1
driver,driver/body_backpressure_256KiB_budget,3,43.0902,prealloc_ms,3.708
driver,driver/body_backpressure_256KiB_budget,3,43.0902,process_peak_rss_bytes,299810816
driver,driver/body_backpressure_256KiB_budget,3,43.0902,report_span,0
driver,driver/body_backpressure_256KiB_budget,3,43.0902,requests,4
driver,driver/body_backpressure_256KiB_budget,3,43.0902,response_head_ms,1.526
driver,driver/body_backpressure_256KiB_budget,3,43.0902,response_heads,4
driver,driver/body_backpressure_256KiB_budget,3,43.0902,resumes,145
driver,driver/body_backpressure_256KiB_budget,3,43.0902,running_reports,1
driver,driver/body_backpressure_256KiB_budget,3,43.0902,served_bytes,12582912
driver,driver/body_backpressure_256KiB_budget,3,43.0902,submitted,4
driver,driver/body_backpressure_256KiB_budget,3,43.0902,to_first_report,41.34425
driver,driver/body_backpressure_256KiB_budget,3,43.0902,total,41.348666
driver,driver/body_backpressure_256KiB_budget,3,43.0902,unique_bytes,12582912
driver,driver/body_backpressure_256KiB_budget,3,43.0902,verified,1
driver,driver/body_backpressure_256KiB_budget,3,43.0902,writer_blocks,175
driver,driver/body_backpressure_256KiB_budget,3,43.0902,writer_bytes,12582912
driver,driver/body_backpressure_256KiB_budget,3,43.0902,writer_seeks,147
driver,driver/body_backpressure_256KiB_budget,4,17.0147,active,0
driver,driver/body_backpressure_256KiB_budget,4,17.0147,avg_block_bytes,68759.08196721312
driver,driver/body_backpressure_256KiB_budget,4,17.0147,body_reads,780
driver,driver/body_backpressure_256KiB_budget,4,17.0147,body_wait_ms,2.766
driver,driver/body_backpressure_256KiB_budget,4,17.0147,cache_copied_bytes,12582912
driver,driver/body_backpressure_256KiB_budget,4,17.0147,cache_evicted_bytes,12582912
driver,driver/body_backpressure_256KiB_budget,4,17.0147,cancelled,0
driver,driver/body_backpressure_256KiB_budget,4,17.0147,checksum_ms,0
driver,driver/body_backpressure_256KiB_budget,4,17.0147,commands,163
driver,driver/body_backpressure_256KiB_budget,4,17.0147,completed,4
driver,driver/body_backpressure_256KiB_budget,4,17.0147,connections,4
driver,driver/body_backpressure_256KiB_budget,4,17.0147,cpu_ms,18.004000000000353
driver,driver/body_backpressure_256KiB_budget,4,17.0147,cpu_percent,105.81459547898473
driver,driver/body_backpressure_256KiB_budget,4,17.0147,distinct_ranges,4
driver,driver/body_backpressure_256KiB_budget,4,17.0147,duplicate_bytes,0
driver,driver/body_backpressure_256KiB_budget,4,17.0147,failed,0
driver,driver/body_backpressure_256KiB_budget,4,17.0147,file_bytes,12582912
driver,driver/body_backpressure_256KiB_budget,4,17.0147,finalize,0.00416599999999967
driver,driver/body_backpressure_256KiB_budget,4,17.0147,fsync_calls,1
driver,driver/body_backpressure_256KiB_budget,4,17.0147,fsync_ms,5.999
driver,driver/body_backpressure_256KiB_budget,4,17.0147,loops,114
driver,driver/body_backpressure_256KiB_budget,4,17.0147,max_command_latency_ms,0.085
driver,driver/body_backpressure_256KiB_budget,4,17.0147,pauses,159
driver,driver/body_backpressure_256KiB_budget,4,17.0147,pools,1
driver,driver/body_backpressure_256KiB_budget,4,17.0147,prealloc_ms,2.809
driver,driver/body_backpressure_256KiB_budget,4,17.0147,process_peak_rss_bytes,299810816
driver,driver/body_backpressure_256KiB_budget,4,17.0147,report_span,0
driver,driver/body_backpressure_256KiB_budget,4,17.0147,requests,4
driver,driver/body_backpressure_256KiB_budget,4,17.0147,response_head_ms,1.423
driver,driver/body_backpressure_256KiB_budget,4,17.0147,response_heads,4
driver,driver/body_backpressure_256KiB_budget,4,17.0147,resumes,159
driver,driver/body_backpressure_256KiB_budget,4,17.0147,running_reports,1
driver,driver/body_backpressure_256KiB_budget,4,17.0147,served_bytes,12582912
driver,driver/body_backpressure_256KiB_budget,4,17.0147,submitted,4
driver,driver/body_backpressure_256KiB_budget,4,17.0147,to_first_report,15.023959
driver,driver/body_backpressure_256KiB_budget,4,17.0147,total,15.028125
driver,driver/body_backpressure_256KiB_budget,4,17.0147,unique_bytes,12582912
driver,driver/body_backpressure_256KiB_budget,4,17.0147,verified,1
driver,driver/body_backpressure_256KiB_budget,4,17.0147,writer_blocks,183
driver,driver/body_backpressure_256KiB_budget,4,17.0147,writer_bytes,12582912
driver,driver/body_backpressure_256KiB_budget,4,17.0147,writer_seeks,162
driver,driver/body_backpressure_256KiB_budget,5,18.6876,active,0
driver,driver/body_backpressure_256KiB_budget,5,18.6876,avg_block_bytes,47482.68679245283
driver,driver/body_backpressure_256KiB_budget,5,18.6876,body_reads,781
driver,driver/body_backpressure_256KiB_budget,5,18.6876,body_wait_ms,2.469
driver,driver/body_backpressure_256KiB_budget,5,18.6876,cache_copied_bytes,12582912
driver,driver/body_backpressure_256KiB_budget,5,18.6876,cache_evicted_bytes,12582912
driver,driver/body_backpressure_256KiB_budget,5,18.6876,cancelled,0
driver,driver/body_backpressure_256KiB_budget,5,18.6876,checksum_ms,0
driver,driver/body_backpressure_256KiB_budget,5,18.6876,commands,242
driver,driver/body_backpressure_256KiB_budget,5,18.6876,completed,5
driver,driver/body_backpressure_256KiB_budget,5,18.6876,connections,4
driver,driver/body_backpressure_256KiB_budget,5,18.6876,cpu_ms,20.8920000000008
driver,driver/body_backpressure_256KiB_budget,5,18.6876,cpu_percent,111.79615299656069
driver,driver/body_backpressure_256KiB_budget,5,18.6876,distinct_ranges,5
driver,driver/body_backpressure_256KiB_budget,5,18.6876,duplicate_bytes,0
driver,driver/body_backpressure_256KiB_budget,5,18.6876,failed,0
driver,driver/body_backpressure_256KiB_budget,5,18.6876,file_bytes,12582912
driver,driver/body_backpressure_256KiB_budget,5,18.6876,finalize,0.000875000000004178
driver,driver/body_backpressure_256KiB_budget,5,18.6876,fsync_calls,1
driver,driver/body_backpressure_256KiB_budget,5,18.6876,fsync_ms,6.02
driver,driver/body_backpressure_256KiB_budget,5,18.6876,loops,118
driver,driver/body_backpressure_256KiB_budget,5,18.6876,max_command_latency_ms,0.142
driver,driver/body_backpressure_256KiB_budget,5,18.6876,pauses,237
driver,driver/body_backpressure_256KiB_budget,5,18.6876,pools,1
driver,driver/body_backpressure_256KiB_budget,5,18.6876,prealloc_ms,2.715
driver,driver/body_backpressure_256KiB_budget,5,18.6876,process_peak_rss_bytes,299810816
driver,driver/body_backpressure_256KiB_budget,5,18.6876,report_span,0
driver,driver/body_backpressure_256KiB_budget,5,18.6876,requests,5
driver,driver/body_backpressure_256KiB_budget,5,18.6876,response_head_ms,1.699
driver,driver/body_backpressure_256KiB_budget,5,18.6876,response_heads,5
driver,driver/body_backpressure_256KiB_budget,5,18.6876,resumes,237
driver,driver/body_backpressure_256KiB_budget,5,18.6876,running_reports,1
driver,driver/body_backpressure_256KiB_budget,5,18.6876,served_bytes,12582912
driver,driver/body_backpressure_256KiB_budget,5,18.6876,submitted,5
driver,driver/body_backpressure_256KiB_budget,5,18.6876,to_first_report,17.149082999999997
driver,driver/body_backpressure_256KiB_budget,5,18.6876,total,17.149958
driver,driver/body_backpressure_256KiB_budget,5,18.6876,unique_bytes,12582912
driver,driver/body_backpressure_256KiB_budget,5,18.6876,verified,1
driver,driver/body_backpressure_256KiB_budget,5,18.6876,writer_blocks,265
driver,driver/body_backpressure_256KiB_budget,5,18.6876,writer_bytes,12582912
driver,driver/body_backpressure_256KiB_budget,5,18.6876,writer_seeks,250
driver,driver/body_backpressure_256KiB_budget,6,37.8589,active,0
driver,driver/body_backpressure_256KiB_budget,6,37.8589,avg_block_bytes,67288.29946524065
driver,driver/body_backpressure_256KiB_budget,6,37.8589,body_reads,779
driver,driver/body_backpressure_256KiB_budget,6,37.8589,body_wait_ms,43.366
driver,driver/body_backpressure_256KiB_budget,6,37.8589,cache_copied_bytes,12582912
driver,driver/body_backpressure_256KiB_budget,6,37.8589,cache_evicted_bytes,12582912
driver,driver/body_backpressure_256KiB_budget,6,37.8589,cancelled,0
driver,driver/body_backpressure_256KiB_budget,6,37.8589,checksum_ms,0
driver,driver/body_backpressure_256KiB_budget,6,37.8589,commands,171
driver,driver/body_backpressure_256KiB_budget,6,37.8589,completed,4
driver,driver/body_backpressure_256KiB_budget,6,37.8589,connections,4
driver,driver/body_backpressure_256KiB_budget,6,37.8589,cpu_ms,18.82799999999918
driver,driver/body_backpressure_256KiB_budget,6,37.8589,cpu_percent,49.732008974264055
driver,driver/body_backpressure_256KiB_budget,6,37.8589,distinct_ranges,4
driver,driver/body_backpressure_256KiB_budget,6,37.8589,duplicate_bytes,0
driver,driver/body_backpressure_256KiB_budget,6,37.8589,failed,0
driver,driver/body_backpressure_256KiB_budget,6,37.8589,file_bytes,12582912
driver,driver/body_backpressure_256KiB_budget,6,37.8589,finalize,0.0006249999999994316
driver,driver/body_backpressure_256KiB_budget,6,37.8589,fsync_calls,1
driver,driver/body_backpressure_256KiB_budget,6,37.8589,fsync_ms,4.412
driver,driver/body_backpressure_256KiB_budget,6,37.8589,loops,111
driver,driver/body_backpressure_256KiB_budget,6,37.8589,max_command_latency_ms,20.494
driver,driver/body_backpressure_256KiB_budget,6,37.8589,pauses,167
driver,driver/body_backpressure_256KiB_budget,6,37.8589,pools,1
driver,driver/body_backpressure_256KiB_budget,6,37.8589,prealloc_ms,3.895
driver,driver/body_backpressure_256KiB_budget,6,37.8589,process_peak_rss_bytes,299810816
driver,driver/body_backpressure_256KiB_budget,6,37.8589,report_span,0
driver,driver/body_backpressure_256KiB_budget,6,37.8589,requests,4
driver,driver/body_backpressure_256KiB_budget,6,37.8589,response_head_ms,1.483
driver,driver/body_backpressure_256KiB_budget,6,37.8589,response_heads,4
driver,driver/body_backpressure_256KiB_budget,6,37.8589,resumes,167
driver,driver/body_backpressure_256KiB_budget,6,37.8589,running_reports,1
driver,driver/body_backpressure_256KiB_budget,6,37.8589,served_bytes,12582912
driver,driver/body_backpressure_256KiB_budget,6,37.8589,submitted,4
driver,driver/body_backpressure_256KiB_budget,6,37.8589,to_first_report,35.547584
driver,driver/body_backpressure_256KiB_budget,6,37.8589,total,35.548209
driver,driver/body_backpressure_256KiB_budget,6,37.8589,unique_bytes,12582912
driver,driver/body_backpressure_256KiB_budget,6,37.8589,verified,1
driver,driver/body_backpressure_256KiB_budget,6,37.8589,writer_blocks,187
driver,driver/body_backpressure_256KiB_budget,6,37.8589,writer_bytes,12582912
driver,driver/body_backpressure_256KiB_budget,6,37.8589,writer_seeks,166
driver,driver/body_backpressure_256KiB_budget,7,17.4535,active,0
driver,driver/body_backpressure_256KiB_budget,7,17.4535,avg_block_bytes,63230.71356783919
driver,driver/body_backpressure_256KiB_budget,7,17.4535,body_reads,779
driver,driver/body_backpressure_256KiB_budget,7,17.4535,body_wait_ms,1.823
driver,driver/body_backpressure_256KiB_budget,7,17.4535,cache_copied_bytes,12582912
driver,driver/body_backpressure_256KiB_budget,7,17.4535,cache_evicted_bytes,12582912
driver,driver/body_backpressure_256KiB_budget,7,17.4535,cancelled,0
driver,driver/body_backpressure_256KiB_budget,7,17.4535,checksum_ms,0
driver,driver/body_backpressure_256KiB_budget,7,17.4535,commands,196
driver,driver/body_backpressure_256KiB_budget,7,17.4535,completed,4
driver,driver/body_backpressure_256KiB_budget,7,17.4535,connections,4
driver,driver/body_backpressure_256KiB_budget,7,17.4535,cpu_ms,17.967999999999762
driver,driver/body_backpressure_256KiB_budget,7,17.4535,cpu_percent,102.94783281290148
driver,driver/body_backpressure_256KiB_budget,7,17.4535,distinct_ranges,4
driver,driver/body_backpressure_256KiB_budget,7,17.4535,duplicate_bytes,0
driver,driver/body_backpressure_256KiB_budget,7,17.4535,failed,0
driver,driver/body_backpressure_256KiB_budget,7,17.4535,file_bytes,12582912
driver,driver/body_backpressure_256KiB_budget,7,17.4535,finalize,0.004459000000000657
driver,driver/body_backpressure_256KiB_budget,7,17.4535,fsync_calls,1
driver,driver/body_backpressure_256KiB_budget,7,17.4535,fsync_ms,6.133
driver,driver/body_backpressure_256KiB_budget,7,17.4535,loops,110
driver,driver/body_backpressure_256KiB_budget,7,17.4535,max_command_latency_ms,0.109
driver,driver/body_backpressure_256KiB_budget,7,17.4535,pauses,192
driver,driver/body_backpressure_256KiB_budget,7,17.4535,pools,1
driver,driver/body_backpressure_256KiB_budget,7,17.4535,prealloc_ms,2.92
driver,driver/body_backpressure_256KiB_budget,7,17.4535,process_peak_rss_bytes,299810816
driver,driver/body_backpressure_256KiB_budget,7,17.4535,report_span,0
driver,driver/body_backpressure_256KiB_budget,7,17.4535,requests,4
driver,driver/body_backpressure_256KiB_budget,7,17.4535,response_head_ms,1.435
driver,driver/body_backpressure_256KiB_budget,7,17.4535,response_heads,4
driver,driver/body_backpressure_256KiB_budget,7,17.4535,resumes,192
driver,driver/body_backpressure_256KiB_budget,7,17.4535,running_reports,1
driver,driver/body_backpressure_256KiB_budget,7,17.4535,served_bytes,12582912
driver,driver/body_backpressure_256KiB_budget,7,17.4535,submitted,4
driver,driver/body_backpressure_256KiB_budget,7,17.4535,to_first_report,15.621416
driver,driver/body_backpressure_256KiB_budget,7,17.4535,total,15.625875
driver,driver/body_backpressure_256KiB_budget,7,17.4535,unique_bytes,12582912
driver,driver/body_backpressure_256KiB_budget,7,17.4535,verified,1
driver,driver/body_backpressure_256KiB_budget,7,17.4535,writer_blocks,199
driver,driver/body_backpressure_256KiB_budget,7,17.4535,writer_bytes,12582912
driver,driver/body_backpressure_256KiB_budget,7,17.4535,writer_seeks,181
driver,driver/body_backpressure_256KiB_budget,8,16.6909,active,0
driver,driver/body_backpressure_256KiB_budget,8,16.6909,avg_block_bytes,63872.649746192896
driver,driver/body_backpressure_256KiB_budget,8,16.6909,body_reads,779
driver,driver/body_backpressure_256KiB_budget,8,16.6909,body_wait_ms,1.679
driver,driver/body_backpressure_256KiB_budget,8,16.6909,cache_copied_bytes,12582912
driver,driver/body_backpressure_256KiB_budget,8,16.6909,cache_evicted_bytes,12582912
driver,driver/body_backpressure_256KiB_budget,8,16.6909,cancelled,0
driver,driver/body_backpressure_256KiB_budget,8,16.6909,checksum_ms,0
driver,driver/body_backpressure_256KiB_budget,8,16.6909,commands,194
driver,driver/body_backpressure_256KiB_budget,8,16.6909,completed,4
driver,driver/body_backpressure_256KiB_budget,8,16.6909,connections,4
driver,driver/body_backpressure_256KiB_budget,8,16.6909,cpu_ms,17.384000000000732
driver,driver/body_backpressure_256KiB_budget,8,16.6909,cpu_percent,104.1527181768525
driver,driver/body_backpressure_256KiB_budget,8,16.6909,distinct_ranges,4
driver,driver/body_backpressure_256KiB_budget,8,16.6909,duplicate_bytes,0
driver,driver/body_backpressure_256KiB_budget,8,16.6909,failed,0
driver,driver/body_backpressure_256KiB_budget,8,16.6909,file_bytes,12582912
driver,driver/body_backpressure_256KiB_budget,8,16.6909,finalize,0.007709000000000188
driver,driver/body_backpressure_256KiB_budget,8,16.6909,fsync_calls,1
driver,driver/body_backpressure_256KiB_budget,8,16.6909,fsync_ms,6.134
driver,driver/body_backpressure_256KiB_budget,8,16.6909,loops,116
driver,driver/body_backpressure_256KiB_budget,8,16.6909,max_command_latency_ms,0.124
driver,driver/body_backpressure_256KiB_budget,8,16.6909,pauses,190
driver,driver/body_backpressure_256KiB_budget,8,16.6909,pools,1
driver,driver/body_backpressure_256KiB_budget,8,16.6909,prealloc_ms,2.557
driver,driver/body_backpressure_256KiB_budget,8,16.6909,process_peak_rss_bytes,299810816
driver,driver/body_backpressure_256KiB_budget,8,16.6909,report_span,0
driver,driver/body_backpressure_256KiB_budget,8,16.6909,requests,4
driver,driver/body_backpressure_256KiB_budget,8,16.6909,response_head_ms,1.768
driver,driver/body_backpressure_256KiB_budget,8,16.6909,response_heads,4
driver,driver/body_backpressure_256KiB_budget,8,16.6909,resumes,190
driver,driver/body_backpressure_256KiB_budget,8,16.6909,running_reports,1
driver,driver/body_backpressure_256KiB_budget,8,16.6909,served_bytes,12582912
driver,driver/body_backpressure_256KiB_budget,8,16.6909,submitted,4
driver,driver/body_backpressure_256KiB_budget,8,16.6909,to_first_report,14.945791
driver,driver/body_backpressure_256KiB_budget,8,16.6909,total,14.9535
driver,driver/body_backpressure_256KiB_budget,8,16.6909,unique_bytes,12582912
driver,driver/body_backpressure_256KiB_budget,8,16.6909,verified,1
driver,driver/body_backpressure_256KiB_budget,8,16.6909,writer_blocks,197
driver,driver/body_backpressure_256KiB_budget,8,16.6909,writer_bytes,12582912
driver,driver/body_backpressure_256KiB_budget,8,16.6909,writer_seeks,177
driver,driver/body_backpressure_256KiB_budget,9,16.9195,active,0
driver,driver/body_backpressure_256KiB_budget,9,16.9195,avg_block_bytes,65196.43523316062
driver,driver/body_backpressure_256KiB_budget,9,16.9195,body_reads,779
driver,driver/body_backpressure_256KiB_budget,9,16.9195,body_wait_ms,2.44
driver,driver/body_backpressure_256KiB_budget,9,16.9195,cache_copied_bytes,12582912
driver,driver/body_backpressure_256KiB_budget,9,16.9195,cache_evicted_bytes,12582912
driver,driver/body_backpressure_256KiB_budget,9,16.9195,cancelled,0
driver,driver/body_backpressure_256KiB_budget,9,16.9195,checksum_ms,0
driver,driver/body_backpressure_256KiB_budget,9,16.9195,commands,172
driver,driver/body_backpressure_256KiB_budget,9,16.9195,completed,4
driver,driver/body_backpressure_256KiB_budget,9,16.9195,connections,4
driver,driver/body_backpressure_256KiB_budget,9,16.9195,cpu_ms,16.920000000000712
driver,driver/body_backpressure_256KiB_budget,9,16.9195,cpu_percent,100.0031975017683
driver,driver/body_backpressure_256KiB_budget,9,16.9195,distinct_ranges,4
driver,driver/body_backpressure_256KiB_budget,9,16.9195,duplicate_bytes,0
driver,driver/body_backpressure_256KiB_budget,9,16.9195,failed,0
driver,driver/body_backpressure_256KiB_budget,9,16.9195,file_bytes,12582912
driver,driver/body_backpressure_256KiB_budget,9,16.9195,fsync_calls,1
driver,driver/body_backpressure_256KiB_budget,9,16.9195,fsync_ms,6.256
driver,driver/body_backpressure_256KiB_budget,9,16.9195,loops,123
driver,driver/body_backpressure_256KiB_budget,9,16.9195,max_command_latency_ms,0.113
driver,driver/body_backpressure_256KiB_budget,9,16.9195,pauses,168
driver,driver/body_backpressure_256KiB_budget,9,16.9195,pools,1
driver,driver/body_backpressure_256KiB_budget,9,16.9195,prealloc_ms,2.964
driver,driver/body_backpressure_256KiB_budget,9,16.9195,process_peak_rss_bytes,299810816
driver,driver/body_backpressure_256KiB_budget,9,16.9195,requests,4
driver,driver/body_backpressure_256KiB_budget,9,16.9195,response_head_ms,1.52
driver,driver/body_backpressure_256KiB_budget,9,16.9195,response_heads,4
driver,driver/body_backpressure_256KiB_budget,9,16.9195,resumes,168
driver,driver/body_backpressure_256KiB_budget,9,16.9195,running_reports,0
driver,driver/body_backpressure_256KiB_budget,9,16.9195,served_bytes,12582912
driver,driver/body_backpressure_256KiB_budget,9,16.9195,submitted,4
driver,driver/body_backpressure_256KiB_budget,9,16.9195,total,15.24375
driver,driver/body_backpressure_256KiB_budget,9,16.9195,unique_bytes,12582912
driver,driver/body_backpressure_256KiB_budget,9,16.9195,verified,1
driver,driver/body_backpressure_256KiB_budget,9,16.9195,writer_blocks,193
driver,driver/body_backpressure_256KiB_budget,9,16.9195,writer_bytes,12582912
driver,driver/body_backpressure_256KiB_budget,9,16.9195,writer_seeks,176
driver,driver/idle_pool_loop_rate,0,316.1368,active,0
driver,driver/idle_pool_loop_rate,0,316.1368,cancelled,0
driver,driver/idle_pool_loop_rate,0,316.1368,commands,6
driver,driver/idle_pool_loop_rate,0,316.1368,completed,4
driver,driver/idle_pool_loop_rate,0,316.1368,connections,4
driver,driver/idle_pool_loop_rate,0,316.1368,cpu_ms,11.14499999999996
driver,driver/idle_pool_loop_rate,0,316.1368,cpu_percent,3.5253721922367585
driver,driver/idle_pool_loop_rate,0,316.1368,idle_loops,0
driver,driver/idle_pool_loop_rate,0,316.1368,idle_loops_per_sec,0
driver,driver/idle_pool_loop_rate,0,316.1368,loops,92
driver,driver/idle_pool_loop_rate,0,316.1368,max_command_latency_ms,0.029
driver,driver/idle_pool_loop_rate,0,316.1368,pauses,2
driver,driver/idle_pool_loop_rate,0,316.1368,pools,1
driver,driver/idle_pool_loop_rate,0,316.1368,process_peak_rss_bytes,299810816
driver,driver/idle_pool_loop_rate,0,316.1368,resumes,2
driver,driver/idle_pool_loop_rate,0,316.1368,submitted,4
driver,driver/idle_pool_loop_rate,0,316.1368,total,302.305542
driver,driver/idle_pool_loop_rate,1,330.0394,active,0
driver,driver/idle_pool_loop_rate,1,330.0394,cancelled,0
driver,driver/idle_pool_loop_rate,1,330.0394,commands,31
driver,driver/idle_pool_loop_rate,1,330.0394,completed,4
driver,driver/idle_pool_loop_rate,1,330.0394,connections,4
driver,driver/idle_pool_loop_rate,1,330.0394,cpu_ms,34.39499999999995
driver,driver/idle_pool_loop_rate,1,330.0394,cpu_percent,10.421482474016113
driver,driver/idle_pool_loop_rate,1,330.0394,idle_loops,0
driver,driver/idle_pool_loop_rate,1,330.0394,idle_loops_per_sec,0
driver,driver/idle_pool_loop_rate,1,330.0394,loops,59
driver,driver/idle_pool_loop_rate,1,330.0394,max_command_latency_ms,0.472
driver,driver/idle_pool_loop_rate,1,330.0394,pauses,27
driver,driver/idle_pool_loop_rate,1,330.0394,pools,1
driver,driver/idle_pool_loop_rate,1,330.0394,process_peak_rss_bytes,299810816
driver,driver/idle_pool_loop_rate,1,330.0394,resumes,27
driver,driver/idle_pool_loop_rate,1,330.0394,submitted,4
driver,driver/idle_pool_loop_rate,1,330.0394,total,300.773834
driver,driver/idle_pool_loop_rate,2,344.1860,active,0
driver,driver/idle_pool_loop_rate,2,344.1860,cancelled,0
driver,driver/idle_pool_loop_rate,2,344.1860,commands,31
driver,driver/idle_pool_loop_rate,2,344.1860,completed,4
driver,driver/idle_pool_loop_rate,2,344.1860,connections,4
driver,driver/idle_pool_loop_rate,2,344.1860,cpu_ms,27.38399999999963
driver,driver/idle_pool_loop_rate,2,344.1860,cpu_percent,7.956163237319251
driver,driver/idle_pool_loop_rate,2,344.1860,idle_loops,0
driver,driver/idle_pool_loop_rate,2,344.1860,idle_loops_per_sec,0
driver,driver/idle_pool_loop_rate,2,344.1860,loops,72
driver,driver/idle_pool_loop_rate,2,344.1860,max_command_latency_ms,0.415
driver,driver/idle_pool_loop_rate,2,344.1860,pauses,27
driver,driver/idle_pool_loop_rate,2,344.1860,pools,1
driver,driver/idle_pool_loop_rate,2,344.1860,process_peak_rss_bytes,299810816
driver,driver/idle_pool_loop_rate,2,344.1860,resumes,27
driver,driver/idle_pool_loop_rate,2,344.1860,submitted,4
driver,driver/idle_pool_loop_rate,2,344.1860,total,302.399209
driver,driver/idle_pool_loop_rate,3,327.3485,active,0
driver,driver/idle_pool_loop_rate,3,327.3485,cancelled,0
driver,driver/idle_pool_loop_rate,3,327.3485,commands,29
driver,driver/idle_pool_loop_rate,3,327.3485,completed,4
driver,driver/idle_pool_loop_rate,3,327.3485,connections,4
driver,driver/idle_pool_loop_rate,3,327.3485,cpu_ms,29.721999999999582
driver,driver/idle_pool_loop_rate,3,327.3485,cpu_percent,9.079621202919972
driver,driver/idle_pool_loop_rate,3,327.3485,idle_loops,0
driver,driver/idle_pool_loop_rate,3,327.3485,idle_loops_per_sec,0
driver,driver/idle_pool_loop_rate,3,327.3485,loops,81
driver,driver/idle_pool_loop_rate,3,327.3485,max_command_latency_ms,0.788
driver,driver/idle_pool_loop_rate,3,327.3485,pauses,25
driver,driver/idle_pool_loop_rate,3,327.3485,pools,1
driver,driver/idle_pool_loop_rate,3,327.3485,process_peak_rss_bytes,299810816
driver,driver/idle_pool_loop_rate,3,327.3485,resumes,25
driver,driver/idle_pool_loop_rate,3,327.3485,submitted,4
driver,driver/idle_pool_loop_rate,3,327.3485,total,301.713292
driver,driver/idle_pool_loop_rate,4,352.0159,active,0
driver,driver/idle_pool_loop_rate,4,352.0159,cancelled,0
driver,driver/idle_pool_loop_rate,4,352.0159,commands,35
driver,driver/idle_pool_loop_rate,4,352.0159,completed,5
driver,driver/idle_pool_loop_rate,4,352.0159,connections,4
driver,driver/idle_pool_loop_rate,4,352.0159,cpu_ms,38.15499999999972
driver,driver/idle_pool_loop_rate,4,352.0159,cpu_percent,10.838999803630935
driver,driver/idle_pool_loop_rate,4,352.0159,idle_loops,0
driver,driver/idle_pool_loop_rate,4,352.0159,idle_loops_per_sec,0
driver,driver/idle_pool_loop_rate,4,352.0159,loops,82
driver,driver/idle_pool_loop_rate,4,352.0159,max_command_latency_ms,21.261
driver,driver/idle_pool_loop_rate,4,352.0159,pauses,30
driver,driver/idle_pool_loop_rate,4,352.0159,pools,1
driver,driver/idle_pool_loop_rate,4,352.0159,process_peak_rss_bytes,299810816
driver,driver/idle_pool_loop_rate,4,352.0159,resumes,30
driver,driver/idle_pool_loop_rate,4,352.0159,submitted,5
driver,driver/idle_pool_loop_rate,4,352.0159,total,302.090792
driver,driver/idle_pool_loop_rate,5,327.6550,active,0
driver,driver/idle_pool_loop_rate,5,327.6550,cancelled,0
driver,driver/idle_pool_loop_rate,5,327.6550,commands,24
driver,driver/idle_pool_loop_rate,5,327.6550,completed,4
driver,driver/idle_pool_loop_rate,5,327.6550,connections,4
driver,driver/idle_pool_loop_rate,5,327.6550,cpu_ms,35.968999999999696
driver,driver/idle_pool_loop_rate,5,327.6550,cpu_percent,10.977706615384008
driver,driver/idle_pool_loop_rate,5,327.6550,idle_loops,0
driver,driver/idle_pool_loop_rate,5,327.6550,idle_loops_per_sec,0
driver,driver/idle_pool_loop_rate,5,327.6550,loops,63
driver,driver/idle_pool_loop_rate,5,327.6550,max_command_latency_ms,0.426
driver,driver/idle_pool_loop_rate,5,327.6550,pauses,20
driver,driver/idle_pool_loop_rate,5,327.6550,pools,1
driver,driver/idle_pool_loop_rate,5,327.6550,process_peak_rss_bytes,299810816
driver,driver/idle_pool_loop_rate,5,327.6550,resumes,20
driver,driver/idle_pool_loop_rate,5,327.6550,submitted,4
driver,driver/idle_pool_loop_rate,5,327.6550,total,301.079916
driver,driver/idle_pool_loop_rate,6,327.0846,active,0
driver,driver/idle_pool_loop_rate,6,327.0846,cancelled,0
driver,driver/idle_pool_loop_rate,6,327.0846,commands,17
driver,driver/idle_pool_loop_rate,6,327.0846,completed,5
driver,driver/idle_pool_loop_rate,6,327.0846,connections,4
driver,driver/idle_pool_loop_rate,6,327.0846,cpu_ms,35.92999999999957
driver,driver/idle_pool_loop_rate,6,327.0846,cpu_percent,10.984924772908409
driver,driver/idle_pool_loop_rate,6,327.0846,idle_loops,0
driver,driver/idle_pool_loop_rate,6,327.0846,idle_loops_per_sec,0
driver,driver/idle_pool_loop_rate,6,327.0846,loops,94
driver,driver/idle_pool_loop_rate,6,327.0846,max_command_latency_ms,0.144
driver,driver/idle_pool_loop_rate,6,327.0846,pauses,12
driver,driver/idle_pool_loop_rate,6,327.0846,pools,1
driver,driver/idle_pool_loop_rate,6,327.0846,process_peak_rss_bytes,299810816
driver,driver/idle_pool_loop_rate,6,327.0846,resumes,12
driver,driver/idle_pool_loop_rate,6,327.0846,submitted,5
driver,driver/idle_pool_loop_rate,6,327.0846,total,302.075834
driver,driver/idle_pool_loop_rate,7,328.5829,active,0
driver,driver/idle_pool_loop_rate,7,328.5829,cancelled,0
driver,driver/idle_pool_loop_rate,7,328.5829,commands,33
driver,driver/idle_pool_loop_rate,7,328.5829,completed,5
driver,driver/idle_pool_loop_rate,7,328.5829,connections,4
driver,driver/idle_pool_loop_rate,7,328.5829,cpu_ms,31.85799999999972
driver,driver/idle_pool_loop_rate,7,328.5829,cpu_percent,9.695574069346844
driver,driver/idle_pool_loop_rate,7,328.5829,idle_loops,0
driver,driver/idle_pool_loop_rate,7,328.5829,idle_loops_per_sec,0
driver,driver/idle_pool_loop_rate,7,328.5829,loops,67
driver,driver/idle_pool_loop_rate,7,328.5829,max_command_latency_ms,0.348
driver,driver/idle_pool_loop_rate,7,328.5829,pauses,28
driver,driver/idle_pool_loop_rate,7,328.5829,pools,1
driver,driver/idle_pool_loop_rate,7,328.5829,process_peak_rss_bytes,299810816
driver,driver/idle_pool_loop_rate,7,328.5829,resumes,28
driver,driver/idle_pool_loop_rate,7,328.5829,submitted,5
driver,driver/idle_pool_loop_rate,7,328.5829,total,302.120458
driver,driver/idle_pool_loop_rate,8,327.7388,active,0
driver,driver/idle_pool_loop_rate,8,327.7388,cancelled,0
driver,driver/idle_pool_loop_rate,8,327.7388,commands,21
driver,driver/idle_pool_loop_rate,8,327.7388,completed,5
driver,driver/idle_pool_loop_rate,8,327.7388,connections,4
driver,driver/idle_pool_loop_rate,8,327.7388,cpu_ms,33.42299999999998
driver,driver/idle_pool_loop_rate,8,327.7388,cpu_percent,10.19805910458569
driver,driver/idle_pool_loop_rate,8,327.7388,idle_loops,0
driver,driver/idle_pool_loop_rate,8,327.7388,idle_loops_per_sec,0
driver,driver/idle_pool_loop_rate,8,327.7388,loops,61
driver,driver/idle_pool_loop_rate,8,327.7388,max_command_latency_ms,0.201
driver,driver/idle_pool_loop_rate,8,327.7388,pauses,16
driver,driver/idle_pool_loop_rate,8,327.7388,pools,1
driver,driver/idle_pool_loop_rate,8,327.7388,process_peak_rss_bytes,299810816
driver,driver/idle_pool_loop_rate,8,327.7388,resumes,16
driver,driver/idle_pool_loop_rate,8,327.7388,submitted,5
driver,driver/idle_pool_loop_rate,8,327.7388,total,302.4765
driver,driver/idle_pool_loop_rate,9,327.7984,active,0
driver,driver/idle_pool_loop_rate,9,327.7984,cancelled,0
driver,driver/idle_pool_loop_rate,9,327.7984,commands,30
driver,driver/idle_pool_loop_rate,9,327.7984,completed,5
driver,driver/idle_pool_loop_rate,9,327.7984,connections,4
driver,driver/idle_pool_loop_rate,9,327.7984,cpu_ms,36.439000000000554
driver,driver/idle_pool_loop_rate,9,327.7984,cpu_percent,11.116284514833412
driver,driver/idle_pool_loop_rate,9,327.7984,idle_loops,0
driver,driver/idle_pool_loop_rate,9,327.7984,idle_loops_per_sec,0
driver,driver/idle_pool_loop_rate,9,327.7984,loops,64
driver,driver/idle_pool_loop_rate,9,327.7984,max_command_latency_ms,0.313
driver,driver/idle_pool_loop_rate,9,327.7984,pauses,25
driver,driver/idle_pool_loop_rate,9,327.7984,pools,1
driver,driver/idle_pool_loop_rate,9,327.7984,process_peak_rss_bytes,299810816
driver,driver/idle_pool_loop_rate,9,327.7984,resumes,25
driver,driver/idle_pool_loop_rate,9,327.7984,submitted,5
driver,driver/idle_pool_loop_rate,9,327.7984,total,302.089834
driver,driver/two_origins_one_idle_pool,0,351.2432,active,0
driver,driver/two_origins_one_idle_pool,0,351.2432,cancelled,0
driver,driver/two_origins_one_idle_pool,0,351.2432,commands,55
driver,driver/two_origins_one_idle_pool,0,351.2432,completed,8
driver,driver/two_origins_one_idle_pool,0,351.2432,connections,8
driver,driver/two_origins_one_idle_pool,0,351.2432,cpu_ms,59.09399999999998
driver,driver/two_origins_one_idle_pool,0,351.2432,cpu_percent,16.824241879130984
driver,driver/two_origins_one_idle_pool,0,351.2432,idle_loops,0
driver,driver/two_origins_one_idle_pool,0,351.2432,idle_loops_per_sec,0
driver,driver/two_origins_one_idle_pool,0,351.2432,loops,140
driver,driver/two_origins_one_idle_pool,0,351.2432,max_command_latency_ms,0.326
driver,driver/two_origins_one_idle_pool,0,351.2432,pauses,47
driver,driver/two_origins_one_idle_pool,0,351.2432,pools,2
driver,driver/two_origins_one_idle_pool,0,351.2432,process_peak_rss_bytes,299810816
driver,driver/two_origins_one_idle_pool,0,351.2432,resumes,47
driver,driver/two_origins_one_idle_pool,0,351.2432,submitted,8
driver,driver/two_origins_one_idle_pool,0,351.2432,total,302.792417
driver,driver/two_origins_one_idle_pool,1,344.7702,active,0
driver,driver/two_origins_one_idle_pool,1,344.7702,cancelled,0
driver,driver/two_origins_one_idle_pool,1,344.7702,commands,39
driver,driver/two_origins_one_idle_pool,1,344.7702,completed,8
driver,driver/two_origins_one_idle_pool,1,344.7702,connections,8
driver,driver/two_origins_one_idle_pool,1,344.7702,cpu_ms,59.007000000000254
driver,driver/two_origins_one_idle_pool,1,344.7702,cpu_percent,17.11487994584782
driver,driver/two_origins_one_idle_pool,1,344.7702,idle_loops,0
driver,driver/two_origins_one_idle_pool,1,344.7702,idle_loops_per_sec,0
driver,driver/two_origins_one_idle_pool,1,344.7702,loops,143
driver,driver/two_origins_one_idle_pool,1,344.7702,max_command_latency_ms,0.227
driver,driver/two_origins_one_idle_pool,1,344.7702,pauses,31
driver,driver/two_origins_one_idle_pool,1,344.7702,pools,2
driver,driver/two_origins_one_idle_pool,1,344.7702,process_peak_rss_bytes,299810816
driver,driver/two_origins_one_idle_pool,1,344.7702,resumes,31
driver,driver/two_origins_one_idle_pool,1,344.7702,submitted,8
driver,driver/two_origins_one_idle_pool,1,344.7702,total,302.27987499999995
driver,driver/two_origins_one_idle_pool,2,349.0548,active,0
driver,driver/two_origins_one_idle_pool,2,349.0548,cancelled,0
driver,driver/two_origins_one_idle_pool,2,349.0548,commands,53
driver,driver/two_origins_one_idle_pool,2,349.0548,completed,8
driver,driver/two_origins_one_idle_pool,2,349.0548,connections,8
driver,driver/two_origins_one_idle_pool,2,349.0548,cpu_ms,61.518000000000406
driver,driver/two_origins_one_idle_pool,2,349.0548,cpu_percent,17.624167153677238
driver,driver/two_origins_one_idle_pool,2,349.0548,idle_loops,0
driver,driver/two_origins_one_idle_pool,2,349.0548,idle_loops_per_sec,0
driver,driver/two_origins_one_idle_pool,2,349.0548,loops,142
driver,driver/two_origins_one_idle_pool,2,349.0548,max_command_latency_ms,0.726
driver,driver/two_origins_one_idle_pool,2,349.0548,pauses,45
driver,driver/two_origins_one_idle_pool,2,349.0548,pools,2
driver,driver/two_origins_one_idle_pool,2,349.0548,process_peak_rss_bytes,299810816
driver,driver/two_origins_one_idle_pool,2,349.0548,resumes,45
driver,driver/two_origins_one_idle_pool,2,349.0548,submitted,8
driver,driver/two_origins_one_idle_pool,2,349.0548,total,302.282
driver,driver/two_origins_one_idle_pool,3,343.5448,active,0
driver,driver/two_origins_one_idle_pool,3,343.5448,cancelled,0
driver,driver/two_origins_one_idle_pool,3,343.5448,commands,32
driver,driver/two_origins_one_idle_pool,3,343.5448,completed,9
driver,driver/two_origins_one_idle_pool,3,343.5448,connections,8
driver,driver/two_origins_one_idle_pool,3,343.5448,cpu_ms,58.74299999999977
driver,driver/two_origins_one_idle_pool,3,343.5448,cpu_percent,17.099082433947764
driver,driver/two_origins_one_idle_pool,3,343.5448,idle_loops,0
driver,driver/two_origins_one_idle_pool,3,343.5448,idle_loops_per_sec,0
driver,driver/two_origins_one_idle_pool,3,343.5448,loops,158
driver,driver/two_origins_one_idle_pool,3,343.5448,max_command_latency_ms,0.495
driver,driver/two_origins_one_idle_pool,3,343.5448,pauses,23
driver,driver/two_origins_one_idle_pool,3,343.5448,pools,2
driver,driver/two_origins_one_idle_pool,3,343.5448,process_peak_rss_bytes,299810816
driver,driver/two_origins_one_idle_pool,3,343.5448,resumes,23
driver,driver/two_origins_one_idle_pool,3,343.5448,submitted,9
driver,driver/two_origins_one_idle_pool,3,343.5448,total,301.785791
driver,driver/two_origins_one_idle_pool,4,350.3799,active,0
driver,driver/two_origins_one_idle_pool,4,350.3799,cancelled,0
driver,driver/two_origins_one_idle_pool,4,350.3799,commands,37
driver,driver/two_origins_one_idle_pool,4,350.3799,completed,9
driver,driver/two_origins_one_idle_pool,4,350.3799,connections,8
driver,driver/two_origins_one_idle_pool,4,350.3799,cpu_ms,62.8289999999998
driver,driver/two_origins_one_idle_pool,4,350.3799,cpu_percent,17.931678430073895
driver,driver/two_origins_one_idle_pool,4,350.3799,idle_loops,0
driver,driver/two_origins_one_idle_pool,4,350.3799,idle_loops_per_sec,0
driver,driver/two_origins_one_idle_pool,4,350.3799,loops,171
driver,driver/two_origins_one_idle_pool,4,350.3799,max_command_latency_ms,0.341
driver,driver/two_origins_one_idle_pool,4,350.3799,pauses,28
driver,driver/two_origins_one_idle_pool,4,350.3799,pools,2
driver,driver/two_origins_one_idle_pool,4,350.3799,process_peak_rss_bytes,299810816
driver,driver/two_origins_one_idle_pool,4,350.3799,resumes,28
driver,driver/two_origins_one_idle_pool,4,350.3799,submitted,9
driver,driver/two_origins_one_idle_pool,4,350.3799,total,301.92087499999997
driver,driver/two_origins_one_idle_pool,5,349.8315,active,0
driver,driver/two_origins_one_idle_pool,5,349.8315,cancelled,0
driver,driver/two_origins_one_idle_pool,5,349.8315,commands,38
driver,driver/two_origins_one_idle_pool,5,349.8315,completed,10
driver,driver/two_origins_one_idle_pool,5,349.8315,connections,8
driver,driver/two_origins_one_idle_pool,5,349.8315,cpu_ms,59.772999999999854
driver,driver/two_origins_one_idle_pool,5,349.8315,cpu_percent,17.086223745942227
driver,driver/two_origins_one_idle_pool,5,349.8315,idle_loops,0
driver,driver/two_origins_one_idle_pool,5,349.8315,idle_loops_per_sec,0
driver,driver/two_origins_one_idle_pool,5,349.8315,loops,177
driver,driver/two_origins_one_idle_pool,5,349.8315,max_command_latency_ms,0.362
driver,driver/two_origins_one_idle_pool,5,349.8315,pauses,28
driver,driver/two_origins_one_idle_pool,5,349.8315,pools,2
driver,driver/two_origins_one_idle_pool,5,349.8315,process_peak_rss_bytes,299810816
driver,driver/two_origins_one_idle_pool,5,349.8315,resumes,28
driver,driver/two_origins_one_idle_pool,5,349.8315,submitted,10
driver,driver/two_origins_one_idle_pool,5,349.8315,total,302.327625
driver,driver/two_origins_one_idle_pool,6,348.6764,active,0
driver,driver/two_origins_one_idle_pool,6,348.6764,cancelled,0
driver,driver/two_origins_one_idle_pool,6,348.6764,commands,36
driver,driver/two_origins_one_idle_pool,6,348.6764,completed,8
driver,driver/two_origins_one_idle_pool,6,348.6764,connections,8
driver,driver/two_origins_one_idle_pool,6,348.6764,cpu_ms,68.07499999999945
driver,driver/two_origins_one_idle_pool,6,348.6764,cpu_percent,19.523832608386428
driver,driver/two_origins_one_idle_pool,6,348.6764,idle_loops,0
driver,driver/two_origins_one_idle_pool,6,348.6764,idle_loops_per_sec,0
driver,driver/two_origins_one_idle_pool,6,348.6764,loops,167
driver,driver/two_origins_one_idle_pool,6,348.6764,max_command_latency_ms,0.239
driver,driver/two_origins_one_idle_pool,6,348.6764,pauses,28
driver,driver/two_origins_one_idle_pool,6,348.6764,pools,2
driver,driver/two_origins_one_idle_pool,6,348.6764,process_peak_rss_bytes,299810816
driver,driver/two_origins_one_idle_pool,6,348.6764,resumes,28
driver,driver/two_origins_one_idle_pool,6,348.6764,submitted,8
driver,driver/two_origins_one_idle_pool,6,348.6764,total,301.42562499999997
driver,driver/two_origins_one_idle_pool,7,354.3917,active,0
driver,driver/two_origins_one_idle_pool,7,354.3917,cancelled,0
driver,driver/two_origins_one_idle_pool,7,354.3917,commands,44
driver,driver/two_origins_one_idle_pool,7,354.3917,completed,9
driver,driver/two_origins_one_idle_pool,7,354.3917,connections,8
driver,driver/two_origins_one_idle_pool,7,354.3917,cpu_ms,65.74599999999987
driver,driver/two_origins_one_idle_pool,7,354.3917,cpu_percent,18.551790609681536
driver,driver/two_origins_one_idle_pool,7,354.3917,idle_loops,0
driver,driver/two_origins_one_idle_pool,7,354.3917,idle_loops_per_sec,0
driver,driver/two_origins_one_idle_pool,7,354.3917,loops,116
driver,driver/two_origins_one_idle_pool,7,354.3917,max_command_latency_ms,0.587
driver,driver/two_origins_one_idle_pool,7,354.3917,pauses,35
driver,driver/two_origins_one_idle_pool,7,354.3917,pools,2
driver,driver/two_origins_one_idle_pool,7,354.3917,process_peak_rss_bytes,299810816
driver,driver/two_origins_one_idle_pool,7,354.3917,resumes,35
driver,driver/two_origins_one_idle_pool,7,354.3917,submitted,9
driver,driver/two_origins_one_idle_pool,7,354.3917,total,301.73341700000003
driver,driver/two_origins_one_idle_pool,8,347.6456,active,0
driver,driver/two_origins_one_idle_pool,8,347.6456,cancelled,0
driver,driver/two_origins_one_idle_pool,8,347.6456,commands,32
driver,driver/two_origins_one_idle_pool,8,347.6456,completed,9
driver,driver/two_origins_one_idle_pool,8,347.6456,connections,8
driver,driver/two_origins_one_idle_pool,8,347.6456,cpu_ms,61.27700000000047
driver,driver/two_origins_one_idle_pool,8,347.6456,cpu_percent,17.626284640584796
driver,driver/two_origins_one_idle_pool,8,347.6456,idle_loops,0
driver,driver/two_origins_one_idle_pool,8,347.6456,idle_loops_per_sec,0
driver,driver/two_origins_one_idle_pool,8,347.6456,loops,148
driver,driver/two_origins_one_idle_pool,8,347.6456,max_command_latency_ms,0.231
driver,driver/two_origins_one_idle_pool,8,347.6456,pauses,23
driver,driver/two_origins_one_idle_pool,8,347.6456,pools,2
driver,driver/two_origins_one_idle_pool,8,347.6456,process_peak_rss_bytes,299810816
driver,driver/two_origins_one_idle_pool,8,347.6456,resumes,23
driver,driver/two_origins_one_idle_pool,8,347.6456,submitted,9
driver,driver/two_origins_one_idle_pool,8,347.6456,total,301.202833
driver,driver/two_origins_one_idle_pool,9,402.0589,active,0
driver,driver/two_origins_one_idle_pool,9,402.0589,cancelled,0
driver,driver/two_origins_one_idle_pool,9,402.0589,commands,49
driver,driver/two_origins_one_idle_pool,9,402.0589,completed,9
driver,driver/two_origins_one_idle_pool,9,402.0589,connections,8
driver,driver/two_origins_one_idle_pool,9,402.0589,cpu_ms,72.2769999999997
driver,driver/two_origins_one_idle_pool,9,402.0589,cpu_percent,17.976718616034795
driver,driver/two_origins_one_idle_pool,9,402.0589,idle_loops,0
driver,driver/two_origins_one_idle_pool,9,402.0589,idle_loops_per_sec,0
driver,driver/two_origins_one_idle_pool,9,402.0589,loops,174
driver,driver/two_origins_one_idle_pool,9,402.0589,max_command_latency_ms,23.967
driver,driver/two_origins_one_idle_pool,9,402.0589,pauses,40
driver,driver/two_origins_one_idle_pool,9,402.0589,pools,2
driver,driver/two_origins_one_idle_pool,9,402.0589,process_peak_rss_bytes,299810816
driver,driver/two_origins_one_idle_pool,9,402.0589,resumes,40
driver,driver/two_origins_one_idle_pool,9,402.0589,submitted,9
driver,driver/two_origins_one_idle_pool,9,402.0589,total,302.080583
driver,driver/cancel_latency,0,33.7883,active,0
driver,driver/cancel_latency,0,33.7883,cancel_ms,26.738999999999997
driver,driver/cancel_latency,0,33.7883,cancelled,1
driver,driver/cancel_latency,0,33.7883,commands,8
driver,driver/cancel_latency,0,33.7883,completed,0
driver,driver/cancel_latency,0,33.7883,connections,0
driver,driver/cancel_latency,0,33.7883,cpu_ms,5.924000000000262
driver,driver/cancel_latency,0,33.7883,cpu_percent,17.532700899256085
driver,driver/cancel_latency,0,33.7883,file_bytes,0
driver,driver/cancel_latency,0,33.7883,loops,9
driver,driver/cancel_latency,0,33.7883,max_command_latency_ms,0.653
driver,driver/cancel_latency,0,33.7883,pauses,0
driver,driver/cancel_latency,0,33.7883,pools,1
driver,driver/cancel_latency,0,33.7883,process_peak_rss_bytes,299810816
driver,driver/cancel_latency,0,33.7883,resumes,0
driver,driver/cancel_latency,0,33.7883,submitted,4
driver,driver/cancel_latency,0,33.7883,total,26.738999999999997
driver,driver/cancel_latency,1,21.1277,active,0
driver,driver/cancel_latency,1,21.1277,cancel_ms,15.312209000000001
driver,driver/cancel_latency,1,21.1277,cancelled,1
driver,driver/cancel_latency,1,21.1277,commands,8
driver,driver/cancel_latency,1,21.1277,completed,0
driver,driver/cancel_latency,1,21.1277,connections,0
driver,driver/cancel_latency,1,21.1277,cpu_ms,6.224999999999703
driver,driver/cancel_latency,1,21.1277,cpu_percent,29.463737262789476
driver,driver/cancel_latency,1,21.1277,file_bytes,0
driver,driver/cancel_latency,1,21.1277,loops,9
driver,driver/cancel_latency,1,21.1277,max_command_latency_ms,0.471
driver,driver/cancel_latency,1,21.1277,pauses,0
driver,driver/cancel_latency,1,21.1277,pools,1
driver,driver/cancel_latency,1,21.1277,process_peak_rss_bytes,299810816
driver,driver/cancel_latency,1,21.1277,resumes,0
driver,driver/cancel_latency,1,21.1277,submitted,4
driver,driver/cancel_latency,1,21.1277,total,15.312209000000001
driver,driver/cancel_latency,2,23.7278,active,0
driver,driver/cancel_latency,2,23.7278,cancel_ms,18.183999999999997
driver,driver/cancel_latency,2,23.7278,cancelled,1
driver,driver/cancel_latency,2,23.7278,commands,8
driver,driver/cancel_latency,2,23.7278,completed,0
driver,driver/cancel_latency,2,23.7278,connections,0
driver,driver/cancel_latency,2,23.7278,cpu_ms,4.64500000000001
driver,driver/cancel_latency,2,23.7278,cpu_percent,19.57619992623001
driver,driver/cancel_latency,2,23.7278,file_bytes,0
driver,driver/cancel_latency,2,23.7278,loops,8
driver,driver/cancel_latency,2,23.7278,max_command_latency_ms,0.374
driver,driver/cancel_latency,2,23.7278,pauses,0
driver,driver/cancel_latency,2,23.7278,pools,1
driver,driver/cancel_latency,2,23.7278,process_peak_rss_bytes,299810816
driver,driver/cancel_latency,2,23.7278,resumes,0
driver,driver/cancel_latency,2,23.7278,submitted,4
driver,driver/cancel_latency,2,23.7278,total,18.183999999999997
driver,driver/cancel_latency,3,18.1017,active,0
driver,driver/cancel_latency,3,18.1017,cancel_ms,11.930584
driver,driver/cancel_latency,3,18.1017,cancelled,1
driver,driver/cancel_latency,3,18.1017,commands,8
driver,driver/cancel_latency,3,18.1017,completed,0
driver,driver/cancel_latency,3,18.1017,connections,0
driver,driver/cancel_latency,3,18.1017,cpu_ms,3.8600000000004187
driver,driver/cancel_latency,3,18.1017,cpu_percent,21.323905147294703
driver,driver/cancel_latency,3,18.1017,file_bytes,0
driver,driver/cancel_latency,3,18.1017,loops,13
driver,driver/cancel_latency,3,18.1017,max_command_latency_ms,0.13
driver,driver/cancel_latency,3,18.1017,pauses,0
driver,driver/cancel_latency,3,18.1017,pools,1
driver,driver/cancel_latency,3,18.1017,process_peak_rss_bytes,299810816
driver,driver/cancel_latency,3,18.1017,resumes,0
driver,driver/cancel_latency,3,18.1017,submitted,4
driver,driver/cancel_latency,3,18.1017,total,11.930584
driver,driver/cancel_latency,4,20.3807,active,0
driver,driver/cancel_latency,4,20.3807,cancel_ms,14.611709000000001
driver,driver/cancel_latency,4,20.3807,cancelled,1
driver,driver/cancel_latency,4,20.3807,commands,8
driver,driver/cancel_latency,4,20.3807,completed,0
driver,driver/cancel_latency,4,20.3807,connections,0
driver,driver/cancel_latency,4,20.3807,cpu_ms,3.421999999999592
driver,driver/cancel_latency,4,20.3807,cpu_percent,16.790387419787958
driver,driver/cancel_latency,4,20.3807,file_bytes,0
driver,driver/cancel_latency,4,20.3807,loops,13
driver,driver/cancel_latency,4,20.3807,max_command_latency_ms,0.207
driver,driver/cancel_latency,4,20.3807,pauses,0
driver,driver/cancel_latency,4,20.3807,pools,1
driver,driver/cancel_latency,4,20.3807,process_peak_rss_bytes,299810816
driver,driver/cancel_latency,4,20.3807,resumes,0
driver,driver/cancel_latency,4,20.3807,submitted,4
driver,driver/cancel_latency,4,20.3807,total,14.611709000000001
driver,driver/cancel_latency,5,20.1874,active,0
driver,driver/cancel_latency,5,20.1874,cancel_ms,13.755666999999999
driver,driver/cancel_latency,5,20.1874,cancelled,1
driver,driver/cancel_latency,5,20.1874,commands,8
driver,driver/cancel_latency,5,20.1874,completed,0
driver,driver/cancel_latency,5,20.1874,connections,0
driver,driver/cancel_latency,5,20.1874,cpu_ms,2.690999999999555
driver,driver/cancel_latency,5,20.1874,cpu_percent,13.330085765799332
driver,driver/cancel_latency,5,20.1874,file_bytes,0
driver,driver/cancel_latency,5,20.1874,loops,12
driver,driver/cancel_latency,5,20.1874,max_command_latency_ms,0.077
driver,driver/cancel_latency,5,20.1874,pauses,0
driver,driver/cancel_latency,5,20.1874,pools,1
driver,driver/cancel_latency,5,20.1874,process_peak_rss_bytes,299810816
driver,driver/cancel_latency,5,20.1874,resumes,0
driver,driver/cancel_latency,5,20.1874,submitted,4
driver,driver/cancel_latency,5,20.1874,total,13.755666999999999
driver,driver/cancel_latency,6,18.9612,active,0
driver,driver/cancel_latency,6,18.9612,cancel_ms,12.543624999999999
driver,driver/cancel_latency,6,18.9612,cancelled,1
driver,driver/cancel_latency,6,18.9612,commands,8
driver,driver/cancel_latency,6,18.9612,completed,0
driver,driver/cancel_latency,6,18.9612,connections,0
driver,driver/cancel_latency,6,18.9612,cpu_ms,2.6570000000001315
driver,driver/cancel_latency,6,18.9612,cpu_percent,14.012789241216328
driver,driver/cancel_latency,6,18.9612,file_bytes,0
driver,driver/cancel_latency,6,18.9612,loops,13
driver,driver/cancel_latency,6,18.9612,max_command_latency_ms,0.088
driver,driver/cancel_latency,6,18.9612,pauses,0
driver,driver/cancel_latency,6,18.9612,pools,1
driver,driver/cancel_latency,6,18.9612,process_peak_rss_bytes,299810816
driver,driver/cancel_latency,6,18.9612,resumes,0
driver,driver/cancel_latency,6,18.9612,submitted,4
driver,driver/cancel_latency,6,18.9612,total,12.543624999999999
driver,driver/cancel_latency,7,17.0742,active,3
driver,driver/cancel_latency,7,17.0742,cancel_ms,9.853625
driver,driver/cancel_latency,7,17.0742,cancelled,1
driver,driver/cancel_latency,7,17.0742,commands,5
driver,driver/cancel_latency,7,17.0742,completed,0
driver,driver/cancel_latency,7,17.0742,connections,0
driver,driver/cancel_latency,7,17.0742,cpu_ms,2.994000000000163
driver,driver/cancel_latency,7,17.0742,cpu_percent,17.535177240582534
driver,driver/cancel_latency,7,17.0742,file_bytes,0
driver,driver/cancel_latency,7,17.0742,loops,11
driver,driver/cancel_latency,7,17.0742,max_command_latency_ms,0.019
driver,driver/cancel_latency,7,17.0742,pauses,0
driver,driver/cancel_latency,7,17.0742,pools,1
driver,driver/cancel_latency,7,17.0742,process_peak_rss_bytes,299810816
driver,driver/cancel_latency,7,17.0742,resumes,0
driver,driver/cancel_latency,7,17.0742,submitted,4
driver,driver/cancel_latency,7,17.0742,total,9.853625
driver,driver/cancel_latency,8,18.7517,active,2
driver,driver/cancel_latency,8,18.7517,cancel_ms,12.335666999999999
driver,driver/cancel_latency,8,18.7517,cancelled,1
driver,driver/cancel_latency,8,18.7517,commands,6
driver,driver/cancel_latency,8,18.7517,completed,0
driver,driver/cancel_latency,8,18.7517,connections,0
driver,driver/cancel_latency,8,18.7517,cpu_ms,3.4770000000001744
driver,driver/cancel_latency,8,18.7517,cpu_percent,18.54231091909161
driver,driver/cancel_latency,8,18.7517,file_bytes,0
driver,driver/cancel_latency,8,18.7517,loops,12
driver,driver/cancel_latency,8,18.7517,max_command_latency_ms,0.15
driver,driver/cancel_latency,8,18.7517,pauses,0
driver,driver/cancel_latency,8,18.7517,pools,1
driver,driver/cancel_latency,8,18.7517,process_peak_rss_bytes,299810816
driver,driver/cancel_latency,8,18.7517,resumes,0
driver,driver/cancel_latency,8,18.7517,submitted,4
driver,driver/cancel_latency,8,18.7517,total,12.335666999999999
driver,driver/cancel_latency,9,20.3011,active,0
driver,driver/cancel_latency,9,20.3011,cancel_ms,14.033166999999999
driver,driver/cancel_latency,9,20.3011,cancelled,1
driver,driver/cancel_latency,9,20.3011,commands,8
driver,driver/cancel_latency,9,20.3011,completed,0
driver,driver/cancel_latency,9,20.3011,connections,0
driver,driver/cancel_latency,9,20.3011,cpu_ms,3.1210000000001514
driver,driver/cancel_latency,9,20.3011,cpu_percent,15.373564060597905
driver,driver/cancel_latency,9,20.3011,file_bytes,0
driver,driver/cancel_latency,9,20.3011,loops,11
driver,driver/cancel_latency,9,20.3011,max_command_latency_ms,0.032
driver,driver/cancel_latency,9,20.3011,pauses,0
driver,driver/cancel_latency,9,20.3011,pools,1
driver,driver/cancel_latency,9,20.3011,process_peak_rss_bytes,299810816
driver,driver/cancel_latency,9,20.3011,resumes,0
driver,driver/cancel_latency,9,20.3011,submitted,4
driver,driver/cancel_latency,9,20.3011,total,14.033166999999999
driver,driver/stalled_pool_with_idle_pool,0,332.8317,active,1
driver,driver/stalled_pool_with_idle_pool,0,332.8317,cancel_ms,15.219792
driver,driver/stalled_pool_with_idle_pool,0,332.8317,cancelled,1
driver,driver/stalled_pool_with_idle_pool,0,332.8317,commands,8
driver,driver/stalled_pool_with_idle_pool,0,332.8317,completed,1
driver,driver/stalled_pool_with_idle_pool,0,332.8317,connections,1
driver,driver/stalled_pool_with_idle_pool,0,332.8317,cpu_ms,5.889000000000699
driver,driver/stalled_pool_with_idle_pool,0,332.8317,cpu_percent,1.769362889379363
driver,driver/stalled_pool_with_idle_pool,0,332.8317,held_loops,14
driver,driver/stalled_pool_with_idle_pool,0,332.8317,held_loops_per_sec,46.3458504934638
driver,driver/stalled_pool_with_idle_pool,0,332.8317,loops,32
driver,driver/stalled_pool_with_idle_pool,0,332.8317,max_command_latency_ms,0.093
driver,driver/stalled_pool_with_idle_pool,0,332.8317,pauses,0
driver,driver/stalled_pool_with_idle_pool,0,332.8317,pools,2
driver,driver/stalled_pool_with_idle_pool,0,332.8317,process_peak_rss_bytes,299810816
driver,driver/stalled_pool_with_idle_pool,0,332.8317,resumes,0
driver,driver/stalled_pool_with_idle_pool,0,332.8317,submitted,5
driver,driver/stalled_pool_with_idle_pool,0,332.8317,total,302.076666
driver,driver/stalled_pool_with_idle_pool,1,336.9652,active,0
driver,driver/stalled_pool_with_idle_pool,1,336.9652,cancel_ms,14.4275
driver,driver/stalled_pool_with_idle_pool,1,336.9652,cancelled,1
driver,driver/stalled_pool_with_idle_pool,1,336.9652,commands,9
driver,driver/stalled_pool_with_idle_pool,1,336.9652,completed,1
driver,driver/stalled_pool_with_idle_pool,1,336.9652,connections,1
driver,driver/stalled_pool_with_idle_pool,1,336.9652,cpu_ms,6.9790000000002905
driver,driver/stalled_pool_with_idle_pool,1,336.9652,cpu_percent,2.0711339578907544
driver,driver/stalled_pool_with_idle_pool,1,336.9652,held_loops,12
driver,driver/stalled_pool_with_idle_pool,1,336.9652,held_loops_per_sec,39.682430372141205
driver,driver/stalled_pool_with_idle_pool,1,336.9652,loops,33
driver,driver/stalled_pool_with_idle_pool,1,336.9652,max_command_latency_ms,0.204
driver,driver/stalled_pool_with_idle_pool,1,336.9652,pauses,0
driver,driver/stalled_pool_with_idle_pool,1,336.9652,pools,2
driver,driver/stalled_pool_with_idle_pool,1,336.9652,process_peak_rss_bytes,299810816
driver,driver/stalled_pool_with_idle_pool,1,336.9652,resumes,0
driver,driver/stalled_pool_with_idle_pool,1,336.9652,submitted,5
driver,driver/stalled_pool_with_idle_pool,1,336.9652,total,302.400833
driver,driver/stalled_pool_with_idle_pool,2,335.5064,active,0
driver,driver/stalled_pool_with_idle_pool,2,335.5064,cancel_ms,16.353541
driver,driver/stalled_pool_with_idle_pool,2,335.5064,cancelled,1
driver,driver/stalled_pool_with_idle_pool,2,335.5064,commands,9
driver,driver/stalled_pool_with_idle_pool,2,335.5064,completed,1
driver,driver/stalled_pool_with_idle_pool,2,335.5064,connections,1
driver,driver/stalled_pool_with_idle_pool,2,335.5064,cpu_ms,9.841000000000655
driver,driver/stalled_pool_with_idle_pool,2,335.5064,cpu_percent,2.9331782443778165
driver,driver/stalled_pool_with_idle_pool,2,335.5064,held_loops,16
driver,driver/stalled_pool_with_idle_pool,2,335.5064,held_loops_per_sec,52.99486554939292
driver,driver/stalled_pool_with_idle_pool,2,335.5064,loops,34
driver,driver/stalled_pool_with_idle_pool,2,335.5064,max_command_latency_ms,0.26
driver,driver/stalled_pool_with_idle_pool,2,335.5064,pauses,0
driver,driver/stalled_pool_with_idle_pool,2,335.5064,pools,2
driver,driver/stalled_pool_with_idle_pool,2,335.5064,process_peak_rss_bytes,299810816
driver,driver/stalled_pool_with_idle_pool,2,335.5064,resumes,0
driver,driver/stalled_pool_with_idle_pool,2,335.5064,submitted,5
driver,driver/stalled_pool_with_idle_pool,2,335.5064,total,301.916041
driver,driver/stalled_pool_with_idle_pool,3,335.0060,active,0
driver,driver/stalled_pool_with_idle_pool,3,335.0060,cancel_ms,17.836084
driver,driver/stalled_pool_with_idle_pool,3,335.0060,cancelled,1
driver,driver/stalled_pool_with_idle_pool,3,335.0060,commands,9
driver,driver/stalled_pool_with_idle_pool,3,335.0060,completed,1
driver,driver/stalled_pool_with_idle_pool,3,335.0060,connections,1
driver,driver/stalled_pool_with_idle_pool,3,335.0060,cpu_ms,6.4630000000001075
driver,driver/stalled_pool_with_idle_pool,3,335.0060,cpu_percent,1.929219420031959
driver,driver/stalled_pool_with_idle_pool,3,335.0060,held_loops,12
driver,driver/stalled_pool_with_idle_pool,3,335.0060,held_loops_per_sec,39.75271597760739
driver,driver/stalled_pool_with_idle_pool,3,335.0060,loops,33
driver,driver/stalled_pool_with_idle_pool,3,335.0060,max_command_latency_ms,0.153
driver,driver/stalled_pool_with_idle_pool,3,335.0060,pauses,0
driver,driver/stalled_pool_with_idle_pool,3,335.0060,pools,2
driver,driver/stalled_pool_with_idle_pool,3,335.0060,process_peak_rss_bytes,299810816
driver,driver/stalled_pool_with_idle_pool,3,335.0060,resumes,0
driver,driver/stalled_pool_with_idle_pool,3,335.0060,submitted,5
driver,driver/stalled_pool_with_idle_pool,3,335.0060,total,301.866167
driver,driver/stalled_pool_with_idle_pool,4,346.5107,active,0
driver,driver/stalled_pool_with_idle_pool,4,346.5107,cancel_ms,22.218
driver,driver/stalled_pool_with_idle_pool,4,346.5107,cancelled,1
driver,driver/stalled_pool_with_idle_pool,4,346.5107,commands,9
driver,driver/stalled_pool_with_idle_pool,4,346.5107,completed,1
driver,driver/stalled_pool_with_idle_pool,4,346.5107,connections,1
driver,driver/stalled_pool_with_idle_pool,4,346.5107,cpu_ms,8.431999999999995
driver,driver/stalled_pool_with_idle_pool,4,346.5107,cpu_percent,2.4334021383174966
driver,driver/stalled_pool_with_idle_pool,4,346.5107,held_loops,12
driver,driver/stalled_pool_with_idle_pool,4,346.5107,held_loops_per_sec,39.628444758700944
driver,driver/stalled_pool_with_idle_pool,4,346.5107,loops,34
driver,driver/stalled_pool_with_idle_pool,4,346.5107,max_command_latency_ms,0.391
driver,driver/stalled_pool_with_idle_pool,4,346.5107,pauses,0
driver,driver/stalled_pool_with_idle_pool,4,346.5107,pools,2
driver,driver/stalled_pool_with_idle_pool,4,346.5107,process_peak_rss_bytes,299810816
driver,driver/stalled_pool_with_idle_pool,4,346.5107,resumes,0
driver,driver/stalled_pool_with_idle_pool,4,346.5107,submitted,5
driver,driver/stalled_pool_with_idle_pool,4,346.5107,total,302.812792
driver,driver/stalled_pool_with_idle_pool,5,387.4201,active,0
driver,driver/stalled_pool_with_idle_pool,5,387.4201,cancel_ms,68.703208
driver,driver/stalled_pool_with_idle_pool,5,387.4201,cancelled,1
driver,driver/stalled_pool_with_idle_pool,5,387.4201,commands,9
driver,driver/stalled_pool_with_idle_pool,5,387.4201,completed,1
driver,driver/stalled_pool_with_idle_pool,5,387.4201,connections,1
driver,driver/stalled_pool_with_idle_pool,5,387.4201,cpu_ms,11.156999999999861
driver,driver/stalled_pool_with_idle_pool,5,387.4201,cpu_percent,2.8798197330415265
driver,driver/stalled_pool_with_idle_pool,5,387.4201,held_loops,15
driver,driver/stalled_pool_with_idle_pool,5,387.4201,held_loops_per_sec,49.580432367085955
driver,driver/stalled_pool_with_idle_pool,5,387.4201,loops,35
driver,driver/stalled_pool_with_idle_pool,5,387.4201,max_command_latency_ms,25.308
driver,driver/stalled_pool_with_idle_pool,5,387.4201,pauses,0
driver,driver/stalled_pool_with_idle_pool,5,387.4201,pools,2
driver,driver/stalled_pool_with_idle_pool,5,387.4201,process_peak_rss_bytes,299810816
driver,driver/stalled_pool_with_idle_pool,5,387.4201,resumes,0
driver,driver/stalled_pool_with_idle_pool,5,387.4201,submitted,5
driver,driver/stalled_pool_with_idle_pool,5,387.4201,total,302.53870900000004
driver,driver/stalled_pool_with_idle_pool,6,337.5533,active,0
driver,driver/stalled_pool_with_idle_pool,6,337.5533,cancel_ms,12.959584
driver,driver/stalled_pool_with_idle_pool,6,337.5533,cancelled,1
driver,driver/stalled_pool_with_idle_pool,6,337.5533,commands,9
driver,driver/stalled_pool_with_idle_pool,6,337.5533,completed,1
driver,driver/stalled_pool_with_idle_pool,6,337.5533,connections,1
driver,driver/stalled_pool_with_idle_pool,6,337.5533,cpu_ms,12.584999999999624
driver,driver/stalled_pool_with_idle_pool,6,337.5533,cpu_percent,3.7282997291570585
driver,driver/stalled_pool_with_idle_pool,6,337.5533,held_loops,15
driver,driver/stalled_pool_with_idle_pool,6,337.5533,held_loops_per_sec,49.69808413885645
driver,driver/stalled_pool_with_idle_pool,6,337.5533,loops,31
driver,driver/stalled_pool_with_idle_pool,6,337.5533,max_command_latency_ms,0.192
driver,driver/stalled_pool_with_idle_pool,6,337.5533,pauses,0
driver,driver/stalled_pool_with_idle_pool,6,337.5533,pools,2
driver,driver/stalled_pool_with_idle_pool,6,337.5533,process_peak_rss_bytes,299810816
driver,driver/stalled_pool_with_idle_pool,6,337.5533,resumes,0
driver,driver/stalled_pool_with_idle_pool,6,337.5533,submitted,5
driver,driver/stalled_pool_with_idle_pool,6,337.5533,total,301.8225
driver,driver/stalled_pool_with_idle_pool,7,345.4660,active,1
driver,driver/stalled_pool_with_idle_pool,7,345.4660,cancel_ms,20.498625
driver,driver/stalled_pool_with_idle_pool,7,345.4660,cancelled,1
driver,driver/stalled_pool_with_idle_pool,7,345.4660,commands,8
driver,driver/stalled_pool_with_idle_pool,7,345.4660,completed,1
driver,driver/stalled_pool_with_idle_pool,7,345.4660,connections,1
driver,driver/stalled_pool_with_idle_pool,7,345.4660,cpu_ms,10.335000000000427
driver,driver/stalled_pool_with_idle_pool,7,345.4660,cpu_percent,2.9916116944872546
driver,driver/stalled_pool_with_idle_pool,7,345.4660,held_loops,14
driver,driver/stalled_pool_with_idle_pool,7,345.4660,held_loops_per_sec,46.355466965107574
driver,driver/stalled_pool_with_idle_pool,7,345.4660,loops,32
driver,driver/stalled_pool_with_idle_pool,7,345.4660,max_command_latency_ms,0.135
driver,driver/stalled_pool_with_idle_pool,7,345.4660,pauses,0
driver,driver/stalled_pool_with_idle_pool,7,345.4660,pools,2
driver,driver/stalled_pool_with_idle_pool,7,345.4660,process_peak_rss_bytes,299810816
driver,driver/stalled_pool_with_idle_pool,7,345.4660,resumes,0
driver,driver/stalled_pool_with_idle_pool,7,345.4660,submitted,5
driver,driver/stalled_pool_with_idle_pool,7,345.4660,total,302.014
driver,driver/stalled_pool_with_idle_pool,8,344.7982,active,0
driver,driver/stalled_pool_with_idle_pool,8,344.7982,cancel_ms,19.861083
driver,driver/stalled_pool_with_idle_pool,8,344.7982,cancelled,1
driver,driver/stalled_pool_with_idle_pool,8,344.7982,commands,9
driver,driver/stalled_pool_with_idle_pool,8,344.7982,completed,1
driver,driver/stalled_pool_with_idle_pool,8,344.7982,connections,1
driver,driver/stalled_pool_with_idle_pool,8,344.7982,cpu_ms,10.952999999999768
driver,driver/stalled_pool_with_idle_pool,8,344.7982,cpu_percent,3.1766406396171782
driver,driver/stalled_pool_with_idle_pool,8,344.7982,held_loops,13
driver,driver/stalled_pool_with_idle_pool,8,344.7982,held_loops_per_sec,42.991248387311465
driver,driver/stalled_pool_with_idle_pool,8,344.7982,loops,32
driver,driver/stalled_pool_with_idle_pool,8,344.7982,max_command_latency_ms,0.24
driver,driver/stalled_pool_with_idle_pool,8,344.7982,pauses,0
driver,driver/stalled_pool_with_idle_pool,8,344.7982,pools,2
driver,driver/stalled_pool_with_idle_pool,8,344.7982,process_peak_rss_bytes,299810816
driver,driver/stalled_pool_with_idle_pool,8,344.7982,resumes,0
driver,driver/stalled_pool_with_idle_pool,8,344.7982,submitted,5
driver,driver/stalled_pool_with_idle_pool,8,344.7982,total,302.38712499999997
driver,driver/stalled_pool_with_idle_pool,9,341.0730,active,0
driver,driver/stalled_pool_with_idle_pool,9,341.0730,cancel_ms,16.016958000000002
driver,driver/stalled_pool_with_idle_pool,9,341.0730,cancelled,1
driver,driver/stalled_pool_with_idle_pool,9,341.0730,commands,9
driver,driver/stalled_pool_with_idle_pool,9,341.0730,completed,1
driver,driver/stalled_pool_with_idle_pool,9,341.0730,connections,1
driver,driver/stalled_pool_with_idle_pool,9,341.0730,cpu_ms,11.890000000000178
driver,driver/stalled_pool_with_idle_pool,9,341.0730,cpu_percent,3.4860572370138287
driver,driver/stalled_pool_with_idle_pool,9,341.0730,held_loops,13
driver,driver/stalled_pool_with_idle_pool,9,341.0730,held_loops_per_sec,43.09698830024178
driver,driver/stalled_pool_with_idle_pool,9,341.0730,loops,33
driver,driver/stalled_pool_with_idle_pool,9,341.0730,max_command_latency_ms,0.116
driver,driver/stalled_pool_with_idle_pool,9,341.0730,pauses,0
driver,driver/stalled_pool_with_idle_pool,9,341.0730,pools,2
driver,driver/stalled_pool_with_idle_pool,9,341.0730,process_peak_rss_bytes,299810816
driver,driver/stalled_pool_with_idle_pool,9,341.0730,resumes,0
driver,driver/stalled_pool_with_idle_pool,9,341.0730,submitted,5
driver,driver/stalled_pool_with_idle_pool,9,341.0730,total,301.645208
e2e,e2e/small_256KiB_single_connection,0,14.9872,avg_block_bytes,262144
e2e,e2e/small_256KiB_single_connection,0,14.9872,body_reads,18
e2e,e2e/small_256KiB_single_connection,0,14.9872,body_wait_ms,0.002
e2e,e2e/small_256KiB_single_connection,0,14.9872,cache_copied_bytes,262144
e2e,e2e/small_256KiB_single_connection,0,14.9872,cache_evicted_bytes,262144
e2e,e2e/small_256KiB_single_connection,0,14.9872,checksum_ms,0.467
e2e,e2e/small_256KiB_single_connection,0,14.9872,cpu_ms,3.6290000000001044
e2e,e2e/small_256KiB_single_connection,0,14.9872,cpu_percent,24.213983018051824
e2e,e2e/small_256KiB_single_connection,0,14.9872,distinct_ranges,1
e2e,e2e/small_256KiB_single_connection,0,14.9872,duplicate_bytes,0
e2e,e2e/small_256KiB_single_connection,0,14.9872,failed,0
e2e,e2e/small_256KiB_single_connection,0,14.9872,file_bytes,262144
e2e,e2e/small_256KiB_single_connection,0,14.9872,finalize,8.186042
e2e,e2e/small_256KiB_single_connection,0,14.9872,fsync_calls,2
e2e,e2e/small_256KiB_single_connection,0,14.9872,fsync_ms,7.455
e2e,e2e/small_256KiB_single_connection,0,14.9872,prealloc_ms,3.736
e2e,e2e/small_256KiB_single_connection,0,14.9872,process_peak_rss_bytes,299810816
e2e,e2e/small_256KiB_single_connection,0,14.9872,report_span,0.008207999999999771
e2e,e2e/small_256KiB_single_connection,0,14.9872,requests,1
e2e,e2e/small_256KiB_single_connection,0,14.9872,response_head_ms,0.622
e2e,e2e/small_256KiB_single_connection,0,14.9872,response_heads,1
e2e,e2e/small_256KiB_single_connection,0,14.9872,running_reports,2
e2e,e2e/small_256KiB_single_connection,0,14.9872,served_bytes,262144
e2e,e2e/small_256KiB_single_connection,0,14.9872,to_first_report,5.904959000000001
e2e,e2e/small_256KiB_single_connection,0,14.9872,total,14.099209
e2e,e2e/small_256KiB_single_connection,0,14.9872,unique_bytes,262144
e2e,e2e/small_256KiB_single_connection,0,14.9872,verified,1
e2e,e2e/small_256KiB_single_connection,0,14.9872,writer_blocks,1
e2e,e2e/small_256KiB_single_connection,0,14.9872,writer_bytes,262144
e2e,e2e/small_256KiB_single_connection,0,14.9872,writer_seeks,1
e2e,e2e/small_256KiB_single_connection,1,12.4445,avg_block_bytes,262144
e2e,e2e/small_256KiB_single_connection,1,12.4445,body_reads,17
e2e,e2e/small_256KiB_single_connection,1,12.4445,body_wait_ms,0.001
e2e,e2e/small_256KiB_single_connection,1,12.4445,cache_copied_bytes,262144
e2e,e2e/small_256KiB_single_connection,1,12.4445,cache_evicted_bytes,262144
e2e,e2e/small_256KiB_single_connection,1,12.4445,checksum_ms,0.512
e2e,e2e/small_256KiB_single_connection,1,12.4445,cpu_ms,3.8829999999991927
e2e,e2e/small_256KiB_single_connection,1,12.4445,cpu_percent,31.202433966627236
e2e,e2e/small_256KiB_single_connection,1,12.4445,distinct_ranges,1
e2e,e2e/small_256KiB_single_connection,1,12.4445,duplicate_bytes,0
e2e,e2e/small_256KiB_single_connection,1,12.4445,failed,0
e2e,e2e/small_256KiB_single_connection,1,12.4445,file_bytes,262144
e2e,e2e/small_256KiB_single_connection,1,12.4445,finalize,5.459167
e2e,e2e/small_256KiB_single_connection,1,12.4445,fsync_calls,2
e2e,e2e/small_256KiB_single_connection,1,12.4445,fsync_ms,4.592
e2e,e2e/small_256KiB_single_connection,1,12.4445,prealloc_ms,4.179
e2e,e2e/small_256KiB_single_connection,1,12.4445,process_peak_rss_bytes,299810816
e2e,e2e/small_256KiB_single_connection,1,12.4445,report_span,0.002374999999999794
e2e,e2e/small_256KiB_single_connection,1,12.4445,requests,1
e2e,e2e/small_256KiB_single_connection,1,12.4445,response_head_ms,0.428
e2e,e2e/small_256KiB_single_connection,1,12.4445,response_heads,1
e2e,e2e/small_256KiB_single_connection,1,12.4445,running_reports,2
e2e,e2e/small_256KiB_single_connection,1,12.4445,served_bytes,262144
e2e,e2e/small_256KiB_single_connection,1,12.4445,to_first_report,6.0496669999999995
e2e,e2e/small_256KiB_single_connection,1,12.4445,total,11.511209
e2e,e2e/small_256KiB_single_connection,1,12.4445,unique_bytes,262144
e2e,e2e/small_256KiB_single_connection,1,12.4445,verified,1
e2e,e2e/small_256KiB_single_connection,1,12.4445,writer_blocks,1
e2e,e2e/small_256KiB_single_connection,1,12.4445,writer_bytes,262144
e2e,e2e/small_256KiB_single_connection,1,12.4445,writer_seeks,1
e2e,e2e/small_256KiB_single_connection,2,10.9125,avg_block_bytes,262144
e2e,e2e/small_256KiB_single_connection,2,10.9125,body_reads,18
e2e,e2e/small_256KiB_single_connection,2,10.9125,body_wait_ms,0.001
e2e,e2e/small_256KiB_single_connection,2,10.9125,cache_copied_bytes,262144
e2e,e2e/small_256KiB_single_connection,2,10.9125,cache_evicted_bytes,262144
e2e,e2e/small_256KiB_single_connection,2,10.9125,checksum_ms,0.491
e2e,e2e/small_256KiB_single_connection,2,10.9125,cpu_ms,3.817999999999877
e2e,e2e/small_256KiB_single_connection,2,10.9125,cpu_percent,34.98753122462936
e2e,e2e/small_256KiB_single_connection,2,10.9125,distinct_ranges,1
e2e,e2e/small_256KiB_single_connection,2,10.9125,duplicate_bytes,0
e2e,e2e/small_256KiB_single_connection,2,10.9125,failed,0
e2e,e2e/small_256KiB_single_connection,2,10.9125,file_bytes,262144
e2e,e2e/small_256KiB_single_connection,2,10.9125,finalize,4.505540999999999
e2e,e2e/small_256KiB_single_connection,2,10.9125,fsync_calls,2
e2e,e2e/small_256KiB_single_connection,2,10.9125,fsync_ms,3.753
e2e,e2e/small_256KiB_single_connection,2,10.9125,prealloc_ms,3.718
e2e,e2e/small_256KiB_single_connection,2,10.9125,process_peak_rss_bytes,299810816
e2e,e2e/small_256KiB_single_connection,2,10.9125,report_span,0.012167000000000705
e2e,e2e/small_256KiB_single_connection,2,10.9125,requests,1
e2e,e2e/small_256KiB_single_connection,2,10.9125,response_head_ms,0.405
e2e,e2e/small_256KiB_single_connection,2,10.9125,response_heads,1
e2e,e2e/small_256KiB_single_connection,2,10.9125,running_reports,2
e2e,e2e/small_256KiB_single_connection,2,10.9125,served_bytes,262144
e2e,e2e/small_256KiB_single_connection,2,10.9125,to_first_report,5.514333
e2e,e2e/small_256KiB_single_connection,2,10.9125,total,10.032041
e2e,e2e/small_256KiB_single_connection,2,10.9125,unique_bytes,262144
e2e,e2e/small_256KiB_single_connection,2,10.9125,verified,1
e2e,e2e/small_256KiB_single_connection,2,10.9125,writer_blocks,1
e2e,e2e/small_256KiB_single_connection,2,10.9125,writer_bytes,262144
e2e,e2e/small_256KiB_single_connection,2,10.9125,writer_seeks,1
e2e,e2e/small_256KiB_single_connection,3,11.7177,avg_block_bytes,262144
e2e,e2e/small_256KiB_single_connection,3,11.7177,body_reads,17
e2e,e2e/small_256KiB_single_connection,3,11.7177,body_wait_ms,0.001
e2e,e2e/small_256KiB_single_connection,3,11.7177,cache_copied_bytes,262144
e2e,e2e/small_256KiB_single_connection,3,11.7177,cache_evicted_bytes,262144
e2e,e2e/small_256KiB_single_connection,3,11.7177,checksum_ms,0.409
e2e,e2e/small_256KiB_single_connection,3,11.7177,cpu_ms,3.955000000000375
e2e,e2e/small_256KiB_single_connection,3,11.7177,cpu_percent,33.75233450091413
e2e,e2e/small_256KiB_single_connection,3,11.7177,distinct_ranges,1
e2e,e2e/small_256KiB_single_connection,3,11.7177,duplicate_bytes,0
e2e,e2e/small_256KiB_single_connection,3,11.7177,failed,0
e2e,e2e/small_256KiB_single_connection,3,11.7177,file_bytes,262144
e2e,e2e/small_256KiB_single_connection,3,11.7177,finalize,5.331667000000001
e2e,e2e/small_256KiB_single_connection,3,11.7177,fsync_calls,2
e2e,e2e/small_256KiB_single_connection,3,11.7177,fsync_ms,4.347
e2e,e2e/small_256KiB_single_connection,3,11.7177,prealloc_ms,3.674
e2e,e2e/small_256KiB_single_connection,3,11.7177,process_peak_rss_bytes,299810816
e2e,e2e/small_256KiB_single_connection,3,11.7177,report_span,0.009415999999999869
e2e,e2e/small_256KiB_single_connection,3,11.7177,requests,1
e2e,e2e/small_256KiB_single_connection,3,11.7177,response_head_ms,0.514
e2e,e2e/small_256KiB_single_connection,3,11.7177,response_heads,1
e2e,e2e/small_256KiB_single_connection,3,11.7177,running_reports,2
e2e,e2e/small_256KiB_single_connection,3,11.7177,served_bytes,262144
e2e,e2e/small_256KiB_single_connection,3,11.7177,to_first_report,5.594875
e2e,e2e/small_256KiB_single_connection,3,11.7177,total,10.935958000000001
e2e,e2e/small_256KiB_single_connection,3,11.7177,unique_bytes,262144
e2e,e2e/small_256KiB_single_connection,3,11.7177,verified,1
e2e,e2e/small_256KiB_single_connection,3,11.7177,writer_blocks,1
e2e,e2e/small_256KiB_single_connection,3,11.7177,writer_bytes,262144
e2e,e2e/small_256KiB_single_connection,3,11.7177,writer_seeks,1
e2e,e2e/small_256KiB_single_connection,4,10.1062,avg_block_bytes,262144
e2e,e2e/small_256KiB_single_connection,4,10.1062,body_reads,17
e2e,e2e/small_256KiB_single_connection,4,10.1062,body_wait_ms,0.001
e2e,e2e/small_256KiB_single_connection,4,10.1062,cache_copied_bytes,262144
e2e,e2e/small_256KiB_single_connection,4,10.1062,cache_evicted_bytes,262144
e2e,e2e/small_256KiB_single_connection,4,10.1062,checksum_ms,0.388
e2e,e2e/small_256KiB_single_connection,4,10.1062,cpu_ms,3.4559999999999036
e2e,e2e/small_256KiB_single_connection,4,10.1062,cpu_percent,34.19680259895604
e2e,e2e/small_256KiB_single_connection,4,10.1062,distinct_ranges,1
e2e,e2e/small_256KiB_single_connection,4,10.1062,duplicate_bytes,0
e2e,e2e/small_256KiB_single_connection,4,10.1062,failed,0
e2e,e2e/small_256KiB_single_connection,4,10.1062,file_bytes,262144
e2e,e2e/small_256KiB_single_connection,4,10.1062,finalize,4.094416000000002
e2e,e2e/small_256KiB_single_connection,4,10.1062,fsync_calls,2
e2e,e2e/small_256KiB_single_connection,4,10.1062,fsync_ms,3.518
e2e,e2e/small_256KiB_single_connection,4,10.1062,prealloc_ms,3.251
e2e,e2e/small_256KiB_single_connection,4,10.1062,process_peak_rss_bytes,299810816
e2e,e2e/small_256KiB_single_connection,4,10.1062,report_span,0
e2e,e2e/small_256KiB_single_connection,4,10.1062,requests,1
e2e,e2e/small_256KiB_single_connection,4,10.1062,response_head_ms,0.43
e2e,e2e/small_256KiB_single_connection,4,10.1062,response_heads,1
e2e,e2e/small_256KiB_single_connection,4,10.1062,running_reports,1
e2e,e2e/small_256KiB_single_connection,4,10.1062,served_bytes,262144
e2e,e2e/small_256KiB_single_connection,4,10.1062,to_first_report,5.11775
e2e,e2e/small_256KiB_single_connection,4,10.1062,total,9.212166000000002
e2e,e2e/small_256KiB_single_connection,4,10.1062,unique_bytes,262144
e2e,e2e/small_256KiB_single_connection,4,10.1062,verified,1
e2e,e2e/small_256KiB_single_connection,4,10.1062,writer_blocks,1
e2e,e2e/small_256KiB_single_connection,4,10.1062,writer_bytes,262144
e2e,e2e/small_256KiB_single_connection,4,10.1062,writer_seeks,1
e2e,e2e/small_256KiB_single_connection,5,10.9867,avg_block_bytes,262144
e2e,e2e/small_256KiB_single_connection,5,10.9867,body_reads,17
e2e,e2e/small_256KiB_single_connection,5,10.9867,body_wait_ms,0.002
e2e,e2e/small_256KiB_single_connection,5,10.9867,cache_copied_bytes,262144
e2e,e2e/small_256KiB_single_connection,5,10.9867,cache_evicted_bytes,262144
e2e,e2e/small_256KiB_single_connection,5,10.9867,checksum_ms,0.405
e2e,e2e/small_256KiB_single_connection,5,10.9867,cpu_ms,3.758000000000372
e2e,e2e/small_256KiB_single_connection,5,10.9867,cpu_percent,34.20496840364168
e2e,e2e/small_256KiB_single_connection,5,10.9867,distinct_ranges,1
e2e,e2e/small_256KiB_single_connection,5,10.9867,duplicate_bytes,0
e2e,e2e/small_256KiB_single_connection,5,10.9867,failed,0
e2e,e2e/small_256KiB_single_connection,5,10.9867,file_bytes,262144
e2e,e2e/small_256KiB_single_connection,5,10.9867,finalize,4.271832999999999
e2e,e2e/small_256KiB_single_connection,5,10.9867,fsync_calls,2
e2e,e2e/small_256KiB_single_connection,5,10.9867,fsync_ms,3.603
e2e,e2e/small_256KiB_single_connection,5,10.9867,prealloc_ms,3.841
e2e,e2e/small_256KiB_single_connection,5,10.9867,process_peak_rss_bytes,299810816
e2e,e2e/small_256KiB_single_connection,5,10.9867,report_span,0.00729200000000052
e2e,e2e/small_256KiB_single_connection,5,10.9867,requests,1
e2e,e2e/small_256KiB_single_connection,5,10.9867,response_head_ms,0.418
e2e,e2e/small_256KiB_single_connection,5,10.9867,response_heads,1
e2e,e2e/small_256KiB_single_connection,5,10.9867,running_reports,2
e2e,e2e/small_256KiB_single_connection,5,10.9867,served_bytes,262144
e2e,e2e/small_256KiB_single_connection,5,10.9867,to_first_report,5.681
e2e,e2e/small_256KiB_single_connection,5,10.9867,total,9.960125
e2e,e2e/small_256KiB_single_connection,5,10.9867,unique_bytes,262144
e2e,e2e/small_256KiB_single_connection,5,10.9867,verified,1
e2e,e2e/small_256KiB_single_connection,5,10.9867,writer_blocks,1
e2e,e2e/small_256KiB_single_connection,5,10.9867,writer_bytes,262144
e2e,e2e/small_256KiB_single_connection,5,10.9867,writer_seeks,1
e2e,e2e/small_256KiB_single_connection,6,9.7764,avg_block_bytes,262144
e2e,e2e/small_256KiB_single_connection,6,9.7764,body_reads,17
e2e,e2e/small_256KiB_single_connection,6,9.7764,body_wait_ms,0.001
e2e,e2e/small_256KiB_single_connection,6,9.7764,cache_copied_bytes,262144
e2e,e2e/small_256KiB_single_connection,6,9.7764,cache_evicted_bytes,262144
e2e,e2e/small_256KiB_single_connection,6,9.7764,checksum_ms,0.342
e2e,e2e/small_256KiB_single_connection,6,9.7764,cpu_ms,3.3089999999997843
e2e,e2e/small_256KiB_single_connection,6,9.7764,cpu_percent,33.84690133101261
e2e,e2e/small_256KiB_single_connection,6,9.7764,distinct_ranges,1
e2e,e2e/small_256KiB_single_connection,6,9.7764,duplicate_bytes,0
e2e,e2e/small_256KiB_single_connection,6,9.7764,failed,0
e2e,e2e/small_256KiB_single_connection,6,9.7764,file_bytes,262144
e2e,e2e/small_256KiB_single_connection,6,9.7764,finalize,4.197124999999999
e2e,e2e/small_256KiB_single_connection,6,9.7764,fsync_calls,2
e2e,e2e/small_256KiB_single_connection,6,9.7764,fsync_ms,3.668
e2e,e2e/small_256KiB_single_connection,6,9.7764,prealloc_ms,2.823
e2e,e2e/small_256KiB_single_connection,6,9.7764,process_peak_rss_bytes,299810816
e2e,e2e/small_256KiB_single_connection,6,9.7764,report_span,0.005415999999999421
e2e,e2e/small_256KiB_single_connection,6,9.7764,requests,1
e2e,e2e/small_256KiB_single_connection,6,9.7764,response_head_ms,0.534
e2e,e2e/small_256KiB_single_connection,6,9.7764,response_heads,1
e2e,e2e/small_256KiB_single_connection,6,9.7764,running_reports,2
e2e,e2e/small_256KiB_single_connection,6,9.7764,served_bytes,262144
e2e,e2e/small_256KiB_single_connection,6,9.7764,to_first_report,4.736584000000001
e2e,e2e/small_256KiB_single_connection,6,9.7764,total,8.939124999999999
e2e,e2e/small_256KiB_single_connection,6,9.7764,unique_bytes,262144
e2e,e2e/small_256KiB_single_connection,6,9.7764,verified,1
e2e,e2e/small_256KiB_single_connection,6,9.7764,writer_blocks,1
e2e,e2e/small_256KiB_single_connection,6,9.7764,writer_bytes,262144
e2e,e2e/small_256KiB_single_connection,6,9.7764,writer_seeks,1
e2e,e2e/small_256KiB_single_connection,7,11.0616,avg_block_bytes,262144
e2e,e2e/small_256KiB_single_connection,7,11.0616,body_reads,17
e2e,e2e/small_256KiB_single_connection,7,11.0616,body_wait_ms,0.001
e2e,e2e/small_256KiB_single_connection,7,11.0616,cache_copied_bytes,262144
e2e,e2e/small_256KiB_single_connection,7,11.0616,cache_evicted_bytes,262144
e2e,e2e/small_256KiB_single_connection,7,11.0616,checksum_ms,0.346
e2e,e2e/small_256KiB_single_connection,7,11.0616,cpu_ms,3.898000000000401
e2e,e2e/small_256KiB_single_connection,7,11.0616,cpu_percent,35.23894545331631
e2e,e2e/small_256KiB_single_connection,7,11.0616,distinct_ranges,1
e2e,e2e/small_256KiB_single_connection,7,11.0616,duplicate_bytes,0
e2e,e2e/small_256KiB_single_connection,7,11.0616,failed,0
e2e,e2e/small_256KiB_single_connection,7,11.0616,file_bytes,262144
e2e,e2e/small_256KiB_single_connection,7,11.0616,finalize,4.168374999999999
e2e,e2e/small_256KiB_single_connection,7,11.0616,fsync_calls,2
e2e,e2e/small_256KiB_single_connection,7,11.0616,fsync_ms,3.625
e2e,e2e/small_256KiB_single_connection,7,11.0616,prealloc_ms,2.483
e2e,e2e/small_256KiB_single_connection,7,11.0616,process_peak_rss_bytes,299810816
e2e,e2e/small_256KiB_single_connection,7,11.0616,report_span,0.006250000000000533
e2e,e2e/small_256KiB_single_connection,7,11.0616,requests,1
e2e,e2e/small_256KiB_single_connection,7,11.0616,response_head_ms,1.778
e2e,e2e/small_256KiB_single_connection,7,11.0616,response_heads,1
e2e,e2e/small_256KiB_single_connection,7,11.0616,running_reports,2
e2e,e2e/small_256KiB_single_connection,7,11.0616,served_bytes,262144
e2e,e2e/small_256KiB_single_connection,7,11.0616,to_first_report,5.913125
e2e,e2e/small_256KiB_single_connection,7,11.0616,total,10.08775
e2e,e2e/small_256KiB_single_connection,7,11.0616,unique_bytes,262144
e2e,e2e/small_256KiB_single_connection,7,11.0616,verified,1
e2e,e2e/small_256KiB_single_connection,7,11.0616,writer_blocks,1
e2e,e2e/small_256KiB_single_connection,7,11.0616,writer_bytes,262144
e2e,e2e/small_256KiB_single_connection,7,11.0616,writer_seeks,1
e2e,e2e/small_256KiB_single_connection,8,10.2695,avg_block_bytes,262144
e2e,e2e/small_256KiB_single_connection,8,10.2695,body_reads,17
e2e,e2e/small_256KiB_single_connection,8,10.2695,body_wait_ms,0.001
e2e,e2e/small_256KiB_single_connection,8,10.2695,cache_copied_bytes,262144
e2e,e2e/small_256KiB_single_connection,8,10.2695,cache_evicted_bytes,262144
e2e,e2e/small_256KiB_single_connection,8,10.2695,checksum_ms,0.404
e2e,e2e/small_256KiB_single_connection,8,10.2695,cpu_ms,3.805999999999976
e2e,e2e/small_256KiB_single_connection,8,10.2695,cpu_percent,37.061052679958884
e2e,e2e/small_256KiB_single_connection,8,10.2695,distinct_ranges,1
e2e,e2e/small_256KiB_single_connection,8,10.2695,duplicate_bytes,0
e2e,e2e/small_256KiB_single_connection,8,10.2695,failed,0
e2e,e2e/small_256KiB_single_connection,8,10.2695,file_bytes,262144
e2e,e2e/small_256KiB_single_connection,8,10.2695,finalize,4.363250000000001
e2e,e2e/small_256KiB_single_connection,8,10.2695,fsync_calls,2
e2e,e2e/small_256KiB_single_connection,8,10.2695,fsync_ms,3.668
e2e,e2e/small_256KiB_single_connection,8,10.2695,prealloc_ms,2.92
e2e,e2e/small_256KiB_single_connection,8,10.2695,process_peak_rss_bytes,299810816
e2e,e2e/small_256KiB_single_connection,8,10.2695,report_span,0.005957999999998798
e2e,e2e/small_256KiB_single_connection,8,10.2695,requests,1
e2e,e2e/small_256KiB_single_connection,8,10.2695,response_head_ms,0.473
e2e,e2e/small_256KiB_single_connection,8,10.2695,response_heads,1
e2e,e2e/small_256KiB_single_connection,8,10.2695,running_reports,2
e2e,e2e/small_256KiB_single_connection,8,10.2695,served_bytes,262144
e2e,e2e/small_256KiB_single_connection,8,10.2695,to_first_report,4.838417000000001
e2e,e2e/small_256KiB_single_connection,8,10.2695,total,9.207625
e2e,e2e/small_256KiB_single_connection,8,10.2695,unique_bytes,262144
e2e,e2e/small_256KiB_single_connection,8,10.2695,verified,1
e2e,e2e/small_256KiB_single_connection,8,10.2695,writer_blocks,1
e2e,e2e/small_256KiB_single_connection,8,10.2695,writer_bytes,262144
e2e,e2e/small_256KiB_single_connection,8,10.2695,writer_seeks,1
e2e,e2e/small_256KiB_single_connection,9,10.7628,avg_block_bytes,262144
e2e,e2e/small_256KiB_single_connection,9,10.7628,body_reads,17
e2e,e2e/small_256KiB_single_connection,9,10.7628,body_wait_ms,0.001
e2e,e2e/small_256KiB_single_connection,9,10.7628,cache_copied_bytes,262144
e2e,e2e/small_256KiB_single_connection,9,10.7628,cache_evicted_bytes,262144
e2e,e2e/small_256KiB_single_connection,9,10.7628,checksum_ms,0.365
e2e,e2e/small_256KiB_single_connection,9,10.7628,cpu_ms,3.2820000000004512
e2e,e2e/small_256KiB_single_connection,9,10.7628,cpu_percent,30.493830016692183
e2e,e2e/small_256KiB_single_connection,9,10.7628,distinct_ranges,1
e2e,e2e/small_256KiB_single_connection,9,10.7628,duplicate_bytes,0
e2e,e2e/small_256KiB_single_connection,9,10.7628,failed,0
e2e,e2e/small_256KiB_single_connection,9,10.7628,file_bytes,262144
e2e,e2e/small_256KiB_single_connection,9,10.7628,finalize,4.381707999999998
e2e,e2e/small_256KiB_single_connection,9,10.7628,fsync_calls,2
e2e,e2e/small_256KiB_single_connection,9,10.7628,fsync_ms,3.788
e2e,e2e/small_256KiB_single_connection,9,10.7628,prealloc_ms,3.808
e2e,e2e/small_256KiB_single_connection,9,10.7628,process_peak_rss_bytes,299810816
e2e,e2e/small_256KiB_single_connection,9,10.7628,report_span,0.0082500000000012
e2e,e2e/small_256KiB_single_connection,9,10.7628,requests,1
e2e,e2e/small_256KiB_single_connection,9,10.7628,response_head_ms,0.445
e2e,e2e/small_256KiB_single_connection,9,10.7628,response_heads,1
e2e,e2e/small_256KiB_single_connection,9,10.7628,running_reports,2
e2e,e2e/small_256KiB_single_connection,9,10.7628,served_bytes,262144
e2e,e2e/small_256KiB_single_connection,9,10.7628,to_first_report,5.619416999999999
e2e,e2e/small_256KiB_single_connection,9,10.7628,total,10.009374999999999
e2e,e2e/small_256KiB_single_connection,9,10.7628,unique_bytes,262144
e2e,e2e/small_256KiB_single_connection,9,10.7628,verified,1
e2e,e2e/small_256KiB_single_connection,9,10.7628,writer_blocks,1
e2e,e2e/small_256KiB_single_connection,9,10.7628,writer_bytes,262144
e2e,e2e/small_256KiB_single_connection,9,10.7628,writer_seeks,1
e2e,e2e/split_12MiB_4conns,0,40.1795,avg_block_bytes,1048576
e2e,e2e/split_12MiB_4conns,0,40.1795,body_reads,778
e2e,e2e/split_12MiB_4conns,0,40.1795,body_wait_ms,5.448
e2e,e2e/split_12MiB_4conns,0,40.1795,cache_copied_bytes,12582912
e2e,e2e/split_12MiB_4conns,0,40.1795,cache_evicted_bytes,12582912
e2e,e2e/split_12MiB_4conns,0,40.1795,checksum_ms,11.129
e2e,e2e/split_12MiB_4conns,0,40.1795,cpu_ms,47.70200000000013
e2e,e2e/split_12MiB_4conns,0,40.1795,cpu_percent,118.72223397503737
e2e,e2e/split_12MiB_4conns,0,40.1795,distinct_ranges,4
e2e,e2e/split_12MiB_4conns,0,40.1795,duplicate_bytes,0
e2e,e2e/split_12MiB_4conns,0,40.1795,failed,0
e2e,e2e/split_12MiB_4conns,0,40.1795,file_bytes,12582912
e2e,e2e/split_12MiB_4conns,0,40.1795,finalize,11.144041999999999
e2e,e2e/split_12MiB_4conns,0,40.1795,fsync_calls,1
e2e,e2e/split_12MiB_4conns,0,40.1795,fsync_ms,5.057
e2e,e2e/split_12MiB_4conns,0,40.1795,prealloc_ms,3.746
e2e,e2e/split_12MiB_4conns,0,40.1795,process_peak_rss_bytes,299810816
e2e,e2e/split_12MiB_4conns,0,40.1795,report_span,0
e2e,e2e/split_12MiB_4conns,0,40.1795,requests,4
e2e,e2e/split_12MiB_4conns,0,40.1795,response_head_ms,3.127
e2e,e2e/split_12MiB_4conns,0,40.1795,response_heads,4
e2e,e2e/split_12MiB_4conns,0,40.1795,running_reports,1
e2e,e2e/split_12MiB_4conns,0,40.1795,served_bytes,12582912
e2e,e2e/split_12MiB_4conns,0,40.1795,to_first_report,16.202
e2e,e2e/split_12MiB_4conns,0,40.1795,total,27.346042
e2e,e2e/split_12MiB_4conns,0,40.1795,unique_bytes,12582912
e2e,e2e/split_12MiB_4conns,0,40.1795,verified,1
e2e,e2e/split_12MiB_4conns,0,40.1795,writer_blocks,12
e2e,e2e/split_12MiB_4conns,0,40.1795,writer_bytes,12582912
e2e,e2e/split_12MiB_4conns,0,40.1795,writer_seeks,4
e2e,e2e/split_12MiB_4conns,1,30.4750,avg_block_bytes,1048576
e2e,e2e/split_12MiB_4conns,1,30.4750,body_reads,778
e2e,e2e/split_12MiB_4conns,1,30.4750,body_wait_ms,4.051
e2e,e2e/split_12MiB_4conns,1,30.4750,cache_copied_bytes,12582912
e2e,e2e/split_12MiB_4conns,1,30.4750,cache_evicted_bytes,12582912
e2e,e2e/split_12MiB_4conns,1,30.4750,checksum_ms,8.23
e2e,e2e/split_12MiB_4conns,1,30.4750,cpu_ms,31.575999999999382
e2e,e2e/split_12MiB_4conns,1,30.4750,cpu_percent,103.61293677211964
e2e,e2e/split_12MiB_4conns,1,30.4750,distinct_ranges,4
e2e,e2e/split_12MiB_4conns,1,30.4750,duplicate_bytes,0
e2e,e2e/split_12MiB_4conns,1,30.4750,failed,0
e2e,e2e/split_12MiB_4conns,1,30.4750,file_bytes,12582912
e2e,e2e/split_12MiB_4conns,1,30.4750,finalize,8.242625
e2e,e2e/split_12MiB_4conns,1,30.4750,fsync_calls,1
e2e,e2e/split_12MiB_4conns,1,30.4750,fsync_ms,4.882
e2e,e2e/split_12MiB_4conns,1,30.4750,prealloc_ms,4.132
e2e,e2e/split_12MiB_4conns,1,30.4750,process_peak_rss_bytes,299810816
e2e,e2e/split_12MiB_4conns,1,30.4750,report_span,0
e2e,e2e/split_12MiB_4conns,1,30.4750,requests,4
e2e,e2e/split_12MiB_4conns,1,30.4750,response_head_ms,1.771
e2e,e2e/split_12MiB_4conns,1,30.4750,response_heads,4
e2e,e2e/split_12MiB_4conns,1,30.4750,running_reports,1
e2e,e2e/split_12MiB_4conns,1,30.4750,served_bytes,12582912
e2e,e2e/split_12MiB_4conns,1,30.4750,to_first_report,13.591583
e2e,e2e/split_12MiB_4conns,1,30.4750,total,21.834208
e2e,e2e/split_12MiB_4conns,1,30.4750,unique_bytes,12582912
e2e,e2e/split_12MiB_4conns,1,30.4750,verified,1
e2e,e2e/split_12MiB_4conns,1,30.4750,writer_blocks,12
e2e,e2e/split_12MiB_4conns,1,30.4750,writer_bytes,12582912
e2e,e2e/split_12MiB_4conns,1,30.4750,writer_seeks,5
e2e,e2e/split_12MiB_4conns,2,27.8585,avg_block_bytes,1048576
e2e,e2e/split_12MiB_4conns,2,27.8585,body_reads,778
e2e,e2e/split_12MiB_4conns,2,27.8585,body_wait_ms,4.399
e2e,e2e/split_12MiB_4conns,2,27.8585,cache_copied_bytes,12582912
e2e,e2e/split_12MiB_4conns,2,27.8585,cache_evicted_bytes,12582912
e2e,e2e/split_12MiB_4conns,2,27.8585,checksum_ms,6.666
e2e,e2e/split_12MiB_4conns,2,27.8585,cpu_ms,29.460000000000264
e2e,e2e/split_12MiB_4conns,2,27.8585,cpu_percent,105.74869429438147
e2e,e2e/split_12MiB_4conns,2,27.8585,distinct_ranges,4
e2e,e2e/split_12MiB_4conns,2,27.8585,duplicate_bytes,0
e2e,e2e/split_12MiB_4conns,2,27.8585,failed,0
e2e,e2e/split_12MiB_4conns,2,27.8585,file_bytes,12582912
e2e,e2e/split_12MiB_4conns,2,27.8585,finalize,6.674500000000004
e2e,e2e/split_12MiB_4conns,2,27.8585,fsync_calls,1
e2e,e2e/split_12MiB_4conns,2,27.8585,fsync_ms,5.965
e2e,e2e/split_12MiB_4conns,2,27.8585,prealloc_ms,3.488
e2e,e2e/split_12MiB_4conns,2,27.8585,process_peak_rss_bytes,299810816
e2e,e2e/split_12MiB_4conns,2,27.8585,report_span,0
e2e,e2e/split_12MiB_4conns,2,27.8585,requests,4
e2e,e2e/split_12MiB_4conns,2,27.8585,response_head_ms,1.74
e2e,e2e/split_12MiB_4conns,2,27.8585,response_heads,4
e2e,e2e/split_12MiB_4conns,2,27.8585,running_reports,1
e2e,e2e/split_12MiB_4conns,2,27.8585,served_bytes,12582912
e2e,e2e/split_12MiB_4conns,2,27.8585,to_first_report,14.084292
e2e,e2e/split_12MiB_4conns,2,27.8585,total,20.758792000000003
e2e,e2e/split_12MiB_4conns,2,27.8585,unique_bytes,12582912
e2e,e2e/split_12MiB_4conns,2,27.8585,verified,1
e2e,e2e/split_12MiB_4conns,2,27.8585,writer_blocks,12
e2e,e2e/split_12MiB_4conns,2,27.8585,writer_bytes,12582912
e2e,e2e/split_12MiB_4conns,2,27.8585,writer_seeks,12
e2e,e2e/split_12MiB_4conns,3,25.5906,avg_block_bytes,1048576
e2e,e2e/split_12MiB_4conns,3,25.5906,body_reads,783
e2e,e2e/split_12MiB_4conns,3,25.5906,body_wait_ms,3.741
e2e,e2e/split_12MiB_4conns,3,25.5906,cache_copied_bytes,12582912
e2e,e2e/split_12MiB_4conns,3,25.5906,cache_evicted_bytes,12582912
e2e,e2e/split_12MiB_4conns,3,25.5906,checksum_ms,6.443
e2e,e2e/split_12MiB_4conns,3,25.5906,cpu_ms,24.89200000000036
e2e,e2e/split_12MiB_4conns,3,25.5906,cpu_percent,97.27015597886285
e2e,e2e/split_12MiB_4conns,3,25.5906,distinct_ranges,4
e2e,e2e/split_12MiB_4conns,3,25.5906,duplicate_bytes,0
e2e,e2e/split_12MiB_4conns,3,25.5906,failed,0
e2e,e2e/split_12MiB_4conns,3,25.5906,file_bytes,12582912
e2e,e2e/split_12MiB_4conns,3,25.5906,finalize,6.455250000000001
e2e,e2e/split_12MiB_4conns,3,25.5906,fsync_calls,1
e2e,e2e/split_12MiB_4conns,3,25.5906,fsync_ms,5.514
e2e,e2e/split_12MiB_4conns,3,25.5906,prealloc_ms,3.492
e2e,e2e/split_12MiB_4conns,3,25.5906,process_peak_rss_bytes,299810816
e2e,e2e/split_12MiB_4conns,3,25.5906,report_span,0
e2e,e2e/split_12MiB_4conns,3,25.5906,requests,4
e2e,e2e/split_12MiB_4conns,3,25.5906,response_head_ms,1.392
e2e,e2e/split_12MiB_4conns,3,25.5906,response_heads,4
e2e,e2e/split_12MiB_4conns,3,25.5906,running_reports,1
e2e,e2e/split_12MiB_4conns,3,25.5906,served_bytes,12582912
e2e,e2e/split_12MiB_4conns,3,25.5906,to_first_report,12.964625
e2e,e2e/split_12MiB_4conns,3,25.5906,total,19.419875
e2e,e2e/split_12MiB_4conns,3,25.5906,unique_bytes,12582912
e2e,e2e/split_12MiB_4conns,3,25.5906,verified,1
e2e,e2e/split_12MiB_4conns,3,25.5906,writer_blocks,12
e2e,e2e/split_12MiB_4conns,3,25.5906,writer_bytes,12582912
e2e,e2e/split_12MiB_4conns,3,25.5906,writer_seeks,5
e2e,e2e/split_12MiB_4conns,4,25.5222,avg_block_bytes,1048576
e2e,e2e/split_12MiB_4conns,4,25.5222,body_reads,786
e2e,e2e/split_12MiB_4conns,4,25.5222,body_wait_ms,4.74
e2e,e2e/split_12MiB_4conns,4,25.5222,cache_copied_bytes,12582912
e2e,e2e/split_12MiB_4conns,4,25.5222,cache_evicted_bytes,12582912
e2e,e2e/split_12MiB_4conns,4,25.5222,checksum_ms,6.257
e2e,e2e/split_12MiB_4conns,4,25.5222,cpu_ms,25.83499999999983
e2e,e2e/split_12MiB_4conns,4,25.5222,cpu_percent,101.22540136547457
e2e,e2e/split_12MiB_4conns,4,25.5222,distinct_ranges,4
e2e,e2e/split_12MiB_4conns,4,25.5222,duplicate_bytes,0
e2e,e2e/split_12MiB_4conns,4,25.5222,failed,0
e2e,e2e/split_12MiB_4conns,4,25.5222,file_bytes,12582912
e2e,e2e/split_12MiB_4conns,4,25.5222,finalize,6.265540999999999
e2e,e2e/split_12MiB_4conns,4,25.5222,fsync_calls,1
e2e,e2e/split_12MiB_4conns,4,25.5222,fsync_ms,5.967
e2e,e2e/split_12MiB_4conns,4,25.5222,prealloc_ms,2.826
e2e,e2e/split_12MiB_4conns,4,25.5222,process_peak_rss_bytes,299810816
e2e,e2e/split_12MiB_4conns,4,25.5222,report_span,0
e2e,e2e/split_12MiB_4conns,4,25.5222,requests,4
e2e,e2e/split_12MiB_4conns,4,25.5222,response_head_ms,1.834
e2e,e2e/split_12MiB_4conns,4,25.5222,response_heads,4
e2e,e2e/split_12MiB_4conns,4,25.5222,running_reports,1
e2e,e2e/split_12MiB_4conns,4,25.5222,served_bytes,12582912
e2e,e2e/split_12MiB_4conns,4,25.5222,to_first_report,12.7105
e2e,e2e/split_12MiB_4conns,4,25.5222,total,18.976041
e2e,e2e/split_12MiB_4conns,4,25.5222,unique_bytes,12582912
e2e,e2e/split_12MiB_4conns,4,25.5222,verified,1
e2e,e2e/split_12MiB_4conns,4,25.5222,writer_blocks,12
e2e,e2e/split_12MiB_4conns,4,25.5222,writer_bytes,12582912
e2e,e2e/split_12MiB_4conns,4,25.5222,writer_seeks,11
e2e,e2e/split_12MiB_4conns,5,26.1993,avg_block_bytes,1048576
e2e,e2e/split_12MiB_4conns,5,26.1993,body_reads,783
e2e,e2e/split_12MiB_4conns,5,26.1993,body_wait_ms,4.476
e2e,e2e/split_12MiB_4conns,5,26.1993,cache_copied_bytes,12582912
e2e,e2e/split_12MiB_4conns,5,26.1993,cache_evicted_bytes,12582912
e2e,e2e/split_12MiB_4conns,5,26.1993,checksum_ms,6.695
e2e,e2e/split_12MiB_4conns,5,26.1993,cpu_ms,26.824000000000403
e2e,e2e/split_12MiB_4conns,5,26.1993,cpu_percent,102.38444611404157
e2e,e2e/split_12MiB_4conns,5,26.1993,distinct_ranges,4
e2e,e2e/split_12MiB_4conns,5,26.1993,duplicate_bytes,0
e2e,e2e/split_12MiB_4conns,5,26.1993,failed,0
e2e,e2e/split_12MiB_4conns,5,26.1993,file_bytes,12582912
e2e,e2e/split_12MiB_4conns,5,26.1993,finalize,6.704541999999998
e2e,e2e/split_12MiB_4conns,5,26.1993,fsync_calls,1
e2e,e2e/split_12MiB_4conns,5,26.1993,fsync_ms,6.621
e2e,e2e/split_12MiB_4conns,5,26.1993,prealloc_ms,2.709
e2e,e2e/split_12MiB_4conns,5,26.1993,process_peak_rss_bytes,299810816
e2e,e2e/split_12MiB_4conns,5,26.1993,report_span,0
e2e,e2e/split_12MiB_4conns,5,26.1993,requests,4
e2e,e2e/split_12MiB_4conns,5,26.1993,response_head_ms,1.708
e2e,e2e/split_12MiB_4conns,5,26.1993,response_heads,4
e2e,e2e/split_12MiB_4conns,5,26.1993,running_reports,1
e2e,e2e/split_12MiB_4conns,5,26.1993,served_bytes,12582912
e2e,e2e/split_12MiB_4conns,5,26.1993,to_first_report,13.277333
e2e,e2e/split_12MiB_4conns,5,26.1993,total,19.981875
e2e,e2e/split_12MiB_4conns,5,26.1993,unique_bytes,12582912
e2e,e2e/split_12MiB_4conns,5,26.1993,verified,1
e2e,e2e/split_12MiB_4conns,5,26.1993,writer_blocks,12
e2e,e2e/split_12MiB_4conns,5,26.1993,writer_bytes,12582912
e2e,e2e/split_12MiB_4conns,5,26.1993,writer_seeks,12
e2e,e2e/split_12MiB_4conns,6,34.9516,avg_block_bytes,1048576
e2e,e2e/split_12MiB_4conns,6,34.9516,body_reads,781
e2e,e2e/split_12MiB_4conns,6,34.9516,body_wait_ms,3.923
e2e,e2e/split_12MiB_4conns,6,34.9516,cache_copied_bytes,12582912
e2e,e2e/split_12MiB_4conns,6,34.9516,cache_evicted_bytes,12582912
e2e,e2e/split_12MiB_4conns,6,34.9516,checksum_ms,7.985
e2e,e2e/split_12MiB_4conns,6,34.9516,cpu_ms,26.13600000000016
e2e,e2e/split_12MiB_4conns,6,34.9516,cpu_percent,74.77763909403399
e2e,e2e/split_12MiB_4conns,6,34.9516,distinct_ranges,4
e2e,e2e/split_12MiB_4conns,6,34.9516,duplicate_bytes,0
e2e,e2e/split_12MiB_4conns,6,34.9516,failed,0
e2e,e2e/split_12MiB_4conns,6,34.9516,file_bytes,12582912
e2e,e2e/split_12MiB_4conns,6,34.9516,finalize,8.001666
e2e,e2e/split_12MiB_4conns,6,34.9516,fsync_calls,1
e2e,e2e/split_12MiB_4conns,6,34.9516,fsync_ms,13.562
e2e,e2e/split_12MiB_4conns,6,34.9516,prealloc_ms,2.699
e2e,e2e/split_12MiB_4conns,6,34.9516,process_peak_rss_bytes,299810816
e2e,e2e/split_12MiB_4conns,6,34.9516,report_span,0
e2e,e2e/split_12MiB_4conns,6,34.9516,requests,4
e2e,e2e/split_12MiB_4conns,6,34.9516,response_head_ms,1.979
e2e,e2e/split_12MiB_4conns,6,34.9516,response_heads,4
e2e,e2e/split_12MiB_4conns,6,34.9516,running_reports,1
e2e,e2e/split_12MiB_4conns,6,34.9516,served_bytes,12582912
e2e,e2e/split_12MiB_4conns,6,34.9516,to_first_report,20.984209
e2e,e2e/split_12MiB_4conns,6,34.9516,total,28.985875
e2e,e2e/split_12MiB_4conns,6,34.9516,unique_bytes,12582912
e2e,e2e/split_12MiB_4conns,6,34.9516,verified,1
e2e,e2e/split_12MiB_4conns,6,34.9516,writer_blocks,12
e2e,e2e/split_12MiB_4conns,6,34.9516,writer_bytes,12582912
e2e,e2e/split_12MiB_4conns,6,34.9516,writer_seeks,4
e2e,e2e/split_12MiB_4conns,7,24.3273,avg_block_bytes,1048576
e2e,e2e/split_12MiB_4conns,7,24.3273,body_reads,782
e2e,e2e/split_12MiB_4conns,7,24.3273,body_wait_ms,5.058
e2e,e2e/split_12MiB_4conns,7,24.3273,cache_copied_bytes,12582912
e2e,e2e/split_12MiB_4conns,7,24.3273,cache_evicted_bytes,12582912
e2e,e2e/split_12MiB_4conns,7,24.3273,checksum_ms,6.507
e2e,e2e/split_12MiB_4conns,7,24.3273,cpu_ms,22.376999999999647
e2e,e2e/split_12MiB_4conns,7,24.3273,cpu_percent,91.9832697900488
e2e,e2e/split_12MiB_4conns,7,24.3273,distinct_ranges,4
e2e,e2e/split_12MiB_4conns,7,24.3273,duplicate_bytes,0
e2e,e2e/split_12MiB_4conns,7,24.3273,failed,0
e2e,e2e/split_12MiB_4conns,7,24.3273,file_bytes,12582912
e2e,e2e/split_12MiB_4conns,7,24.3273,finalize,6.515165999999999
e2e,e2e/split_12MiB_4conns,7,24.3273,fsync_calls,1
e2e,e2e/split_12MiB_4conns,7,24.3273,fsync_ms,5.423
e2e,e2e/split_12MiB_4conns,7,24.3273,prealloc_ms,3.188
e2e,e2e/split_12MiB_4conns,7,24.3273,process_peak_rss_bytes,299810816
e2e,e2e/split_12MiB_4conns,7,24.3273,report_span,0
e2e,e2e/split_12MiB_4conns,7,24.3273,requests,4
e2e,e2e/split_12MiB_4conns,7,24.3273,response_head_ms,1.388
e2e,e2e/split_12MiB_4conns,7,24.3273,response_heads,4
e2e,e2e/split_12MiB_4conns,7,24.3273,running_reports,1
e2e,e2e/split_12MiB_4conns,7,24.3273,served_bytes,12582912
e2e,e2e/split_12MiB_4conns,7,24.3273,to_first_report,12.342625
e2e,e2e/split_12MiB_4conns,7,24.3273,total,18.857791
e2e,e2e/split_12MiB_4conns,7,24.3273,unique_bytes,12582912
e2e,e2e/split_12MiB_4conns,7,24.3273,verified,1
e2e,e2e/split_12MiB_4conns,7,24.3273,writer_blocks,12
e2e,e2e/split_12MiB_4conns,7,24.3273,writer_bytes,12582912
e2e,e2e/split_12MiB_4conns,7,24.3273,writer_seeks,12
e2e,e2e/split_12MiB_4conns,8,24.0845,avg_block_bytes,1048576
e2e,e2e/split_12MiB_4conns,8,24.0845,body_reads,780
e2e,e2e/split_12MiB_4conns,8,24.0845,body_wait_ms,3.962
e2e,e2e/split_12MiB_4conns,8,24.0845,cache_copied_bytes,12582912
e2e,e2e/split_12MiB_4conns,8,24.0845,cache_evicted_bytes,12582912
e2e,e2e/split_12MiB_4conns,8,24.0845,checksum_ms,6.214
e2e,e2e/split_12MiB_4conns,8,24.0845,cpu_ms,22.377999999999787
e2e,e2e/split_12MiB_4conns,8,24.0845,cpu_percent,92.91436806230232
e2e,e2e/split_12MiB_4conns,8,24.0845,distinct_ranges,4
e2e,e2e/split_12MiB_4conns,8,24.0845,duplicate_bytes,0
e2e,e2e/split_12MiB_4conns,8,24.0845,failed,0
e2e,e2e/split_12MiB_4conns,8,24.0845,file_bytes,12582912
e2e,e2e/split_12MiB_4conns,8,24.0845,finalize,6.221041999999999
e2e,e2e/split_12MiB_4conns,8,24.0845,fsync_calls,1
e2e,e2e/split_12MiB_4conns,8,24.0845,fsync_ms,5.747
e2e,e2e/split_12MiB_4conns,8,24.0845,prealloc_ms,3.696
e2e,e2e/split_12MiB_4conns,8,24.0845,process_peak_rss_bytes,299810816
e2e,e2e/split_12MiB_4conns,8,24.0845,report_span,0
e2e,e2e/split_12MiB_4conns,8,24.0845,requests,4
e2e,e2e/split_12MiB_4conns,8,24.0845,response_head_ms,1.463
e2e,e2e/split_12MiB_4conns,8,24.0845,response_heads,4
e2e,e2e/split_12MiB_4conns,8,24.0845,running_reports,1
e2e,e2e/split_12MiB_4conns,8,24.0845,served_bytes,12582912
e2e,e2e/split_12MiB_4conns,8,24.0845,to_first_report,12.880625
e2e,e2e/split_12MiB_4conns,8,24.0845,total,19.101667
e2e,e2e/split_12MiB_4conns,8,24.0845,unique_bytes,12582912
e2e,e2e/split_12MiB_4conns,8,24.0845,verified,1
e2e,e2e/split_12MiB_4conns,8,24.0845,writer_blocks,12
e2e,e2e/split_12MiB_4conns,8,24.0845,writer_bytes,12582912
e2e,e2e/split_12MiB_4conns,8,24.0845,writer_seeks,12
e2e,e2e/split_12MiB_4conns,9,24.4946,avg_block_bytes,1048576
e2e,e2e/split_12MiB_4conns,9,24.4946,body_reads,782
e2e,e2e/split_12MiB_4conns,9,24.4946,body_wait_ms,4.928
e2e,e2e/split_12MiB_4conns,9,24.4946,cache_copied_bytes,12582912
e2e,e2e/split_12MiB_4conns,9,24.4946,cache_evicted_bytes,12582912
e2e,e2e/split_12MiB_4conns,9,24.4946,checksum_ms,6.194
e2e,e2e/split_12MiB_4conns,9,24.4946,cpu_ms,21.6119999999993
e2e,e2e/split_12MiB_4conns,9,24.4946,cpu_percent,88.23160183101108
e2e,e2e/split_12MiB_4conns,9,24.4946,distinct_ranges,4
e2e,e2e/split_12MiB_4conns,9,24.4946,duplicate_bytes,0
e2e,e2e/split_12MiB_4conns,9,24.4946,failed,0
e2e,e2e/split_12MiB_4conns,9,24.4946,file_bytes,12582912
e2e,e2e/split_12MiB_4conns,9,24.4946,finalize,6.2056249999999995
e2e,e2e/split_12MiB_4conns,9,24.4946,fsync_calls,1
e2e,e2e/split_12MiB_4conns,9,24.4946,fsync_ms,6.729
e2e,e2e/split_12MiB_4conns,9,24.4946,prealloc_ms,2.55
e2e,e2e/split_12MiB_4conns,9,24.4946,process_peak_rss_bytes,299810816
e2e,e2e/split_12MiB_4conns,9,24.4946,report_span,0
e2e,e2e/split_12MiB_4conns,9,24.4946,requests,4
e2e,e2e/split_12MiB_4conns,9,24.4946,response_head_ms,1.48
e2e,e2e/split_12MiB_4conns,9,24.4946,response_heads,4
e2e,e2e/split_12MiB_4conns,9,24.4946,running_reports,1
e2e,e2e/split_12MiB_4conns,9,24.4946,served_bytes,12582912
e2e,e2e/split_12MiB_4conns,9,24.4946,to_first_report,12.849333
e2e,e2e/split_12MiB_4conns,9,24.4946,total,19.054958
e2e,e2e/split_12MiB_4conns,9,24.4946,unique_bytes,12582912
e2e,e2e/split_12MiB_4conns,9,24.4946,verified,1
e2e,e2e/split_12MiB_4conns,9,24.4946,writer_blocks,12
e2e,e2e/split_12MiB_4conns,9,24.4946,writer_bytes,12582912
e2e,e2e/split_12MiB_4conns,9,24.4946,writer_seeks,12
e2e,e2e/large_64MiB_4conns,0,48.8372,avg_block_bytes,1048576
e2e,e2e/large_64MiB_4conns,0,48.8372,body_reads,4108
e2e,e2e/large_64MiB_4conns,0,48.8372,body_wait_ms,14.153
e2e,e2e/large_64MiB_4conns,0,48.8372,cache_copied_bytes,67108864
e2e,e2e/large_64MiB_4conns,0,48.8372,cache_evicted_bytes,67108864
e2e,e2e/large_64MiB_4conns,0,48.8372,checksum_ms,0
e2e,e2e/large_64MiB_4conns,0,48.8372,cpu_ms,64.80599999999993
e2e,e2e/large_64MiB_4conns,0,48.8372,cpu_percent,132.69800082146367
e2e,e2e/large_64MiB_4conns,0,48.8372,distinct_ranges,4
e2e,e2e/large_64MiB_4conns,0,48.8372,duplicate_bytes,0
e2e,e2e/large_64MiB_4conns,0,48.8372,failed,0
e2e,e2e/large_64MiB_4conns,0,48.8372,file_bytes,67108864
e2e,e2e/large_64MiB_4conns,0,48.8372,finalize,0.004374999999999574
e2e,e2e/large_64MiB_4conns,0,48.8372,fsync_calls,1
e2e,e2e/large_64MiB_4conns,0,48.8372,fsync_ms,14.078
e2e,e2e/large_64MiB_4conns,0,48.8372,prealloc_ms,3.159
e2e,e2e/large_64MiB_4conns,0,48.8372,process_peak_rss_bytes,299810816
e2e,e2e/large_64MiB_4conns,0,48.8372,report_span,0
e2e,e2e/large_64MiB_4conns,0,48.8372,requests,4
e2e,e2e/large_64MiB_4conns,0,48.8372,response_head_ms,1.349
e2e,e2e/large_64MiB_4conns,0,48.8372,response_heads,4
e2e,e2e/large_64MiB_4conns,0,48.8372,running_reports,1
e2e,e2e/large_64MiB_4conns,0,48.8372,served_bytes,67108864
e2e,e2e/large_64MiB_4conns,0,48.8372,to_first_report,30.629041
e2e,e2e/large_64MiB_4conns,0,48.8372,total,30.633416
e2e,e2e/large_64MiB_4conns,0,48.8372,unique_bytes,67108864
e2e,e2e/large_64MiB_4conns,0,48.8372,verified,1
e2e,e2e/large_64MiB_4conns,0,48.8372,writer_blocks,64
e2e,e2e/large_64MiB_4conns,0,48.8372,writer_bytes,67108864
e2e,e2e/large_64MiB_4conns,0,48.8372,writer_seeks,58
e2e,e2e/large_64MiB_4conns,1,37.0482,avg_block_bytes,1048576
e2e,e2e/large_64MiB_4conns,1,37.0482,body_reads,4129
e2e,e2e/large_64MiB_4conns,1,37.0482,body_wait_ms,16.15
e2e,e2e/large_64MiB_4conns,1,37.0482,cache_copied_bytes,67108864
e2e,e2e/large_64MiB_4conns,1,37.0482,cache_evicted_bytes,67108864
e2e,e2e/large_64MiB_4conns,1,37.0482,checksum_ms,0
e2e,e2e/large_64MiB_4conns,1,37.0482,cpu_ms,52.223999999999826
e2e,e2e/large_64MiB_4conns,1,37.0482,cpu_percent,140.9622835198934
e2e,e2e/large_64MiB_4conns,1,37.0482,distinct_ranges,4
e2e,e2e/large_64MiB_4conns,1,37.0482,duplicate_bytes,0
e2e,e2e/large_64MiB_4conns,1,37.0482,failed,0
e2e,e2e/large_64MiB_4conns,1,37.0482,file_bytes,67108864
e2e,e2e/large_64MiB_4conns,1,37.0482,fsync_calls,1
e2e,e2e/large_64MiB_4conns,1,37.0482,fsync_ms,13.636
e2e,e2e/large_64MiB_4conns,1,37.0482,prealloc_ms,3.594
e2e,e2e/large_64MiB_4conns,1,37.0482,process_peak_rss_bytes,299810816
e2e,e2e/large_64MiB_4conns,1,37.0482,requests,4
e2e,e2e/large_64MiB_4conns,1,37.0482,response_head_ms,1.22
e2e,e2e/large_64MiB_4conns,1,37.0482,response_heads,4
e2e,e2e/large_64MiB_4conns,1,37.0482,running_reports,0
e2e,e2e/large_64MiB_4conns,1,37.0482,served_bytes,67108864
e2e,e2e/large_64MiB_4conns,1,37.0482,total,30.103333
e2e,e2e/large_64MiB_4conns,1,37.0482,unique_bytes,67108864
e2e,e2e/large_64MiB_4conns,1,37.0482,verified,1
e2e,e2e/large_64MiB_4conns,1,37.0482,writer_blocks,64
e2e,e2e/large_64MiB_4conns,1,37.0482,writer_bytes,67108864
e2e,e2e/large_64MiB_4conns,1,37.0482,writer_seeks,58
e2e,e2e/large_64MiB_4conns,2,37.7720,avg_block_bytes,1048576
e2e,e2e/large_64MiB_4conns,2,37.7720,body_reads,4141
e2e,e2e/large_64MiB_4conns,2,37.7720,body_wait_ms,16.782
e2e,e2e/large_64MiB_4conns,2,37.7720,cache_copied_bytes,67108864
e2e,e2e/large_64MiB_4conns,2,37.7720,cache_evicted_bytes,67108864
e2e,e2e/large_64MiB_4conns,2,37.7720,checksum_ms,0
e2e,e2e/large_64MiB_4conns,2,37.7720,cpu_ms,51.80700000000016
e2e,e2e/large_64MiB_4conns,2,37.7720,cpu_percent,137.1573059569752
e2e,e2e/large_64MiB_4conns,2,37.7720,distinct_ranges,4
e2e,e2e/large_64MiB_4conns,2,37.7720,duplicate_bytes,0
e2e,e2e/large_64MiB_4conns,2,37.7720,failed,0
e2e,e2e/large_64MiB_4conns,2,37.7720,file_bytes,67108864
e2e,e2e/large_64MiB_4conns,2,37.7720,finalize,0.005041999999995994
e2e,e2e/large_64MiB_4conns,2,37.7720,fsync_calls,1
e2e,e2e/large_64MiB_4conns,2,37.7720,fsync_ms,14.349
e2e,e2e/large_64MiB_4conns,2,37.7720,prealloc_ms,2.696
e2e,e2e/large_64MiB_4conns,2,37.7720,process_peak_rss_bytes,299810816
e2e,e2e/large_64MiB_4conns,2,37.7720,report_span,0
e2e,e2e/large_64MiB_4conns,2,37.7720,requests,4
e2e,e2e/large_64MiB_4conns,2,37.7720,response_head_ms,1.369
e2e,e2e/large_64MiB_4conns,2,37.7720,response_heads,4
e2e,e2e/large_64MiB_4conns,2,37.7720,running_reports,1
e2e,e2e/large_64MiB_4conns,2,37.7720,served_bytes,67108864
e2e,e2e/large_64MiB_4conns,2,37.7720,to_first_report,30.035167
e2e,e2e/large_64MiB_4conns,2,37.7720,total,30.040208999999997
e2e,e2e/large_64MiB_4conns,2,37.7720,unique_bytes,67108864
e2e,e2e/large_64MiB_4conns,2,37.7720,verified,1
e2e,e2e/large_64MiB_4conns,2,37.7720,writer_blocks,64
e2e,e2e/large_64MiB_4conns,2,37.7720,writer_bytes,67108864
e2e,e2e/large_64MiB_4conns,2,37.7720,writer_seeks,60
e2e,e2e/large_64MiB_4conns,3,37.7673,avg_block_bytes,1048576
e2e,e2e/large_64MiB_4conns,3,37.7673,body_reads,4113
e2e,e2e/large_64MiB_4conns,3,37.7673,body_wait_ms,16.448
e2e,e2e/large_64MiB_4conns,3,37.7673,cache_copied_bytes,67108864
e2e,e2e/large_64MiB_4conns,3,37.7673,cache_evicted_bytes,67108864
e2e,e2e/large_64MiB_4conns,3,37.7673,checksum_ms,0
e2e,e2e/large_64MiB_4conns,3,37.7673,cpu_ms,49.65900000000012
e2e,e2e/large_64MiB_4conns,3,37.7673,cpu_percent,131.486936433021
e2e,e2e/large_64MiB_4conns,3,37.7673,distinct_ranges,4
e2e,e2e/large_64MiB_4conns,3,37.7673,duplicate_bytes,0
e2e,e2e/large_64MiB_4conns,3,37.7673,failed,0
e2e,e2e/large_64MiB_4conns,3,37.7673,file_bytes,67108864
e2e,e2e/large_64MiB_4conns,3,37.7673,finalize,0.003415999999997865
e2e,e2e/large_64MiB_4conns,3,37.7673,fsync_calls,1
e2e,e2e/large_64MiB_4conns,3,37.7673,fsync_ms,14.768
e2e,e2e/large_64MiB_4conns,3,37.7673,prealloc_ms,3.189
e2e,e2e/large_64MiB_4conns,3,37.7673,process_peak_rss_bytes,299810816
e2e,e2e/large_64MiB_4conns,3,37.7673,report_span,0
e2e,e2e/large_64MiB_4conns,3,37.7673,requests,4
e2e,e2e/large_64MiB_4conns,3,37.7673,response_head_ms,1.412
e2e,e2e/large_64MiB_4conns,3,37.7673,response_heads,4
e2e,e2e/large_64MiB_4conns,3,37.7673,running_reports,1
e2e,e2e/large_64MiB_4conns,3,37.7673,served_bytes,67108864
e2e,e2e/large_64MiB_4conns,3,37.7673,to_first_report,31.003709
e2e,e2e/large_64MiB_4conns,3,37.7673,total,31.007125
e2e,e2e/large_64MiB_4conns,3,37.7673,unique_bytes,67108864
e2e,e2e/large_64MiB_4conns,3,37.7673,verified,1
e2e,e2e/large_64MiB_4conns,3,37.7673,writer_blocks,64
e2e,e2e/large_64MiB_4conns,3,37.7673,writer_bytes,67108864
e2e,e2e/large_64MiB_4conns,3,37.7673,writer_seeks,59
e2e,e2e/large_64MiB_4conns,4,35.7769,avg_block_bytes,1048576
e2e,e2e/large_64MiB_4conns,4,35.7769,body_reads,4136
e2e,e2e/large_64MiB_4conns,4,35.7769,body_wait_ms,16.198
e2e,e2e/large_64MiB_4conns,4,35.7769,cache_copied_bytes,67108864
e2e,e2e/large_64MiB_4conns,4,35.7769,cache_evicted_bytes,67108864
e2e,e2e/large_64MiB_4conns,4,35.7769,checksum_ms,0
e2e,e2e/large_64MiB_4conns,4,35.7769,cpu_ms,52.055000000000184
e2e,e2e/large_64MiB_4conns,4,35.7769,cpu_percent,145.49884217245489
e2e,e2e/large_64MiB_4conns,4,35.7769,distinct_ranges,4
e2e,e2e/large_64MiB_4conns,4,35.7769,duplicate_bytes,0
e2e,e2e/large_64MiB_4conns,4,35.7769,failed,0
e2e,e2e/large_64MiB_4conns,4,35.7769,file_bytes,67108864
e2e,e2e/large_64MiB_4conns,4,35.7769,fsync_calls,1
e2e,e2e/large_64MiB_4conns,4,35.7769,fsync_ms,13.469
e2e,e2e/large_64MiB_4conns,4,35.7769,prealloc_ms,3.066
e2e,e2e/large_64MiB_4conns,4,35.7769,process_peak_rss_bytes,299810816
e2e,e2e/large_64MiB_4conns,4,35.7769,requests,4
e2e,e2e/large_64MiB_4conns,4,35.7769,response_head_ms,0.986
e2e,e2e/large_64MiB_4conns,4,35.7769,response_heads,4
e2e,e2e/large_64MiB_4conns,4,35.7769,running_reports,0
e2e,e2e/large_64MiB_4conns,4,35.7769,served_bytes,67108864
e2e,e2e/large_64MiB_4conns,4,35.7769,total,29.525292
e2e,e2e/large_64MiB_4conns,4,35.7769,unique_bytes,67108864
e2e,e2e/large_64MiB_4conns,4,35.7769,verified,1
e2e,e2e/large_64MiB_4conns,4,35.7769,writer_blocks,64
e2e,e2e/large_64MiB_4conns,4,35.7769,writer_bytes,67108864
e2e,e2e/large_64MiB_4conns,4,35.7769,writer_seeks,54
e2e,e2e/large_64MiB_4conns,5,77.6859,avg_block_bytes,1048576
e2e,e2e/large_64MiB_4conns,5,77.6859,body_reads,4113
e2e,e2e/large_64MiB_4conns,5,77.6859,body_wait_ms,57.598
e2e,e2e/large_64MiB_4conns,5,77.6859,cache_copied_bytes,67108864
e2e,e2e/large_64MiB_4conns,5,77.6859,cache_evicted_bytes,67108864
e2e,e2e/large_64MiB_4conns,5,77.6859,checksum_ms,0
e2e,e2e/large_64MiB_4conns,5,77.6859,cpu_ms,51.285000000000025
e2e,e2e/large_64MiB_4conns,5,77.6859,cpu_percent,66.01582626616873
e2e,e2e/large_64MiB_4conns,5,77.6859,distinct_ranges,5
e2e,e2e/large_64MiB_4conns,5,77.6859,duplicate_bytes,0
e2e,e2e/large_64MiB_4conns,5,77.6859,failed,0
e2e,e2e/large_64MiB_4conns,5,77.6859,file_bytes,67108864
e2e,e2e/large_64MiB_4conns,5,77.6859,fsync_calls,1
e2e,e2e/large_64MiB_4conns,5,77.6859,fsync_ms,7.335
e2e,e2e/large_64MiB_4conns,5,77.6859,prealloc_ms,2.356
e2e,e2e/large_64MiB_4conns,5,77.6859,process_peak_rss_bytes,299810816
e2e,e2e/large_64MiB_4conns,5,77.6859,requests,5
e2e,e2e/large_64MiB_4conns,5,77.6859,response_head_ms,1.878
e2e,e2e/large_64MiB_4conns,5,77.6859,response_heads,5
e2e,e2e/large_64MiB_4conns,5,77.6859,running_reports,0
e2e,e2e/large_64MiB_4conns,5,77.6859,served_bytes,67108864
e2e,e2e/large_64MiB_4conns,5,77.6859,total,70.61275
e2e,e2e/large_64MiB_4conns,5,77.6859,unique_bytes,67108864
e2e,e2e/large_64MiB_4conns,5,77.6859,verified,1
e2e,e2e/large_64MiB_4conns,5,77.6859,writer_blocks,64
e2e,e2e/large_64MiB_4conns,5,77.6859,writer_bytes,67108864
e2e,e2e/large_64MiB_4conns,5,77.6859,writer_seeks,4
e2e,e2e/large_64MiB_4conns,6,36.5682,avg_block_bytes,1048576
e2e,e2e/large_64MiB_4conns,6,36.5682,body_reads,4116
e2e,e2e/large_64MiB_4conns,6,36.5682,body_wait_ms,17.896
e2e,e2e/large_64MiB_4conns,6,36.5682,cache_copied_bytes,67108864
e2e,e2e/large_64MiB_4conns,6,36.5682,cache_evicted_bytes,67108864
e2e,e2e/large_64MiB_4conns,6,36.5682,checksum_ms,0
e2e,e2e/large_64MiB_4conns,6,36.5682,cpu_ms,52.57899999999971
e2e,e2e/large_64MiB_4conns,6,36.5682,cpu_percent,143.78319990702238
e2e,e2e/large_64MiB_4conns,6,36.5682,distinct_ranges,5
e2e,e2e/large_64MiB_4conns,6,36.5682,duplicate_bytes,0
e2e,e2e/large_64MiB_4conns,6,36.5682,failed,0
e2e,e2e/large_64MiB_4conns,6,36.5682,file_bytes,67108864
e2e,e2e/large_64MiB_4conns,6,36.5682,finalize,0.00354199999999949
e2e,e2e/large_64MiB_4conns,6,36.5682,fsync_calls,1
e2e,e2e/large_64MiB_4conns,6,36.5682,fsync_ms,13.857
e2e,e2e/large_64MiB_4conns,6,36.5682,prealloc_ms,2.448
e2e,e2e/large_64MiB_4conns,6,36.5682,process_peak_rss_bytes,299810816
e2e,e2e/large_64MiB_4conns,6,36.5682,report_span,0
e2e,e2e/large_64MiB_4conns,6,36.5682,requests,5
e2e,e2e/large_64MiB_4conns,6,36.5682,response_head_ms,1.875
e2e,e2e/large_64MiB_4conns,6,36.5682,response_heads,5
e2e,e2e/large_64MiB_4conns,6,36.5682,running_reports,1
e2e,e2e/large_64MiB_4conns,6,36.5682,served_bytes,67108864
e2e,e2e/large_64MiB_4conns,6,36.5682,to_first_report,29.731583
e2e,e2e/large_64MiB_4conns,6,36.5682,total,29.735125
e2e,e2e/large_64MiB_4conns,6,36.5682,unique_bytes,67108864
e2e,e2e/large_64MiB_4conns,6,36.5682,verified,1
e2e,e2e/large_64MiB_4conns,6,36.5682,writer_blocks,64
e2e,e2e/large_64MiB_4conns,6,36.5682,writer_bytes,67108864
e2e,e2e/large_64MiB_4conns,6,36.5682,writer_seeks,58
e2e,e2e/large_64MiB_4conns,7,38.4553,avg_block_bytes,1048576
e2e,e2e/large_64MiB_4conns,7,38.4553,body_reads,4109
e2e,e2e/large_64MiB_4conns,7,38.4553,body_wait_ms,18.284
e2e,e2e/large_64MiB_4conns,7,38.4553,cache_copied_bytes,67108864
e2e,e2e/large_64MiB_4conns,7,38.4553,cache_evicted_bytes,67108864
e2e,e2e/large_64MiB_4conns,7,38.4553,checksum_ms,0
e2e,e2e/large_64MiB_4conns,7,38.4553,cpu_ms,53.54700000000001
e2e,e2e/large_64MiB_4conns,7,38.4553,cpu_percent,139.24496655203126
e2e,e2e/large_64MiB_4conns,7,38.4553,distinct_ranges,4
e2e,e2e/large_64MiB_4conns,7,38.4553,duplicate_bytes,0
e2e,e2e/large_64MiB_4conns,7,38.4553,failed,0
e2e,e2e/large_64MiB_4conns,7,38.4553,file_bytes,67108864
e2e,e2e/large_64MiB_4conns,7,38.4553,finalize,0.004291999999999518
e2e,e2e/large_64MiB_4conns,7,38.4553,fsync_calls,1
e2e,e2e/large_64MiB_4conns,7,38.4553,fsync_ms,14.603
e2e,e2e/large_64MiB_4conns,7,38.4553,prealloc_ms,4.091
e2e,e2e/large_64MiB_4conns,7,38.4553,process_peak_rss_bytes,299810816
e2e,e2e/large_64MiB_4conns,7,38.4553,report_span,0
e2e,e2e/large_64MiB_4conns,7,38.4553,requests,4
e2e,e2e/large_64MiB_4conns,7,38.4553,response_head_ms,1.082
e2e,e2e/large_64MiB_4conns,7,38.4553,response_heads,4
e2e,e2e/large_64MiB_4conns,7,38.4553,running_reports,1
e2e,e2e/large_64MiB_4conns,7,38.4553,served_bytes,67108864
e2e,e2e/large_64MiB_4conns,7,38.4553,to_first_report,31.110292
e2e,e2e/large_64MiB_4conns,7,38.4553,total,31.114584
e2e,e2e/large_64MiB_4conns,7,38.4553,unique_bytes,67108864
e2e,e2e/large_64MiB_4conns,7,38.4553,verified,1
e2e,e2e/large_64MiB_4conns,7,38.4553,writer_blocks,64
e2e,e2e/large_64MiB_4conns,7,38.4553,writer_bytes,67108864
e2e,e2e/large_64MiB_4conns,7,38.4553,writer_seeks,62
e2e,e2e/large_64MiB_4conns,8,38.0488,avg_block_bytes,1048576
e2e,e2e/large_64MiB_4conns,8,38.0488,body_reads,4128
e2e,e2e/large_64MiB_4conns,8,38.0488,body_wait_ms,16.429
e2e,e2e/large_64MiB_4conns,8,38.0488,cache_copied_bytes,67108864
e2e,e2e/large_64MiB_4conns,8,38.0488,cache_evicted_bytes,67108864
e2e,e2e/large_64MiB_4conns,8,38.0488,checksum_ms,0
e2e,e2e/large_64MiB_4conns,8,38.0488,cpu_ms,52.379000000000175
e2e,e2e/large_64MiB_4conns,8,38.0488,cpu_percent,137.66271475846114
e2e,e2e/large_64MiB_4conns,8,38.0488,distinct_ranges,4
e2e,e2e/large_64MiB_4conns,8,38.0488,duplicate_bytes,0
e2e,e2e/large_64MiB_4conns,8,38.0488,failed,0
e2e,e2e/large_64MiB_4conns,8,38.0488,file_bytes,67108864
e2e,e2e/large_64MiB_4conns,8,38.0488,finalize,0.0055419999999983816
e2e,e2e/large_64MiB_4conns,8,38.0488,fsync_calls,1
e2e,e2e/large_64MiB_4conns,8,38.0488,fsync_ms,15.008
e2e,e2e/large_64MiB_4conns,8,38.0488,prealloc_ms,2.868
e2e,e2e/large_64MiB_4conns,8,38.0488,process_peak_rss_bytes,299810816
e2e,e2e/large_64MiB_4conns,8,38.0488,report_span,0
e2e,e2e/large_64MiB_4conns,8,38.0488,requests,4
e2e,e2e/large_64MiB_4conns,8,38.0488,response_head_ms,1.086
e2e,e2e/large_64MiB_4conns,8,38.0488,response_heads,4
e2e,e2e/large_64MiB_4conns,8,38.0488,running_reports,1
e2e,e2e/large_64MiB_4conns,8,38.0488,served_bytes,67108864
e2e,e2e/large_64MiB_4conns,8,38.0488,to_first_report,30.946791
e2e,e2e/large_64MiB_4conns,8,38.0488,total,30.952333
e2e,e2e/large_64MiB_4conns,8,38.0488,unique_bytes,67108864
e2e,e2e/large_64MiB_4conns,8,38.0488,verified,1
e2e,e2e/large_64MiB_4conns,8,38.0488,writer_blocks,64
e2e,e2e/large_64MiB_4conns,8,38.0488,writer_bytes,67108864
e2e,e2e/large_64MiB_4conns,8,38.0488,writer_seeks,51
e2e,e2e/large_64MiB_4conns,9,26.2297,avg_block_bytes,1048576
e2e,e2e/large_64MiB_4conns,9,26.2297,body_reads,4158
e2e,e2e/large_64MiB_4conns,9,26.2297,body_wait_ms,9.951
e2e,e2e/large_64MiB_4conns,9,26.2297,cache_copied_bytes,67108864
e2e,e2e/large_64MiB_4conns,9,26.2297,cache_evicted_bytes,67108864
e2e,e2e/large_64MiB_4conns,9,26.2297,checksum_ms,0
e2e,e2e/large_64MiB_4conns,9,26.2297,cpu_ms,48.2149999999999
e2e,e2e/large_64MiB_4conns,9,26.2297,cpu_percent,183.81799292787733
e2e,e2e/large_64MiB_4conns,9,26.2297,distinct_ranges,4
e2e,e2e/large_64MiB_4conns,9,26.2297,duplicate_bytes,0
e2e,e2e/large_64MiB_4conns,9,26.2297,failed,0
e2e,e2e/large_64MiB_4conns,9,26.2297,file_bytes,67108864
e2e,e2e/large_64MiB_4conns,9,26.2297,finalize,0.00383300000000375
e2e,e2e/large_64MiB_4conns,9,26.2297,fsync_calls,1
e2e,e2e/large_64MiB_4conns,9,26.2297,fsync_ms,3.461
e2e,e2e/large_64MiB_4conns,9,26.2297,prealloc_ms,2.388
e2e,e2e/large_64MiB_4conns,9,26.2297,process_peak_rss_bytes,299810816
e2e,e2e/large_64MiB_4conns,9,26.2297,report_span,0
e2e,e2e/large_64MiB_4conns,9,26.2297,requests,4
e2e,e2e/large_64MiB_4conns,9,26.2297,response_head_ms,1.028
e2e,e2e/large_64MiB_4conns,9,26.2297,response_heads,4
e2e,e2e/large_64MiB_4conns,9,26.2297,running_reports,1
e2e,e2e/large_64MiB_4conns,9,26.2297,served_bytes,67108864
e2e,e2e/large_64MiB_4conns,9,26.2297,to_first_report,19.627458999999998
e2e,e2e/large_64MiB_4conns,9,26.2297,total,19.631292000000002
e2e,e2e/large_64MiB_4conns,9,26.2297,unique_bytes,67108864
e2e,e2e/large_64MiB_4conns,9,26.2297,verified,1
e2e,e2e/large_64MiB_4conns,9,26.2297,writer_blocks,64
e2e,e2e/large_64MiB_4conns,9,26.2297,writer_bytes,67108864
e2e,e2e/large_64MiB_4conns,9,26.2297,writer_seeks,4
e2e,e2e/unknown_length_12MiB,0,19.0740,avg_block_bytes,262144
e2e,e2e/unknown_length_12MiB,0,19.0740,body_reads,962
e2e,e2e/unknown_length_12MiB,0,19.0740,body_wait_ms,1.514
e2e,e2e/unknown_length_12MiB,0,19.0740,cache_copied_bytes,12582912
e2e,e2e/unknown_length_12MiB,0,19.0740,cache_evicted_bytes,12582912
e2e,e2e/unknown_length_12MiB,0,19.0740,checksum_ms,6.356
e2e,e2e/unknown_length_12MiB,0,19.0740,cpu_ms,23.53200000000033
e2e,e2e/unknown_length_12MiB,0,19.0740,cpu_percent,123.37240126040088
e2e,e2e/unknown_length_12MiB,0,19.0740,distinct_ranges,1
e2e,e2e/unknown_length_12MiB,0,19.0740,duplicate_bytes,0
e2e,e2e/unknown_length_12MiB,0,19.0740,failed,0
e2e,e2e/unknown_length_12MiB,0,19.0740,file_bytes,12582912
e2e,e2e/unknown_length_12MiB,0,19.0740,finalize,10.329875
e2e,e2e/unknown_length_12MiB,0,19.0740,fsync_calls,2
e2e,e2e/unknown_length_12MiB,0,19.0740,fsync_ms,3.926
e2e,e2e/unknown_length_12MiB,0,19.0740,prealloc_ms,0.062
e2e,e2e/unknown_length_12MiB,0,19.0740,process_peak_rss_bytes,299810816
e2e,e2e/unknown_length_12MiB,0,19.0740,report_span,2.656917
e2e,e2e/unknown_length_12MiB,0,19.0740,requests,1
e2e,e2e/unknown_length_12MiB,0,19.0740,response_head_ms,0.247
e2e,e2e/unknown_length_12MiB,0,19.0740,response_heads,1
e2e,e2e/unknown_length_12MiB,0,19.0740,running_reports,49
e2e,e2e/unknown_length_12MiB,0,19.0740,served_bytes,12582912
e2e,e2e/unknown_length_12MiB,0,19.0740,to_first_report,0.9167500000000001
e2e,e2e/unknown_length_12MiB,0,19.0740,total,13.903542
e2e,e2e/unknown_length_12MiB,0,19.0740,unique_bytes,12582912
e2e,e2e/unknown_length_12MiB,0,19.0740,verified,1
e2e,e2e/unknown_length_12MiB,0,19.0740,writer_blocks,48
e2e,e2e/unknown_length_12MiB,0,19.0740,writer_bytes,12582912
e2e,e2e/unknown_length_12MiB,0,19.0740,writer_seeks,1
e2e,e2e/unknown_length_12MiB,1,19.8322,avg_block_bytes,262144
e2e,e2e/unknown_length_12MiB,1,19.8322,body_reads,965
e2e,e2e/unknown_length_12MiB,1,19.8322,body_wait_ms,1.901
e2e,e2e/unknown_length_12MiB,1,19.8322,cache_copied_bytes,12582912
e2e,e2e/unknown_length_12MiB,1,19.8322,cache_evicted_bytes,12582912
e2e,e2e/unknown_length_12MiB,1,19.8322,checksum_ms,6.277
e2e,e2e/unknown_length_12MiB,1,19.8322,cpu_ms,22.524000000000655
e2e,e2e/unknown_length_12MiB,1,19.8322,cpu_percent,113.57307114109804
e2e,e2e/unknown_length_12MiB,1,19.8322,distinct_ranges,1
e2e,e2e/unknown_length_12MiB,1,19.8322,duplicate_bytes,0
e2e,e2e/unknown_length_12MiB,1,19.8322,failed,0
e2e,e2e/unknown_length_12MiB,1,19.8322,file_bytes,12582912
e2e,e2e/unknown_length_12MiB,1,19.8322,finalize,11.403708
e2e,e2e/unknown_length_12MiB,1,19.8322,fsync_calls,2
e2e,e2e/unknown_length_12MiB,1,19.8322,fsync_ms,5.107
e2e,e2e/unknown_length_12MiB,1,19.8322,prealloc_ms,0.078
e2e,e2e/unknown_length_12MiB,1,19.8322,process_peak_rss_bytes,299810816
e2e,e2e/unknown_length_12MiB,1,19.8322,report_span,2.54075
e2e,e2e/unknown_length_12MiB,1,19.8322,requests,1
e2e,e2e/unknown_length_12MiB,1,19.8322,response_head_ms,0.315
e2e,e2e/unknown_length_12MiB,1,19.8322,response_heads,1
e2e,e2e/unknown_length_12MiB,1,19.8322,running_reports,49
e2e,e2e/unknown_length_12MiB,1,19.8322,served_bytes,12582912
e2e,e2e/unknown_length_12MiB,1,19.8322,to_first_report,0.792417
e2e,e2e/unknown_length_12MiB,1,19.8322,total,14.736875
e2e,e2e/unknown_length_12MiB,1,19.8322,unique_bytes,12582912
e2e,e2e/unknown_length_12MiB,1,19.8322,verified,1
e2e,e2e/unknown_length_12MiB,1,19.8322,writer_blocks,48
e2e,e2e/unknown_length_12MiB,1,19.8322,writer_bytes,12582912
e2e,e2e/unknown_length_12MiB,1,19.8322,writer_seeks,1
e2e,e2e/unknown_length_12MiB,2,19.3777,avg_block_bytes,262144
e2e,e2e/unknown_length_12MiB,2,19.3777,body_reads,963
e2e,e2e/unknown_length_12MiB,2,19.3777,body_wait_ms,1.644
e2e,e2e/unknown_length_12MiB,2,19.3777,cache_copied_bytes,12582912
e2e,e2e/unknown_length_12MiB,2,19.3777,cache_evicted_bytes,12582912
e2e,e2e/unknown_length_12MiB,2,19.3777,checksum_ms,6.436
e2e,e2e/unknown_length_12MiB,2,19.3777,cpu_ms,21.96400000000054
e2e,e2e/unknown_length_12MiB,2,19.3777,cpu_percent,113.34673842747829
e2e,e2e/unknown_length_12MiB,2,19.3777,distinct_ranges,1
e2e,e2e/unknown_length_12MiB,2,19.3777,duplicate_bytes,0
e2e,e2e/unknown_length_12MiB,2,19.3777,failed,0
e2e,e2e/unknown_length_12MiB,2,19.3777,file_bytes,12582912
e2e,e2e/unknown_length_12MiB,2,19.3777,finalize,10.715416999999999
e2e,e2e/unknown_length_12MiB,2,19.3777,fsync_calls,2
e2e,e2e/unknown_length_12MiB,2,19.3777,fsync_ms,4.256
e2e,e2e/unknown_length_12MiB,2,19.3777,prealloc_ms,0.07
e2e,e2e/unknown_length_12MiB,2,19.3777,process_peak_rss_bytes,299810816
e2e,e2e/unknown_length_12MiB,2,19.3777,report_span,2.3934580000000003
e2e,e2e/unknown_length_12MiB,2,19.3777,requests,1
e2e,e2e/unknown_length_12MiB,2,19.3777,response_head_ms,0.248
e2e,e2e/unknown_length_12MiB,2,19.3777,response_heads,1
e2e,e2e/unknown_length_12MiB,2,19.3777,running_reports,48
e2e,e2e/unknown_length_12MiB,2,19.3777,served_bytes,12582912
e2e,e2e/unknown_length_12MiB,2,19.3777,to_first_report,0.926625
e2e,e2e/unknown_length_12MiB,2,19.3777,total,14.035499999999999
e2e,e2e/unknown_length_12MiB,2,19.3777,unique_bytes,12582912
e2e,e2e/unknown_length_12MiB,2,19.3777,verified,1
e2e,e2e/unknown_length_12MiB,2,19.3777,writer_blocks,48
e2e,e2e/unknown_length_12MiB,2,19.3777,writer_bytes,12582912
e2e,e2e/unknown_length_12MiB,2,19.3777,writer_seeks,1
e2e,e2e/unknown_length_12MiB,3,20.5511,avg_block_bytes,262144
e2e,e2e/unknown_length_12MiB,3,20.5511,body_reads,964
e2e,e2e/unknown_length_12MiB,3,20.5511,body_wait_ms,1.809
e2e,e2e/unknown_length_12MiB,3,20.5511,cache_copied_bytes,12582912
e2e,e2e/unknown_length_12MiB,3,20.5511,cache_evicted_bytes,12582912
e2e,e2e/unknown_length_12MiB,3,20.5511,checksum_ms,6.293
e2e,e2e/unknown_length_12MiB,3,20.5511,cpu_ms,20.999999999999908
e2e,e2e/unknown_length_12MiB,3,20.5511,cpu_percent,102.1843908574356
e2e,e2e/unknown_length_12MiB,3,20.5511,distinct_ranges,1
e2e,e2e/unknown_length_12MiB,3,20.5511,duplicate_bytes,0
e2e,e2e/unknown_length_12MiB,3,20.5511,failed,0
e2e,e2e/unknown_length_12MiB,3,20.5511,file_bytes,12582912
e2e,e2e/unknown_length_12MiB,3,20.5511,finalize,11.263084000000001
e2e,e2e/unknown_length_12MiB,3,20.5511,fsync_calls,2
e2e,e2e/unknown_length_12MiB,3,20.5511,fsync_ms,4.874
e2e,e2e/unknown_length_12MiB,3,20.5511,prealloc_ms,0.065
e2e,e2e/unknown_length_12MiB,3,20.5511,process_peak_rss_bytes,299810816
e2e,e2e/unknown_length_12MiB,3,20.5511,report_span,2.5649159999999993
e2e,e2e/unknown_length_12MiB,3,20.5511,requests,1
e2e,e2e/unknown_length_12MiB,3,20.5511,response_head_ms,0.284
e2e,e2e/unknown_length_12MiB,3,20.5511,response_heads,1
e2e,e2e/unknown_length_12MiB,3,20.5511,running_reports,48
e2e,e2e/unknown_length_12MiB,3,20.5511,served_bytes,12582912
e2e,e2e/unknown_length_12MiB,3,20.5511,to_first_report,1.8010840000000001
e2e,e2e/unknown_length_12MiB,3,20.5511,total,15.629084
e2e,e2e/unknown_length_12MiB,3,20.5511,unique_bytes,12582912
e2e,e2e/unknown_length_12MiB,3,20.5511,verified,1
e2e,e2e/unknown_length_12MiB,3,20.5511,writer_blocks,48
e2e,e2e/unknown_length_12MiB,3,20.5511,writer_bytes,12582912
e2e,e2e/unknown_length_12MiB,3,20.5511,writer_seeks,1
e2e,e2e/unknown_length_12MiB,4,45.0714,avg_block_bytes,262144
e2e,e2e/unknown_length_12MiB,4,45.0714,body_reads,964
e2e,e2e/unknown_length_12MiB,4,45.0714,body_wait_ms,27.256
e2e,e2e/unknown_length_12MiB,4,45.0714,cache_copied_bytes,12582912
e2e,e2e/unknown_length_12MiB,4,45.0714,cache_evicted_bytes,12582912
e2e,e2e/unknown_length_12MiB,4,45.0714,checksum_ms,6.13
e2e,e2e/unknown_length_12MiB,4,45.0714,cpu_ms,21.82200000000023
e2e,e2e/unknown_length_12MiB,4,45.0714,cpu_percent,48.41649527940331
e2e,e2e/unknown_length_12MiB,4,45.0714,distinct_ranges,1
e2e,e2e/unknown_length_12MiB,4,45.0714,duplicate_bytes,0
e2e,e2e/unknown_length_12MiB,4,45.0714,failed,0
e2e,e2e/unknown_length_12MiB,4,45.0714,file_bytes,12582912
e2e,e2e/unknown_length_12MiB,4,45.0714,finalize,9.979291999999997
e2e,e2e/unknown_length_12MiB,4,45.0714,fsync_calls,2
e2e,e2e/unknown_length_12MiB,4,45.0714,fsync_ms,3.703
e2e,e2e/unknown_length_12MiB,4,45.0714,prealloc_ms,0.062
e2e,e2e/unknown_length_12MiB,4,45.0714,process_peak_rss_bytes,299810816
e2e,e2e/unknown_length_12MiB,4,45.0714,report_span,28.165833
e2e,e2e/unknown_length_12MiB,4,45.0714,requests,1
e2e,e2e/unknown_length_12MiB,4,45.0714,response_head_ms,0.245
e2e,e2e/unknown_length_12MiB,4,45.0714,response_heads,1
e2e,e2e/unknown_length_12MiB,4,45.0714,running_reports,49
e2e,e2e/unknown_length_12MiB,4,45.0714,served_bytes,12582912
e2e,e2e/unknown_length_12MiB,4,45.0714,to_first_report,1.762167
e2e,e2e/unknown_length_12MiB,4,45.0714,total,39.907292
e2e,e2e/unknown_length_12MiB,4,45.0714,unique_bytes,12582912
e2e,e2e/unknown_length_12MiB,4,45.0714,verified,1
e2e,e2e/unknown_length_12MiB,4,45.0714,writer_blocks,48
e2e,e2e/unknown_length_12MiB,4,45.0714,writer_bytes,12582912
e2e,e2e/unknown_length_12MiB,4,45.0714,writer_seeks,1
e2e,e2e/unknown_length_12MiB,5,19.8115,avg_block_bytes,262144
e2e,e2e/unknown_length_12MiB,5,19.8115,body_reads,965
e2e,e2e/unknown_length_12MiB,5,19.8115,body_wait_ms,2.175
e2e,e2e/unknown_length_12MiB,5,19.8115,cache_copied_bytes,12582912
e2e,e2e/unknown_length_12MiB,5,19.8115,cache_evicted_bytes,12582912
e2e,e2e/unknown_length_12MiB,5,19.8115,checksum_ms,5.916
e2e,e2e/unknown_length_12MiB,5,19.8115,cpu_ms,21.732000000000085
e2e,e2e/unknown_length_12MiB,5,19.8115,cpu_percent,109.69386467455814
e2e,e2e/unknown_length_12MiB,5,19.8115,distinct_ranges,1
e2e,e2e/unknown_length_12MiB,5,19.8115,duplicate_bytes,0
e2e,e2e/unknown_length_12MiB,5,19.8115,failed,0
e2e,e2e/unknown_length_12MiB,5,19.8115,file_bytes,12582912
e2e,e2e/unknown_length_12MiB,5,19.8115,finalize,10.612709
e2e,e2e/unknown_length_12MiB,5,19.8115,fsync_calls,2
e2e,e2e/unknown_length_12MiB,5,19.8115,fsync_ms,4.616
e2e,e2e/unknown_length_12MiB,5,19.8115,prealloc_ms,0.073
e2e,e2e/unknown_length_12MiB,5,19.8115,process_peak_rss_bytes,299810816
e2e,e2e/unknown_length_12MiB,5,19.8115,report_span,2.8324160000000003
e2e,e2e/unknown_length_12MiB,5,19.8115,requests,1
e2e,e2e/unknown_length_12MiB,5,19.8115,response_head_ms,0.329
e2e,e2e/unknown_length_12MiB,5,19.8115,response_heads,1
e2e,e2e/unknown_length_12MiB,5,19.8115,running_reports,48
e2e,e2e/unknown_length_12MiB,5,19.8115,served_bytes,12582912
e2e,e2e/unknown_length_12MiB,5,19.8115,to_first_report,0.746459
e2e,e2e/unknown_length_12MiB,5,19.8115,total,14.191584
e2e,e2e/unknown_length_12MiB,5,19.8115,unique_bytes,12582912
e2e,e2e/unknown_length_12MiB,5,19.8115,verified,1
e2e,e2e/unknown_length_12MiB,5,19.8115,writer_blocks,48
e2e,e2e/unknown_length_12MiB,5,19.8115,writer_bytes,12582912
e2e,e2e/unknown_length_12MiB,5,19.8115,writer_seeks,1
e2e,e2e/unknown_length_12MiB,6,20.6637,avg_block_bytes,262144
e2e,e2e/unknown_length_12MiB,6,20.6637,body_reads,964
e2e,e2e/unknown_length_12MiB,6,20.6637,body_wait_ms,2.024
e2e,e2e/unknown_length_12MiB,6,20.6637,cache_copied_bytes,12582912
e2e,e2e/unknown_length_12MiB,6,20.6637,cache_evicted_bytes,12582912
e2e,e2e/unknown_length_12MiB,6,20.6637,checksum_ms,5.844
e2e,e2e/unknown_length_12MiB,6,20.6637,cpu_ms,22.505999999999915
e2e,e2e/unknown_length_12MiB,6,20.6637,cpu_percent,108.91558722589403
e2e,e2e/unknown_length_12MiB,6,20.6637,distinct_ranges,1
e2e,e2e/unknown_length_12MiB,6,20.6637,duplicate_bytes,0
e2e,e2e/unknown_length_12MiB,6,20.6637,failed,0
e2e,e2e/unknown_length_12MiB,6,20.6637,file_bytes,12582912
e2e,e2e/unknown_length_12MiB,6,20.6637,finalize,10.785167
e2e,e2e/unknown_length_12MiB,6,20.6637,fsync_calls,2
e2e,e2e/unknown_length_12MiB,6,20.6637,fsync_ms,4.891
e2e,e2e/unknown_length_12MiB,6,20.6637,prealloc_ms,0.062
e2e,e2e/unknown_length_12MiB,6,20.6637,process_peak_rss_bytes,299810816
e2e,e2e/unknown_length_12MiB,6,20.6637,report_span,2.681083
e2e,e2e/unknown_length_12MiB,6,20.6637,requests,1
e2e,e2e/unknown_length_12MiB,6,20.6637,response_head_ms,0.253
e2e,e2e/unknown_length_12MiB,6,20.6637,response_heads,1
e2e,e2e/unknown_length_12MiB,6,20.6637,running_reports,49
e2e,e2e/unknown_length_12MiB,6,20.6637,served_bytes,12582912
e2e,e2e/unknown_length_12MiB,6,20.6637,to_first_report,1.904542
e2e,e2e/unknown_length_12MiB,6,20.6637,total,15.370792
e2e,e2e/unknown_length_12MiB,6,20.6637,unique_bytes,12582912
e2e,e2e/unknown_length_12MiB,6,20.6637,verified,1
e2e,e2e/unknown_length_12MiB,6,20.6637,writer_blocks,48
e2e,e2e/unknown_length_12MiB,6,20.6637,writer_bytes,12582912
e2e,e2e/unknown_length_12MiB,6,20.6637,writer_seeks,1
e2e,e2e/unknown_length_12MiB,7,18.6630,avg_block_bytes,262144
e2e,e2e/unknown_length_12MiB,7,18.6630,body_reads,966
e2e,e2e/unknown_length_12MiB,7,18.6630,body_wait_ms,2.248
e2e,e2e/unknown_length_12MiB,7,18.6630,cache_copied_bytes,12582912
e2e,e2e/unknown_length_12MiB,7,18.6630,cache_evicted_bytes,12582912
e2e,e2e/unknown_length_12MiB,7,18.6630,checksum_ms,6.398
e2e,e2e/unknown_length_12MiB,7,18.6630,cpu_ms,22.361000000000075
e2e,e2e/unknown_length_12MiB,7,18.6630,cpu_percent,119.81460644055123
e2e,e2e/unknown_length_12MiB,7,18.6630,distinct_ranges,1
e2e,e2e/unknown_length_12MiB,7,18.6630,duplicate_bytes,0
e2e,e2e/unknown_length_12MiB,7,18.6630,failed,0
e2e,e2e/unknown_length_12MiB,7,18.6630,file_bytes,12582912
e2e,e2e/unknown_length_12MiB,7,18.6630,finalize,10.222583
e2e,e2e/unknown_length_12MiB,7,18.6630,fsync_calls,2
e2e,e2e/unknown_length_12MiB,7,18.6630,fsync_ms,3.675
e2e,e2e/unknown_length_12MiB,7,18.6630,prealloc_ms,0.07
e2e,e2e/unknown_length_12MiB,7,18.6630,process_peak_rss_bytes,299810816
e2e,e2e/unknown_length_12MiB,7,18.6630,report_span,2.924875
e2e,e2e/unknown_length_12MiB,7,18.6630,requests,1
e2e,e2e/unknown_length_12MiB,7,18.6630,response_head_ms,0.3
e2e,e2e/unknown_length_12MiB,7,18.6630,response_heads,1
e2e,e2e/unknown_length_12MiB,7,18.6630,running_reports,49
e2e,e2e/unknown_length_12MiB,7,18.6630,served_bytes,12582912
e2e,e2e/unknown_length_12MiB,7,18.6630,to_first_report,0.5605840000000001
e2e,e2e/unknown_length_12MiB,7,18.6630,total,13.708042
e2e,e2e/unknown_length_12MiB,7,18.6630,unique_bytes,12582912
e2e,e2e/unknown_length_12MiB,7,18.6630,verified,1
e2e,e2e/unknown_length_12MiB,7,18.6630,writer_blocks,48
e2e,e2e/unknown_length_12MiB,7,18.6630,writer_bytes,12582912
e2e,e2e/unknown_length_12MiB,7,18.6630,writer_seeks,1
e2e,e2e/unknown_length_12MiB,8,18.8962,avg_block_bytes,262144
e2e,e2e/unknown_length_12MiB,8,18.8962,body_reads,964
e2e,e2e/unknown_length_12MiB,8,18.8962,body_wait_ms,1.803
e2e,e2e/unknown_length_12MiB,8,18.8962,cache_copied_bytes,12582912
e2e,e2e/unknown_length_12MiB,8,18.8962,cache_evicted_bytes,12582912
e2e,e2e/unknown_length_12MiB,8,18.8962,checksum_ms,6.158
e2e,e2e/unknown_length_12MiB,8,18.8962,cpu_ms,23.420999999999914
e2e,e2e/unknown_length_12MiB,8,18.8962,cpu_percent,123.94550271673508
e2e,e2e/unknown_length_12MiB,8,18.8962,distinct_ranges,1
e2e,e2e/unknown_length_12MiB,8,18.8962,duplicate_bytes,0
e2e,e2e/unknown_length_12MiB,8,18.8962,failed,0
e2e,e2e/unknown_length_12MiB,8,18.8962,file_bytes,12582912
e2e,e2e/unknown_length_12MiB,8,18.8962,finalize,9.857708
e2e,e2e/unknown_length_12MiB,8,18.8962,fsync_calls,2
e2e,e2e/unknown_length_12MiB,8,18.8962,fsync_ms,3.581
e2e,e2e/unknown_length_12MiB,8,18.8962,prealloc_ms,0.059
e2e,e2e/unknown_length_12MiB,8,18.8962,process_peak_rss_bytes,299810816
e2e,e2e/unknown_length_12MiB,8,18.8962,report_span,2.85925
e2e,e2e/unknown_length_12MiB,8,18.8962,requests,1
e2e,e2e/unknown_length_12MiB,8,18.8962,response_head_ms,0.35
e2e,e2e/unknown_length_12MiB,8,18.8962,response_heads,1
e2e,e2e/unknown_length_12MiB,8,18.8962,running_reports,49
e2e,e2e/unknown_length_12MiB,8,18.8962,served_bytes,12582912
e2e,e2e/unknown_length_12MiB,8,18.8962,to_first_report,0.861333
e2e,e2e/unknown_length_12MiB,8,18.8962,total,13.578291
e2e,e2e/unknown_length_12MiB,8,18.8962,unique_bytes,12582912
e2e,e2e/unknown_length_12MiB,8,18.8962,verified,1
e2e,e2e/unknown_length_12MiB,8,18.8962,writer_blocks,48
e2e,e2e/unknown_length_12MiB,8,18.8962,writer_bytes,12582912
e2e,e2e/unknown_length_12MiB,8,18.8962,writer_seeks,1
e2e,e2e/unknown_length_12MiB,9,21.1005,avg_block_bytes,262144
e2e,e2e/unknown_length_12MiB,9,21.1005,body_reads,964
e2e,e2e/unknown_length_12MiB,9,21.1005,body_wait_ms,1.662
e2e,e2e/unknown_length_12MiB,9,21.1005,cache_copied_bytes,12582912
e2e,e2e/unknown_length_12MiB,9,21.1005,cache_evicted_bytes,12582912
e2e,e2e/unknown_length_12MiB,9,21.1005,checksum_ms,6.287
e2e,e2e/unknown_length_12MiB,9,21.1005,cpu_ms,21.762999999999977
e2e,e2e/unknown_length_12MiB,9,21.1005,cpu_percent,103.13953072864182
e2e,e2e/unknown_length_12MiB,9,21.1005,distinct_ranges,1
e2e,e2e/unknown_length_12MiB,9,21.1005,duplicate_bytes,0
e2e,e2e/unknown_length_12MiB,9,21.1005,failed,0
e2e,e2e/unknown_length_12MiB,9,21.1005,file_bytes,12582912
e2e,e2e/unknown_length_12MiB,9,21.1005,finalize,11.350500000000002
e2e,e2e/unknown_length_12MiB,9,21.1005,fsync_calls,2
e2e,e2e/unknown_length_12MiB,9,21.1005,fsync_ms,4.911
e2e,e2e/unknown_length_12MiB,9,21.1005,prealloc_ms,0.127
e2e,e2e/unknown_length_12MiB,9,21.1005,process_peak_rss_bytes,299810816
e2e,e2e/unknown_length_12MiB,9,21.1005,report_span,2.4848329999999996
e2e,e2e/unknown_length_12MiB,9,21.1005,requests,1
e2e,e2e/unknown_length_12MiB,9,21.1005,response_head_ms,0.238
e2e,e2e/unknown_length_12MiB,9,21.1005,response_heads,1
e2e,e2e/unknown_length_12MiB,9,21.1005,running_reports,49
e2e,e2e/unknown_length_12MiB,9,21.1005,served_bytes,12582912
e2e,e2e/unknown_length_12MiB,9,21.1005,to_first_report,1.9456250000000002
e2e,e2e/unknown_length_12MiB,9,21.1005,total,15.780958000000002
e2e,e2e/unknown_length_12MiB,9,21.1005,unique_bytes,12582912
e2e,e2e/unknown_length_12MiB,9,21.1005,verified,1
e2e,e2e/unknown_length_12MiB,9,21.1005,writer_blocks,48
e2e,e2e/unknown_length_12MiB,9,21.1005,writer_bytes,12582912
e2e,e2e/unknown_length_12MiB,9,21.1005,writer_seeks,1
e2e,e2e/delayed_response_300ms,0,637.1493,avg_block_bytes,1048576
e2e,e2e/delayed_response_300ms,0,637.1493,body_reads,780
e2e,e2e/delayed_response_300ms,0,637.1493,body_wait_ms,5.519
e2e,e2e/delayed_response_300ms,0,637.1493,cache_copied_bytes,12582912
e2e,e2e/delayed_response_300ms,0,637.1493,cache_evicted_bytes,12582912
e2e,e2e/delayed_response_300ms,0,637.1493,checksum_ms,9.122
e2e,e2e/delayed_response_300ms,0,637.1493,cpu_ms,37.88400000000003
e2e,e2e/delayed_response_300ms,0,637.1493,cpu_percent,5.945859623942118
e2e,e2e/delayed_response_300ms,0,637.1493,distinct_ranges,4
e2e,e2e/delayed_response_300ms,0,637.1493,duplicate_bytes,0
e2e,e2e/delayed_response_300ms,0,637.1493,failed,0
e2e,e2e/delayed_response_300ms,0,637.1493,file_bytes,12582912
e2e,e2e/delayed_response_300ms,0,637.1493,finalize,9.135958999999957
e2e,e2e/delayed_response_300ms,0,637.1493,fsync_calls,1
e2e,e2e/delayed_response_300ms,0,637.1493,fsync_ms,6.582
e2e,e2e/delayed_response_300ms,0,637.1493,prealloc_ms,4.478
e2e,e2e/delayed_response_300ms,0,637.1493,process_peak_rss_bytes,299810816
e2e,e2e/delayed_response_300ms,0,637.1493,report_span,112.35920800000002
e2e,e2e/delayed_response_300ms,0,637.1493,requests,4
e2e,e2e/delayed_response_300ms,0,637.1493,response_head_ms,1210.837
e2e,e2e/delayed_response_300ms,0,637.1493,response_heads,4
e2e,e2e/delayed_response_300ms,0,637.1493,running_reports,2
e2e,e2e/delayed_response_300ms,0,637.1493,served_bytes,12582912
e2e,e2e/delayed_response_300ms,0,637.1493,to_first_report,509.061167
e2e,e2e/delayed_response_300ms,0,637.1493,total,630.556334
e2e,e2e/delayed_response_300ms,0,637.1493,unique_bytes,12582912
e2e,e2e/delayed_response_300ms,0,637.1493,verified,1
e2e,e2e/delayed_response_300ms,0,637.1493,writer_blocks,12
e2e,e2e/delayed_response_300ms,0,637.1493,writer_bytes,12582912
e2e,e2e/delayed_response_300ms,0,637.1493,writer_seeks,4
e2e,e2e/delayed_response_300ms,1,642.8848,avg_block_bytes,1048576
e2e,e2e/delayed_response_300ms,1,642.8848,body_reads,779
e2e,e2e/delayed_response_300ms,1,642.8848,body_wait_ms,7.283
e2e,e2e/delayed_response_300ms,1,642.8848,cache_copied_bytes,12582912
e2e,e2e/delayed_response_300ms,1,642.8848,cache_evicted_bytes,12582912
e2e,e2e/delayed_response_300ms,1,642.8848,checksum_ms,12.167
e2e,e2e/delayed_response_300ms,1,642.8848,cpu_ms,51.73300000000047
e2e,e2e/delayed_response_300ms,1,642.8848,cpu_percent,8.047009981182548
e2e,e2e/delayed_response_300ms,1,642.8848,distinct_ranges,4
e2e,e2e/delayed_response_300ms,1,642.8848,duplicate_bytes,0
e2e,e2e/delayed_response_300ms,1,642.8848,failed,0
e2e,e2e/delayed_response_300ms,1,642.8848,file_bytes,12582912
e2e,e2e/delayed_response_300ms,1,642.8848,finalize,12.188041999999996
e2e,e2e/delayed_response_300ms,1,642.8848,fsync_calls,1
e2e,e2e/delayed_response_300ms,1,642.8848,fsync_ms,6.234
e2e,e2e/delayed_response_300ms,1,642.8848,prealloc_ms,3.612
e2e,e2e/delayed_response_300ms,1,642.8848,process_peak_rss_bytes,299810816
e2e,e2e/delayed_response_300ms,1,642.8848,report_span,114.30308300000002
e2e,e2e/delayed_response_300ms,1,642.8848,requests,4
e2e,e2e/delayed_response_300ms,1,642.8848,response_head_ms,1208.704
e2e,e2e/delayed_response_300ms,1,642.8848,response_heads,4
e2e,e2e/delayed_response_300ms,1,642.8848,running_reports,2
e2e,e2e/delayed_response_300ms,1,642.8848,served_bytes,12582912
e2e,e2e/delayed_response_300ms,1,642.8848,to_first_report,508.01675
e2e,e2e/delayed_response_300ms,1,642.8848,total,634.507875
e2e,e2e/delayed_response_300ms,1,642.8848,unique_bytes,12582912
e2e,e2e/delayed_response_300ms,1,642.8848,verified,1
e2e,e2e/delayed_response_300ms,1,642.8848,writer_blocks,12
e2e,e2e/delayed_response_300ms,1,642.8848,writer_bytes,12582912
e2e,e2e/delayed_response_300ms,1,642.8848,writer_seeks,1
e2e,e2e/delayed_response_300ms,2,657.0641,avg_block_bytes,1048576
e2e,e2e/delayed_response_300ms,2,657.0641,body_reads,773
e2e,e2e/delayed_response_300ms,2,657.0641,body_wait_ms,14.86
e2e,e2e/delayed_response_300ms,2,657.0641,cache_copied_bytes,12582912
e2e,e2e/delayed_response_300ms,2,657.0641,cache_evicted_bytes,12582912
e2e,e2e/delayed_response_300ms,2,657.0641,checksum_ms,11.057
e2e,e2e/delayed_response_300ms,2,657.0641,cpu_ms,53.02700000000016
e2e,e2e/delayed_response_300ms,2,657.0641,cpu_percent,8.070292987004906
e2e,e2e/delayed_response_300ms,2,657.0641,distinct_ranges,4
e2e,e2e/delayed_response_300ms,2,657.0641,duplicate_bytes,0
e2e,e2e/delayed_response_300ms,2,657.0641,failed,0
e2e,e2e/delayed_response_300ms,2,657.0641,file_bytes,12582912
e2e,e2e/delayed_response_300ms,2,657.0641,finalize,11.079166999999984
e2e,e2e/delayed_response_300ms,2,657.0641,fsync_calls,1
e2e,e2e/delayed_response_300ms,2,657.0641,fsync_ms,8.69
e2e,e2e/delayed_response_300ms,2,657.0641,prealloc_ms,5.182
e2e,e2e/delayed_response_300ms,2,657.0641,process_peak_rss_bytes,299810816
e2e,e2e/delayed_response_300ms,2,657.0641,report_span,118.31704100000007
e2e,e2e/delayed_response_300ms,2,657.0641,requests,4
e2e,e2e/delayed_response_300ms,2,657.0641,response_head_ms,1211.866
e2e,e2e/delayed_response_300ms,2,657.0641,response_heads,4
e2e,e2e/delayed_response_300ms,2,657.0641,running_reports,2
e2e,e2e/delayed_response_300ms,2,657.0641,served_bytes,12582912
e2e,e2e/delayed_response_300ms,2,657.0641,to_first_report,511.659875
e2e,e2e/delayed_response_300ms,2,657.0641,total,641.0560830000001
e2e,e2e/delayed_response_300ms,2,657.0641,unique_bytes,12582912
e2e,e2e/delayed_response_300ms,2,657.0641,verified,1
e2e,e2e/delayed_response_300ms,2,657.0641,writer_blocks,12
e2e,e2e/delayed_response_300ms,2,657.0641,writer_bytes,12582912
e2e,e2e/delayed_response_300ms,2,657.0641,writer_seeks,12
e2e,e2e/delayed_response_300ms,3,658.7355,avg_block_bytes,1048576
e2e,e2e/delayed_response_300ms,3,658.7355,body_reads,774
e2e,e2e/delayed_response_300ms,3,658.7355,body_wait_ms,36.692
e2e,e2e/delayed_response_300ms,3,658.7355,cache_copied_bytes,12582912
e2e,e2e/delayed_response_300ms,3,658.7355,cache_evicted_bytes,12582912
e2e,e2e/delayed_response_300ms,3,658.7355,checksum_ms,12.504
e2e,e2e/delayed_response_300ms,3,658.7355,cpu_ms,57.342000000000226
e2e,e2e/delayed_response_300ms,3,658.7355,cpu_percent,8.704859537705229
e2e,e2e/delayed_response_300ms,3,658.7355,distinct_ranges,4
e2e,e2e/delayed_response_300ms,3,658.7355,duplicate_bytes,0
e2e,e2e/delayed_response_300ms,3,658.7355,failed,0
e2e,e2e/delayed_response_300ms,3,658.7355,file_bytes,12582912
e2e,e2e/delayed_response_300ms,3,658.7355,finalize,12.561790999999971
e2e,e2e/delayed_response_300ms,3,658.7355,fsync_calls,1
e2e,e2e/delayed_response_300ms,3,658.7355,fsync_ms,7.203
e2e,e2e/delayed_response_300ms,3,658.7355,prealloc_ms,12.625
e2e,e2e/delayed_response_300ms,3,658.7355,process_peak_rss_bytes,299810816
e2e,e2e/delayed_response_300ms,3,658.7355,report_span,117.64462500000002
e2e,e2e/delayed_response_300ms,3,658.7355,requests,4
e2e,e2e/delayed_response_300ms,3,658.7355,response_head_ms,1215.034
e2e,e2e/delayed_response_300ms,3,658.7355,response_heads,4
e2e,e2e/delayed_response_300ms,3,658.7355,running_reports,2
e2e,e2e/delayed_response_300ms,3,658.7355,served_bytes,12582912
e2e,e2e/delayed_response_300ms,3,658.7355,to_first_report,517.180209
e2e,e2e/delayed_response_300ms,3,658.7355,total,647.386625
e2e,e2e/delayed_response_300ms,3,658.7355,unique_bytes,12582912
e2e,e2e/delayed_response_300ms,3,658.7355,verified,1
e2e,e2e/delayed_response_300ms,3,658.7355,writer_blocks,12
e2e,e2e/delayed_response_300ms,3,658.7355,writer_bytes,12582912
e2e,e2e/delayed_response_300ms,3,658.7355,writer_seeks,8
e2e,e2e/delayed_response_300ms,4,643.4613,avg_block_bytes,1048576
e2e,e2e/delayed_response_300ms,4,643.4613,body_reads,782
e2e,e2e/delayed_response_300ms,4,643.4613,body_wait_ms,5.193
e2e,e2e/delayed_response_300ms,4,643.4613,cache_copied_bytes,12582912
e2e,e2e/delayed_response_300ms,4,643.4613,cache_evicted_bytes,12582912
e2e,e2e/delayed_response_300ms,4,643.4613,checksum_ms,6.468
e2e,e2e/delayed_response_300ms,4,643.4613,cpu_ms,30.289000000000676
e2e,e2e/delayed_response_300ms,4,643.4613,cpu_percent,4.70719814844394
e2e,e2e/delayed_response_300ms,4,643.4613,distinct_ranges,5
e2e,e2e/delayed_response_300ms,4,643.4613,duplicate_bytes,0
e2e,e2e/delayed_response_300ms,4,643.4613,failed,0
e2e,e2e/delayed_response_300ms,4,643.4613,file_bytes,12582912
e2e,e2e/delayed_response_300ms,4,643.4613,finalize,6.474499999999921
e2e,e2e/delayed_response_300ms,4,643.4613,fsync_calls,1
e2e,e2e/delayed_response_300ms,4,643.4613,fsync_ms,15.709
e2e,e2e/delayed_response_300ms,4,643.4613,prealloc_ms,3.944
e2e,e2e/delayed_response_300ms,4,643.4613,process_peak_rss_bytes,299810816
e2e,e2e/delayed_response_300ms,4,643.4613,report_span,118.97379200000006
e2e,e2e/delayed_response_300ms,4,643.4613,requests,5
e2e,e2e/delayed_response_300ms,4,643.4613,response_head_ms,1510.267
e2e,e2e/delayed_response_300ms,4,643.4613,response_heads,5
e2e,e2e/delayed_response_300ms,4,643.4613,running_reports,2
e2e,e2e/delayed_response_300ms,4,643.4613,served_bytes,12582912
e2e,e2e/delayed_response_300ms,4,643.4613,to_first_report,508.28358299999996
e2e,e2e/delayed_response_300ms,4,643.4613,total,633.731875
e2e,e2e/delayed_response_300ms,4,643.4613,unique_bytes,12582912
e2e,e2e/delayed_response_300ms,4,643.4613,verified,1
e2e,e2e/delayed_response_300ms,4,643.4613,writer_blocks,12
e2e,e2e/delayed_response_300ms,4,643.4613,writer_bytes,12582912
e2e,e2e/delayed_response_300ms,4,643.4613,writer_seeks,4
e2e,e2e/delayed_response_300ms,5,653.7879,avg_block_bytes,1048576
e2e,e2e/delayed_response_300ms,5,653.7879,body_reads,781
e2e,e2e/delayed_response_300ms,5,653.7879,body_wait_ms,27.349
e2e,e2e/delayed_response_300ms,5,653.7879,cache_copied_bytes,12582912
e2e,e2e/delayed_response_300ms,5,653.7879,cache_evicted_bytes,12582912
e2e,e2e/delayed_response_300ms,5,653.7879,checksum_ms,6.35
e2e,e2e/delayed_response_300ms,5,653.7879,cpu_ms,23.708000000000062
e2e,e2e/delayed_response_300ms,5,653.7879,cpu_percent,3.6262526281938254
e2e,e2e/delayed_response_300ms,5,653.7879,distinct_ranges,5
e2e,e2e/delayed_response_300ms,5,653.7879,duplicate_bytes,0
e2e,e2e/delayed_response_300ms,5,653.7879,failed,0
e2e,e2e/delayed_response_300ms,5,653.7879,file_bytes,12582912
e2e,e2e/delayed_response_300ms,5,653.7879,finalize,6.358833000000118
e2e,e2e/delayed_response_300ms,5,653.7879,fsync_calls,1
e2e,e2e/delayed_response_300ms,5,653.7879,fsync_ms,8.012
e2e,e2e/delayed_response_300ms,5,653.7879,prealloc_ms,4.438
e2e,e2e/delayed_response_300ms,5,653.7879,process_peak_rss_bytes,299810816
e2e,e2e/delayed_response_300ms,5,653.7879,report_span,133.21370899999994
e2e,e2e/delayed_response_300ms,5,653.7879,requests,5
e2e,e2e/delayed_response_300ms,5,653.7879,response_head_ms,1513.208
e2e,e2e/delayed_response_300ms,5,653.7879,response_heads,5
e2e,e2e/delayed_response_300ms,5,653.7879,running_reports,2
e2e,e2e/delayed_response_300ms,5,653.7879,served_bytes,12582912
e2e,e2e/delayed_response_300ms,5,653.7879,to_first_report,508.977958
e2e,e2e/delayed_response_300ms,5,653.7879,total,648.5505
e2e,e2e/delayed_response_300ms,5,653.7879,unique_bytes,12582912
e2e,e2e/delayed_response_300ms,5,653.7879,verified,1
e2e,e2e/delayed_response_300ms,5,653.7879,writer_blocks,12
e2e,e2e/delayed_response_300ms,5,653.7879,writer_bytes,12582912
e2e,e2e/delayed_response_300ms,5,653.7879,writer_seeks,4
e2e,e2e/delayed_response_300ms,6,640.5408,avg_block_bytes,1048576
e2e,e2e/delayed_response_300ms,6,640.5408,body_reads,779
e2e,e2e/delayed_response_300ms,6,640.5408,body_wait_ms,4.818
e2e,e2e/delayed_response_300ms,6,640.5408,cache_copied_bytes,12582912
e2e,e2e/delayed_response_300ms,6,640.5408,cache_evicted_bytes,12582912
e2e,e2e/delayed_response_300ms,6,640.5408,checksum_ms,6.625
e2e,e2e/delayed_response_300ms,6,640.5408,cpu_ms,23.780000000000356
e2e,e2e/delayed_response_300ms,6,640.5408,cpu_percent,3.71248775642073
e2e,e2e/delayed_response_300ms,6,640.5408,distinct_ranges,4
e2e,e2e/delayed_response_300ms,6,640.5408,duplicate_bytes,0
e2e,e2e/delayed_response_300ms,6,640.5408,failed,0
e2e,e2e/delayed_response_300ms,6,640.5408,file_bytes,12582912
e2e,e2e/delayed_response_300ms,6,640.5408,finalize,6.632208999999989
e2e,e2e/delayed_response_300ms,6,640.5408,fsync_calls,1
e2e,e2e/delayed_response_300ms,6,640.5408,fsync_ms,14.987
e2e,e2e/delayed_response_300ms,6,640.5408,prealloc_ms,5.583
e2e,e2e/delayed_response_300ms,6,640.5408,process_peak_rss_bytes,299810816
e2e,e2e/delayed_response_300ms,6,640.5408,report_span,117.30283300000008
e2e,e2e/delayed_response_300ms,6,640.5408,requests,4
e2e,e2e/delayed_response_300ms,6,640.5408,response_head_ms,1208.919
e2e,e2e/delayed_response_300ms,6,640.5408,response_heads,4
e2e,e2e/delayed_response_300ms,6,640.5408,running_reports,2
e2e,e2e/delayed_response_300ms,6,640.5408,served_bytes,12582912
e2e,e2e/delayed_response_300ms,6,640.5408,to_first_report,510.92887499999995
e2e,e2e/delayed_response_300ms,6,640.5408,total,634.863917
e2e,e2e/delayed_response_300ms,6,640.5408,unique_bytes,12582912
e2e,e2e/delayed_response_300ms,6,640.5408,verified,1
e2e,e2e/delayed_response_300ms,6,640.5408,writer_blocks,12
e2e,e2e/delayed_response_300ms,6,640.5408,writer_bytes,12582912
e2e,e2e/delayed_response_300ms,6,640.5408,writer_seeks,12
e2e,e2e/delayed_response_300ms,7,663.4758,avg_block_bytes,1048576
e2e,e2e/delayed_response_300ms,7,663.4758,body_reads,789
e2e,e2e/delayed_response_300ms,7,663.4758,body_wait_ms,4.092
e2e,e2e/delayed_response_300ms,7,663.4758,cache_copied_bytes,12582912
e2e,e2e/delayed_response_300ms,7,663.4758,cache_evicted_bytes,12582912
e2e,e2e/delayed_response_300ms,7,663.4758,checksum_ms,6.359
e2e,e2e/delayed_response_300ms,7,663.4758,cpu_ms,26.588000000000278
e2e,e2e/delayed_response_300ms,7,663.4758,cpu_percent,4.007380579768626
e2e,e2e/delayed_response_300ms,7,663.4758,distinct_ranges,5
e2e,e2e/delayed_response_300ms,7,663.4758,duplicate_bytes,0
e2e,e2e/delayed_response_300ms,7,663.4758,failed,0
e2e,e2e/delayed_response_300ms,7,663.4758,file_bytes,12582912
e2e,e2e/delayed_response_300ms,7,663.4758,finalize,6.368583000000058
e2e,e2e/delayed_response_300ms,7,663.4758,fsync_calls,1
e2e,e2e/delayed_response_300ms,7,663.4758,fsync_ms,14.109
e2e,e2e/delayed_response_300ms,7,663.4758,prealloc_ms,4.475
e2e,e2e/delayed_response_300ms,7,663.4758,process_peak_rss_bytes,299810816
e2e,e2e/delayed_response_300ms,7,663.4758,report_span,140.22024999999996
e2e,e2e/delayed_response_300ms,7,663.4758,requests,5
e2e,e2e/delayed_response_300ms,7,663.4758,response_head_ms,1535.24
e2e,e2e/delayed_response_300ms,7,663.4758,response_heads,5
e2e,e2e/delayed_response_300ms,7,663.4758,running_reports,2
e2e,e2e/delayed_response_300ms,7,663.4758,served_bytes,12582912
e2e,e2e/delayed_response_300ms,7,663.4758,to_first_report,509.510542
e2e,e2e/delayed_response_300ms,7,663.4758,total,656.099375
e2e,e2e/delayed_response_300ms,7,663.4758,unique_bytes,12582912
e2e,e2e/delayed_response_300ms,7,663.4758,verified,1
e2e,e2e/delayed_response_300ms,7,663.4758,writer_blocks,12
e2e,e2e/delayed_response_300ms,7,663.4758,writer_bytes,12582912
e2e,e2e/delayed_response_300ms,7,663.4758,writer_seeks,4
e2e,e2e/delayed_response_300ms,8,640.4627,avg_block_bytes,1048576
e2e,e2e/delayed_response_300ms,8,640.4627,body_reads,784
e2e,e2e/delayed_response_300ms,8,640.4627,body_wait_ms,8.763
e2e,e2e/delayed_response_300ms,8,640.4627,cache_copied_bytes,12582912
e2e,e2e/delayed_response_300ms,8,640.4627,cache_evicted_bytes,12582912
e2e,e2e/delayed_response_300ms,8,640.4627,checksum_ms,11.272
e2e,e2e/delayed_response_300ms,8,640.4627,cpu_ms,41.547999999999696
e2e,e2e/delayed_response_300ms,8,640.4627,cpu_percent,6.487184886961395
e2e,e2e/delayed_response_300ms,8,640.4627,distinct_ranges,5
e2e,e2e/delayed_response_300ms,8,640.4627,duplicate_bytes,0
e2e,e2e/delayed_response_300ms,8,640.4627,failed,0
e2e,e2e/delayed_response_300ms,8,640.4627,file_bytes,12582912
e2e,e2e/delayed_response_300ms,8,640.4627,finalize,11.287291000000096
e2e,e2e/delayed_response_300ms,8,640.4627,fsync_calls,1
e2e,e2e/delayed_response_300ms,8,640.4627,fsync_ms,7.334
e2e,e2e/delayed_response_300ms,8,640.4627,prealloc_ms,4.348
e2e,e2e/delayed_response_300ms,8,640.4627,process_peak_rss_bytes,299810816
e2e,e2e/delayed_response_300ms,8,640.4627,report_span,113.811667
e2e,e2e/delayed_response_300ms,8,640.4627,requests,5
e2e,e2e/delayed_response_300ms,8,640.4627,response_head_ms,1513.843
e2e,e2e/delayed_response_300ms,8,640.4627,response_heads,5
e2e,e2e/delayed_response_300ms,8,640.4627,running_reports,2
e2e,e2e/delayed_response_300ms,8,640.4627,served_bytes,12582912
e2e,e2e/delayed_response_300ms,8,640.4627,to_first_report,508.612917
e2e,e2e/delayed_response_300ms,8,640.4627,total,633.7118750000001
e2e,e2e/delayed_response_300ms,8,640.4627,unique_bytes,12582912
e2e,e2e/delayed_response_300ms,8,640.4627,verified,1
e2e,e2e/delayed_response_300ms,8,640.4627,writer_blocks,12
e2e,e2e/delayed_response_300ms,8,640.4627,writer_bytes,12582912
e2e,e2e/delayed_response_300ms,8,640.4627,writer_seeks,11
e2e,e2e/delayed_response_300ms,9,655.3020,avg_block_bytes,1048576
e2e,e2e/delayed_response_300ms,9,655.3020,body_reads,781
e2e,e2e/delayed_response_300ms,9,655.3020,body_wait_ms,30.018
e2e,e2e/delayed_response_300ms,9,655.3020,cache_copied_bytes,12582912
e2e,e2e/delayed_response_300ms,9,655.3020,cache_evicted_bytes,12582912
e2e,e2e/delayed_response_300ms,9,655.3020,checksum_ms,6.065
e2e,e2e/delayed_response_300ms,9,655.3020,cpu_ms,27.101999999999293
e2e,e2e/delayed_response_300ms,9,655.3020,cpu_percent,4.13580303432605
e2e,e2e/delayed_response_300ms,9,655.3020,distinct_ranges,5
e2e,e2e/delayed_response_300ms,9,655.3020,duplicate_bytes,0
e2e,e2e/delayed_response_300ms,9,655.3020,failed,0
e2e,e2e/delayed_response_300ms,9,655.3020,file_bytes,12582912
e2e,e2e/delayed_response_300ms,9,655.3020,finalize,6.072000000000003
e2e,e2e/delayed_response_300ms,9,655.3020,fsync_calls,1
e2e,e2e/delayed_response_300ms,9,655.3020,fsync_ms,5.715
e2e,e2e/delayed_response_300ms,9,655.3020,prealloc_ms,4.194
e2e,e2e/delayed_response_300ms,9,655.3020,process_peak_rss_bytes,299810816
e2e,e2e/delayed_response_300ms,9,655.3020,report_span,133.11066599999992
e2e,e2e/delayed_response_300ms,9,655.3020,requests,5
e2e,e2e/delayed_response_300ms,9,655.3020,response_head_ms,1509.383
e2e,e2e/delayed_response_300ms,9,655.3020,response_heads,5
e2e,e2e/delayed_response_300ms,9,655.3020,running_reports,2
e2e,e2e/delayed_response_300ms,9,655.3020,served_bytes,12582912
e2e,e2e/delayed_response_300ms,9,655.3020,to_first_report,508.68887500000005
e2e,e2e/delayed_response_300ms,9,655.3020,total,647.871541
e2e,e2e/delayed_response_300ms,9,655.3020,unique_bytes,12582912
e2e,e2e/delayed_response_300ms,9,655.3020,verified,1
e2e,e2e/delayed_response_300ms,9,655.3020,writer_blocks,12
e2e,e2e/delayed_response_300ms,9,655.3020,writer_bytes,12582912
e2e,e2e/delayed_response_300ms,9,655.3020,writer_seeks,7
e2e,e2e/cut_stream_12MiB,0,1143.4752,avg_block_bytes,0
e2e,e2e/cut_stream_12MiB,0,1143.4752,body_reads,5
e2e,e2e/cut_stream_12MiB,0,1143.4752,body_wait_ms,0.067
e2e,e2e/cut_stream_12MiB,0,1143.4752,cache_copied_bytes,0
e2e,e2e/cut_stream_12MiB,0,1143.4752,cache_evicted_bytes,0
e2e,e2e/cut_stream_12MiB,0,1143.4752,checksum_ms,0
e2e,e2e/cut_stream_12MiB,0,1143.4752,cpu_ms,2.423000000000286
e2e,e2e/cut_stream_12MiB,0,1143.4752,cpu_percent,0.21189790394487565
e2e,e2e/cut_stream_12MiB,0,1143.4752,distinct_ranges,4
e2e,e2e/cut_stream_12MiB,0,1143.4752,duplicate_bytes,65536
e2e,e2e/cut_stream_12MiB,0,1143.4752,failed,1
e2e,e2e/cut_stream_12MiB,0,1143.4752,file_bytes,12582912
e2e,e2e/cut_stream_12MiB,0,1143.4752,fsync_calls,1
e2e,e2e/cut_stream_12MiB,0,1143.4752,fsync_ms,2.887
e2e,e2e/cut_stream_12MiB,0,1143.4752,prealloc_ms,3.302
e2e,e2e/cut_stream_12MiB,0,1143.4752,process_peak_rss_bytes,299810816
e2e,e2e/cut_stream_12MiB,0,1143.4752,requests,5
e2e,e2e/cut_stream_12MiB,0,1143.4752,response_head_ms,1.66
e2e,e2e/cut_stream_12MiB,0,1143.4752,response_heads,5
e2e,e2e/cut_stream_12MiB,0,1143.4752,running_reports,0
e2e,e2e/cut_stream_12MiB,0,1143.4752,served_bytes,327680
e2e,e2e/cut_stream_12MiB,0,1143.4752,total,1143.1125
e2e,e2e/cut_stream_12MiB,0,1143.4752,unique_bytes,262144
e2e,e2e/cut_stream_12MiB,0,1143.4752,verified,0
e2e,e2e/cut_stream_12MiB,0,1143.4752,writer_blocks,0
e2e,e2e/cut_stream_12MiB,0,1143.4752,writer_bytes,0
e2e,e2e/cut_stream_12MiB,0,1143.4752,writer_seeks,0
e2e,e2e/cut_stream_12MiB,1,1174.6980,avg_block_bytes,0
e2e,e2e/cut_stream_12MiB,1,1174.6980,body_reads,5
e2e,e2e/cut_stream_12MiB,1,1174.6980,body_wait_ms,0.118
e2e,e2e/cut_stream_12MiB,1,1174.6980,cache_copied_bytes,0
e2e,e2e/cut_stream_12MiB,1,1174.6980,cache_evicted_bytes,0
e2e,e2e/cut_stream_12MiB,1,1174.6980,checksum_ms,0
e2e,e2e/cut_stream_12MiB,1,1174.6980,cpu_ms,2.4959999999998317
e2e,e2e/cut_stream_12MiB,1,1174.6980,cpu_percent,0.2124801514296862
e2e,e2e/cut_stream_12MiB,1,1174.6980,distinct_ranges,5
e2e,e2e/cut_stream_12MiB,1,1174.6980,duplicate_bytes,65536
e2e,e2e/cut_stream_12MiB,1,1174.6980,failed,1
e2e,e2e/cut_stream_12MiB,1,1174.6980,file_bytes,12582912
e2e,e2e/cut_stream_12MiB,1,1174.6980,fsync_calls,1
e2e,e2e/cut_stream_12MiB,1,1174.6980,fsync_ms,5.815
e2e,e2e/cut_stream_12MiB,1,1174.6980,prealloc_ms,3.874
e2e,e2e/cut_stream_12MiB,1,1174.6980,process_peak_rss_bytes,299810816
e2e,e2e/cut_stream_12MiB,1,1174.6980,requests,5
e2e,e2e/cut_stream_12MiB,1,1174.6980,response_head_ms,1.493
e2e,e2e/cut_stream_12MiB,1,1174.6980,response_heads,5
e2e,e2e/cut_stream_12MiB,1,1174.6980,running_reports,0
e2e,e2e/cut_stream_12MiB,1,1174.6980,served_bytes,327680
e2e,e2e/cut_stream_12MiB,1,1174.6980,total,1174.3687499999999
e2e,e2e/cut_stream_12MiB,1,1174.6980,unique_bytes,262144
e2e,e2e/cut_stream_12MiB,1,1174.6980,verified,0
e2e,e2e/cut_stream_12MiB,1,1174.6980,writer_blocks,0
e2e,e2e/cut_stream_12MiB,1,1174.6980,writer_bytes,0
e2e,e2e/cut_stream_12MiB,1,1174.6980,writer_seeks,0
e2e,e2e/cut_stream_12MiB,2,1527.0770,avg_block_bytes,0
e2e,e2e/cut_stream_12MiB,2,1527.0770,body_reads,5
e2e,e2e/cut_stream_12MiB,2,1527.0770,body_wait_ms,0.059
e2e,e2e/cut_stream_12MiB,2,1527.0770,cache_copied_bytes,0
e2e,e2e/cut_stream_12MiB,2,1527.0770,cache_evicted_bytes,0
e2e,e2e/cut_stream_12MiB,2,1527.0770,checksum_ms,0
e2e,e2e/cut_stream_12MiB,2,1527.0770,cpu_ms,3.2480000000001397
e2e,e2e/cut_stream_12MiB,2,1527.0770,cpu_percent,0.21269391855608416
e2e,e2e/cut_stream_12MiB,2,1527.0770,distinct_ranges,5
e2e,e2e/cut_stream_12MiB,2,1527.0770,duplicate_bytes,65536
e2e,e2e/cut_stream_12MiB,2,1527.0770,failed,1
e2e,e2e/cut_stream_12MiB,2,1527.0770,file_bytes,12582912
e2e,e2e/cut_stream_12MiB,2,1527.0770,fsync_calls,1
e2e,e2e/cut_stream_12MiB,2,1527.0770,fsync_ms,4.758
e2e,e2e/cut_stream_12MiB,2,1527.0770,prealloc_ms,4.244
e2e,e2e/cut_stream_12MiB,2,1527.0770,process_peak_rss_bytes,299810816
e2e,e2e/cut_stream_12MiB,2,1527.0770,requests,5
e2e,e2e/cut_stream_12MiB,2,1527.0770,response_head_ms,1.985
e2e,e2e/cut_stream_12MiB,2,1527.0770,response_heads,5
e2e,e2e/cut_stream_12MiB,2,1527.0770,running_reports,0
e2e,e2e/cut_stream_12MiB,2,1527.0770,served_bytes,327680
e2e,e2e/cut_stream_12MiB,2,1527.0770,total,1526.453916
e2e,e2e/cut_stream_12MiB,2,1527.0770,unique_bytes,262144
e2e,e2e/cut_stream_12MiB,2,1527.0770,verified,0
e2e,e2e/cut_stream_12MiB,2,1527.0770,writer_blocks,0
e2e,e2e/cut_stream_12MiB,2,1527.0770,writer_bytes,0
e2e,e2e/cut_stream_12MiB,2,1527.0770,writer_seeks,0
e2e,e2e/cut_stream_12MiB,3,1096.0403,avg_block_bytes,0
e2e,e2e/cut_stream_12MiB,3,1096.0403,body_reads,5
e2e,e2e/cut_stream_12MiB,3,1096.0403,body_wait_ms,0.073
e2e,e2e/cut_stream_12MiB,3,1096.0403,cache_copied_bytes,0
e2e,e2e/cut_stream_12MiB,3,1096.0403,cache_evicted_bytes,0
e2e,e2e/cut_stream_12MiB,3,1096.0403,checksum_ms,0
e2e,e2e/cut_stream_12MiB,3,1096.0403,cpu_ms,2.2209999999995844
e2e,e2e/cut_stream_12MiB,3,1096.0403,cpu_percent,0.2026385358467811
e2e,e2e/cut_stream_12MiB,3,1096.0403,distinct_ranges,4
e2e,e2e/cut_stream_12MiB,3,1096.0403,duplicate_bytes,65536
e2e,e2e/cut_stream_12MiB,3,1096.0403,failed,1
e2e,e2e/cut_stream_12MiB,3,1096.0403,file_bytes,12582912
e2e,e2e/cut_stream_12MiB,3,1096.0403,fsync_calls,1
e2e,e2e/cut_stream_12MiB,3,1096.0403,fsync_ms,5.133
e2e,e2e/cut_stream_12MiB,3,1096.0403,prealloc_ms,2.874
e2e,e2e/cut_stream_12MiB,3,1096.0403,process_peak_rss_bytes,299810816
e2e,e2e/cut_stream_12MiB,3,1096.0403,requests,5
e2e,e2e/cut_stream_12MiB,3,1096.0403,response_head_ms,1.453
e2e,e2e/cut_stream_12MiB,3,1096.0403,response_heads,5
e2e,e2e/cut_stream_12MiB,3,1096.0403,running_reports,0
e2e,e2e/cut_stream_12MiB,3,1096.0403,served_bytes,327680
e2e,e2e/cut_stream_12MiB,3,1096.0403,total,1095.757167
e2e,e2e/cut_stream_12MiB,3,1096.0403,unique_bytes,262144
e2e,e2e/cut_stream_12MiB,3,1096.0403,verified,0
e2e,e2e/cut_stream_12MiB,3,1096.0403,writer_blocks,0
e2e,e2e/cut_stream_12MiB,3,1096.0403,writer_bytes,0
e2e,e2e/cut_stream_12MiB,3,1096.0403,writer_seeks,0
e2e,e2e/cut_stream_12MiB,4,1467.0735,avg_block_bytes,0
e2e,e2e/cut_stream_12MiB,4,1467.0735,body_reads,5
e2e,e2e/cut_stream_12MiB,4,1467.0735,body_wait_ms,0.061
e2e,e2e/cut_stream_12MiB,4,1467.0735,cache_copied_bytes,0
e2e,e2e/cut_stream_12MiB,4,1467.0735,cache_evicted_bytes,0
e2e,e2e/cut_stream_12MiB,4,1467.0735,checksum_ms,0
e2e,e2e/cut_stream_12MiB,4,1467.0735,cpu_ms,2.6880000000000237
e2e,e2e/cut_stream_12MiB,4,1467.0735,cpu_percent,0.18322189876968167
e2e,e2e/cut_stream_12MiB,4,1467.0735,distinct_ranges,5
e2e,e2e/cut_stream_12MiB,4,1467.0735,duplicate_bytes,65536
e2e,e2e/cut_stream_12MiB,4,1467.0735,failed,1
e2e,e2e/cut_stream_12MiB,4,1467.0735,file_bytes,12582912
e2e,e2e/cut_stream_12MiB,4,1467.0735,fsync_calls,1
e2e,e2e/cut_stream_12MiB,4,1467.0735,fsync_ms,5.798
e2e,e2e/cut_stream_12MiB,4,1467.0735,prealloc_ms,2.95
e2e,e2e/cut_stream_12MiB,4,1467.0735,process_peak_rss_bytes,299810816
e2e,e2e/cut_stream_12MiB,4,1467.0735,requests,5
e2e,e2e/cut_stream_12MiB,4,1467.0735,response_head_ms,1.639
e2e,e2e/cut_stream_12MiB,4,1467.0735,response_heads,5
e2e,e2e/cut_stream_12MiB,4,1467.0735,running_reports,0
e2e,e2e/cut_stream_12MiB,4,1467.0735,served_bytes,327680
e2e,e2e/cut_stream_12MiB,4,1467.0735,total,1466.7669999999998
e2e,e2e/cut_stream_12MiB,4,1467.0735,unique_bytes,262144
e2e,e2e/cut_stream_12MiB,4,1467.0735,verified,0
e2e,e2e/cut_stream_12MiB,4,1467.0735,writer_blocks,0
e2e,e2e/cut_stream_12MiB,4,1467.0735,writer_bytes,0
e2e,e2e/cut_stream_12MiB,4,1467.0735,writer_seeks,0
e2e,e2e/cut_stream_12MiB,5,1519.3876,avg_block_bytes,0
e2e,e2e/cut_stream_12MiB,5,1519.3876,body_reads,5
e2e,e2e/cut_stream_12MiB,5,1519.3876,body_wait_ms,0.081
e2e,e2e/cut_stream_12MiB,5,1519.3876,cache_copied_bytes,0
e2e,e2e/cut_stream_12MiB,5,1519.3876,cache_evicted_bytes,0
e2e,e2e/cut_stream_12MiB,5,1519.3876,checksum_ms,0
e2e,e2e/cut_stream_12MiB,5,1519.3876,cpu_ms,3.433999999999493
e2e,e2e/cut_stream_12MiB,5,1519.3876,cpu_percent,0.22601210800301816
e2e,e2e/cut_stream_12MiB,5,1519.3876,distinct_ranges,5
e2e,e2e/cut_stream_12MiB,5,1519.3876,duplicate_bytes,65536
e2e,e2e/cut_stream_12MiB,5,1519.3876,failed,1
e2e,e2e/cut_stream_12MiB,5,1519.3876,file_bytes,12582912
e2e,e2e/cut_stream_12MiB,5,1519.3876,fsync_calls,1
e2e,e2e/cut_stream_12MiB,5,1519.3876,fsync_ms,7.862
e2e,e2e/cut_stream_12MiB,5,1519.3876,prealloc_ms,2.85
e2e,e2e/cut_stream_12MiB,5,1519.3876,process_peak_rss_bytes,299810816
e2e,e2e/cut_stream_12MiB,5,1519.3876,requests,5
e2e,e2e/cut_stream_12MiB,5,1519.3876,response_head_ms,1.36
e2e,e2e/cut_stream_12MiB,5,1519.3876,response_heads,5
e2e,e2e/cut_stream_12MiB,5,1519.3876,running_reports,0
e2e,e2e/cut_stream_12MiB,5,1519.3876,served_bytes,327680
e2e,e2e/cut_stream_12MiB,5,1519.3876,total,1518.9199580000002
e2e,e2e/cut_stream_12MiB,5,1519.3876,unique_bytes,262144
e2e,e2e/cut_stream_12MiB,5,1519.3876,verified,0
e2e,e2e/cut_stream_12MiB,5,1519.3876,writer_blocks,0
e2e,e2e/cut_stream_12MiB,5,1519.3876,writer_bytes,0
e2e,e2e/cut_stream_12MiB,5,1519.3876,writer_seeks,0
e2e,e2e/cut_stream_12MiB,6,1625.9220,avg_block_bytes,0
e2e,e2e/cut_stream_12MiB,6,1625.9220,body_reads,5
e2e,e2e/cut_stream_12MiB,6,1625.9220,body_wait_ms,0.186
e2e,e2e/cut_stream_12MiB,6,1625.9220,cache_copied_bytes,0
e2e,e2e/cut_stream_12MiB,6,1625.9220,cache_evicted_bytes,0
e2e,e2e/cut_stream_12MiB,6,1625.9220,checksum_ms,0
e2e,e2e/cut_stream_12MiB,6,1625.9220,cpu_ms,4.4360000000001065
e2e,e2e/cut_stream_12MiB,6,1625.9220,cpu_percent,0.27282981594443684
e2e,e2e/cut_stream_12MiB,6,1625.9220,distinct_ranges,4
e2e,e2e/cut_stream_12MiB,6,1625.9220,duplicate_bytes,65536
e2e,e2e/cut_stream_12MiB,6,1625.9220,failed,1
e2e,e2e/cut_stream_12MiB,6,1625.9220,file_bytes,12582912
e2e,e2e/cut_stream_12MiB,6,1625.9220,fsync_calls,1
e2e,e2e/cut_stream_12MiB,6,1625.9220,fsync_ms,3.112
e2e,e2e/cut_stream_12MiB,6,1625.9220,prealloc_ms,2.567
e2e,e2e/cut_stream_12MiB,6,1625.9220,process_peak_rss_bytes,299810816
e2e,e2e/cut_stream_12MiB,6,1625.9220,requests,5
e2e,e2e/cut_stream_12MiB,6,1625.9220,response_head_ms,1.83
e2e,e2e/cut_stream_12MiB,6,1625.9220,response_heads,5
e2e,e2e/cut_stream_12MiB,6,1625.9220,running_reports,0
e2e,e2e/cut_stream_12MiB,6,1625.9220,served_bytes,327680
e2e,e2e/cut_stream_12MiB,6,1625.9220,total,1625.4272090000002
e2e,e2e/cut_stream_12MiB,6,1625.9220,unique_bytes,262144
e2e,e2e/cut_stream_12MiB,6,1625.9220,verified,0
e2e,e2e/cut_stream_12MiB,6,1625.9220,writer_blocks,0
e2e,e2e/cut_stream_12MiB,6,1625.9220,writer_bytes,0
e2e,e2e/cut_stream_12MiB,6,1625.9220,writer_seeks,0
e2e,e2e/cut_stream_12MiB,7,1064.6641,avg_block_bytes,0
e2e,e2e/cut_stream_12MiB,7,1064.6641,body_reads,5
e2e,e2e/cut_stream_12MiB,7,1064.6641,body_wait_ms,0.239
e2e,e2e/cut_stream_12MiB,7,1064.6641,cache_copied_bytes,0
e2e,e2e/cut_stream_12MiB,7,1064.6641,cache_evicted_bytes,0
e2e,e2e/cut_stream_12MiB,7,1064.6641,checksum_ms,0
e2e,e2e/cut_stream_12MiB,7,1064.6641,cpu_ms,4.902999999999658
e2e,e2e/cut_stream_12MiB,7,1064.6641,cpu_percent,0.4605208238795176
e2e,e2e/cut_stream_12MiB,7,1064.6641,distinct_ranges,5
e2e,e2e/cut_stream_12MiB,7,1064.6641,duplicate_bytes,65536
e2e,e2e/cut_stream_12MiB,7,1064.6641,failed,1
e2e,e2e/cut_stream_12MiB,7,1064.6641,file_bytes,12582912
e2e,e2e/cut_stream_12MiB,7,1064.6641,fsync_calls,1
e2e,e2e/cut_stream_12MiB,7,1064.6641,fsync_ms,4.295
e2e,e2e/cut_stream_12MiB,7,1064.6641,prealloc_ms,3.444
e2e,e2e/cut_stream_12MiB,7,1064.6641,process_peak_rss_bytes,299810816
e2e,e2e/cut_stream_12MiB,7,1064.6641,requests,5
e2e,e2e/cut_stream_12MiB,7,1064.6641,response_head_ms,2.7
e2e,e2e/cut_stream_12MiB,7,1064.6641,response_heads,5
e2e,e2e/cut_stream_12MiB,7,1064.6641,running_reports,0
e2e,e2e/cut_stream_12MiB,7,1064.6641,served_bytes,327680
e2e,e2e/cut_stream_12MiB,7,1064.6641,total,1064.0379580000001
e2e,e2e/cut_stream_12MiB,7,1064.6641,unique_bytes,262144
e2e,e2e/cut_stream_12MiB,7,1064.6641,verified,0
e2e,e2e/cut_stream_12MiB,7,1064.6641,writer_blocks,0
e2e,e2e/cut_stream_12MiB,7,1064.6641,writer_bytes,0
e2e,e2e/cut_stream_12MiB,7,1064.6641,writer_seeks,0
e2e,e2e/cut_stream_12MiB,8,1150.1988,avg_block_bytes,0
e2e,e2e/cut_stream_12MiB,8,1150.1988,body_reads,5
e2e,e2e/cut_stream_12MiB,8,1150.1988,body_wait_ms,0.225
e2e,e2e/cut_stream_12MiB,8,1150.1988,cache_copied_bytes,0
e2e,e2e/cut_stream_12MiB,8,1150.1988,cache_evicted_bytes,0
e2e,e2e/cut_stream_12MiB,8,1150.1988,checksum_ms,0
e2e,e2e/cut_stream_12MiB,8,1150.1988,cpu_ms,3.5369999999996793
e2e,e2e/cut_stream_12MiB,8,1150.1988,cpu_percent,0.3075120490927919
e2e,e2e/cut_stream_12MiB,8,1150.1988,distinct_ranges,5
e2e,e2e/cut_stream_12MiB,8,1150.1988,duplicate_bytes,65536
e2e,e2e/cut_stream_12MiB,8,1150.1988,failed,1
e2e,e2e/cut_stream_12MiB,8,1150.1988,file_bytes,12582912
e2e,e2e/cut_stream_12MiB,8,1150.1988,fsync_calls,1
e2e,e2e/cut_stream_12MiB,8,1150.1988,fsync_ms,4.044
e2e,e2e/cut_stream_12MiB,8,1150.1988,prealloc_ms,3.701
e2e,e2e/cut_stream_12MiB,8,1150.1988,process_peak_rss_bytes,299810816
e2e,e2e/cut_stream_12MiB,8,1150.1988,requests,5
e2e,e2e/cut_stream_12MiB,8,1150.1988,response_head_ms,2.188
e2e,e2e/cut_stream_12MiB,8,1150.1988,response_heads,5
e2e,e2e/cut_stream_12MiB,8,1150.1988,running_reports,0
e2e,e2e/cut_stream_12MiB,8,1150.1988,served_bytes,327680
e2e,e2e/cut_stream_12MiB,8,1150.1988,total,1149.904958
e2e,e2e/cut_stream_12MiB,8,1150.1988,unique_bytes,262144
e2e,e2e/cut_stream_12MiB,8,1150.1988,verified,0
e2e,e2e/cut_stream_12MiB,8,1150.1988,writer_blocks,0
e2e,e2e/cut_stream_12MiB,8,1150.1988,writer_bytes,0
e2e,e2e/cut_stream_12MiB,8,1150.1988,writer_seeks,0
e2e,e2e/cut_stream_12MiB,9,1117.4649,avg_block_bytes,0
e2e,e2e/cut_stream_12MiB,9,1117.4649,body_reads,5
e2e,e2e/cut_stream_12MiB,9,1117.4649,body_wait_ms,0.076
e2e,e2e/cut_stream_12MiB,9,1117.4649,cache_copied_bytes,0
e2e,e2e/cut_stream_12MiB,9,1117.4649,cache_evicted_bytes,0
e2e,e2e/cut_stream_12MiB,9,1117.4649,checksum_ms,0
e2e,e2e/cut_stream_12MiB,9,1117.4649,cpu_ms,2.5479999999999947
e2e,e2e/cut_stream_12MiB,9,1117.4649,cpu_percent,0.22801611549535233
e2e,e2e/cut_stream_12MiB,9,1117.4649,distinct_ranges,5
e2e,e2e/cut_stream_12MiB,9,1117.4649,duplicate_bytes,65536
e2e,e2e/cut_stream_12MiB,9,1117.4649,failed,1
e2e,e2e/cut_stream_12MiB,9,1117.4649,file_bytes,12582912
e2e,e2e/cut_stream_12MiB,9,1117.4649,fsync_calls,1
e2e,e2e/cut_stream_12MiB,9,1117.4649,fsync_ms,8.198
e2e,e2e/cut_stream_12MiB,9,1117.4649,prealloc_ms,3.212
e2e,e2e/cut_stream_12MiB,9,1117.4649,process_peak_rss_bytes,299810816
e2e,e2e/cut_stream_12MiB,9,1117.4649,requests,5
e2e,e2e/cut_stream_12MiB,9,1117.4649,response_head_ms,1.596
e2e,e2e/cut_stream_12MiB,9,1117.4649,response_heads,5
e2e,e2e/cut_stream_12MiB,9,1117.4649,running_reports,0
e2e,e2e/cut_stream_12MiB,9,1117.4649,served_bytes,327680
e2e,e2e/cut_stream_12MiB,9,1117.4649,total,1117.2397919999999
e2e,e2e/cut_stream_12MiB,9,1117.4649,unique_bytes,262144
e2e,e2e/cut_stream_12MiB,9,1117.4649,verified,0
e2e,e2e/cut_stream_12MiB,9,1117.4649,writer_blocks,0
e2e,e2e/cut_stream_12MiB,9,1117.4649,writer_bytes,0
e2e,e2e/cut_stream_12MiB,9,1117.4649,writer_seeks,0
e2e,e2e/slow_tail_12MiB,0,268.1958,avg_block_bytes,1048576
e2e,e2e/slow_tail_12MiB,0,268.1958,body_reads,786
e2e,e2e/slow_tail_12MiB,0,268.1958,body_wait_ms,243.964
e2e,e2e/slow_tail_12MiB,0,268.1958,cache_copied_bytes,12582912
e2e,e2e/slow_tail_12MiB,0,268.1958,cache_evicted_bytes,12582912
e2e,e2e/slow_tail_12MiB,0,268.1958,checksum_ms,8.381
e2e,e2e/slow_tail_12MiB,0,268.1958,cpu_ms,28.542000000000733
e2e,e2e/slow_tail_12MiB,0,268.1958,cpu_percent,10.64222347316578
e2e,e2e/slow_tail_12MiB,0,268.1958,distinct_ranges,5
e2e,e2e/slow_tail_12MiB,0,268.1958,duplicate_bytes,0
e2e,e2e/slow_tail_12MiB,0,268.1958,failed,0
e2e,e2e/slow_tail_12MiB,0,268.1958,file_bytes,12582912
e2e,e2e/slow_tail_12MiB,0,268.1958,finalize,8.392708000000027
e2e,e2e/slow_tail_12MiB,0,268.1958,fsync_calls,1
e2e,e2e/slow_tail_12MiB,0,268.1958,fsync_ms,6.293
e2e,e2e/slow_tail_12MiB,0,268.1958,prealloc_ms,2.537
e2e,e2e/slow_tail_12MiB,0,268.1958,process_peak_rss_bytes,299810816
e2e,e2e/slow_tail_12MiB,0,268.1958,report_span,46.145917
e2e,e2e/slow_tail_12MiB,0,268.1958,requests,5
e2e,e2e/slow_tail_12MiB,0,268.1958,response_head_ms,2.852
e2e,e2e/slow_tail_12MiB,0,268.1958,response_heads,5
e2e,e2e/slow_tail_12MiB,0,268.1958,running_reports,2
e2e,e2e/slow_tail_12MiB,0,268.1958,served_bytes,12582912
e2e,e2e/slow_tail_12MiB,0,268.1958,to_first_report,205.659042
e2e,e2e/slow_tail_12MiB,0,268.1958,total,260.197667
e2e,e2e/slow_tail_12MiB,0,268.1958,unique_bytes,12582912
e2e,e2e/slow_tail_12MiB,0,268.1958,verified,1
e2e,e2e/slow_tail_12MiB,0,268.1958,writer_blocks,12
e2e,e2e/slow_tail_12MiB,0,268.1958,writer_bytes,12582912
e2e,e2e/slow_tail_12MiB,0,268.1958,writer_seeks,9
e2e,e2e/slow_tail_12MiB,1,268.3180,avg_block_bytes,1048576
e2e,e2e/slow_tail_12MiB,1,268.3180,body_reads,783
e2e,e2e/slow_tail_12MiB,1,268.3180,body_wait_ms,245.841
e2e,e2e/slow_tail_12MiB,1,268.3180,cache_copied_bytes,12582912
e2e,e2e/slow_tail_12MiB,1,268.3180,cache_evicted_bytes,12582912
e2e,e2e/slow_tail_12MiB,1,268.3180,checksum_ms,6.822
e2e,e2e/slow_tail_12MiB,1,268.3180,cpu_ms,25.623999999999647
e2e,e2e/slow_tail_12MiB,1,268.3180,cpu_percent,9.549861017358742
e2e,e2e/slow_tail_12MiB,1,268.3180,distinct_ranges,4
e2e,e2e/slow_tail_12MiB,1,268.3180,duplicate_bytes,0
e2e,e2e/slow_tail_12MiB,1,268.3180,failed,0
e2e,e2e/slow_tail_12MiB,1,268.3180,file_bytes,12582912
e2e,e2e/slow_tail_12MiB,1,268.3180,finalize,6.824082999999973
e2e,e2e/slow_tail_12MiB,1,268.3180,fsync_calls,1
e2e,e2e/slow_tail_12MiB,1,268.3180,fsync_ms,8.836
e2e,e2e/slow_tail_12MiB,1,268.3180,prealloc_ms,2.767
e2e,e2e/slow_tail_12MiB,1,268.3180,process_peak_rss_bytes,299810816
e2e,e2e/slow_tail_12MiB,1,268.3180,report_span,50.60850000000005
e2e,e2e/slow_tail_12MiB,1,268.3180,requests,4
e2e,e2e/slow_tail_12MiB,1,268.3180,response_head_ms,1.363
e2e,e2e/slow_tail_12MiB,1,268.3180,response_heads,4
e2e,e2e/slow_tail_12MiB,1,268.3180,running_reports,2
e2e,e2e/slow_tail_12MiB,1,268.3180,served_bytes,12582912
e2e,e2e/slow_tail_12MiB,1,268.3180,to_first_report,205.384708
e2e,e2e/slow_tail_12MiB,1,268.3180,total,262.817291
e2e,e2e/slow_tail_12MiB,1,268.3180,unique_bytes,12582912
e2e,e2e/slow_tail_12MiB,1,268.3180,verified,1
e2e,e2e/slow_tail_12MiB,1,268.3180,writer_blocks,12
e2e,e2e/slow_tail_12MiB,1,268.3180,writer_bytes,12582912
e2e,e2e/slow_tail_12MiB,1,268.3180,writer_seeks,9
e2e,e2e/slow_tail_12MiB,2,272.1595,avg_block_bytes,1048576
e2e,e2e/slow_tail_12MiB,2,272.1595,body_reads,778
e2e,e2e/slow_tail_12MiB,2,272.1595,body_wait_ms,263.585
e2e,e2e/slow_tail_12MiB,2,272.1595,cache_copied_bytes,12582912
e2e,e2e/slow_tail_12MiB,2,272.1595,cache_evicted_bytes,12582912
e2e,e2e/slow_tail_12MiB,2,272.1595,checksum_ms,7.559
e2e,e2e/slow_tail_12MiB,2,272.1595,cpu_ms,28.656999999999933
e2e,e2e/slow_tail_12MiB,2,272.1595,cpu_percent,10.5294889292438
e2e,e2e/slow_tail_12MiB,2,272.1595,distinct_ranges,4
e2e,e2e/slow_tail_12MiB,2,272.1595,duplicate_bytes,0
e2e,e2e/slow_tail_12MiB,2,272.1595,failed,0
e2e,e2e/slow_tail_12MiB,2,272.1595,file_bytes,12582912
e2e,e2e/slow_tail_12MiB,2,272.1595,finalize,7.573791999999969
e2e,e2e/slow_tail_12MiB,2,272.1595,fsync_calls,1
e2e,e2e/slow_tail_12MiB,2,272.1595,fsync_ms,11.939
e2e,e2e/slow_tail_12MiB,2,272.1595,prealloc_ms,4.178
e2e,e2e/slow_tail_12MiB,2,272.1595,process_peak_rss_bytes,299810816
e2e,e2e/slow_tail_12MiB,2,272.1595,report_span,50.27287500000003
e2e,e2e/slow_tail_12MiB,2,272.1595,requests,4
e2e,e2e/slow_tail_12MiB,2,272.1595,response_head_ms,1.476
e2e,e2e/slow_tail_12MiB,2,272.1595,response_heads,4
e2e,e2e/slow_tail_12MiB,2,272.1595,running_reports,2
e2e,e2e/slow_tail_12MiB,2,272.1595,served_bytes,12582912
e2e,e2e/slow_tail_12MiB,2,272.1595,to_first_report,207.954958
e2e,e2e/slow_tail_12MiB,2,272.1595,total,265.801625
e2e,e2e/slow_tail_12MiB,2,272.1595,unique_bytes,12582912
e2e,e2e/slow_tail_12MiB,2,272.1595,verified,1
e2e,e2e/slow_tail_12MiB,2,272.1595,writer_blocks,12
e2e,e2e/slow_tail_12MiB,2,272.1595,writer_bytes,12582912
e2e,e2e/slow_tail_12MiB,2,272.1595,writer_seeks,4
e2e,e2e/slow_tail_12MiB,3,275.8359,avg_block_bytes,1048576
e2e,e2e/slow_tail_12MiB,3,275.8359,body_reads,778
e2e,e2e/slow_tail_12MiB,3,275.8359,body_wait_ms,244.839
e2e,e2e/slow_tail_12MiB,3,275.8359,cache_copied_bytes,12582912
e2e,e2e/slow_tail_12MiB,3,275.8359,cache_evicted_bytes,12582912
e2e,e2e/slow_tail_12MiB,3,275.8359,checksum_ms,6.886
e2e,e2e/slow_tail_12MiB,3,275.8359,cpu_ms,28.990999999999545
e2e,e2e/slow_tail_12MiB,3,275.8359,cpu_percent,10.510233879368053
e2e,e2e/slow_tail_12MiB,3,275.8359,distinct_ranges,4
e2e,e2e/slow_tail_12MiB,3,275.8359,duplicate_bytes,0
e2e,e2e/slow_tail_12MiB,3,275.8359,failed,0
e2e,e2e/slow_tail_12MiB,3,275.8359,file_bytes,12582912
e2e,e2e/slow_tail_12MiB,3,275.8359,finalize,6.8909589999999525
e2e,e2e/slow_tail_12MiB,3,275.8359,fsync_calls,1
e2e,e2e/slow_tail_12MiB,3,275.8359,fsync_ms,15.548
e2e,e2e/slow_tail_12MiB,3,275.8359,prealloc_ms,4.846
e2e,e2e/slow_tail_12MiB,3,275.8359,process_peak_rss_bytes,299810816
e2e,e2e/slow_tail_12MiB,3,275.8359,report_span,55.58766600000001
e2e,e2e/slow_tail_12MiB,3,275.8359,requests,4
e2e,e2e/slow_tail_12MiB,3,275.8359,response_head_ms,1.613
e2e,e2e/slow_tail_12MiB,3,275.8359,response_heads,4
e2e,e2e/slow_tail_12MiB,3,275.8359,running_reports,2
e2e,e2e/slow_tail_12MiB,3,275.8359,served_bytes,12582912
e2e,e2e/slow_tail_12MiB,3,275.8359,to_first_report,207.89212500000002
e2e,e2e/slow_tail_12MiB,3,275.8359,total,270.37075
e2e,e2e/slow_tail_12MiB,3,275.8359,unique_bytes,12582912
e2e,e2e/slow_tail_12MiB,3,275.8359,verified,1
e2e,e2e/slow_tail_12MiB,3,275.8359,writer_blocks,12
e2e,e2e/slow_tail_12MiB,3,275.8359,writer_bytes,12582912
e2e,e2e/slow_tail_12MiB,3,275.8359,writer_seeks,10
e2e,e2e/slow_tail_12MiB,4,277.4135,avg_block_bytes,1048576
e2e,e2e/slow_tail_12MiB,4,277.4135,body_reads,780
e2e,e2e/slow_tail_12MiB,4,277.4135,body_wait_ms,244.672
e2e,e2e/slow_tail_12MiB,4,277.4135,cache_copied_bytes,12582912
e2e,e2e/slow_tail_12MiB,4,277.4135,cache_evicted_bytes,12582912
e2e,e2e/slow_tail_12MiB,4,277.4135,checksum_ms,6.118
e2e,e2e/slow_tail_12MiB,4,277.4135,cpu_ms,27.166999999999497
e2e,e2e/slow_tail_12MiB,4,277.4135,cpu_percent,9.792962491010531
e2e,e2e/slow_tail_12MiB,4,277.4135,distinct_ranges,5
e2e,e2e/slow_tail_12MiB,4,277.4135,duplicate_bytes,0
e2e,e2e/slow_tail_12MiB,4,277.4135,failed,0
e2e,e2e/slow_tail_12MiB,4,277.4135,file_bytes,12582912
e2e,e2e/slow_tail_12MiB,4,277.4135,finalize,6.124166000000002
e2e,e2e/slow_tail_12MiB,4,277.4135,fsync_calls,1
e2e,e2e/slow_tail_12MiB,4,277.4135,fsync_ms,17.829
e2e,e2e/slow_tail_12MiB,4,277.4135,prealloc_ms,4.071
e2e,e2e/slow_tail_12MiB,4,277.4135,process_peak_rss_bytes,299810816
e2e,e2e/slow_tail_12MiB,4,277.4135,report_span,58.471834
e2e,e2e/slow_tail_12MiB,4,277.4135,requests,5
e2e,e2e/slow_tail_12MiB,4,277.4135,response_head_ms,2.68
e2e,e2e/slow_tail_12MiB,4,277.4135,response_heads,5
e2e,e2e/slow_tail_12MiB,4,277.4135,running_reports,2
e2e,e2e/slow_tail_12MiB,4,277.4135,served_bytes,12582912
e2e,e2e/slow_tail_12MiB,4,277.4135,to_first_report,207.17808300000002
e2e,e2e/slow_tail_12MiB,4,277.4135,total,271.774083
e2e,e2e/slow_tail_12MiB,4,277.4135,unique_bytes,12582912
e2e,e2e/slow_tail_12MiB,4,277.4135,verified,1
e2e,e2e/slow_tail_12MiB,4,277.4135,writer_blocks,12
e2e,e2e/slow_tail_12MiB,4,277.4135,writer_bytes,12582912
e2e,e2e/slow_tail_12MiB,4,277.4135,writer_seeks,6
e2e,e2e/slow_tail_12MiB,5,275.5079,avg_block_bytes,1048576
e2e,e2e/slow_tail_12MiB,5,275.5079,body_reads,778
e2e,e2e/slow_tail_12MiB,5,275.5079,body_wait_ms,242.595
e2e,e2e/slow_tail_12MiB,5,275.5079,cache_copied_bytes,12582912
e2e,e2e/slow_tail_12MiB,5,275.5079,cache_evicted_bytes,12582912
e2e,e2e/slow_tail_12MiB,5,275.5079,checksum_ms,6.429
e2e,e2e/slow_tail_12MiB,5,275.5079,cpu_ms,25.517000000000678
e2e,e2e/slow_tail_12MiB,5,275.5079,cpu_percent,9.261804222474831
e2e,e2e/slow_tail_12MiB,5,275.5079,distinct_ranges,4
e2e,e2e/slow_tail_12MiB,5,275.5079,duplicate_bytes,0
e2e,e2e/slow_tail_12MiB,5,275.5079,failed,0
e2e,e2e/slow_tail_12MiB,5,275.5079,file_bytes,12582912
e2e,e2e/slow_tail_12MiB,5,275.5079,finalize,6.445708000000025
e2e,e2e/slow_tail_12MiB,5,275.5079,fsync_calls,1
e2e,e2e/slow_tail_12MiB,5,275.5079,fsync_ms,18.69
e2e,e2e/slow_tail_12MiB,5,275.5079,prealloc_ms,3.428
e2e,e2e/slow_tail_12MiB,5,275.5079,process_peak_rss_bytes,299810816
e2e,e2e/slow_tail_12MiB,5,275.5079,report_span,55.78574999999998
e2e,e2e/slow_tail_12MiB,5,275.5079,requests,4
e2e,e2e/slow_tail_12MiB,5,275.5079,response_head_ms,1.451
e2e,e2e/slow_tail_12MiB,5,275.5079,response_heads,4
e2e,e2e/slow_tail_12MiB,5,275.5079,running_reports,2
e2e,e2e/slow_tail_12MiB,5,275.5079,served_bytes,12582912
e2e,e2e/slow_tail_12MiB,5,275.5079,to_first_report,207.217
e2e,e2e/slow_tail_12MiB,5,275.5079,total,269.448458
e2e,e2e/slow_tail_12MiB,5,275.5079,unique_bytes,12582912
e2e,e2e/slow_tail_12MiB,5,275.5079,verified,1
e2e,e2e/slow_tail_12MiB,5,275.5079,writer_blocks,12
e2e,e2e/slow_tail_12MiB,5,275.5079,writer_bytes,12582912
e2e,e2e/slow_tail_12MiB,5,275.5079,writer_seeks,9
e2e,e2e/slow_tail_12MiB,6,286.2380,avg_block_bytes,1048576
e2e,e2e/slow_tail_12MiB,6,286.2380,body_reads,783
e2e,e2e/slow_tail_12MiB,6,286.2380,body_wait_ms,264.98
e2e,e2e/slow_tail_12MiB,6,286.2380,cache_copied_bytes,12582912
e2e,e2e/slow_tail_12MiB,6,286.2380,cache_evicted_bytes,12582912
e2e,e2e/slow_tail_12MiB,6,286.2380,checksum_ms,8.674
e2e,e2e/slow_tail_12MiB,6,286.2380,cpu_ms,29.66299999999933
e2e,e2e/slow_tail_12MiB,6,286.2380,cpu_percent,10.363054521062658
e2e,e2e/slow_tail_12MiB,6,286.2380,distinct_ranges,4
e2e,e2e/slow_tail_12MiB,6,286.2380,duplicate_bytes,0
e2e,e2e/slow_tail_12MiB,6,286.2380,failed,0
e2e,e2e/slow_tail_12MiB,6,286.2380,file_bytes,12582912
e2e,e2e/slow_tail_12MiB,6,286.2380,finalize,8.690166999999974
e2e,e2e/slow_tail_12MiB,6,286.2380,fsync_calls,1
e2e,e2e/slow_tail_12MiB,6,286.2380,fsync_ms,23.269
e2e,e2e/slow_tail_12MiB,6,286.2380,prealloc_ms,4.518
e2e,e2e/slow_tail_12MiB,6,286.2380,process_peak_rss_bytes,299810816
e2e,e2e/slow_tail_12MiB,6,286.2380,report_span,62.981750000000034
e2e,e2e/slow_tail_12MiB,6,286.2380,requests,4
e2e,e2e/slow_tail_12MiB,6,286.2380,response_head_ms,3.173
e2e,e2e/slow_tail_12MiB,6,286.2380,response_heads,4
e2e,e2e/slow_tail_12MiB,6,286.2380,running_reports,2
e2e,e2e/slow_tail_12MiB,6,286.2380,served_bytes,12582912
e2e,e2e/slow_tail_12MiB,6,286.2380,to_first_report,208.16125
e2e,e2e/slow_tail_12MiB,6,286.2380,total,279.833167
e2e,e2e/slow_tail_12MiB,6,286.2380,unique_bytes,12582912
e2e,e2e/slow_tail_12MiB,6,286.2380,verified,1
e2e,e2e/slow_tail_12MiB,6,286.2380,writer_blocks,12
e2e,e2e/slow_tail_12MiB,6,286.2380,writer_bytes,12582912
e2e,e2e/slow_tail_12MiB,6,286.2380,writer_seeks,8
e2e,e2e/slow_tail_12MiB,7,286.6535,avg_block_bytes,1048576
e2e,e2e/slow_tail_12MiB,7,286.6535,body_reads,783
e2e,e2e/slow_tail_12MiB,7,286.6535,body_wait_ms,242.765
e2e,e2e/slow_tail_12MiB,7,286.6535,cache_copied_bytes,12582912
e2e,e2e/slow_tail_12MiB,7,286.6535,cache_evicted_bytes,12582912
e2e,e2e/slow_tail_12MiB,7,286.6535,checksum_ms,6.027
e2e,e2e/slow_tail_12MiB,7,286.6535,cpu_ms,27.301999999999715
e2e,e2e/slow_tail_12MiB,7,286.6535,cpu_percent,9.524392341361434
e2e,e2e/slow_tail_12MiB,7,286.6535,distinct_ranges,4
e2e,e2e/slow_tail_12MiB,7,286.6535,duplicate_bytes,0
e2e,e2e/slow_tail_12MiB,7,286.6535,failed,0
e2e,e2e/slow_tail_12MiB,7,286.6535,file_bytes,12582912
e2e,e2e/slow_tail_12MiB,7,286.6535,finalize,6.02495799999997
e2e,e2e/slow_tail_12MiB,7,286.6535,fsync_calls,1
e2e,e2e/slow_tail_12MiB,7,286.6535,fsync_ms,24.149
e2e,e2e/slow_tail_12MiB,7,286.6535,prealloc_ms,2.949
e2e,e2e/slow_tail_12MiB,7,286.6535,process_peak_rss_bytes,299810816
e2e,e2e/slow_tail_12MiB,7,286.6535,report_span,62.90916700000005
e2e,e2e/slow_tail_12MiB,7,286.6535,requests,4
e2e,e2e/slow_tail_12MiB,7,286.6535,response_head_ms,1.83
e2e,e2e/slow_tail_12MiB,7,286.6535,response_heads,4
e2e,e2e/slow_tail_12MiB,7,286.6535,running_reports,2
e2e,e2e/slow_tail_12MiB,7,286.6535,served_bytes,12582912
e2e,e2e/slow_tail_12MiB,7,286.6535,to_first_report,206.764625
e2e,e2e/slow_tail_12MiB,7,286.6535,total,275.69875
e2e,e2e/slow_tail_12MiB,7,286.6535,unique_bytes,12582912
e2e,e2e/slow_tail_12MiB,7,286.6535,verified,1
e2e,e2e/slow_tail_12MiB,7,286.6535,writer_blocks,12
e2e,e2e/slow_tail_12MiB,7,286.6535,writer_bytes,12582912
e2e,e2e/slow_tail_12MiB,7,286.6535,writer_seeks,9
e2e,e2e/slow_tail_12MiB,8,291.1238,avg_block_bytes,1048576
e2e,e2e/slow_tail_12MiB,8,291.1238,body_reads,786
e2e,e2e/slow_tail_12MiB,8,291.1238,body_wait_ms,241.551
e2e,e2e/slow_tail_12MiB,8,291.1238,cache_copied_bytes,12582912
e2e,e2e/slow_tail_12MiB,8,291.1238,cache_evicted_bytes,12582912
e2e,e2e/slow_tail_12MiB,8,291.1238,checksum_ms,6.613
e2e,e2e/slow_tail_12MiB,8,291.1238,cpu_ms,24.3019999999996
e2e,e2e/slow_tail_12MiB,8,291.1238,cpu_percent,8.347650465291725
e2e,e2e/slow_tail_12MiB,8,291.1238,distinct_ranges,4
e2e,e2e/slow_tail_12MiB,8,291.1238,duplicate_bytes,0
e2e,e2e/slow_tail_12MiB,8,291.1238,failed,0
e2e,e2e/slow_tail_12MiB,8,291.1238,file_bytes,12582912
e2e,e2e/slow_tail_12MiB,8,291.1238,finalize,6.619832999999971
e2e,e2e/slow_tail_12MiB,8,291.1238,fsync_calls,1
e2e,e2e/slow_tail_12MiB,8,291.1238,fsync_ms,26.529
e2e,e2e/slow_tail_12MiB,8,291.1238,prealloc_ms,12.226
e2e,e2e/slow_tail_12MiB,8,291.1238,process_peak_rss_bytes,299810816
e2e,e2e/slow_tail_12MiB,8,291.1238,report_span,63.773083000000014
e2e,e2e/slow_tail_12MiB,8,291.1238,requests,4
e2e,e2e/slow_tail_12MiB,8,291.1238,response_head_ms,1.74
e2e,e2e/slow_tail_12MiB,8,291.1238,response_heads,4
e2e,e2e/slow_tail_12MiB,8,291.1238,running_reports,2
e2e,e2e/slow_tail_12MiB,8,291.1238,served_bytes,12582912
e2e,e2e/slow_tail_12MiB,8,291.1238,to_first_report,215.22566700000002
e2e,e2e/slow_tail_12MiB,8,291.1238,total,285.618583
e2e,e2e/slow_tail_12MiB,8,291.1238,unique_bytes,12582912
e2e,e2e/slow_tail_12MiB,8,291.1238,verified,1
e2e,e2e/slow_tail_12MiB,8,291.1238,writer_blocks,12
e2e,e2e/slow_tail_12MiB,8,291.1238,writer_bytes,12582912
e2e,e2e/slow_tail_12MiB,8,291.1238,writer_seeks,6
e2e,e2e/slow_tail_12MiB,9,267.5475,avg_block_bytes,1048576
e2e,e2e/slow_tail_12MiB,9,267.5475,body_reads,784
e2e,e2e/slow_tail_12MiB,9,267.5475,body_wait_ms,241.748
e2e,e2e/slow_tail_12MiB,9,267.5475,cache_copied_bytes,12582912
e2e,e2e/slow_tail_12MiB,9,267.5475,cache_evicted_bytes,12582912
e2e,e2e/slow_tail_12MiB,9,267.5475,checksum_ms,6.439
e2e,e2e/slow_tail_12MiB,9,267.5475,cpu_ms,23.754999999999526
e2e,e2e/slow_tail_12MiB,9,267.5475,cpu_percent,8.878797222922856
e2e,e2e/slow_tail_12MiB,9,267.5475,distinct_ranges,4
e2e,e2e/slow_tail_12MiB,9,267.5475,duplicate_bytes,0
e2e,e2e/slow_tail_12MiB,9,267.5475,failed,0
e2e,e2e/slow_tail_12MiB,9,267.5475,file_bytes,12582912
e2e,e2e/slow_tail_12MiB,9,267.5475,finalize,6.450292000000019
e2e,e2e/slow_tail_12MiB,9,267.5475,fsync_calls,1
e2e,e2e/slow_tail_12MiB,9,267.5475,fsync_ms,9.084
e2e,e2e/slow_tail_12MiB,9,267.5475,prealloc_ms,3.722
e2e,e2e/slow_tail_12MiB,9,267.5475,process_peak_rss_bytes,299810816
e2e,e2e/slow_tail_12MiB,9,267.5475,report_span,48.43979199999998
e2e,e2e/slow_tail_12MiB,9,267.5475,requests,4
e2e,e2e/slow_tail_12MiB,9,267.5475,response_head_ms,1.65
e2e,e2e/slow_tail_12MiB,9,267.5475,response_heads,4
e2e,e2e/slow_tail_12MiB,9,267.5475,running_reports,2
e2e,e2e/slow_tail_12MiB,9,267.5475,served_bytes,12582912
e2e,e2e/slow_tail_12MiB,9,267.5475,to_first_report,206.519583
e2e,e2e/slow_tail_12MiB,9,267.5475,total,261.409667
e2e,e2e/slow_tail_12MiB,9,267.5475,unique_bytes,12582912
e2e,e2e/slow_tail_12MiB,9,267.5475,verified,1
e2e,e2e/slow_tail_12MiB,9,267.5475,writer_blocks,12
e2e,e2e/slow_tail_12MiB,9,267.5475,writer_bytes,12582912
e2e,e2e/slow_tail_12MiB,9,267.5475,writer_seeks,9
