group,scenario,round,round_millis,metric,value
scheduler,scheduler/dynamic/fresh/64,0,0.0464,boundary_scans,4
scheduler,scheduler/dynamic/fresh/64,0,0.0464,candidate_slots,10
scheduler,scheduler/dynamic/fresh/64,0,0.0464,cpu_ms,0.08500000000000174
scheduler,scheduler/dynamic/fresh/64,0,0.0464,cpu_percent,183.1265081006587
scheduler,scheduler/dynamic/fresh/64,0,0.0464,leases,64
scheduler,scheduler/dynamic/fresh/64,0,0.0464,max_leases_per_request,16
scheduler,scheduler/dynamic/fresh/64,0,0.0464,max_request_bytes,16777216
scheduler,scheduler/dynamic/fresh/64,0,0.0464,micros_per_request,8.447999999999999
scheduler,scheduler/dynamic/fresh/64,0,0.0464,multi_lease_requests,4
scheduler,scheduler/dynamic/fresh/64,0,0.0464,planned_bytes,67108864
scheduler,scheduler/dynamic/fresh/64,0,0.0464,planned_ranges,10
scheduler,scheduler/dynamic/fresh/64,0,0.0464,process_peak_rss_bytes,16007168
scheduler,scheduler/dynamic/fresh/64,0,0.0464,requests,4
scheduler,scheduler/dynamic/fresh/64,0,0.0464,single_lease_requests,0
scheduler,scheduler/dynamic/fresh/64,0,0.0464,total,0.033791999999999996
scheduler,scheduler/dynamic/fresh/64,0,0.0464,truncated_requests,0
scheduler,scheduler/dynamic/fresh/64,1,0.0150,boundary_scans,4
scheduler,scheduler/dynamic/fresh/64,1,0.0150,candidate_slots,10
scheduler,scheduler/dynamic/fresh/64,1,0.0150,cpu_ms,0.015000000000001124
scheduler,scheduler/dynamic/fresh/64,1,0.0150,cpu_percent,100.00000000000749
scheduler,scheduler/dynamic/fresh/64,1,0.0150,leases,64
scheduler,scheduler/dynamic/fresh/64,1,0.0150,max_leases_per_request,16
scheduler,scheduler/dynamic/fresh/64,1,0.0150,max_request_bytes,16777216
scheduler,scheduler/dynamic/fresh/64,1,0.0150,micros_per_request,3.5522500000000004
scheduler,scheduler/dynamic/fresh/64,1,0.0150,multi_lease_requests,4
scheduler,scheduler/dynamic/fresh/64,1,0.0150,planned_bytes,67108864
scheduler,scheduler/dynamic/fresh/64,1,0.0150,planned_ranges,10
scheduler,scheduler/dynamic/fresh/64,1,0.0150,process_peak_rss_bytes,16072704
scheduler,scheduler/dynamic/fresh/64,1,0.0150,requests,4
scheduler,scheduler/dynamic/fresh/64,1,0.0150,single_lease_requests,0
scheduler,scheduler/dynamic/fresh/64,1,0.0150,total,0.014209000000000001
scheduler,scheduler/dynamic/fresh/64,1,0.0150,truncated_requests,0
scheduler,scheduler/dynamic/fresh/64,2,0.0086,boundary_scans,4
scheduler,scheduler/dynamic/fresh/64,2,0.0086,candidate_slots,10
scheduler,scheduler/dynamic/fresh/64,2,0.0086,cpu_ms,0.008999999999998592
scheduler,scheduler/dynamic/fresh/64,2,0.0086,cpu_percent,104.85844110449251
scheduler,scheduler/dynamic/fresh/64,2,0.0086,leases,64
scheduler,scheduler/dynamic/fresh/64,2,0.0086,max_leases_per_request,16
scheduler,scheduler/dynamic/fresh/64,2,0.0086,max_request_bytes,16777216
scheduler,scheduler/dynamic/fresh/64,2,0.0086,micros_per_request,2.0105
scheduler,scheduler/dynamic/fresh/64,2,0.0086,multi_lease_requests,4
scheduler,scheduler/dynamic/fresh/64,2,0.0086,planned_bytes,67108864
scheduler,scheduler/dynamic/fresh/64,2,0.0086,planned_ranges,10
scheduler,scheduler/dynamic/fresh/64,2,0.0086,process_peak_rss_bytes,16072704
scheduler,scheduler/dynamic/fresh/64,2,0.0086,requests,4
scheduler,scheduler/dynamic/fresh/64,2,0.0086,single_lease_requests,0
scheduler,scheduler/dynamic/fresh/64,2,0.0086,total,0.008042
scheduler,scheduler/dynamic/fresh/64,2,0.0086,truncated_requests,0
scheduler,scheduler/dynamic/fresh/64,3,0.0097,boundary_scans,4
scheduler,scheduler/dynamic/fresh/64,3,0.0097,candidate_slots,10
scheduler,scheduler/dynamic/fresh/64,3,0.0097,cpu_ms,0.009999999999999593
scheduler,scheduler/dynamic/fresh/64,3,0.0097,cpu_percent,102.56410256409839
scheduler,scheduler/dynamic/fresh/64,3,0.0097,leases,64
scheduler,scheduler/dynamic/fresh/64,3,0.0097,max_leases_per_request,16
scheduler,scheduler/dynamic/fresh/64,3,0.0097,max_request_bytes,16777216
scheduler,scheduler/dynamic/fresh/64,3,0.0097,micros_per_request,1.79175
scheduler,scheduler/dynamic/fresh/64,3,0.0097,multi_lease_requests,4
scheduler,scheduler/dynamic/fresh/64,3,0.0097,planned_bytes,67108864
scheduler,scheduler/dynamic/fresh/64,3,0.0097,planned_ranges,10
scheduler,scheduler/dynamic/fresh/64,3,0.0097,process_peak_rss_bytes,16105472
scheduler,scheduler/dynamic/fresh/64,3,0.0097,requests,4
scheduler,scheduler/dynamic/fresh/64,3,0.0097,single_lease_requests,0
scheduler,scheduler/dynamic/fresh/64,3,0.0097,total,0.007167
scheduler,scheduler/dynamic/fresh/64,3,0.0097,truncated_requests,0
scheduler,scheduler/dynamic/fresh/64,4,0.0073,boundary_scans,4
scheduler,scheduler/dynamic/fresh/64,4,0.0073,candidate_slots,10
scheduler,scheduler/dynamic/fresh/64,4,0.0073,cpu_ms,0.007000000000000062
scheduler,scheduler/dynamic/fresh/64,4,0.0073,cpu_percent,95.99561162918351
scheduler,scheduler/dynamic/fresh/64,4,0.0073,leases,64
scheduler,scheduler/dynamic/fresh/64,4,0.0073,max_leases_per_request,16
scheduler,scheduler/dynamic/fresh/64,4,0.0073,max_request_bytes,16777216
scheduler,scheduler/dynamic/fresh/64,4,0.0073,micros_per_request,1.6875
scheduler,scheduler/dynamic/fresh/64,4,0.0073,multi_lease_requests,4
scheduler,scheduler/dynamic/fresh/64,4,0.0073,planned_bytes,67108864
scheduler,scheduler/dynamic/fresh/64,4,0.0073,planned_ranges,10
scheduler,scheduler/dynamic/fresh/64,4,0.0073,process_peak_rss_bytes,16105472
scheduler,scheduler/dynamic/fresh/64,4,0.0073,requests,4
scheduler,scheduler/dynamic/fresh/64,4,0.0073,single_lease_requests,0
scheduler,scheduler/dynamic/fresh/64,4,0.0073,total,0.00675
scheduler,scheduler/dynamic/fresh/64,4,0.0073,truncated_requests,0
scheduler,scheduler/dynamic/fresh/64,5,0.0100,boundary_scans,4
scheduler,scheduler/dynamic/fresh/64,5,0.0100,candidate_slots,10
scheduler,scheduler/dynamic/fresh/64,5,0.0100,cpu_ms,0.009999999999999593
scheduler,scheduler/dynamic/fresh/64,5,0.0100,cpu_percent,99.59167413603818
scheduler,scheduler/dynamic/fresh/64,5,0.0100,leases,64
scheduler,scheduler/dynamic/fresh/64,5,0.0100,max_leases_per_request,16
scheduler,scheduler/dynamic/fresh/64,5,0.0100,max_request_bytes,16777216
scheduler,scheduler/dynamic/fresh/64,5,0.0100,micros_per_request,2.40625
scheduler,scheduler/dynamic/fresh/64,5,0.0100,multi_lease_requests,4
scheduler,scheduler/dynamic/fresh/64,5,0.0100,planned_bytes,67108864
scheduler,scheduler/dynamic/fresh/64,5,0.0100,planned_ranges,10
scheduler,scheduler/dynamic/fresh/64,5,0.0100,process_peak_rss_bytes,16105472
scheduler,scheduler/dynamic/fresh/64,5,0.0100,requests,4
scheduler,scheduler/dynamic/fresh/64,5,0.0100,single_lease_requests,0
scheduler,scheduler/dynamic/fresh/64,5,0.0100,total,0.009625
scheduler,scheduler/dynamic/fresh/64,5,0.0100,truncated_requests,0
scheduler,scheduler/dynamic/fresh/64,6,0.0083,boundary_scans,4
scheduler,scheduler/dynamic/fresh/64,6,0.0083,candidate_slots,10
scheduler,scheduler/dynamic/fresh/64,6,0.0083,cpu_ms,0.009000000000002062
scheduler,scheduler/dynamic/fresh/64,6,0.0083,cpu_percent,108.53835021710158
scheduler,scheduler/dynamic/fresh/64,6,0.0083,leases,64
scheduler,scheduler/dynamic/fresh/64,6,0.0083,max_leases_per_request,16
scheduler,scheduler/dynamic/fresh/64,6,0.0083,max_request_bytes,16777216
scheduler,scheduler/dynamic/fresh/64,6,0.0083,micros_per_request,1.9789999999999999
scheduler,scheduler/dynamic/fresh/64,6,0.0083,multi_lease_requests,4
scheduler,scheduler/dynamic/fresh/64,6,0.0083,planned_bytes,67108864
scheduler,scheduler/dynamic/fresh/64,6,0.0083,planned_ranges,10
scheduler,scheduler/dynamic/fresh/64,6,0.0083,process_peak_rss_bytes,16121856
scheduler,scheduler/dynamic/fresh/64,6,0.0083,requests,4
scheduler,scheduler/dynamic/fresh/64,6,0.0083,single_lease_requests,0
scheduler,scheduler/dynamic/fresh/64,6,0.0083,total,0.007916
scheduler,scheduler/dynamic/fresh/64,6,0.0083,truncated_requests,0
scheduler,scheduler/dynamic/fresh/64,7,0.0077,boundary_scans,4
scheduler,scheduler/dynamic/fresh/64,7,0.0077,candidate_slots,10
scheduler,scheduler/dynamic/fresh/64,7,0.0077,cpu_ms,0.007999999999997592
scheduler,scheduler/dynamic/fresh/64,7,0.0077,cpu_percent,103.22580645158183
scheduler,scheduler/dynamic/fresh/64,7,0.0077,leases,64
scheduler,scheduler/dynamic/fresh/64,7,0.0077,max_leases_per_request,16
scheduler,scheduler/dynamic/fresh/64,7,0.0077,max_request_bytes,16777216
scheduler,scheduler/dynamic/fresh/64,7,0.0077,micros_per_request,1.64575
scheduler,scheduler/dynamic/fresh/64,7,0.0077,multi_lease_requests,4
scheduler,scheduler/dynamic/fresh/64,7,0.0077,planned_bytes,67108864
scheduler,scheduler/dynamic/fresh/64,7,0.0077,planned_ranges,10
scheduler,scheduler/dynamic/fresh/64,7,0.0077,process_peak_rss_bytes,16138240
scheduler,scheduler/dynamic/fresh/64,7,0.0077,requests,4
scheduler,scheduler/dynamic/fresh/64,7,0.0077,single_lease_requests,0
scheduler,scheduler/dynamic/fresh/64,7,0.0077,total,0.006583
scheduler,scheduler/dynamic/fresh/64,7,0.0077,truncated_requests,0
scheduler,scheduler/dynamic/fresh/64,8,0.0069,boundary_scans,4
scheduler,scheduler/dynamic/fresh/64,8,0.0069,candidate_slots,10
scheduler,scheduler/dynamic/fresh/64,8,0.0069,cpu_ms,0.007000000000000062
scheduler,scheduler/dynamic/fresh/64,8,0.0069,cpu_percent,101.1999421714625
scheduler,scheduler/dynamic/fresh/64,8,0.0069,leases,64
scheduler,scheduler/dynamic/fresh/64,8,0.0069,max_leases_per_request,16
scheduler,scheduler/dynamic/fresh/64,8,0.0069,max_request_bytes,16777216
scheduler,scheduler/dynamic/fresh/64,8,0.0069,micros_per_request,1.625
scheduler,scheduler/dynamic/fresh/64,8,0.0069,multi_lease_requests,4
scheduler,scheduler/dynamic/fresh/64,8,0.0069,planned_bytes,67108864
scheduler,scheduler/dynamic/fresh/64,8,0.0069,planned_ranges,10
scheduler,scheduler/dynamic/fresh/64,8,0.0069,process_peak_rss_bytes,16138240
scheduler,scheduler/dynamic/fresh/64,8,0.0069,requests,4
scheduler,scheduler/dynamic/fresh/64,8,0.0069,single_lease_requests,0
scheduler,scheduler/dynamic/fresh/64,8,0.0069,total,0.0065
scheduler,scheduler/dynamic/fresh/64,8,0.0069,truncated_requests,0
scheduler,scheduler/dynamic/fresh/64,9,0.0070,boundary_scans,4
scheduler,scheduler/dynamic/fresh/64,9,0.0070,candidate_slots,10
scheduler,scheduler/dynamic/fresh/64,9,0.0070,cpu_ms,0.007000000000000062
scheduler,scheduler/dynamic/fresh/64,9,0.0070,cpu_percent,100.00000000000088
scheduler,scheduler/dynamic/fresh/64,9,0.0070,leases,64
scheduler,scheduler/dynamic/fresh/64,9,0.0070,max_leases_per_request,16
scheduler,scheduler/dynamic/fresh/64,9,0.0070,max_request_bytes,16777216
scheduler,scheduler/dynamic/fresh/64,9,0.0070,micros_per_request,1.64575
scheduler,scheduler/dynamic/fresh/64,9,0.0070,multi_lease_requests,4
scheduler,scheduler/dynamic/fresh/64,9,0.0070,planned_bytes,67108864
scheduler,scheduler/dynamic/fresh/64,9,0.0070,planned_ranges,10
scheduler,scheduler/dynamic/fresh/64,9,0.0070,process_peak_rss_bytes,16138240
scheduler,scheduler/dynamic/fresh/64,9,0.0070,requests,4
scheduler,scheduler/dynamic/fresh/64,9,0.0070,single_lease_requests,0
scheduler,scheduler/dynamic/fresh/64,9,0.0070,total,0.006583
scheduler,scheduler/dynamic/fresh/64,9,0.0070,truncated_requests,0
scheduler,scheduler/fixed/fresh/64,0,0.0153,boundary_scans,16
scheduler,scheduler/fixed/fresh/64,0,0.0153,candidate_slots,16
scheduler,scheduler/fixed/fresh/64,0,0.0153,cpu_ms,0.015999999999998654
scheduler,scheduler/fixed/fresh/64,0,0.0153,cpu_percent,104.63671440715883
scheduler,scheduler/fixed/fresh/64,0,0.0153,leases,64
scheduler,scheduler/fixed/fresh/64,0,0.0153,max_leases_per_request,4
scheduler,scheduler/fixed/fresh/64,0,0.0153,max_request_bytes,4194304
scheduler,scheduler/fixed/fresh/64,0,0.0153,micros_per_request,0.9140625
scheduler,scheduler/fixed/fresh/64,0,0.0153,multi_lease_requests,16
scheduler,scheduler/fixed/fresh/64,0,0.0153,planned_bytes,67108864
scheduler,scheduler/fixed/fresh/64,0,0.0153,planned_ranges,22
scheduler,scheduler/fixed/fresh/64,0,0.0153,process_peak_rss_bytes,16154624
scheduler,scheduler/fixed/fresh/64,0,0.0153,requests,16
scheduler,scheduler/fixed/fresh/64,0,0.0153,single_lease_requests,0
scheduler,scheduler/fixed/fresh/64,0,0.0153,total,0.014624999999999999
scheduler,scheduler/fixed/fresh/64,0,0.0153,truncated_requests,16
scheduler,scheduler/fixed/fresh/64,1,0.0120,boundary_scans,16
scheduler,scheduler/fixed/fresh/64,1,0.0120,candidate_slots,16
scheduler,scheduler/fixed/fresh/64,1,0.0120,cpu_ms,0.012000000000001593
scheduler,scheduler/fixed/fresh/64,1,0.0120,cpu_percent,99.65122072746713
scheduler,scheduler/fixed/fresh/64,1,0.0120,leases,64
scheduler,scheduler/fixed/fresh/64,1,0.0120,max_leases_per_request,4
scheduler,scheduler/fixed/fresh/64,1,0.0120,max_request_bytes,4194304
scheduler,scheduler/fixed/fresh/64,1,0.0120,micros_per_request,0.7265625
scheduler,scheduler/fixed/fresh/64,1,0.0120,multi_lease_requests,16
scheduler,scheduler/fixed/fresh/64,1,0.0120,planned_bytes,67108864
scheduler,scheduler/fixed/fresh/64,1,0.0120,planned_ranges,22
scheduler,scheduler/fixed/fresh/64,1,0.0120,process_peak_rss_bytes,16154624
scheduler,scheduler/fixed/fresh/64,1,0.0120,requests,16
scheduler,scheduler/fixed/fresh/64,1,0.0120,single_lease_requests,0
scheduler,scheduler/fixed/fresh/64,1,0.0120,total,0.011625
scheduler,scheduler/fixed/fresh/64,1,0.0120,truncated_requests,16
scheduler,scheduler/fixed/fresh/64,2,0.0116,boundary_scans,16
scheduler,scheduler/fixed/fresh/64,2,0.0116,candidate_slots,16
scheduler,scheduler/fixed/fresh/64,2,0.0116,cpu_ms,0.011999999999998123
scheduler,scheduler/fixed/fresh/64,2,0.0116,cpu_percent,103.59116022097828
scheduler,scheduler/fixed/fresh/64,2,0.0116,leases,64
scheduler,scheduler/fixed/fresh/64,2,0.0116,max_leases_per_request,4
scheduler,scheduler/fixed/fresh/64,2,0.0116,max_request_bytes,4194304
scheduler,scheduler/fixed/fresh/64,2,0.0116,micros_per_request,0.6978749999999999
scheduler,scheduler/fixed/fresh/64,2,0.0116,multi_lease_requests,16
scheduler,scheduler/fixed/fresh/64,2,0.0116,planned_bytes,67108864
scheduler,scheduler/fixed/fresh/64,2,0.0116,planned_ranges,22
scheduler,scheduler/fixed/fresh/64,2,0.0116,process_peak_rss_bytes,16154624
scheduler,scheduler/fixed/fresh/64,2,0.0116,requests,16
scheduler,scheduler/fixed/fresh/64,2,0.0116,single_lease_requests,0
scheduler,scheduler/fixed/fresh/64,2,0.0116,total,0.011165999999999999
scheduler,scheduler/fixed/fresh/64,2,0.0116,truncated_requests,16
scheduler,scheduler/fixed/fresh/64,3,0.0114,boundary_scans,16
scheduler,scheduler/fixed/fresh/64,3,0.0114,candidate_slots,16
scheduler,scheduler/fixed/fresh/64,3,0.0114,cpu_ms,0.011999999999998123
scheduler,scheduler/fixed/fresh/64,3,0.0114,cpu_percent,105.494505494489
scheduler,scheduler/fixed/fresh/64,3,0.0114,leases,64
scheduler,scheduler/fixed/fresh/64,3,0.0114,max_leases_per_request,4
scheduler,scheduler/fixed/fresh/64,3,0.0114,max_request_bytes,4194304
scheduler,scheduler/fixed/fresh/64,3,0.0114,micros_per_request,0.684875
scheduler,scheduler/fixed/fresh/64,3,0.0114,multi_lease_requests,16
scheduler,scheduler/fixed/fresh/64,3,0.0114,planned_bytes,67108864
scheduler,scheduler/fixed/fresh/64,3,0.0114,planned_ranges,22
scheduler,scheduler/fixed/fresh/64,3,0.0114,process_peak_rss_bytes,16154624
scheduler,scheduler/fixed/fresh/64,3,0.0114,requests,16
scheduler,scheduler/fixed/fresh/64,3,0.0114,single_lease_requests,0
scheduler,scheduler/fixed/fresh/64,3,0.0114,total,0.010958
scheduler,scheduler/fixed/fresh/64,3,0.0114,truncated_requests,16
scheduler,scheduler/fixed/fresh/64,4,0.0124,boundary_scans,16
scheduler,scheduler/fixed/fresh/64,4,0.0124,candidate_slots,16
scheduler,scheduler/fixed/fresh/64,4,0.0124,cpu_ms,0.013000000000002593
scheduler,scheduler/fixed/fresh/64,4,0.0124,cpu_percent,104.69517596845125
scheduler,scheduler/fixed/fresh/64,4,0.0124,leases,64
scheduler,scheduler/fixed/fresh/64,4,0.0124,max_leases_per_request,4
scheduler,scheduler/fixed/fresh/64,4,0.0124,max_request_bytes,4194304
scheduler,scheduler/fixed/fresh/64,4,0.0124,micros_per_request,0.7526249999999999
scheduler,scheduler/fixed/fresh/64,4,0.0124,multi_lease_requests,16
scheduler,scheduler/fixed/fresh/64,4,0.0124,planned_bytes,67108864
scheduler,scheduler/fixed/fresh/64,4,0.0124,planned_ranges,22
scheduler,scheduler/fixed/fresh/64,4,0.0124,process_peak_rss_bytes,16171008
scheduler,scheduler/fixed/fresh/64,4,0.0124,requests,16
scheduler,scheduler/fixed/fresh/64,4,0.0124,single_lease_requests,0
scheduler,scheduler/fixed/fresh/64,4,0.0124,total,0.012041999999999999
scheduler,scheduler/fixed/fresh/64,4,0.0124,truncated_requests,16
scheduler,scheduler/fixed/fresh/64,5,0.0113,boundary_scans,16
scheduler,scheduler/fixed/fresh/64,5,0.0113,candidate_slots,16
scheduler,scheduler/fixed/fresh/64,5,0.0113,cpu_ms,0.011999999999998123
scheduler,scheduler/fixed/fresh/64,5,0.0113,cpu_percent,105.87612493381086
scheduler,scheduler/fixed/fresh/64,5,0.0113,leases,64
scheduler,scheduler/fixed/fresh/64,5,0.0113,max_leases_per_request,4
scheduler,scheduler/fixed/fresh/64,5,0.0113,max_request_bytes,4194304
scheduler,scheduler/fixed/fresh/64,5,0.0113,micros_per_request,0.6796875
scheduler,scheduler/fixed/fresh/64,5,0.0113,multi_lease_requests,16
scheduler,scheduler/fixed/fresh/64,5,0.0113,planned_bytes,67108864
scheduler,scheduler/fixed/fresh/64,5,0.0113,planned_ranges,22
scheduler,scheduler/fixed/fresh/64,5,0.0113,process_peak_rss_bytes,16171008
scheduler,scheduler/fixed/fresh/64,5,0.0113,requests,16
scheduler,scheduler/fixed/fresh/64,5,0.0113,single_lease_requests,0
scheduler,scheduler/fixed/fresh/64,5,0.0113,total,0.010875
scheduler,scheduler/fixed/fresh/64,5,0.0113,truncated_requests,16
scheduler,scheduler/fixed/fresh/64,6,0.0110,boundary_scans,16
scheduler,scheduler/fixed/fresh/64,6,0.0110,candidate_slots,16
scheduler,scheduler/fixed/fresh/64,6,0.0110,cpu_ms,0.011000000000000593
scheduler,scheduler/fixed/fresh/64,6,0.0110,cpu_percent,99.61963412425821
scheduler,scheduler/fixed/fresh/64,6,0.0110,leases,64
scheduler,scheduler/fixed/fresh/64,6,0.0110,max_leases_per_request,4
scheduler,scheduler/fixed/fresh/64,6,0.0110,max_request_bytes,4194304
scheduler,scheduler/fixed/fresh/64,6,0.0110,micros_per_request,0.6666249999999999
scheduler,scheduler/fixed/fresh/64,6,0.0110,multi_lease_requests,16
scheduler,scheduler/fixed/fresh/64,6,0.0110,planned_bytes,67108864
scheduler,scheduler/fixed/fresh/64,6,0.0110,planned_ranges,22
scheduler,scheduler/fixed/fresh/64,6,0.0110,process_peak_rss_bytes,16171008
scheduler,scheduler/fixed/fresh/64,6,0.0110,requests,16
scheduler,scheduler/fixed/fresh/64,6,0.0110,single_lease_requests,0
scheduler,scheduler/fixed/fresh/64,6,0.0110,total,0.010665999999999998
scheduler,scheduler/fixed/fresh/64,6,0.0110,truncated_requests,16
scheduler,scheduler/fixed/fresh/64,7,0.0113,boundary_scans,16
scheduler,scheduler/fixed/fresh/64,7,0.0113,candidate_slots,16
scheduler,scheduler/fixed/fresh/64,7,0.0113,cpu_ms,0.011999999999998123
scheduler,scheduler/fixed/fresh/64,7,0.0113,cpu_percent,106.26992561103545
scheduler,scheduler/fixed/fresh/64,7,0.0113,leases,64
scheduler,scheduler/fixed/fresh/64,7,0.0113,max_leases_per_request,4
scheduler,scheduler/fixed/fresh/64,7,0.0113,max_request_bytes,4194304
scheduler,scheduler/fixed/fresh/64,7,0.0113,micros_per_request,0.6744375
scheduler,scheduler/fixed/fresh/64,7,0.0113,multi_lease_requests,16
scheduler,scheduler/fixed/fresh/64,7,0.0113,planned_bytes,67108864
scheduler,scheduler/fixed/fresh/64,7,0.0113,planned_ranges,22
scheduler,scheduler/fixed/fresh/64,7,0.0113,process_peak_rss_bytes,16171008
scheduler,scheduler/fixed/fresh/64,7,0.0113,requests,16
scheduler,scheduler/fixed/fresh/64,7,0.0113,single_lease_requests,0
scheduler,scheduler/fixed/fresh/64,7,0.0113,total,0.010791
scheduler,scheduler/fixed/fresh/64,7,0.0113,truncated_requests,16
scheduler,scheduler/fixed/fresh/64,8,0.0111,boundary_scans,16
scheduler,scheduler/fixed/fresh/64,8,0.0111,candidate_slots,16
scheduler,scheduler/fixed/fresh/64,8,0.0111,cpu_ms,0.011000000000000593
scheduler,scheduler/fixed/fresh/64,8,0.0111,cpu_percent,98.87640449438734
scheduler,scheduler/fixed/fresh/64,8,0.0111,leases,64
scheduler,scheduler/fixed/fresh/64,8,0.0111,max_leases_per_request,4
scheduler,scheduler/fixed/fresh/64,8,0.0111,max_request_bytes,4194304
scheduler,scheduler/fixed/fresh/64,8,0.0111,micros_per_request,0.66925
scheduler,scheduler/fixed/fresh/64,8,0.0111,multi_lease_requests,16
scheduler,scheduler/fixed/fresh/64,8,0.0111,planned_bytes,67108864
scheduler,scheduler/fixed/fresh/64,8,0.0111,planned_ranges,22
scheduler,scheduler/fixed/fresh/64,8,0.0111,process_peak_rss_bytes,16171008
scheduler,scheduler/fixed/fresh/64,8,0.0111,requests,16
scheduler,scheduler/fixed/fresh/64,8,0.0111,single_lease_requests,0
scheduler,scheduler/fixed/fresh/64,8,0.0111,total,0.010708
scheduler,scheduler/fixed/fresh/64,8,0.0111,truncated_requests,16
scheduler,scheduler/fixed/fresh/64,9,0.0113,boundary_scans,16
scheduler,scheduler/fixed/fresh/64,9,0.0113,candidate_slots,16
scheduler,scheduler/fixed/fresh/64,9,0.0113,cpu_ms,0.011000000000000593
scheduler,scheduler/fixed/fresh/64,9,0.0113,cpu_percent,97.77777777778303
scheduler,scheduler/fixed/fresh/64,9,0.0113,leases,64
scheduler,scheduler/fixed/fresh/64,9,0.0113,max_leases_per_request,4
scheduler,scheduler/fixed/fresh/64,9,0.0113,max_request_bytes,4194304
scheduler,scheduler/fixed/fresh/64,9,0.0113,micros_per_request,0.6796875
scheduler,scheduler/fixed/fresh/64,9,0.0113,multi_lease_requests,16
scheduler,scheduler/fixed/fresh/64,9,0.0113,planned_bytes,67108864
scheduler,scheduler/fixed/fresh/64,9,0.0113,planned_ranges,22
scheduler,scheduler/fixed/fresh/64,9,0.0113,process_peak_rss_bytes,16171008
scheduler,scheduler/fixed/fresh/64,9,0.0113,requests,16
scheduler,scheduler/fixed/fresh/64,9,0.0113,single_lease_requests,0
scheduler,scheduler/fixed/fresh/64,9,0.0113,total,0.010875
scheduler,scheduler/fixed/fresh/64,9,0.0113,truncated_requests,16
scheduler,scheduler/dynamic/holes/64,0,0.0138,boundary_scans,16
scheduler,scheduler/dynamic/holes/64,0,0.0138,candidate_slots,16
scheduler,scheduler/dynamic/holes/64,0,0.0138,cpu_ms,0.014000000000000123
scheduler,scheduler/dynamic/holes/64,0,0.0138,cpu_percent,101.5154811108703
scheduler,scheduler/dynamic/holes/64,0,0.0138,leases,48
scheduler,scheduler/dynamic/holes/64,0,0.0138,max_leases_per_request,33
scheduler,scheduler/dynamic/holes/64,0,0.0138,max_request_bytes,34603008
scheduler,scheduler/dynamic/holes/64,0,0.0138,micros_per_request,0.8203125000000001
scheduler,scheduler/dynamic/holes/64,0,0.0138,multi_lease_requests,1
scheduler,scheduler/dynamic/holes/64,0,0.0138,planned_bytes,50331648
scheduler,scheduler/dynamic/holes/64,0,0.0138,planned_ranges,22
scheduler,scheduler/dynamic/holes/64,0,0.0138,process_peak_rss_bytes,16187392
scheduler,scheduler/dynamic/holes/64,0,0.0138,requests,16
scheduler,scheduler/dynamic/holes/64,0,0.0138,single_lease_requests,15
scheduler,scheduler/dynamic/holes/64,0,0.0138,total,0.013125000000000001
scheduler,scheduler/dynamic/holes/64,0,0.0138,truncated_requests,0
scheduler,scheduler/dynamic/holes/64,1,0.0107,boundary_scans,16
scheduler,scheduler/dynamic/holes/64,1,0.0107,candidate_slots,16
scheduler,scheduler/dynamic/holes/64,1,0.0107,cpu_ms,0.011000000000000593
scheduler,scheduler/dynamic/holes/64,1,0.0107,cpu_percent,103.1217774444604
scheduler,scheduler/dynamic/holes/64,1,0.0107,leases,48
scheduler,scheduler/dynamic/holes/64,1,0.0107,max_leases_per_request,33
scheduler,scheduler/dynamic/holes/64,1,0.0107,max_request_bytes,34603008
scheduler,scheduler/dynamic/holes/64,1,0.0107,micros_per_request,0.6380625
scheduler,scheduler/dynamic/holes/64,1,0.0107,multi_lease_requests,1
scheduler,scheduler/dynamic/holes/64,1,0.0107,planned_bytes,50331648
scheduler,scheduler/dynamic/holes/64,1,0.0107,planned_ranges,22
scheduler,scheduler/dynamic/holes/64,1,0.0107,process_peak_rss_bytes,16187392
scheduler,scheduler/dynamic/holes/64,1,0.0107,requests,16
scheduler,scheduler/dynamic/holes/64,1,0.0107,single_lease_requests,15
scheduler,scheduler/dynamic/holes/64,1,0.0107,total,0.010209
scheduler,scheduler/dynamic/holes/64,1,0.0107,truncated_requests,0
scheduler,scheduler/dynamic/holes/64,2,0.0095,boundary_scans,16
scheduler,scheduler/dynamic/holes/64,2,0.0095,candidate_slots,16
scheduler,scheduler/dynamic/holes/64,2,0.0095,cpu_ms,0.009000000000002062
scheduler,scheduler/dynamic/holes/64,2,0.0095,cpu_percent,94.73684210528486
scheduler,scheduler/dynamic/holes/64,2,0.0095,leases,48
scheduler,scheduler/dynamic/holes/64,2,0.0095,max_leases_per_request,33
scheduler,scheduler/dynamic/holes/64,2,0.0095,max_request_bytes,34603008
scheduler,scheduler/dynamic/holes/64,2,0.0095,micros_per_request,0.5599375
scheduler,scheduler/dynamic/holes/64,2,0.0095,multi_lease_requests,1
scheduler,scheduler/dynamic/holes/64,2,0.0095,planned_bytes,50331648
scheduler,scheduler/dynamic/holes/64,2,0.0095,planned_ranges,22
scheduler,scheduler/dynamic/holes/64,2,0.0095,process_peak_rss_bytes,16187392
scheduler,scheduler/dynamic/holes/64,2,0.0095,requests,16
scheduler,scheduler/dynamic/holes/64,2,0.0095,single_lease_requests,15
scheduler,scheduler/dynamic/holes/64,2,0.0095,total,0.008959
scheduler,scheduler/dynamic/holes/64,2,0.0095,truncated_requests,0
scheduler,scheduler/dynamic/holes/64,3,0.0090,boundary_scans,16
scheduler,scheduler/dynamic/holes/64,3,0.0090,candidate_slots,16
scheduler,scheduler/dynamic/holes/64,3,0.0090,cpu_ms,0.008999999999998592
scheduler,scheduler/dynamic/holes/64,3,0.0090,cpu_percent,99.99999999998435
scheduler,scheduler/dynamic/holes/64,3,0.0090,leases,48
scheduler,scheduler/dynamic/holes/64,3,0.0090,max_leases_per_request,33
scheduler,scheduler/dynamic/holes/64,3,0.0090,max_request_bytes,34603008
scheduler,scheduler/dynamic/holes/64,3,0.0090,micros_per_request,0.5338125
scheduler,scheduler/dynamic/holes/64,3,0.0090,multi_lease_requests,1
scheduler,scheduler/dynamic/holes/64,3,0.0090,planned_bytes,50331648
scheduler,scheduler/dynamic/holes/64,3,0.0090,planned_ranges,22
scheduler,scheduler/dynamic/holes/64,3,0.0090,process_peak_rss_bytes,16187392
scheduler,scheduler/dynamic/holes/64,3,0.0090,requests,16
scheduler,scheduler/dynamic/holes/64,3,0.0090,single_lease_requests,15
scheduler,scheduler/dynamic/holes/64,3,0.0090,total,0.008541
scheduler,scheduler/dynamic/holes/64,3,0.0090,truncated_requests,0
scheduler,scheduler/dynamic/holes/64,4,0.0088,boundary_scans,16
scheduler,scheduler/dynamic/holes/64,4,0.0088,candidate_slots,16
scheduler,scheduler/dynamic/holes/64,4,0.0088,cpu_ms,0.008999999999998592
scheduler,scheduler/dynamic/holes/64,4,0.0088,cpu_percent,101.89063738252679
scheduler,scheduler/dynamic/holes/64,4,0.0088,leases,48
scheduler,scheduler/dynamic/holes/64,4,0.0088,max_leases_per_request,33
scheduler,scheduler/dynamic/holes/64,4,0.0088,max_request_bytes,34603008
scheduler,scheduler/dynamic/holes/64,4,0.0088,micros_per_request,0.5234375
scheduler,scheduler/dynamic/holes/64,4,0.0088,multi_lease_requests,1
scheduler,scheduler/dynamic/holes/64,4,0.0088,planned_bytes,50331648
scheduler,scheduler/dynamic/holes/64,4,0.0088,planned_ranges,22
scheduler,scheduler/dynamic/holes/64,4,0.0088,process_peak_rss_bytes,16187392
scheduler,scheduler/dynamic/holes/64,4,0.0088,requests,16
scheduler,scheduler/dynamic/holes/64,4,0.0088,single_lease_requests,15
scheduler,scheduler/dynamic/holes/64,4,0.0088,total,0.008375
scheduler,scheduler/dynamic/holes/64,4,0.0088,truncated_requests,0
scheduler,scheduler/dynamic/holes/64,5,0.0101,boundary_scans,16
scheduler,scheduler/dynamic/holes/64,5,0.0101,candidate_slots,16
scheduler,scheduler/dynamic/holes/64,5,0.0101,cpu_ms,0.011000000000000593
scheduler,scheduler/dynamic/holes/64,5,0.0101,cpu_percent,109.08369694566234
scheduler,scheduler/dynamic/holes/64,5,0.0101,leases,48
scheduler,scheduler/dynamic/holes/64,5,0.0101,max_leases_per_request,33
scheduler,scheduler/dynamic/holes/64,5,0.0101,max_request_bytes,34603008
scheduler,scheduler/dynamic/holes/64,5,0.0101,micros_per_request,0.604125
scheduler,scheduler/dynamic/holes/64,5,0.0101,multi_lease_requests,1
scheduler,scheduler/dynamic/holes/64,5,0.0101,planned_bytes,50331648
scheduler,scheduler/dynamic/holes/64,5,0.0101,planned_ranges,22
scheduler,scheduler/dynamic/holes/64,5,0.0101,process_peak_rss_bytes,16203776
scheduler,scheduler/dynamic/holes/64,5,0.0101,requests,16
scheduler,scheduler/dynamic/holes/64,5,0.0101,single_lease_requests,15
scheduler,scheduler/dynamic/holes/64,5,0.0101,total,0.009666000000000001
scheduler,scheduler/dynamic/holes/64,5,0.0101,truncated_requests,0
scheduler,scheduler/dynamic/holes/64,6,0.0088,boundary_scans,16
scheduler,scheduler/dynamic/holes/64,6,0.0088,candidate_slots,16
scheduler,scheduler/dynamic/holes/64,6,0.0088,cpu_ms,0.008999999999998592
scheduler,scheduler/dynamic/holes/64,6,0.0088,cpu_percent,101.89063738252679
scheduler,scheduler/dynamic/holes/64,6,0.0088,leases,48
scheduler,scheduler/dynamic/holes/64,6,0.0088,max_leases_per_request,33
scheduler,scheduler/dynamic/holes/64,6,0.0088,max_request_bytes,34603008
scheduler,scheduler/dynamic/holes/64,6,0.0088,micros_per_request,0.5260625
scheduler,scheduler/dynamic/holes/64,6,0.0088,multi_lease_requests,1
scheduler,scheduler/dynamic/holes/64,6,0.0088,planned_bytes,50331648
scheduler,scheduler/dynamic/holes/64,6,0.0088,planned_ranges,22
scheduler,scheduler/dynamic/holes/64,6,0.0088,process_peak_rss_bytes,16203776
scheduler,scheduler/dynamic/holes/64,6,0.0088,requests,16
scheduler,scheduler/dynamic/holes/64,6,0.0088,single_lease_requests,15
scheduler,scheduler/dynamic/holes/64,6,0.0088,total,0.008417
scheduler,scheduler/dynamic/holes/64,6,0.0088,truncated_requests,0
scheduler,scheduler/dynamic/holes/64,7,0.0087,boundary_scans,16
scheduler,scheduler/dynamic/holes/64,7,0.0087,candidate_slots,16
scheduler,scheduler/dynamic/holes/64,7,0.0087,cpu_ms,0.008999999999998592
scheduler,scheduler/dynamic/holes/64,7,0.0087,cpu_percent,103.35323840145374
scheduler,scheduler/dynamic/holes/64,7,0.0087,leases,48
scheduler,scheduler/dynamic/holes/64,7,0.0087,max_leases_per_request,33
scheduler,scheduler/dynamic/holes/64,7,0.0087,max_request_bytes,34603008
scheduler,scheduler/dynamic/holes/64,7,0.0087,micros_per_request,0.51825
scheduler,scheduler/dynamic/holes/64,7,0.0087,multi_lease_requests,1
scheduler,scheduler/dynamic/holes/64,7,0.0087,planned_bytes,50331648
scheduler,scheduler/dynamic/holes/64,7,0.0087,planned_ranges,22
scheduler,scheduler/dynamic/holes/64,7,0.0087,process_peak_rss_bytes,16203776
scheduler,scheduler/dynamic/holes/64,7,0.0087,requests,16
scheduler,scheduler/dynamic/holes/64,7,0.0087,single_lease_requests,15
scheduler,scheduler/dynamic/holes/64,7,0.0087,total,0.008291999999999999
scheduler,scheduler/dynamic/holes/64,7,0.0087,truncated_requests,0
scheduler,scheduler/dynamic/holes/64,8,0.0087,boundary_scans,16
scheduler,scheduler/dynamic/holes/64,8,0.0087,candidate_slots,16
scheduler,scheduler/dynamic/holes/64,8,0.0087,cpu_ms,0.009000000000002062
scheduler,scheduler/dynamic/holes/64,8,0.0087,cpu_percent,103.35323840149358
scheduler,scheduler/dynamic/holes/64,8,0.0087,leases,48
scheduler,scheduler/dynamic/holes/64,8,0.0087,max_leases_per_request,33
scheduler,scheduler/dynamic/holes/64,8,0.0087,max_request_bytes,34603008
scheduler,scheduler/dynamic/holes/64,8,0.0087,micros_per_request,0.513
scheduler,scheduler/dynamic/holes/64,8,0.0087,multi_lease_requests,1
scheduler,scheduler/dynamic/holes/64,8,0.0087,planned_bytes,50331648
scheduler,scheduler/dynamic/holes/64,8,0.0087,planned_ranges,22
scheduler,scheduler/dynamic/holes/64,8,0.0087,process_peak_rss_bytes,16203776
scheduler,scheduler/dynamic/holes/64,8,0.0087,requests,16
scheduler,scheduler/dynamic/holes/64,8,0.0087,single_lease_requests,15
scheduler,scheduler/dynamic/holes/64,8,0.0087,total,0.008208
scheduler,scheduler/dynamic/holes/64,8,0.0087,truncated_requests,0
scheduler,scheduler/dynamic/holes/64,9,0.0086,boundary_scans,16
scheduler,scheduler/dynamic/holes/64,9,0.0086,candidate_slots,16
scheduler,scheduler/dynamic/holes/64,9,0.0086,cpu_ms,0.008000000000001062
scheduler,scheduler/dynamic/holes/64,9,0.0086,cpu_percent,93.19664492079522
scheduler,scheduler/dynamic/holes/64,9,0.0086,leases,48
scheduler,scheduler/dynamic/holes/64,9,0.0086,max_leases_per_request,33
scheduler,scheduler/dynamic/holes/64,9,0.0086,max_request_bytes,34603008
scheduler,scheduler/dynamic/holes/64,9,0.0086,micros_per_request,0.5104375
scheduler,scheduler/dynamic/holes/64,9,0.0086,multi_lease_requests,1
scheduler,scheduler/dynamic/holes/64,9,0.0086,planned_bytes,50331648
scheduler,scheduler/dynamic/holes/64,9,0.0086,planned_ranges,22
scheduler,scheduler/dynamic/holes/64,9,0.0086,process_peak_rss_bytes,16203776
scheduler,scheduler/dynamic/holes/64,9,0.0086,requests,16
scheduler,scheduler/dynamic/holes/64,9,0.0086,single_lease_requests,15
scheduler,scheduler/dynamic/holes/64,9,0.0086,total,0.008167
scheduler,scheduler/dynamic/holes/64,9,0.0086,truncated_requests,0
scheduler,scheduler/fixed/holes/64,0,0.0090,boundary_scans,24
scheduler,scheduler/fixed/holes/64,0,0.0090,candidate_slots,24
scheduler,scheduler/fixed/holes/64,0,0.0090,cpu_ms,0.008999999999998592
scheduler,scheduler/fixed/holes/64,0,0.0090,cpu_percent,99.99999999998435
scheduler,scheduler/fixed/holes/64,0,0.0090,leases,48
scheduler,scheduler/fixed/holes/64,0,0.0090,max_leases_per_request,4
scheduler,scheduler/fixed/holes/64,0,0.0090,max_request_bytes,4194304
scheduler,scheduler/fixed/holes/64,0,0.0090,micros_per_request,0.3506666666666667
scheduler,scheduler/fixed/holes/64,0,0.0090,multi_lease_requests,8
scheduler,scheduler/fixed/holes/64,0,0.0090,planned_bytes,50331648
scheduler,scheduler/fixed/holes/64,0,0.0090,planned_ranges,30
scheduler,scheduler/fixed/holes/64,0,0.0090,process_peak_rss_bytes,16203776
scheduler,scheduler/fixed/holes/64,0,0.0090,requests,24
scheduler,scheduler/fixed/holes/64,0,0.0090,single_lease_requests,16
scheduler,scheduler/fixed/holes/64,0,0.0090,total,0.008416
scheduler,scheduler/fixed/holes/64,0,0.0090,truncated_requests,24
scheduler,scheduler/fixed/holes/64,1,0.0077,boundary_scans,24
scheduler,scheduler/fixed/holes/64,1,0.0077,candidate_slots,24
scheduler,scheduler/fixed/holes/64,1,0.0077,cpu_ms,0.007000000000000062
scheduler,scheduler/fixed/holes/64,1,0.0077,cpu_percent,90.8147379346142
scheduler,scheduler/fixed/holes/64,1,0.0077,leases,48
scheduler,scheduler/fixed/holes/64,1,0.0077,max_leases_per_request,4
scheduler,scheduler/fixed/holes/64,1,0.0077,max_request_bytes,4194304
scheduler,scheduler/fixed/holes/64,1,0.0077,micros_per_request,0.3020833333333333
scheduler,scheduler/fixed/holes/64,1,0.0077,multi_lease_requests,8
scheduler,scheduler/fixed/holes/64,1,0.0077,planned_bytes,50331648
scheduler,scheduler/fixed/holes/64,1,0.0077,planned_ranges,30
scheduler,scheduler/fixed/holes/64,1,0.0077,process_peak_rss_bytes,16203776
scheduler,scheduler/fixed/holes/64,1,0.0077,requests,24
scheduler,scheduler/fixed/holes/64,1,0.0077,single_lease_requests,16
scheduler,scheduler/fixed/holes/64,1,0.0077,total,0.00725
scheduler,scheduler/fixed/holes/64,1,0.0077,truncated_requests,24
scheduler,scheduler/fixed/holes/64,2,0.0073,boundary_scans,24
scheduler,scheduler/fixed/holes/64,2,0.0073,candidate_slots,24
scheduler,scheduler/fixed/holes/64,2,0.0073,cpu_ms,0.007000000000000062
scheduler,scheduler/fixed/holes/64,2,0.0073,cpu_percent,95.4588844947506
scheduler,scheduler/fixed/holes/64,2,0.0073,leases,48
scheduler,scheduler/fixed/holes/64,2,0.0073,max_leases_per_request,4
scheduler,scheduler/fixed/holes/64,2,0.0073,max_request_bytes,4194304
scheduler,scheduler/fixed/holes/64,2,0.0073,micros_per_request,0.2864583333333333
scheduler,scheduler/fixed/holes/64,2,0.0073,multi_lease_requests,8
scheduler,scheduler/fixed/holes/64,2,0.0073,planned_bytes,50331648
scheduler,scheduler/fixed/holes/64,2,0.0073,planned_ranges,30
scheduler,scheduler/fixed/holes/64,2,0.0073,process_peak_rss_bytes,16203776
scheduler,scheduler/fixed/holes/64,2,0.0073,requests,24
scheduler,scheduler/fixed/holes/64,2,0.0073,single_lease_requests,16
scheduler,scheduler/fixed/holes/64,2,0.0073,total,0.006875
scheduler,scheduler/fixed/holes/64,2,0.0073,truncated_requests,24
scheduler,scheduler/fixed/holes/64,3,0.0073,boundary_scans,24
scheduler,scheduler/fixed/holes/64,3,0.0073,candidate_slots,24
scheduler,scheduler/fixed/holes/64,3,0.0073,cpu_ms,0.007999999999997592
scheduler,scheduler/fixed/holes/64,3,0.0073,cpu_percent,110.34482758617368
scheduler,scheduler/fixed/holes/64,3,0.0073,leases,48
scheduler,scheduler/fixed/holes/64,3,0.0073,max_leases_per_request,4
scheduler,scheduler/fixed/holes/64,3,0.0073,max_request_bytes,4194304
scheduler,scheduler/fixed/holes/64,3,0.0073,micros_per_request,0.28300000000000003
scheduler,scheduler/fixed/holes/64,3,0.0073,multi_lease_requests,8
scheduler,scheduler/fixed/holes/64,3,0.0073,planned_bytes,50331648
scheduler,scheduler/fixed/holes/64,3,0.0073,planned_ranges,30
scheduler,scheduler/fixed/holes/64,3,0.0073,process_peak_rss_bytes,16203776
scheduler,scheduler/fixed/holes/64,3,0.0073,requests,24
scheduler,scheduler/fixed/holes/64,3,0.0073,single_lease_requests,16
scheduler,scheduler/fixed/holes/64,3,0.0073,total,0.006792
scheduler,scheduler/fixed/holes/64,3,0.0073,truncated_requests,24
scheduler,scheduler/fixed/holes/64,4,0.0071,boundary_scans,24
scheduler,scheduler/fixed/holes/64,4,0.0071,candidate_slots,24
scheduler,scheduler/fixed/holes/64,4,0.0071,cpu_ms,0.007000000000000062
scheduler,scheduler/fixed/holes/64,4,0.0071,cpu_percent,98.24561403508858
scheduler,scheduler/fixed/holes/64,4,0.0071,leases,48
scheduler,scheduler/fixed/holes/64,4,0.0071,max_leases_per_request,4
scheduler,scheduler/fixed/holes/64,4,0.0071,max_request_bytes,4194304
scheduler,scheduler/fixed/holes/64,4,0.0071,micros_per_request,0.27954166666666663
scheduler,scheduler/fixed/holes/64,4,0.0071,multi_lease_requests,8
scheduler,scheduler/fixed/holes/64,4,0.0071,planned_bytes,50331648
scheduler,scheduler/fixed/holes/64,4,0.0071,planned_ranges,30
scheduler,scheduler/fixed/holes/64,4,0.0071,process_peak_rss_bytes,16203776
scheduler,scheduler/fixed/holes/64,4,0.0071,requests,24
scheduler,scheduler/fixed/holes/64,4,0.0071,single_lease_requests,16
scheduler,scheduler/fixed/holes/64,4,0.0071,total,0.006709
scheduler,scheduler/fixed/holes/64,4,0.0071,truncated_requests,24
scheduler,scheduler/fixed/holes/64,5,0.0072,boundary_scans,24
scheduler,scheduler/fixed/holes/64,5,0.0072,candidate_slots,24
scheduler,scheduler/fixed/holes/64,5,0.0072,cpu_ms,0.007000000000000062
scheduler,scheduler/fixed/holes/64,5,0.0072,cpu_percent,97.10084616451743
scheduler,scheduler/fixed/holes/64,5,0.0072,leases,48
scheduler,scheduler/fixed/holes/64,5,0.0072,max_leases_per_request,4
scheduler,scheduler/fixed/holes/64,5,0.0072,max_request_bytes,4194304
scheduler,scheduler/fixed/holes/64,5,0.0072,micros_per_request,0.27954166666666663
scheduler,scheduler/fixed/holes/64,5,0.0072,multi_lease_requests,8
scheduler,scheduler/fixed/holes/64,5,0.0072,planned_bytes,50331648
scheduler,scheduler/fixed/holes/64,5,0.0072,planned_ranges,30
scheduler,scheduler/fixed/holes/64,5,0.0072,process_peak_rss_bytes,16203776
scheduler,scheduler/fixed/holes/64,5,0.0072,requests,24
scheduler,scheduler/fixed/holes/64,5,0.0072,single_lease_requests,16
scheduler,scheduler/fixed/holes/64,5,0.0072,total,0.006709
scheduler,scheduler/fixed/holes/64,5,0.0072,truncated_requests,24
scheduler,scheduler/fixed/holes/64,6,0.0071,boundary_scans,24
scheduler,scheduler/fixed/holes/64,6,0.0071,candidate_slots,24
scheduler,scheduler/fixed/holes/64,6,0.0071,cpu_ms,0.007000000000000062
scheduler,scheduler/fixed/holes/64,6,0.0071,cpu_percent,98.81422924901273
scheduler,scheduler/fixed/holes/64,6,0.0071,leases,48
scheduler,scheduler/fixed/holes/64,6,0.0071,max_leases_per_request,4
scheduler,scheduler/fixed/holes/64,6,0.0071,max_request_bytes,4194304
scheduler,scheduler/fixed/holes/64,6,0.0071,micros_per_request,0.2760416666666667
scheduler,scheduler/fixed/holes/64,6,0.0071,multi_lease_requests,8
scheduler,scheduler/fixed/holes/64,6,0.0071,planned_bytes,50331648
scheduler,scheduler/fixed/holes/64,6,0.0071,planned_ranges,30
scheduler,scheduler/fixed/holes/64,6,0.0071,process_peak_rss_bytes,16203776
scheduler,scheduler/fixed/holes/64,6,0.0071,requests,24
scheduler,scheduler/fixed/holes/64,6,0.0071,single_lease_requests,16
scheduler,scheduler/fixed/holes/64,6,0.0071,total,0.006625
scheduler,scheduler/fixed/holes/64,6,0.0071,truncated_requests,24
scheduler,scheduler/fixed/holes/64,7,0.0071,boundary_scans,24
scheduler,scheduler/fixed/holes/64,7,0.0071,candidate_slots,24
scheduler,scheduler/fixed/holes/64,7,0.0071,cpu_ms,0.007000000000000062
scheduler,scheduler/fixed/holes/64,7,0.0071,cpu_percent,98.24561403508858
scheduler,scheduler/fixed/holes/64,7,0.0071,leases,48
scheduler,scheduler/fixed/holes/64,7,0.0071,max_leases_per_request,4
scheduler,scheduler/fixed/holes/64,7,0.0071,max_request_bytes,4194304
scheduler,scheduler/fixed/holes/64,7,0.0071,micros_per_request,0.27779166666666666
scheduler,scheduler/fixed/holes/64,7,0.0071,multi_lease_requests,8
scheduler,scheduler/fixed/holes/64,7,0.0071,planned_bytes,50331648
scheduler,scheduler/fixed/holes/64,7,0.0071,planned_ranges,30
scheduler,scheduler/fixed/holes/64,7,0.0071,process_peak_rss_bytes,16203776
scheduler,scheduler/fixed/holes/64,7,0.0071,requests,24
scheduler,scheduler/fixed/holes/64,7,0.0071,single_lease_requests,16
scheduler,scheduler/fixed/holes/64,7,0.0071,total,0.006667
scheduler,scheduler/fixed/holes/64,7,0.0071,truncated_requests,24
scheduler,scheduler/fixed/holes/64,8,0.0071,boundary_scans,24
scheduler,scheduler/fixed/holes/64,8,0.0071,candidate_slots,24
scheduler,scheduler/fixed/holes/64,8,0.0071,cpu_ms,0.007000000000000062
scheduler,scheduler/fixed/holes/64,8,0.0071,cpu_percent,98.81422924901273
scheduler,scheduler/fixed/holes/64,8,0.0071,leases,48
scheduler,scheduler/fixed/holes/64,8,0.0071,max_leases_per_request,4
scheduler,scheduler/fixed/holes/64,8,0.0071,max_request_bytes,4194304
scheduler,scheduler/fixed/holes/64,8,0.0071,micros_per_request,0.27775
scheduler,scheduler/fixed/holes/64,8,0.0071,multi_lease_requests,8
scheduler,scheduler/fixed/holes/64,8,0.0071,planned_bytes,50331648
scheduler,scheduler/fixed/holes/64,8,0.0071,planned_ranges,30
scheduler,scheduler/fixed/holes/64,8,0.0071,process_peak_rss_bytes,16203776
scheduler,scheduler/fixed/holes/64,8,0.0071,requests,24
scheduler,scheduler/fixed/holes/64,8,0.0071,single_lease_requests,16
scheduler,scheduler/fixed/holes/64,8,0.0071,total,0.006666
scheduler,scheduler/fixed/holes/64,8,0.0071,truncated_requests,24
scheduler,scheduler/fixed/holes/64,9,0.0071,boundary_scans,24
scheduler,scheduler/fixed/holes/64,9,0.0071,candidate_slots,24
scheduler,scheduler/fixed/holes/64,9,0.0071,cpu_ms,0.007000000000000062
scheduler,scheduler/fixed/holes/64,9,0.0071,cpu_percent,98.82818014965497
scheduler,scheduler/fixed/holes/64,9,0.0071,leases,48
scheduler,scheduler/fixed/holes/64,9,0.0071,max_leases_per_request,4
scheduler,scheduler/fixed/holes/64,9,0.0071,max_request_bytes,4194304
scheduler,scheduler/fixed/holes/64,9,0.0071,micros_per_request,0.2760416666666667
scheduler,scheduler/fixed/holes/64,9,0.0071,multi_lease_requests,8
scheduler,scheduler/fixed/holes/64,9,0.0071,planned_bytes,50331648
scheduler,scheduler/fixed/holes/64,9,0.0071,planned_ranges,30
scheduler,scheduler/fixed/holes/64,9,0.0071,process_peak_rss_bytes,16203776
scheduler,scheduler/fixed/holes/64,9,0.0071,requests,24
scheduler,scheduler/fixed/holes/64,9,0.0071,single_lease_requests,16
scheduler,scheduler/fixed/holes/64,9,0.0071,total,0.006625
scheduler,scheduler/fixed/holes/64,9,0.0071,truncated_requests,24
scheduler,scheduler/dynamic/resumed_suffix/64,0,0.0067,boundary_scans,4
scheduler,scheduler/dynamic/resumed_suffix/64,0,0.0067,candidate_slots,10
scheduler,scheduler/dynamic/resumed_suffix/64,0,0.0067,cpu_ms,0.007000000000000062
scheduler,scheduler/dynamic/resumed_suffix/64,0,0.0067,cpu_percent,103.70370370370462
scheduler,scheduler/dynamic/resumed_suffix/64,0,0.0067,leases,47
scheduler,scheduler/dynamic/resumed_suffix/64,0,0.0067,max_leases_per_request,12
scheduler,scheduler/dynamic/resumed_suffix/64,0,0.0067,max_request_bytes,12582912
scheduler,scheduler/dynamic/resumed_suffix/64,0,0.0067,micros_per_request,1.5625
scheduler,scheduler/dynamic/resumed_suffix/64,0,0.0067,multi_lease_requests,4
scheduler,scheduler/dynamic/resumed_suffix/64,0,0.0067,planned_bytes,49283072
scheduler,scheduler/dynamic/resumed_suffix/64,0,0.0067,planned_ranges,10
scheduler,scheduler/dynamic/resumed_suffix/64,0,0.0067,process_peak_rss_bytes,16203776
scheduler,scheduler/dynamic/resumed_suffix/64,0,0.0067,requests,4
scheduler,scheduler/dynamic/resumed_suffix/64,0,0.0067,single_lease_requests,0
scheduler,scheduler/dynamic/resumed_suffix/64,0,0.0067,total,0.00625
scheduler,scheduler/dynamic/resumed_suffix/64,0,0.0067,truncated_requests,0
scheduler,scheduler/dynamic/resumed_suffix/64,1,0.0059,boundary_scans,4
scheduler,scheduler/dynamic/resumed_suffix/64,1,0.0059,candidate_slots,10
scheduler,scheduler/dynamic/resumed_suffix/64,1,0.0059,cpu_ms,0.005999999999999062
scheduler,scheduler/dynamic/resumed_suffix/64,1,0.0059,cpu_percent,101.40273787390673
scheduler,scheduler/dynamic/resumed_suffix/64,1,0.0059,leases,47
scheduler,scheduler/dynamic/resumed_suffix/64,1,0.0059,max_leases_per_request,12
scheduler,scheduler/dynamic/resumed_suffix/64,1,0.0059,max_request_bytes,12582912
scheduler,scheduler/dynamic/resumed_suffix/64,1,0.0059,micros_per_request,1.35425
scheduler,scheduler/dynamic/resumed_suffix/64,1,0.0059,multi_lease_requests,4
scheduler,scheduler/dynamic/resumed_suffix/64,1,0.0059,planned_bytes,49283072
scheduler,scheduler/dynamic/resumed_suffix/64,1,0.0059,planned_ranges,10
scheduler,scheduler/dynamic/resumed_suffix/64,1,0.0059,process_peak_rss_bytes,16203776
scheduler,scheduler/dynamic/resumed_suffix/64,1,0.0059,requests,4
scheduler,scheduler/dynamic/resumed_suffix/64,1,0.0059,single_lease_requests,0
scheduler,scheduler/dynamic/resumed_suffix/64,1,0.0059,total,0.005417
scheduler,scheduler/dynamic/resumed_suffix/64,1,0.0059,truncated_requests,0
scheduler,scheduler/dynamic/resumed_suffix/64,2,0.0058,boundary_scans,4
scheduler,scheduler/dynamic/resumed_suffix/64,2,0.0058,candidate_slots,10
scheduler,scheduler/dynamic/resumed_suffix/64,2,0.0058,cpu_ms,0.005999999999999062
scheduler,scheduler/dynamic/resumed_suffix/64,2,0.0058,cpu_percent,103.60904852355485
scheduler,scheduler/dynamic/resumed_suffix/64,2,0.0058,leases,47
scheduler,scheduler/dynamic/resumed_suffix/64,2,0.0058,max_leases_per_request,12
scheduler,scheduler/dynamic/resumed_suffix/64,2,0.0058,max_request_bytes,12582912
scheduler,scheduler/dynamic/resumed_suffix/64,2,0.0058,micros_per_request,1.3332499999999998
scheduler,scheduler/dynamic/resumed_suffix/64,2,0.0058,multi_lease_requests,4
scheduler,scheduler/dynamic/resumed_suffix/64,2,0.0058,planned_bytes,49283072
scheduler,scheduler/dynamic/resumed_suffix/64,2,0.0058,planned_ranges,10
scheduler,scheduler/dynamic/resumed_suffix/64,2,0.0058,process_peak_rss_bytes,16203776
scheduler,scheduler/dynamic/resumed_suffix/64,2,0.0058,requests,4
scheduler,scheduler/dynamic/resumed_suffix/64,2,0.0058,single_lease_requests,0
scheduler,scheduler/dynamic/resumed_suffix/64,2,0.0058,total,0.005332999999999999
scheduler,scheduler/dynamic/resumed_suffix/64,2,0.0058,truncated_requests,0
scheduler,scheduler/dynamic/resumed_suffix/64,3,0.0057,boundary_scans,4
scheduler,scheduler/dynamic/resumed_suffix/64,3,0.0057,candidate_slots,10
scheduler,scheduler/dynamic/resumed_suffix/64,3,0.0057,cpu_ms,0.005999999999999062
scheduler,scheduler/dynamic/resumed_suffix/64,3,0.0057,cpu_percent,105.87612493381086
scheduler,scheduler/dynamic/resumed_suffix/64,3,0.0057,leases,47
scheduler,scheduler/dynamic/resumed_suffix/64,3,0.0057,max_leases_per_request,12
scheduler,scheduler/dynamic/resumed_suffix/64,3,0.0057,max_request_bytes,12582912
scheduler,scheduler/dynamic/resumed_suffix/64,3,0.0057,micros_per_request,1.3124999999999998
scheduler,scheduler/dynamic/resumed_suffix/64,3,0.0057,multi_lease_requests,4
scheduler,scheduler/dynamic/resumed_suffix/64,3,0.0057,planned_bytes,49283072
scheduler,scheduler/dynamic/resumed_suffix/64,3,0.0057,planned_ranges,10
scheduler,scheduler/dynamic/resumed_suffix/64,3,0.0057,process_peak_rss_bytes,16203776
scheduler,scheduler/dynamic/resumed_suffix/64,3,0.0057,requests,4
scheduler,scheduler/dynamic/resumed_suffix/64,3,0.0057,single_lease_requests,0
scheduler,scheduler/dynamic/resumed_suffix/64,3,0.0057,total,0.0052499999999999995
scheduler,scheduler/dynamic/resumed_suffix/64,3,0.0057,truncated_requests,0
scheduler,scheduler/dynamic/resumed_suffix/64,4,0.0065,boundary_scans,4
scheduler,scheduler/dynamic/resumed_suffix/64,4,0.0065,candidate_slots,10
scheduler,scheduler/dynamic/resumed_suffix/64,4,0.0065,cpu_ms,0.007000000000000062
scheduler,scheduler/dynamic/resumed_suffix/64,4,0.0065,cpu_percent,107.69230769230865
scheduler,scheduler/dynamic/resumed_suffix/64,4,0.0065,leases,47
scheduler,scheduler/dynamic/resumed_suffix/64,4,0.0065,max_leases_per_request,12
scheduler,scheduler/dynamic/resumed_suffix/64,4,0.0065,max_request_bytes,12582912
scheduler,scheduler/dynamic/resumed_suffix/64,4,0.0065,micros_per_request,1.52075
scheduler,scheduler/dynamic/resumed_suffix/64,4,0.0065,multi_lease_requests,4
scheduler,scheduler/dynamic/resumed_suffix/64,4,0.0065,planned_bytes,49283072
scheduler,scheduler/dynamic/resumed_suffix/64,4,0.0065,planned_ranges,10
scheduler,scheduler/dynamic/resumed_suffix/64,4,0.0065,process_peak_rss_bytes,16220160
scheduler,scheduler/dynamic/resumed_suffix/64,4,0.0065,requests,4
scheduler,scheduler/dynamic/resumed_suffix/64,4,0.0065,single_lease_requests,0
scheduler,scheduler/dynamic/resumed_suffix/64,4,0.0065,total,0.006083
scheduler,scheduler/dynamic/resumed_suffix/64,4,0.0065,truncated_requests,0
scheduler,scheduler/dynamic/resumed_suffix/64,5,0.0065,boundary_scans,4
scheduler,scheduler/dynamic/resumed_suffix/64,5,0.0065,candidate_slots,10
scheduler,scheduler/dynamic/resumed_suffix/64,5,0.0065,cpu_ms,0.007000000000000062
scheduler,scheduler/dynamic/resumed_suffix/64,5,0.0065,cpu_percent,107.00091715071937
scheduler,scheduler/dynamic/resumed_suffix/64,5,0.0065,leases,47
scheduler,scheduler/dynamic/resumed_suffix/64,5,0.0065,max_leases_per_request,12
scheduler,scheduler/dynamic/resumed_suffix/64,5,0.0065,max_request_bytes,12582912
scheduler,scheduler/dynamic/resumed_suffix/64,5,0.0065,micros_per_request,1.25
scheduler,scheduler/dynamic/resumed_suffix/64,5,0.0065,multi_lease_requests,4
scheduler,scheduler/dynamic/resumed_suffix/64,5,0.0065,planned_bytes,49283072
scheduler,scheduler/dynamic/resumed_suffix/64,5,0.0065,planned_ranges,10
scheduler,scheduler/dynamic/resumed_suffix/64,5,0.0065,process_peak_rss_bytes,16236544
scheduler,scheduler/dynamic/resumed_suffix/64,5,0.0065,requests,4
scheduler,scheduler/dynamic/resumed_suffix/64,5,0.0065,single_lease_requests,0
scheduler,scheduler/dynamic/resumed_suffix/64,5,0.0065,total,0.005
scheduler,scheduler/dynamic/resumed_suffix/64,5,0.0065,truncated_requests,0
scheduler,scheduler/dynamic/resumed_suffix/64,6,0.0055,boundary_scans,4
scheduler,scheduler/dynamic/resumed_suffix/64,6,0.0055,candidate_slots,10
scheduler,scheduler/dynamic/resumed_suffix/64,6,0.0055,cpu_ms,0.005999999999999062
scheduler,scheduler/dynamic/resumed_suffix/64,6,0.0055,cpu_percent,109.09090909089204
scheduler,scheduler/dynamic/resumed_suffix/64,6,0.0055,leases,47
scheduler,scheduler/dynamic/resumed_suffix/64,6,0.0055,max_leases_per_request,12
scheduler,scheduler/dynamic/resumed_suffix/64,6,0.0055,max_request_bytes,12582912
scheduler,scheduler/dynamic/resumed_suffix/64,6,0.0055,micros_per_request,1.25
scheduler,scheduler/dynamic/resumed_suffix/64,6,0.0055,multi_lease_requests,4
scheduler,scheduler/dynamic/resumed_suffix/64,6,0.0055,planned_bytes,49283072
scheduler,scheduler/dynamic/resumed_suffix/64,6,0.0055,planned_ranges,10
scheduler,scheduler/dynamic/resumed_suffix/64,6,0.0055,process_peak_rss_bytes,16236544
scheduler,scheduler/dynamic/resumed_suffix/64,6,0.0055,requests,4
scheduler,scheduler/dynamic/resumed_suffix/64,6,0.0055,single_lease_requests,0
scheduler,scheduler/dynamic/resumed_suffix/64,6,0.0055,total,0.005
scheduler,scheduler/dynamic/resumed_suffix/64,6,0.0055,truncated_requests,0
scheduler,scheduler/dynamic/resumed_suffix/64,7,0.0054,boundary_scans,4
scheduler,scheduler/dynamic/resumed_suffix/64,7,0.0054,candidate_slots,10
scheduler,scheduler/dynamic/resumed_suffix/64,7,0.0054,cpu_ms,0.007000000000000062
scheduler,scheduler/dynamic/resumed_suffix/64,7,0.0054,cpu_percent,130.23255813953602
scheduler,scheduler/dynamic/resumed_suffix/64,7,0.0054,leases,47
scheduler,scheduler/dynamic/resumed_suffix/64,7,0.0054,max_leases_per_request,12
scheduler,scheduler/dynamic/resumed_suffix/64,7,0.0054,max_request_bytes,12582912
scheduler,scheduler/dynamic/resumed_suffix/64,7,0.0054,micros_per_request,1.22925
scheduler,scheduler/dynamic/resumed_suffix/64,7,0.0054,multi_lease_requests,4
scheduler,scheduler/dynamic/resumed_suffix/64,7,0.0054,planned_bytes,49283072
scheduler,scheduler/dynamic/resumed_suffix/64,7,0.0054,planned_ranges,10
scheduler,scheduler/dynamic/resumed_suffix/64,7,0.0054,process_peak_rss_bytes,16236544
scheduler,scheduler/dynamic/resumed_suffix/64,7,0.0054,requests,4
scheduler,scheduler/dynamic/resumed_suffix/64,7,0.0054,single_lease_requests,0
scheduler,scheduler/dynamic/resumed_suffix/64,7,0.0054,total,0.0049169999999999995
scheduler,scheduler/dynamic/resumed_suffix/64,7,0.0054,truncated_requests,0
scheduler,scheduler/dynamic/resumed_suffix/64,8,0.0052,boundary_scans,4
scheduler,scheduler/dynamic/resumed_suffix/64,8,0.0052,candidate_slots,10
scheduler,scheduler/dynamic/resumed_suffix/64,8,0.0052,cpu_ms,0.005000000000001531
scheduler,scheduler/dynamic/resumed_suffix/64,8,0.0052,cpu_percent,96.00614439327056
scheduler,scheduler/dynamic/resumed_suffix/64,8,0.0052,leases,47
scheduler,scheduler/dynamic/resumed_suffix/64,8,0.0052,max_leases_per_request,12
scheduler,scheduler/dynamic/resumed_suffix/64,8,0.0052,max_request_bytes,12582912
scheduler,scheduler/dynamic/resumed_suffix/64,8,0.0052,micros_per_request,1.198
scheduler,scheduler/dynamic/resumed_suffix/64,8,0.0052,multi_lease_requests,4
scheduler,scheduler/dynamic/resumed_suffix/64,8,0.0052,planned_bytes,49283072
scheduler,scheduler/dynamic/resumed_suffix/64,8,0.0052,planned_ranges,10
scheduler,scheduler/dynamic/resumed_suffix/64,8,0.0052,process_peak_rss_bytes,16236544
scheduler,scheduler/dynamic/resumed_suffix/64,8,0.0052,requests,4
scheduler,scheduler/dynamic/resumed_suffix/64,8,0.0052,single_lease_requests,0
scheduler,scheduler/dynamic/resumed_suffix/64,8,0.0052,total,0.004792
scheduler,scheduler/dynamic/resumed_suffix/64,8,0.0052,truncated_requests,0
scheduler,scheduler/dynamic/resumed_suffix/64,9,0.0052,boundary_scans,4
scheduler,scheduler/dynamic/resumed_suffix/64,9,0.0052,candidate_slots,10
scheduler,scheduler/dynamic/resumed_suffix/64,9,0.0052,cpu_ms,0.007000000000000062
scheduler,scheduler/dynamic/resumed_suffix/64,9,0.0052,cpu_percent,133.33333333333454
scheduler,scheduler/dynamic/resumed_suffix/64,9,0.0052,leases,47
scheduler,scheduler/dynamic/resumed_suffix/64,9,0.0052,max_leases_per_request,12
scheduler,scheduler/dynamic/resumed_suffix/64,9,0.0052,max_request_bytes,12582912
scheduler,scheduler/dynamic/resumed_suffix/64,9,0.0052,micros_per_request,1.2085
scheduler,scheduler/dynamic/resumed_suffix/64,9,0.0052,multi_lease_requests,4
scheduler,scheduler/dynamic/resumed_suffix/64,9,0.0052,planned_bytes,49283072
scheduler,scheduler/dynamic/resumed_suffix/64,9,0.0052,planned_ranges,10
scheduler,scheduler/dynamic/resumed_suffix/64,9,0.0052,process_peak_rss_bytes,16236544
scheduler,scheduler/dynamic/resumed_suffix/64,9,0.0052,requests,4
scheduler,scheduler/dynamic/resumed_suffix/64,9,0.0052,single_lease_requests,0
scheduler,scheduler/dynamic/resumed_suffix/64,9,0.0052,total,0.004834
scheduler,scheduler/dynamic/resumed_suffix/64,9,0.0052,truncated_requests,0
scheduler,scheduler/fixed/resumed_suffix/64,0,0.0086,boundary_scans,12
scheduler,scheduler/fixed/resumed_suffix/64,0,0.0086,candidate_slots,12
scheduler,scheduler/fixed/resumed_suffix/64,0,0.0086,cpu_ms,0.009000000000002062
scheduler,scheduler/fixed/resumed_suffix/64,0,0.0086,cpu_percent,104.85844110453293
scheduler,scheduler/fixed/resumed_suffix/64,0,0.0086,leases,47
scheduler,scheduler/fixed/resumed_suffix/64,0,0.0086,max_leases_per_request,4
scheduler,scheduler/fixed/resumed_suffix/64,0,0.0086,max_request_bytes,4194304
scheduler,scheduler/fixed/resumed_suffix/64,0,0.0086,micros_per_request,0.6735833333333333
scheduler,scheduler/fixed/resumed_suffix/64,0,0.0086,multi_lease_requests,12
scheduler,scheduler/fixed/resumed_suffix/64,0,0.0086,planned_bytes,49283072
scheduler,scheduler/fixed/resumed_suffix/64,0,0.0086,planned_ranges,18
scheduler,scheduler/fixed/resumed_suffix/64,0,0.0086,process_peak_rss_bytes,16236544
scheduler,scheduler/fixed/resumed_suffix/64,0,0.0086,requests,12
scheduler,scheduler/fixed/resumed_suffix/64,0,0.0086,single_lease_requests,0
scheduler,scheduler/fixed/resumed_suffix/64,0,0.0086,total,0.008083
scheduler,scheduler/fixed/resumed_suffix/64,0,0.0086,truncated_requests,12
scheduler,scheduler/fixed/resumed_suffix/64,1,0.0081,boundary_scans,12
scheduler,scheduler/fixed/resumed_suffix/64,1,0.0081,candidate_slots,12
scheduler,scheduler/fixed/resumed_suffix/64,1,0.0081,cpu_ms,0.007999999999997592
scheduler,scheduler/fixed/resumed_suffix/64,1,0.0081,cpu_percent,98.46153846150885
scheduler,scheduler/fixed/resumed_suffix/64,1,0.0081,leases,47
scheduler,scheduler/fixed/resumed_suffix/64,1,0.0081,max_leases_per_request,4
scheduler,scheduler/fixed/resumed_suffix/64,1,0.0081,max_request_bytes,4194304
scheduler,scheduler/fixed/resumed_suffix/64,1,0.0081,micros_per_request,0.6423333333333333
scheduler,scheduler/fixed/resumed_suffix/64,1,0.0081,multi_lease_requests,12
scheduler,scheduler/fixed/resumed_suffix/64,1,0.0081,planned_bytes,49283072
scheduler,scheduler/fixed/resumed_suffix/64,1,0.0081,planned_ranges,18
scheduler,scheduler/fixed/resumed_suffix/64,1,0.0081,process_peak_rss_bytes,16236544
scheduler,scheduler/fixed/resumed_suffix/64,1,0.0081,requests,12
scheduler,scheduler/fixed/resumed_suffix/64,1,0.0081,single_lease_requests,0
scheduler,scheduler/fixed/resumed_suffix/64,1,0.0081,total,0.007708
scheduler,scheduler/fixed/resumed_suffix/64,1,0.0081,truncated_requests,12
scheduler,scheduler/fixed/resumed_suffix/64,2,0.0080,boundary_scans,12
scheduler,scheduler/fixed/resumed_suffix/64,2,0.0080,candidate_slots,12
scheduler,scheduler/fixed/resumed_suffix/64,2,0.0080,cpu_ms,0.008000000000001062
scheduler,scheduler/fixed/resumed_suffix/64,2,0.0080,cpu_percent,99.49011317001694
scheduler,scheduler/fixed/resumed_suffix/64,2,0.0080,leases,47
scheduler,scheduler/fixed/resumed_suffix/64,2,0.0080,max_leases_per_request,4
scheduler,scheduler/fixed/resumed_suffix/64,2,0.0080,max_request_bytes,4194304
scheduler,scheduler/fixed/resumed_suffix/64,2,0.0080,micros_per_request,0.6354166666666666
scheduler,scheduler/fixed/resumed_suffix/64,2,0.0080,multi_lease_requests,12
scheduler,scheduler/fixed/resumed_suffix/64,2,0.0080,planned_bytes,49283072
scheduler,scheduler/fixed/resumed_suffix/64,2,0.0080,planned_ranges,18
scheduler,scheduler/fixed/resumed_suffix/64,2,0.0080,process_peak_rss_bytes,16236544
scheduler,scheduler/fixed/resumed_suffix/64,2,0.0080,requests,12
scheduler,scheduler/fixed/resumed_suffix/64,2,0.0080,single_lease_requests,0
scheduler,scheduler/fixed/resumed_suffix/64,2,0.0080,total,0.007625
scheduler,scheduler/fixed/resumed_suffix/64,2,0.0080,truncated_requests,12
scheduler,scheduler/fixed/resumed_suffix/64,3,0.0078,boundary_scans,12
scheduler,scheduler/fixed/resumed_suffix/64,3,0.0078,candidate_slots,12
scheduler,scheduler/fixed/resumed_suffix/64,3,0.0078,cpu_ms,0.008000000000001062
scheduler,scheduler/fixed/resumed_suffix/64,3,0.0078,cpu_percent,102.13200561727386
scheduler,scheduler/fixed/resumed_suffix/64,3,0.0078,leases,47
scheduler,scheduler/fixed/resumed_suffix/64,3,0.0078,max_leases_per_request,4
scheduler,scheduler/fixed/resumed_suffix/64,3,0.0078,max_request_bytes,4194304
scheduler,scheduler/fixed/resumed_suffix/64,3,0.0078,micros_per_request,0.6180833333333333
scheduler,scheduler/fixed/resumed_suffix/64,3,0.0078,multi_lease_requests,12
scheduler,scheduler/fixed/resumed_suffix/64,3,0.0078,planned_bytes,49283072
scheduler,scheduler/fixed/resumed_suffix/64,3,0.0078,planned_ranges,18
scheduler,scheduler/fixed/resumed_suffix/64,3,0.0078,process_peak_rss_bytes,16236544
scheduler,scheduler/fixed/resumed_suffix/64,3,0.0078,requests,12
scheduler,scheduler/fixed/resumed_suffix/64,3,0.0078,single_lease_requests,0
scheduler,scheduler/fixed/resumed_suffix/64,3,0.0078,total,0.007417
scheduler,scheduler/fixed/resumed_suffix/64,3,0.0078,truncated_requests,12
scheduler,scheduler/fixed/resumed_suffix/64,4,0.0086,boundary_scans,12
scheduler,scheduler/fixed/resumed_suffix/64,4,0.0086,candidate_slots,12
scheduler,scheduler/fixed/resumed_suffix/64,4,0.0086,cpu_ms,0.008999999999998592
scheduler,scheduler/fixed/resumed_suffix/64,4,0.0086,cpu_percent,104.34782608694022
scheduler,scheduler/fixed/resumed_suffix/64,4,0.0086,leases,47
scheduler,scheduler/fixed/resumed_suffix/64,4,0.0086,max_leases_per_request,4
scheduler,scheduler/fixed/resumed_suffix/64,4,0.0086,max_request_bytes,4194304
scheduler,scheduler/fixed/resumed_suffix/64,4,0.0086,micros_per_request,0.618
scheduler,scheduler/fixed/resumed_suffix/64,4,0.0086,multi_lease_requests,12
scheduler,scheduler/fixed/resumed_suffix/64,4,0.0086,planned_bytes,49283072
scheduler,scheduler/fixed/resumed_suffix/64,4,0.0086,planned_ranges,18
scheduler,scheduler/fixed/resumed_suffix/64,4,0.0086,process_peak_rss_bytes,16252928
scheduler,scheduler/fixed/resumed_suffix/64,4,0.0086,requests,12
scheduler,scheduler/fixed/resumed_suffix/64,4,0.0086,single_lease_requests,0
scheduler,scheduler/fixed/resumed_suffix/64,4,0.0086,total,0.007416
scheduler,scheduler/fixed/resumed_suffix/64,4,0.0086,truncated_requests,12
scheduler,scheduler/fixed/resumed_suffix/64,5,0.0079,boundary_scans,12
scheduler,scheduler/fixed/resumed_suffix/64,5,0.0079,candidate_slots,12
scheduler,scheduler/fixed/resumed_suffix/64,5,0.0079,cpu_ms,0.008000000000001062
scheduler,scheduler/fixed/resumed_suffix/64,5,0.0079,cpu_percent,101.04837691045928
scheduler,scheduler/fixed/resumed_suffix/64,5,0.0079,leases,47
scheduler,scheduler/fixed/resumed_suffix/64,5,0.0079,max_leases_per_request,4
scheduler,scheduler/fixed/resumed_suffix/64,5,0.0079,max_request_bytes,4194304
scheduler,scheduler/fixed/resumed_suffix/64,5,0.0079,micros_per_request,0.6250000000000001
scheduler,scheduler/fixed/resumed_suffix/64,5,0.0079,multi_lease_requests,12
scheduler,scheduler/fixed/resumed_suffix/64,5,0.0079,planned_bytes,49283072
scheduler,scheduler/fixed/resumed_suffix/64,5,0.0079,planned_ranges,18
scheduler,scheduler/fixed/resumed_suffix/64,5,0.0079,process_peak_rss_bytes,16252928
scheduler,scheduler/fixed/resumed_suffix/64,5,0.0079,requests,12
scheduler,scheduler/fixed/resumed_suffix/64,5,0.0079,single_lease_requests,0
scheduler,scheduler/fixed/resumed_suffix/64,5,0.0079,total,0.007500000000000001
scheduler,scheduler/fixed/resumed_suffix/64,5,0.0079,truncated_requests,12
scheduler,scheduler/fixed/resumed_suffix/64,6,0.0079,boundary_scans,12
scheduler,scheduler/fixed/resumed_suffix/64,6,0.0079,candidate_slots,12
scheduler,scheduler/fixed/resumed_suffix/64,6,0.0079,cpu_ms,0.008999999999998592
scheduler,scheduler/fixed/resumed_suffix/64,6,0.0079,cpu_percent,113.67942402423382
scheduler,scheduler/fixed/resumed_suffix/64,6,0.0079,leases,47
scheduler,scheduler/fixed/resumed_suffix/64,6,0.0079,max_leases_per_request,4
scheduler,scheduler/fixed/resumed_suffix/64,6,0.0079,max_request_bytes,4194304
scheduler,scheduler/fixed/resumed_suffix/64,6,0.0079,micros_per_request,0.6215833333333334
scheduler,scheduler/fixed/resumed_suffix/64,6,0.0079,multi_lease_requests,12
scheduler,scheduler/fixed/resumed_suffix/64,6,0.0079,planned_bytes,49283072
scheduler,scheduler/fixed/resumed_suffix/64,6,0.0079,planned_ranges,18
scheduler,scheduler/fixed/resumed_suffix/64,6,0.0079,process_peak_rss_bytes,16252928
scheduler,scheduler/fixed/resumed_suffix/64,6,0.0079,requests,12
scheduler,scheduler/fixed/resumed_suffix/64,6,0.0079,single_lease_requests,0
scheduler,scheduler/fixed/resumed_suffix/64,6,0.0079,total,0.007459
scheduler,scheduler/fixed/resumed_suffix/64,6,0.0079,truncated_requests,12
scheduler,scheduler/fixed/resumed_suffix/64,7,0.0079,boundary_scans,12
scheduler,scheduler/fixed/resumed_suffix/64,7,0.0079,candidate_slots,12
scheduler,scheduler/fixed/resumed_suffix/64,7,0.0079,cpu_ms,0.008000000000001062
scheduler,scheduler/fixed/resumed_suffix/64,7,0.0079,cpu_percent,101.04837691045928
scheduler,scheduler/fixed/resumed_suffix/64,7,0.0079,leases,47
scheduler,scheduler/fixed/resumed_suffix/64,7,0.0079,max_leases_per_request,4
scheduler,scheduler/fixed/resumed_suffix/64,7,0.0079,max_request_bytes,4194304
scheduler,scheduler/fixed/resumed_suffix/64,7,0.0079,micros_per_request,0.6250000000000001
scheduler,scheduler/fixed/resumed_suffix/64,7,0.0079,multi_lease_requests,12
scheduler,scheduler/fixed/resumed_suffix/64,7,0.0079,planned_bytes,49283072
scheduler,scheduler/fixed/resumed_suffix/64,7,0.0079,planned_ranges,18
scheduler,scheduler/fixed/resumed_suffix/64,7,0.0079,process_peak_rss_bytes,16252928
scheduler,scheduler/fixed/resumed_suffix/64,7,0.0079,requests,12
scheduler,scheduler/fixed/resumed_suffix/64,7,0.0079,single_lease_requests,0
scheduler,scheduler/fixed/resumed_suffix/64,7,0.0079,total,0.007500000000000001
scheduler,scheduler/fixed/resumed_suffix/64,7,0.0079,truncated_requests,12
scheduler,scheduler/fixed/resumed_suffix/64,8,0.0088,boundary_scans,12
scheduler,scheduler/fixed/resumed_suffix/64,8,0.0088,candidate_slots,12
scheduler,scheduler/fixed/resumed_suffix/64,8,0.0088,cpu_ms,0.008999999999998592
scheduler,scheduler/fixed/resumed_suffix/64,8,0.0088,cpu_percent,102.37743146398125
scheduler,scheduler/fixed/resumed_suffix/64,8,0.0088,leases,47
scheduler,scheduler/fixed/resumed_suffix/64,8,0.0088,max_leases_per_request,4
scheduler,scheduler/fixed/resumed_suffix/64,8,0.0088,max_request_bytes,4194304
scheduler,scheduler/fixed/resumed_suffix/64,8,0.0088,micros_per_request,0.6180833333333333
scheduler,scheduler/fixed/resumed_suffix/64,8,0.0088,multi_lease_requests,12
scheduler,scheduler/fixed/resumed_suffix/64,8,0.0088,planned_bytes,49283072
scheduler,scheduler/fixed/resumed_suffix/64,8,0.0088,planned_ranges,18
scheduler,scheduler/fixed/resumed_suffix/64,8,0.0088,process_peak_rss_bytes,16269312
scheduler,scheduler/fixed/resumed_suffix/64,8,0.0088,requests,12
scheduler,scheduler/fixed/resumed_suffix/64,8,0.0088,single_lease_requests,0
scheduler,scheduler/fixed/resumed_suffix/64,8,0.0088,total,0.007417
scheduler,scheduler/fixed/resumed_suffix/64,8,0.0088,truncated_requests,12
scheduler,scheduler/fixed/resumed_suffix/64,9,0.0078,boundary_scans,12
scheduler,scheduler/fixed/resumed_suffix/64,9,0.0078,candidate_slots,12
scheduler,scheduler/fixed/resumed_suffix/64,9,0.0078,cpu_ms,0.007999999999997592
scheduler,scheduler/fixed/resumed_suffix/64,9,0.0078,cpu_percent,102.13200561722958
scheduler,scheduler/fixed/resumed_suffix/64,9,0.0078,leases,47
scheduler,scheduler/fixed/resumed_suffix/64,9,0.0078,max_leases_per_request,4
scheduler,scheduler/fixed/resumed_suffix/64,9,0.0078,max_request_bytes,4194304
scheduler,scheduler/fixed/resumed_suffix/64,9,0.0078,micros_per_request,0.6145833333333334
scheduler,scheduler/fixed/resumed_suffix/64,9,0.0078,multi_lease_requests,12
scheduler,scheduler/fixed/resumed_suffix/64,9,0.0078,planned_bytes,49283072
scheduler,scheduler/fixed/resumed_suffix/64,9,0.0078,planned_ranges,18
scheduler,scheduler/fixed/resumed_suffix/64,9,0.0078,process_peak_rss_bytes,16285696
scheduler,scheduler/fixed/resumed_suffix/64,9,0.0078,requests,12
scheduler,scheduler/fixed/resumed_suffix/64,9,0.0078,single_lease_requests,0
scheduler,scheduler/fixed/resumed_suffix/64,9,0.0078,total,0.007375
scheduler,scheduler/fixed/resumed_suffix/64,9,0.0078,truncated_requests,12
scheduler,scheduler/dynamic/fresh/512,0,0.0700,boundary_scans,8
scheduler,scheduler/dynamic/fresh/512,0,0.0700,candidate_slots,14
scheduler,scheduler/dynamic/fresh/512,0,0.0700,cpu_ms,0.07099999999999815
scheduler,scheduler/dynamic/fresh/512,0,0.0700,cpu_percent,101.48946510763338
scheduler,scheduler/dynamic/fresh/512,0,0.0700,leases,512
scheduler,scheduler/dynamic/fresh/512,0,0.0700,max_leases_per_request,64
scheduler,scheduler/dynamic/fresh/512,0,0.0700,max_request_bytes,67108864
scheduler,scheduler/dynamic/fresh/512,0,0.0700,micros_per_request,8.6615
scheduler,scheduler/dynamic/fresh/512,0,0.0700,multi_lease_requests,8
scheduler,scheduler/dynamic/fresh/512,0,0.0700,planned_bytes,536870912
scheduler,scheduler/dynamic/fresh/512,0,0.0700,planned_ranges,14
scheduler,scheduler/dynamic/fresh/512,0,0.0700,process_peak_rss_bytes,16416768
scheduler,scheduler/dynamic/fresh/512,0,0.0700,requests,8
scheduler,scheduler/dynamic/fresh/512,0,0.0700,single_lease_requests,0
scheduler,scheduler/dynamic/fresh/512,0,0.0700,total,0.069292
scheduler,scheduler/dynamic/fresh/512,0,0.0700,truncated_requests,7
scheduler,scheduler/dynamic/fresh/512,1,0.0593,boundary_scans,8
scheduler,scheduler/dynamic/fresh/512,1,0.0593,candidate_slots,14
scheduler,scheduler/dynamic/fresh/512,1,0.0593,cpu_ms,0.059000000000000025
scheduler,scheduler/dynamic/fresh/512,1,0.0593,cpu_percent,99.43876089191515
scheduler,scheduler/dynamic/fresh/512,1,0.0593,leases,512
scheduler,scheduler/dynamic/fresh/512,1,0.0593,max_leases_per_request,64
scheduler,scheduler/dynamic/fresh/512,1,0.0593,max_request_bytes,67108864
scheduler,scheduler/dynamic/fresh/512,1,0.0593,micros_per_request,7.3488750000000005
scheduler,scheduler/dynamic/fresh/512,1,0.0593,multi_lease_requests,8
scheduler,scheduler/dynamic/fresh/512,1,0.0593,planned_bytes,536870912
scheduler,scheduler/dynamic/fresh/512,1,0.0593,planned_ranges,14
scheduler,scheduler/dynamic/fresh/512,1,0.0593,process_peak_rss_bytes,16416768
scheduler,scheduler/dynamic/fresh/512,1,0.0593,requests,8
scheduler,scheduler/dynamic/fresh/512,1,0.0593,single_lease_requests,0
scheduler,scheduler/dynamic/fresh/512,1,0.0593,total,0.058791
scheduler,scheduler/dynamic/fresh/512,1,0.0593,truncated_requests,7
scheduler,scheduler/dynamic/fresh/512,2,0.0573,boundary_scans,8
scheduler,scheduler/dynamic/fresh/512,2,0.0573,candidate_slots,14
scheduler,scheduler/dynamic/fresh/512,2,0.0573,cpu_ms,0.057999999999999025
scheduler,scheduler/dynamic/fresh/512,2,0.0573,cpu_percent,101.1633788568521
scheduler,scheduler/dynamic/fresh/512,2,0.0573,leases,512
scheduler,scheduler/dynamic/fresh/512,2,0.0573,max_leases_per_request,64
scheduler,scheduler/dynamic/fresh/512,2,0.0573,max_request_bytes,67108864
scheduler,scheduler/dynamic/fresh/512,2,0.0573,micros_per_request,7.0988750000000005
scheduler,scheduler/dynamic/fresh/512,2,0.0573,multi_lease_requests,8
scheduler,scheduler/dynamic/fresh/512,2,0.0573,planned_bytes,536870912
scheduler,scheduler/dynamic/fresh/512,2,0.0573,planned_ranges,14
scheduler,scheduler/dynamic/fresh/512,2,0.0573,process_peak_rss_bytes,16416768
scheduler,scheduler/dynamic/fresh/512,2,0.0573,requests,8
scheduler,scheduler/dynamic/fresh/512,2,0.0573,single_lease_requests,0
scheduler,scheduler/dynamic/fresh/512,2,0.0573,total,0.056791
scheduler,scheduler/dynamic/fresh/512,2,0.0573,truncated_requests,7
scheduler,scheduler/dynamic/fresh/512,3,0.0835,boundary_scans,8
scheduler,scheduler/dynamic/fresh/512,3,0.0835,candidate_slots,14
scheduler,scheduler/dynamic/fresh/512,3,0.0835,cpu_ms,0.08400000000000074
scheduler,scheduler/dynamic/fresh/512,3,0.0835,cpu_percent,100.59880239521047
scheduler,scheduler/dynamic/fresh/512,3,0.0835,leases,512
scheduler,scheduler/dynamic/fresh/512,3,0.0835,max_leases_per_request,64
scheduler,scheduler/dynamic/fresh/512,3,0.0835,max_request_bytes,67108864
scheduler,scheduler/dynamic/fresh/512,3,0.0835,micros_per_request,10.208375
scheduler,scheduler/dynamic/fresh/512,3,0.0835,multi_lease_requests,8
scheduler,scheduler/dynamic/fresh/512,3,0.0835,planned_bytes,536870912
scheduler,scheduler/dynamic/fresh/512,3,0.0835,planned_ranges,14
scheduler,scheduler/dynamic/fresh/512,3,0.0835,process_peak_rss_bytes,16433152
scheduler,scheduler/dynamic/fresh/512,3,0.0835,requests,8
scheduler,scheduler/dynamic/fresh/512,3,0.0835,single_lease_requests,0
scheduler,scheduler/dynamic/fresh/512,3,0.0835,total,0.081667
scheduler,scheduler/dynamic/fresh/512,3,0.0835,truncated_requests,7
scheduler,scheduler/dynamic/fresh/512,4,0.0934,boundary_scans,8
scheduler,scheduler/dynamic/fresh/512,4,0.0934,candidate_slots,14
scheduler,scheduler/dynamic/fresh/512,4,0.0934,cpu_ms,0.0930000000000028
scheduler,scheduler/dynamic/fresh/512,4,0.0934,cpu_percent,99.59839357430019
scheduler,scheduler/dynamic/fresh/512,4,0.0934,leases,512
scheduler,scheduler/dynamic/fresh/512,4,0.0934,max_leases_per_request,64
scheduler,scheduler/dynamic/fresh/512,4,0.0934,max_request_bytes,67108864
scheduler,scheduler/dynamic/fresh/512,4,0.0934,micros_per_request,11.557375
scheduler,scheduler/dynamic/fresh/512,4,0.0934,multi_lease_requests,8
scheduler,scheduler/dynamic/fresh/512,4,0.0934,planned_bytes,536870912
scheduler,scheduler/dynamic/fresh/512,4,0.0934,planned_ranges,14
scheduler,scheduler/dynamic/fresh/512,4,0.0934,process_peak_rss_bytes,16433152
scheduler,scheduler/dynamic/fresh/512,4,0.0934,requests,8
scheduler,scheduler/dynamic/fresh/512,4,0.0934,single_lease_requests,0
scheduler,scheduler/dynamic/fresh/512,4,0.0934,total,0.092459
scheduler,scheduler/dynamic/fresh/512,4,0.0934,truncated_requests,7
scheduler,scheduler/dynamic/fresh/512,5,0.0921,boundary_scans,8
scheduler,scheduler/dynamic/fresh/512,5,0.0921,candidate_slots,14
scheduler,scheduler/dynamic/fresh/512,5,0.0921,cpu_ms,0.0930000000000028
scheduler,scheduler/dynamic/fresh/512,5,0.0921,cpu_percent,100.99584070892867
scheduler,scheduler/dynamic/fresh/512,5,0.0921,leases,512
scheduler,scheduler/dynamic/fresh/512,5,0.0921,max_leases_per_request,64
scheduler,scheduler/dynamic/fresh/512,5,0.0921,max_request_bytes,67108864
scheduler,scheduler/dynamic/fresh/512,5,0.0921,micros_per_request,11.401125
scheduler,scheduler/dynamic/fresh/512,5,0.0921,multi_lease_requests,8
scheduler,scheduler/dynamic/fresh/512,5,0.0921,planned_bytes,536870912
scheduler,scheduler/dynamic/fresh/512,5,0.0921,planned_ranges,14
scheduler,scheduler/dynamic/fresh/512,5,0.0921,process_peak_rss_bytes,16433152
scheduler,scheduler/dynamic/fresh/512,5,0.0921,requests,8
scheduler,scheduler/dynamic/fresh/512,5,0.0921,single_lease_requests,0
scheduler,scheduler/dynamic/fresh/512,5,0.0921,total,0.091209
scheduler,scheduler/dynamic/fresh/512,5,0.0921,truncated_requests,7
scheduler,scheduler/dynamic/fresh/512,6,0.0921,boundary_scans,8
scheduler,scheduler/dynamic/fresh/512,6,0.0921,candidate_slots,14
scheduler,scheduler/dynamic/fresh/512,6,0.0921,cpu_ms,0.09299999999999933
scheduler,scheduler/dynamic/fresh/512,6,0.0921,cpu_percent,100.9958407089249
scheduler,scheduler/dynamic/fresh/512,6,0.0921,leases,512
scheduler,scheduler/dynamic/fresh/512,6,0.0921,max_leases_per_request,64
scheduler,scheduler/dynamic/fresh/512,6,0.0921,max_request_bytes,67108864
scheduler,scheduler/dynamic/fresh/512,6,0.0921,micros_per_request,11.390625000000002
scheduler,scheduler/dynamic/fresh/512,6,0.0921,multi_lease_requests,8
scheduler,scheduler/dynamic/fresh/512,6,0.0921,planned_bytes,536870912
scheduler,scheduler/dynamic/fresh/512,6,0.0921,planned_ranges,14
scheduler,scheduler/dynamic/fresh/512,6,0.0921,process_peak_rss_bytes,16433152
scheduler,scheduler/dynamic/fresh/512,6,0.0921,requests,8
scheduler,scheduler/dynamic/fresh/512,6,0.0921,single_lease_requests,0
scheduler,scheduler/dynamic/fresh/512,6,0.0921,total,0.09112500000000001
scheduler,scheduler/dynamic/fresh/512,6,0.0921,truncated_requests,7
scheduler,scheduler/dynamic/fresh/512,7,0.0923,boundary_scans,8
scheduler,scheduler/dynamic/fresh/512,7,0.0923,candidate_slots,14
scheduler,scheduler/dynamic/fresh/512,7,0.0923,cpu_ms,0.09400000000000033
scheduler,scheduler/dynamic/fresh/512,7,0.0923,cpu_percent,101.85064794348409
scheduler,scheduler/dynamic/fresh/512,7,0.0923,leases,512
scheduler,scheduler/dynamic/fresh/512,7,0.0923,max_leases_per_request,64
scheduler,scheduler/dynamic/fresh/512,7,0.0923,max_request_bytes,67108864
scheduler,scheduler/dynamic/fresh/512,7,0.0923,micros_per_request,11.427125
scheduler,scheduler/dynamic/fresh/512,7,0.0923,multi_lease_requests,8
scheduler,scheduler/dynamic/fresh/512,7,0.0923,planned_bytes,536870912
scheduler,scheduler/dynamic/fresh/512,7,0.0923,planned_ranges,14
scheduler,scheduler/dynamic/fresh/512,7,0.0923,process_peak_rss_bytes,16433152
scheduler,scheduler/dynamic/fresh/512,7,0.0923,requests,8
scheduler,scheduler/dynamic/fresh/512,7,0.0923,single_lease_requests,0
scheduler,scheduler/dynamic/fresh/512,7,0.0923,total,0.091417
scheduler,scheduler/dynamic/fresh/512,7,0.0923,truncated_requests,7
scheduler,scheduler/dynamic/fresh/512,8,0.0993,boundary_scans,8
scheduler,scheduler/dynamic/fresh/512,8,0.0993,candidate_slots,14
scheduler,scheduler/dynamic/fresh/512,8,0.0993,cpu_ms,0.10000000000000286
scheduler,scheduler/dynamic/fresh/512,8,0.0993,cpu_percent,100.7556675063001
scheduler,scheduler/dynamic/fresh/512,8,0.0993,leases,512
scheduler,scheduler/dynamic/fresh/512,8,0.0993,max_leases_per_request,64
scheduler,scheduler/dynamic/fresh/512,8,0.0993,max_request_bytes,67108864
scheduler,scheduler/dynamic/fresh/512,8,0.0993,micros_per_request,12.296875
scheduler,scheduler/dynamic/fresh/512,8,0.0993,multi_lease_requests,8
scheduler,scheduler/dynamic/fresh/512,8,0.0993,planned_bytes,536870912
scheduler,scheduler/dynamic/fresh/512,8,0.0993,planned_ranges,14
scheduler,scheduler/dynamic/fresh/512,8,0.0993,process_peak_rss_bytes,16433152
scheduler,scheduler/dynamic/fresh/512,8,0.0993,requests,8
scheduler,scheduler/dynamic/fresh/512,8,0.0993,single_lease_requests,0
scheduler,scheduler/dynamic/fresh/512,8,0.0993,total,0.098375
scheduler,scheduler/dynamic/fresh/512,8,0.0993,truncated_requests,7
scheduler,scheduler/dynamic/fresh/512,9,0.0912,boundary_scans,8
scheduler,scheduler/dynamic/fresh/512,9,0.0912,candidate_slots,14
scheduler,scheduler/dynamic/fresh/512,9,0.0912,cpu_ms,0.0910000000000008
scheduler,scheduler/dynamic/fresh/512,9,0.0912,cpu_percent,99.77085594623425
scheduler,scheduler/dynamic/fresh/512,9,0.0912,leases,512
scheduler,scheduler/dynamic/fresh/512,9,0.0912,max_leases_per_request,64
scheduler,scheduler/dynamic/fresh/512,9,0.0912,max_request_bytes,67108864
scheduler,scheduler/dynamic/fresh/512,9,0.0912,micros_per_request,11.30725
scheduler,scheduler/dynamic/fresh/512,9,0.0912,multi_lease_requests,8
scheduler,scheduler/dynamic/fresh/512,9,0.0912,planned_bytes,536870912
scheduler,scheduler/dynamic/fresh/512,9,0.0912,planned_ranges,14
scheduler,scheduler/dynamic/fresh/512,9,0.0912,process_peak_rss_bytes,16433152
scheduler,scheduler/dynamic/fresh/512,9,0.0912,requests,8
scheduler,scheduler/dynamic/fresh/512,9,0.0912,single_lease_requests,0
scheduler,scheduler/dynamic/fresh/512,9,0.0912,total,0.090458
scheduler,scheduler/dynamic/fresh/512,9,0.0912,truncated_requests,7
scheduler,scheduler/fixed/fresh/512,0,0.4061,boundary_scans,128
scheduler,scheduler/fixed/fresh/512,0,0.4061,candidate_slots,128
scheduler,scheduler/fixed/fresh/512,0,0.4061,cpu_ms,0.40700000000000114
scheduler,scheduler/fixed/fresh/512,0,0.4061,cpu_percent,100.21545090797197
scheduler,scheduler/fixed/fresh/512,0,0.4061,leases,512
scheduler,scheduler/fixed/fresh/512,0,0.4061,max_leases_per_request,4
scheduler,scheduler/fixed/fresh/512,0,0.4061,max_request_bytes,4194304
scheduler,scheduler/fixed/fresh/512,0,0.4061,micros_per_request,3.1663437500000002
scheduler,scheduler/fixed/fresh/512,0,0.4061,multi_lease_requests,128
scheduler,scheduler/fixed/fresh/512,0,0.4061,planned_bytes,536870912
scheduler,scheduler/fixed/fresh/512,0,0.4061,planned_ranges,134
scheduler,scheduler/fixed/fresh/512,0,0.4061,process_peak_rss_bytes,16433152
scheduler,scheduler/fixed/fresh/512,0,0.4061,requests,128
scheduler,scheduler/fixed/fresh/512,0,0.4061,single_lease_requests,0
scheduler,scheduler/fixed/fresh/512,0,0.4061,total,0.40529200000000004
scheduler,scheduler/fixed/fresh/512,0,0.4061,truncated_requests,128
scheduler,scheduler/fixed/fresh/512,1,0.4039,boundary_scans,128
scheduler,scheduler/fixed/fresh/512,1,0.4039,candidate_slots,128
scheduler,scheduler/fixed/fresh/512,1,0.4039,cpu_ms,0.40399999999999814
scheduler,scheduler/fixed/fresh/512,1,0.4039,cpu_percent,100.02079640321209
scheduler,scheduler/fixed/fresh/512,1,0.4039,leases,512
scheduler,scheduler/fixed/fresh/512,1,0.4039,max_leases_per_request,4
scheduler,scheduler/fixed/fresh/512,1,0.4039,max_request_bytes,4194304
scheduler,scheduler/fixed/fresh/512,1,0.4039,micros_per_request,3.1497421875
scheduler,scheduler/fixed/fresh/512,1,0.4039,multi_lease_requests,128
scheduler,scheduler/fixed/fresh/512,1,0.4039,planned_bytes,536870912
scheduler,scheduler/fixed/fresh/512,1,0.4039,planned_ranges,134
scheduler,scheduler/fixed/fresh/512,1,0.4039,process_peak_rss_bytes,16433152
scheduler,scheduler/fixed/fresh/512,1,0.4039,requests,128
scheduler,scheduler/fixed/fresh/512,1,0.4039,single_lease_requests,0
scheduler,scheduler/fixed/fresh/512,1,0.4039,total,0.403167
scheduler,scheduler/fixed/fresh/512,1,0.4039,truncated_requests,128
scheduler,scheduler/fixed/fresh/512,2,0.4066,boundary_scans,128
scheduler,scheduler/fixed/fresh/512,2,0.4066,candidate_slots,128
scheduler,scheduler/fixed/fresh/512,2,0.4066,cpu_ms,0.40599999999999664
scheduler,scheduler/fixed/fresh/512,2,0.4066,cpu_percent,99.85636424453413
scheduler,scheduler/fixed/fresh/512,2,0.4066,leases,512
scheduler,scheduler/fixed/fresh/512,2,0.4066,max_leases_per_request,4
scheduler,scheduler/fixed/fresh/512,2,0.4066,max_request_bytes,4194304
scheduler,scheduler/fixed/fresh/512,2,0.4066,micros_per_request,3.1692656250000004
scheduler,scheduler/fixed/fresh/512,2,0.4066,multi_lease_requests,128
scheduler,scheduler/fixed/fresh/512,2,0.4066,planned_bytes,536870912
scheduler,scheduler/fixed/fresh/512,2,0.4066,planned_ranges,134
scheduler,scheduler/fixed/fresh/512,2,0.4066,process_peak_rss_bytes,16433152
scheduler,scheduler/fixed/fresh/512,2,0.4066,requests,128
scheduler,scheduler/fixed/fresh/512,2,0.4066,single_lease_requests,0
scheduler,scheduler/fixed/fresh/512,2,0.4066,total,0.405666
scheduler,scheduler/fixed/fresh/512,2,0.4066,truncated_requests,128
scheduler,scheduler/fixed/fresh/512,3,0.4060,boundary_scans,128
scheduler,scheduler/fixed/fresh/512,3,0.4060,candidate_slots,128
scheduler,scheduler/fixed/fresh/512,3,0.4060,cpu_ms,0.40600000000000014
scheduler,scheduler/fixed/fresh/512,3,0.4060,cpu_percent,99.98990249753108
scheduler,scheduler/fixed/fresh/512,3,0.4060,leases,512
scheduler,scheduler/fixed/fresh/512,3,0.4060,max_leases_per_request,4
scheduler,scheduler/fixed/fresh/512,3,0.4060,max_request_bytes,4194304
scheduler,scheduler/fixed/fresh/512,3,0.4060,micros_per_request,3.1630859375000004
scheduler,scheduler/fixed/fresh/512,3,0.4060,multi_lease_requests,128
scheduler,scheduler/fixed/fresh/512,3,0.4060,planned_bytes,536870912
scheduler,scheduler/fixed/fresh/512,3,0.4060,planned_ranges,134
scheduler,scheduler/fixed/fresh/512,3,0.4060,process_peak_rss_bytes,16433152
scheduler,scheduler/fixed/fresh/512,3,0.4060,requests,128
scheduler,scheduler/fixed/fresh/512,3,0.4060,single_lease_requests,0
scheduler,scheduler/fixed/fresh/512,3,0.4060,total,0.40487500000000004
scheduler,scheduler/fixed/fresh/512,3,0.4060,truncated_requests,128
scheduler,scheduler/fixed/fresh/512,4,0.4029,boundary_scans,128
scheduler,scheduler/fixed/fresh/512,4,0.4029,candidate_slots,128
scheduler,scheduler/fixed/fresh/512,4,0.4029,cpu_ms,0.4030000000000006
scheduler,scheduler/fixed/fresh/512,4,0.4029,cpu_percent,100.02059977613271
scheduler,scheduler/fixed/fresh/512,4,0.4029,leases,512
scheduler,scheduler/fixed/fresh/512,4,0.4029,max_leases_per_request,4
scheduler,scheduler/fixed/fresh/512,4,0.4029,max_request_bytes,4194304
scheduler,scheduler/fixed/fresh/512,4,0.4029,micros_per_request,3.140625
scheduler,scheduler/fixed/fresh/512,4,0.4029,multi_lease_requests,128
scheduler,scheduler/fixed/fresh/512,4,0.4029,planned_bytes,536870912
scheduler,scheduler/fixed/fresh/512,4,0.4029,planned_ranges,134
scheduler,scheduler/fixed/fresh/512,4,0.4029,process_peak_rss_bytes,16433152
scheduler,scheduler/fixed/fresh/512,4,0.4029,requests,128
scheduler,scheduler/fixed/fresh/512,4,0.4029,single_lease_requests,0
scheduler,scheduler/fixed/fresh/512,4,0.4029,total,0.402
scheduler,scheduler/fixed/fresh/512,4,0.4029,truncated_requests,128
scheduler,scheduler/fixed/fresh/512,5,0.4042,boundary_scans,128
scheduler,scheduler/fixed/fresh/512,5,0.4042,candidate_slots,128
scheduler,scheduler/fixed/fresh/512,5,0.4042,cpu_ms,0.40399999999999814
scheduler,scheduler/fixed/fresh/512,5,0.4042,cpu_percent,99.94854134504962
scheduler,scheduler/fixed/fresh/512,5,0.4042,leases,512
scheduler,scheduler/fixed/fresh/512,5,0.4042,max_leases_per_request,4
scheduler,scheduler/fixed/fresh/512,5,0.4042,max_request_bytes,4194304
scheduler,scheduler/fixed/fresh/512,5,0.4042,micros_per_request,3.1510390624999998
scheduler,scheduler/fixed/fresh/512,5,0.4042,multi_lease_requests,128
scheduler,scheduler/fixed/fresh/512,5,0.4042,planned_bytes,536870912
scheduler,scheduler/fixed/fresh/512,5,0.4042,planned_ranges,134
scheduler,scheduler/fixed/fresh/512,5,0.4042,process_peak_rss_bytes,16433152
scheduler,scheduler/fixed/fresh/512,5,0.4042,requests,128
scheduler,scheduler/fixed/fresh/512,5,0.4042,single_lease_requests,0
scheduler,scheduler/fixed/fresh/512,5,0.4042,total,0.403333
scheduler,scheduler/fixed/fresh/512,5,0.4042,truncated_requests,128
scheduler,scheduler/fixed/fresh/512,6,0.4048,boundary_scans,128
scheduler,scheduler/fixed/fresh/512,6,0.4048,candidate_slots,128
scheduler,scheduler/fixed/fresh/512,6,0.4048,cpu_ms,0.40600000000000014
scheduler,scheduler/fixed/fresh/512,6,0.4048,cpu_percent,100.29842487005676
scheduler,scheduler/fixed/fresh/512,6,0.4048,leases,512
scheduler,scheduler/fixed/fresh/512,6,0.4048,max_leases_per_request,4
scheduler,scheduler/fixed/fresh/512,6,0.4048,max_request_bytes,4194304
scheduler,scheduler/fixed/fresh/512,6,0.4048,micros_per_request,3.15625
scheduler,scheduler/fixed/fresh/512,6,0.4048,multi_lease_requests,128
scheduler,scheduler/fixed/fresh/512,6,0.4048,planned_bytes,536870912
scheduler,scheduler/fixed/fresh/512,6,0.4048,planned_ranges,134
scheduler,scheduler/fixed/fresh/512,6,0.4048,process_peak_rss_bytes,16433152
scheduler,scheduler/fixed/fresh/512,6,0.4048,requests,128
scheduler,scheduler/fixed/fresh/512,6,0.4048,single_lease_requests,0
scheduler,scheduler/fixed/fresh/512,6,0.4048,total,0.404
scheduler,scheduler/fixed/fresh/512,6,0.4048,truncated_requests,128
scheduler,scheduler/fixed/fresh/512,7,0.4088,boundary_scans,128
scheduler,scheduler/fixed/fresh/512,7,0.4088,candidate_slots,128
scheduler,scheduler/fixed/fresh/512,7,0.4088,cpu_ms,0.40899999999999964
scheduler,scheduler/fixed/fresh/512,7,0.4088,cpu_percent,100.05112637019887
scheduler,scheduler/fixed/fresh/512,7,0.4088,leases,512
scheduler,scheduler/fixed/fresh/512,7,0.4088,max_leases_per_request,4
scheduler,scheduler/fixed/fresh/512,7,0.4088,max_request_bytes,4194304
scheduler,scheduler/fixed/fresh/512,7,0.4088,micros_per_request,3.1875
scheduler,scheduler/fixed/fresh/512,7,0.4088,multi_lease_requests,128
scheduler,scheduler/fixed/fresh/512,7,0.4088,planned_bytes,536870912
scheduler,scheduler/fixed/fresh/512,7,0.4088,planned_ranges,134
scheduler,scheduler/fixed/fresh/512,7,0.4088,process_peak_rss_bytes,16433152
scheduler,scheduler/fixed/fresh/512,7,0.4088,requests,128
scheduler,scheduler/fixed/fresh/512,7,0.4088,single_lease_requests,0
scheduler,scheduler/fixed/fresh/512,7,0.4088,total,0.408
scheduler,scheduler/fixed/fresh/512,7,0.4088,truncated_requests,128
scheduler,scheduler/fixed/fresh/512,8,0.3822,boundary_scans,128
scheduler,scheduler/fixed/fresh/512,8,0.3822,candidate_slots,128
scheduler,scheduler/fixed/fresh/512,8,0.3822,cpu_ms,0.3819999999999969
scheduler,scheduler/fixed/fresh/512,8,0.3822,cpu_percent,99.94531787582105
scheduler,scheduler/fixed/fresh/512,8,0.3822,leases,512
scheduler,scheduler/fixed/fresh/512,8,0.3822,max_leases_per_request,4
scheduler,scheduler/fixed/fresh/512,8,0.3822,max_request_bytes,4194304
scheduler,scheduler/fixed/fresh/512,8,0.3822,micros_per_request,2.98046875
scheduler,scheduler/fixed/fresh/512,8,0.3822,multi_lease_requests,128
scheduler,scheduler/fixed/fresh/512,8,0.3822,planned_bytes,536870912
scheduler,scheduler/fixed/fresh/512,8,0.3822,planned_ranges,134
scheduler,scheduler/fixed/fresh/512,8,0.3822,process_peak_rss_bytes,16433152
scheduler,scheduler/fixed/fresh/512,8,0.3822,requests,128
scheduler,scheduler/fixed/fresh/512,8,0.3822,single_lease_requests,0
scheduler,scheduler/fixed/fresh/512,8,0.3822,total,0.3815
scheduler,scheduler/fixed/fresh/512,8,0.3822,truncated_requests,128
scheduler,scheduler/fixed/fresh/512,9,0.3713,boundary_scans,128
scheduler,scheduler/fixed/fresh/512,9,0.3713,candidate_slots,128
scheduler,scheduler/fixed/fresh/512,9,0.3713,cpu_ms,0.3720000000000008
scheduler,scheduler/fixed/fresh/512,9,0.3713,cpu_percent,100.20202020202039
scheduler,scheduler/fixed/fresh/512,9,0.3713,leases,512
scheduler,scheduler/fixed/fresh/512,9,0.3713,max_leases_per_request,4
scheduler,scheduler/fixed/fresh/512,9,0.3713,max_request_bytes,4194304
scheduler,scheduler/fixed/fresh/512,9,0.3713,micros_per_request,2.8948593750000002
scheduler,scheduler/fixed/fresh/512,9,0.3713,multi_lease_requests,128
scheduler,scheduler/fixed/fresh/512,9,0.3713,planned_bytes,536870912
scheduler,scheduler/fixed/fresh/512,9,0.3713,planned_ranges,134
scheduler,scheduler/fixed/fresh/512,9,0.3713,process_peak_rss_bytes,16433152
scheduler,scheduler/fixed/fresh/512,9,0.3713,requests,128
scheduler,scheduler/fixed/fresh/512,9,0.3713,single_lease_requests,0
scheduler,scheduler/fixed/fresh/512,9,0.3713,total,0.37054200000000004
scheduler,scheduler/fixed/fresh/512,9,0.3713,truncated_requests,128
scheduler,scheduler/dynamic/holes/512,0,0.3417,boundary_scans,132
scheduler,scheduler/dynamic/holes/512,0,0.3417,candidate_slots,132
scheduler,scheduler/dynamic/holes/512,0,0.3417,cpu_ms,0.3419999999999985
scheduler,scheduler/dynamic/holes/512,0,0.3417,cpu_percent,100.08545307689565
scheduler,scheduler/dynamic/holes/512,0,0.3417,leases,384
scheduler,scheduler/dynamic/holes/512,0,0.3417,max_leases_per_request,64
scheduler,scheduler/dynamic/holes/512,0,0.3417,max_request_bytes,67108864
scheduler,scheduler/dynamic/holes/512,0,0.3417,micros_per_request,2.579545454545454
scheduler,scheduler/dynamic/holes/512,0,0.3417,multi_lease_requests,4
scheduler,scheduler/dynamic/holes/512,0,0.3417,planned_bytes,402653184
scheduler,scheduler/dynamic/holes/512,0,0.3417,planned_ranges,138
scheduler,scheduler/dynamic/holes/512,0,0.3417,process_peak_rss_bytes,16482304
scheduler,scheduler/dynamic/holes/512,0,0.3417,requests,132
scheduler,scheduler/dynamic/holes/512,0,0.3417,single_lease_requests,128
scheduler,scheduler/dynamic/holes/512,0,0.3417,total,0.34049999999999997
scheduler,scheduler/dynamic/holes/512,0,0.3417,truncated_requests,4
scheduler,scheduler/dynamic/holes/512,1,0.3295,boundary_scans,132
scheduler,scheduler/dynamic/holes/512,1,0.3295,candidate_slots,132
scheduler,scheduler/dynamic/holes/512,1,0.3295,cpu_ms,0.3289999999999994
scheduler,scheduler/dynamic/holes/512,1,0.3295,cpu_percent,99.84825493171455
scheduler,scheduler/dynamic/holes/512,1,0.3295,leases,384
scheduler,scheduler/dynamic/holes/512,1,0.3295,max_leases_per_request,64
scheduler,scheduler/dynamic/holes/512,1,0.3295,max_request_bytes,67108864
scheduler,scheduler/dynamic/holes/512,1,0.3295,micros_per_request,2.4857954545454546
scheduler,scheduler/dynamic/holes/512,1,0.3295,multi_lease_requests,4
scheduler,scheduler/dynamic/holes/512,1,0.3295,planned_bytes,402653184
scheduler,scheduler/dynamic/holes/512,1,0.3295,planned_ranges,138
scheduler,scheduler/dynamic/holes/512,1,0.3295,process_peak_rss_bytes,16482304
scheduler,scheduler/dynamic/holes/512,1,0.3295,requests,132
scheduler,scheduler/dynamic/holes/512,1,0.3295,single_lease_requests,128
scheduler,scheduler/dynamic/holes/512,1,0.3295,total,0.328125
scheduler,scheduler/dynamic/holes/512,1,0.3295,truncated_requests,4
scheduler,scheduler/dynamic/holes/512,2,0.3270,boundary_scans,132
scheduler,scheduler/dynamic/holes/512,2,0.3270,candidate_slots,132
scheduler,scheduler/dynamic/holes/512,2,0.3270,cpu_ms,0.3280000000000019
scheduler,scheduler/dynamic/holes/512,2,0.3270,cpu_percent,100.29292873698238
scheduler,scheduler/dynamic/holes/512,2,0.3270,leases,384
scheduler,scheduler/dynamic/holes/512,2,0.3270,max_leases_per_request,64
scheduler,scheduler/dynamic/holes/512,2,0.3270,max_request_bytes,67108864
scheduler,scheduler/dynamic/holes/512,2,0.3270,micros_per_request,2.4687499999999996
scheduler,scheduler/dynamic/holes/512,2,0.3270,multi_lease_requests,4
scheduler,scheduler/dynamic/holes/512,2,0.3270,planned_bytes,402653184
scheduler,scheduler/dynamic/holes/512,2,0.3270,planned_ranges,138
scheduler,scheduler/dynamic/holes/512,2,0.3270,process_peak_rss_bytes,16482304
scheduler,scheduler/dynamic/holes/512,2,0.3270,requests,132
scheduler,scheduler/dynamic/holes/512,2,0.3270,single_lease_requests,128
scheduler,scheduler/dynamic/holes/512,2,0.3270,total,0.32587499999999997
scheduler,scheduler/dynamic/holes/512,2,0.3270,truncated_requests,4
scheduler,scheduler/dynamic/holes/512,3,0.3259,boundary_scans,132
scheduler,scheduler/dynamic/holes/512,3,0.3259,candidate_slots,132
scheduler,scheduler/dynamic/holes/512,3,0.3259,cpu_ms,0.3259999999999999
scheduler,scheduler/dynamic/holes/512,3,0.3259,cpu_percent,100.0257735121933
scheduler,scheduler/dynamic/holes/512,3,0.3259,leases,384
scheduler,scheduler/dynamic/holes/512,3,0.3259,max_leases_per_request,64
scheduler,scheduler/dynamic/holes/512,3,0.3259,max_request_bytes,67108864
scheduler,scheduler/dynamic/holes/512,3,0.3259,micros_per_request,2.460227272727273
scheduler,scheduler/dynamic/holes/512,3,0.3259,multi_lease_requests,4
scheduler,scheduler/dynamic/holes/512,3,0.3259,planned_bytes,402653184
scheduler,scheduler/dynamic/holes/512,3,0.3259,planned_ranges,138
scheduler,scheduler/dynamic/holes/512,3,0.3259,process_peak_rss_bytes,16482304
scheduler,scheduler/dynamic/holes/512,3,0.3259,requests,132
scheduler,scheduler/dynamic/holes/512,3,0.3259,single_lease_requests,128
scheduler,scheduler/dynamic/holes/512,3,0.3259,total,0.32475
scheduler,scheduler/dynamic/holes/512,3,0.3259,truncated_requests,4
scheduler,scheduler/dynamic/holes/512,4,0.3249,boundary_scans,132
scheduler,scheduler/dynamic/holes/512,4,0.3249,candidate_slots,132
scheduler,scheduler/dynamic/holes/512,4,0.3249,cpu_ms,0.3250000000000024
scheduler,scheduler/dynamic/holes/512,4,0.3249,cpu_percent,100.02554498533547
scheduler,scheduler/dynamic/holes/512,4,0.3249,leases,384
scheduler,scheduler/dynamic/holes/512,4,0.3249,max_leases_per_request,64
scheduler,scheduler/dynamic/holes/512,4,0.3249,max_request_bytes,67108864
scheduler,scheduler/dynamic/holes/512,4,0.3249,micros_per_request,2.4510757575757576
scheduler,scheduler/dynamic/holes/512,4,0.3249,multi_lease_requests,4
scheduler,scheduler/dynamic/holes/512,4,0.3249,planned_bytes,402653184
scheduler,scheduler/dynamic/holes/512,4,0.3249,planned_ranges,138
scheduler,scheduler/dynamic/holes/512,4,0.3249,process_peak_rss_bytes,16482304
scheduler,scheduler/dynamic/holes/512,4,0.3249,requests,132
scheduler,scheduler/dynamic/holes/512,4,0.3249,single_lease_requests,128
scheduler,scheduler/dynamic/holes/512,4,0.3249,total,0.323542
scheduler,scheduler/dynamic/holes/512,4,0.3249,truncated_requests,4
scheduler,scheduler/dynamic/holes/512,5,0.3246,boundary_scans,132
scheduler,scheduler/dynamic/holes/512,5,0.3246,candidate_slots,132
scheduler,scheduler/dynamic/holes/512,5,0.3246,cpu_ms,0.3250000000000024
scheduler,scheduler/dynamic/holes/512,5,0.3246,cpu_percent,100.11551790527606
scheduler,scheduler/dynamic/holes/512,5,0.3246,leases,384
scheduler,scheduler/dynamic/holes/512,5,0.3246,max_leases_per_request,64
scheduler,scheduler/dynamic/holes/512,5,0.3246,max_request_bytes,67108864
scheduler,scheduler/dynamic/holes/512,5,0.3246,micros_per_request,2.449181818181818
scheduler,scheduler/dynamic/holes/512,5,0.3246,multi_lease_requests,4
scheduler,scheduler/dynamic/holes/512,5,0.3246,planned_bytes,402653184
scheduler,scheduler/dynamic/holes/512,5,0.3246,planned_ranges,138
scheduler,scheduler/dynamic/holes/512,5,0.3246,process_peak_rss_bytes,16482304
scheduler,scheduler/dynamic/holes/512,5,0.3246,requests,132
scheduler,scheduler/dynamic/holes/512,5,0.3246,single_lease_requests,128
scheduler,scheduler/dynamic/holes/512,5,0.3246,total,0.32329199999999997
scheduler,scheduler/dynamic/holes/512,5,0.3246,truncated_requests,4
scheduler,scheduler/dynamic/holes/512,6,0.3302,boundary_scans,132
scheduler,scheduler/dynamic/holes/512,6,0.3302,candidate_slots,132
scheduler,scheduler/dynamic/holes/512,6,0.3302,cpu_ms,0.3310000000000014
scheduler,scheduler/dynamic/holes/512,6,0.3302,cpu_percent,100.25229656507204
scheduler,scheduler/dynamic/holes/512,6,0.3302,leases,384
scheduler,scheduler/dynamic/holes/512,6,0.3302,max_leases_per_request,64
scheduler,scheduler/dynamic/holes/512,6,0.3302,max_request_bytes,67108864
scheduler,scheduler/dynamic/holes/512,6,0.3302,micros_per_request,2.493060606060606
scheduler,scheduler/dynamic/holes/512,6,0.3302,multi_lease_requests,4
scheduler,scheduler/dynamic/holes/512,6,0.3302,planned_bytes,402653184
scheduler,scheduler/dynamic/holes/512,6,0.3302,planned_ranges,138
scheduler,scheduler/dynamic/holes/512,6,0.3302,process_peak_rss_bytes,16482304
scheduler,scheduler/dynamic/holes/512,6,0.3302,requests,132
scheduler,scheduler/dynamic/holes/512,6,0.3302,single_lease_requests,128
scheduler,scheduler/dynamic/holes/512,6,0.3302,total,0.329084
scheduler,scheduler/dynamic/holes/512,6,0.3302,truncated_requests,4
scheduler,scheduler/dynamic/holes/512,7,0.3275,boundary_scans,132
scheduler,scheduler/dynamic/holes/512,7,0.3275,candidate_slots,132
scheduler,scheduler/dynamic/holes/512,7,0.3275,cpu_ms,0.3289999999999994
scheduler,scheduler/dynamic/holes/512,7,0.3275,cpu_percent,100.45801526717538
scheduler,scheduler/dynamic/holes/512,7,0.3275,leases,384
scheduler,scheduler/dynamic/holes/512,7,0.3275,max_leases_per_request,64
scheduler,scheduler/dynamic/holes/512,7,0.3275,max_request_bytes,67108864
scheduler,scheduler/dynamic/holes/512,7,0.3275,micros_per_request,2.461810606060606
scheduler,scheduler/dynamic/holes/512,7,0.3275,multi_lease_requests,4
scheduler,scheduler/dynamic/holes/512,7,0.3275,planned_bytes,402653184
scheduler,scheduler/dynamic/holes/512,7,0.3275,planned_ranges,138
scheduler,scheduler/dynamic/holes/512,7,0.3275,process_peak_rss_bytes,16498688
scheduler,scheduler/dynamic/holes/512,7,0.3275,requests,132
scheduler,scheduler/dynamic/holes/512,7,0.3275,single_lease_requests,128
scheduler,scheduler/dynamic/holes/512,7,0.3275,total,0.324959
scheduler,scheduler/dynamic/holes/512,7,0.3275,truncated_requests,4
scheduler,scheduler/dynamic/holes/512,8,0.3250,boundary_scans,132
scheduler,scheduler/dynamic/holes/512,8,0.3250,candidate_slots,132
scheduler,scheduler/dynamic/holes/512,8,0.3250,cpu_ms,0.3259999999999999
scheduler,scheduler/dynamic/holes/512,8,0.3250,cpu_percent,100.32034810545326
scheduler,scheduler/dynamic/holes/512,8,0.3250,leases,384
scheduler,scheduler/dynamic/holes/512,8,0.3250,max_leases_per_request,64
scheduler,scheduler/dynamic/holes/512,8,0.3250,max_request_bytes,67108864
scheduler,scheduler/dynamic/holes/512,8,0.3250,micros_per_request,2.453280303030303
scheduler,scheduler/dynamic/holes/512,8,0.3250,multi_lease_requests,4
scheduler,scheduler/dynamic/holes/512,8,0.3250,planned_bytes,402653184
scheduler,scheduler/dynamic/holes/512,8,0.3250,planned_ranges,138
scheduler,scheduler/dynamic/holes/512,8,0.3250,process_peak_rss_bytes,16498688
scheduler,scheduler/dynamic/holes/512,8,0.3250,requests,132
scheduler,scheduler/dynamic/holes/512,8,0.3250,single_lease_requests,128
scheduler,scheduler/dynamic/holes/512,8,0.3250,total,0.323833
scheduler,scheduler/dynamic/holes/512,8,0.3250,truncated_requests,4
scheduler,scheduler/dynamic/holes/512,9,0.3280,boundary_scans,132
scheduler,scheduler/dynamic/holes/512,9,0.3280,candidate_slots,132
scheduler,scheduler/dynamic/holes/512,9,0.3280,cpu_ms,0.3279999999999984
scheduler,scheduler/dynamic/holes/512,9,0.3280,cpu_percent,100.01280651790731
scheduler,scheduler/dynamic/holes/512,9,0.3280,leases,384
scheduler,scheduler/dynamic/holes/512,9,0.3280,max_leases_per_request,64
scheduler,scheduler/dynamic/holes/512,9,0.3280,max_request_bytes,67108864
scheduler,scheduler/dynamic/holes/512,9,0.3280,micros_per_request,2.47475
scheduler,scheduler/dynamic/holes/512,9,0.3280,multi_lease_requests,4
scheduler,scheduler/dynamic/holes/512,9,0.3280,planned_bytes,402653184
scheduler,scheduler/dynamic/holes/512,9,0.3280,planned_ranges,138
scheduler,scheduler/dynamic/holes/512,9,0.3280,process_peak_rss_bytes,16498688
scheduler,scheduler/dynamic/holes/512,9,0.3280,requests,132
scheduler,scheduler/dynamic/holes/512,9,0.3280,single_lease_requests,128
scheduler,scheduler/dynamic/holes/512,9,0.3280,total,0.326667
scheduler,scheduler/dynamic/holes/512,9,0.3280,truncated_requests,4
scheduler,scheduler/fixed/holes/512,0,0.1383,boundary_scans,192
scheduler,scheduler/fixed/holes/512,0,0.1383,candidate_slots,192
scheduler,scheduler/fixed/holes/512,0,0.1383,cpu_ms,0.13900000000000023
scheduler,scheduler/fixed/holes/512,0,0.1383,cpu_percent,100.5424954792045
scheduler,scheduler/fixed/holes/512,0,0.1383,leases,384
scheduler,scheduler/fixed/holes/512,0,0.1383,max_leases_per_request,4
scheduler,scheduler/fixed/holes/512,0,0.1383,max_request_bytes,4194304
scheduler,scheduler/fixed/holes/512,0,0.1383,micros_per_request,0.7137604166666667
scheduler,scheduler/fixed/holes/512,0,0.1383,multi_lease_requests,64
scheduler,scheduler/fixed/holes/512,0,0.1383,planned_bytes,402653184
scheduler,scheduler/fixed/holes/512,0,0.1383,planned_ranges,198
scheduler,scheduler/fixed/holes/512,0,0.1383,process_peak_rss_bytes,16498688
scheduler,scheduler/fixed/holes/512,0,0.1383,requests,192
scheduler,scheduler/fixed/holes/512,0,0.1383,single_lease_requests,128
scheduler,scheduler/fixed/holes/512,0,0.1383,total,0.137042
scheduler,scheduler/fixed/holes/512,0,0.1383,truncated_requests,192
scheduler,scheduler/fixed/holes/512,1,0.1378,boundary_scans,192
scheduler,scheduler/fixed/holes/512,1,0.1378,candidate_slots,192
scheduler,scheduler/fixed/holes/512,1,0.1378,cpu_ms,0.1380000000000027
scheduler,scheduler/fixed/holes/512,1,0.1378,cpu_percent,100.12043472583157
scheduler,scheduler/fixed/holes/512,1,0.1378,leases,384
scheduler,scheduler/fixed/holes/512,1,0.1378,max_leases_per_request,4
scheduler,scheduler/fixed/holes/512,1,0.1378,max_request_bytes,4194304
scheduler,scheduler/fixed/holes/512,1,0.1378,micros_per_request,0.7122395833333331
scheduler,scheduler/fixed/holes/512,1,0.1378,multi_lease_requests,64
scheduler,scheduler/fixed/holes/512,1,0.1378,planned_bytes,402653184
scheduler,scheduler/fixed/holes/512,1,0.1378,planned_ranges,198
scheduler,scheduler/fixed/holes/512,1,0.1378,process_peak_rss_bytes,16498688
scheduler,scheduler/fixed/holes/512,1,0.1378,requests,192
scheduler,scheduler/fixed/holes/512,1,0.1378,single_lease_requests,128
scheduler,scheduler/fixed/holes/512,1,0.1378,total,0.13674999999999998
scheduler,scheduler/fixed/holes/512,1,0.1378,truncated_requests,192
scheduler,scheduler/fixed/holes/512,2,0.1365,boundary_scans,192
scheduler,scheduler/fixed/holes/512,2,0.1365,candidate_slots,192
scheduler,scheduler/fixed/holes/512,2,0.1365,cpu_ms,0.1370000000000017
scheduler,scheduler/fixed/holes/512,2,0.1365,cpu_percent,100.39645607838376
scheduler,scheduler/fixed/holes/512,2,0.1365,leases,384
scheduler,scheduler/fixed/holes/512,2,0.1365,max_leases_per_request,4
scheduler,scheduler/fixed/holes/512,2,0.1365,max_request_bytes,4194304
scheduler,scheduler/fixed/holes/512,2,0.1365,micros_per_request,0.7048593749999998
scheduler,scheduler/fixed/holes/512,2,0.1365,multi_lease_requests,64
scheduler,scheduler/fixed/holes/512,2,0.1365,planned_bytes,402653184
scheduler,scheduler/fixed/holes/512,2,0.1365,planned_ranges,198
scheduler,scheduler/fixed/holes/512,2,0.1365,process_peak_rss_bytes,16498688
scheduler,scheduler/fixed/holes/512,2,0.1365,requests,192
scheduler,scheduler/fixed/holes/512,2,0.1365,single_lease_requests,128
scheduler,scheduler/fixed/holes/512,2,0.1365,total,0.13533299999999998
scheduler,scheduler/fixed/holes/512,2,0.1365,truncated_requests,192
scheduler,scheduler/fixed/holes/512,3,0.1371,boundary_scans,192
scheduler,scheduler/fixed/holes/512,3,0.1371,candidate_slots,192
scheduler,scheduler/fixed/holes/512,3,0.1371,cpu_ms,0.13799999999999923
scheduler,scheduler/fixed/holes/512,3,0.1371,cpu_percent,100.66893779680866
scheduler,scheduler/fixed/holes/512,3,0.1371,leases,384
scheduler,scheduler/fixed/holes/512,3,0.1371,max_leases_per_request,4
scheduler,scheduler/fixed/holes/512,3,0.1371,max_request_bytes,4194304
scheduler,scheduler/fixed/holes/512,3,0.1371,micros_per_request,0.7081145833333333
scheduler,scheduler/fixed/holes/512,3,0.1371,multi_lease_requests,64
scheduler,scheduler/fixed/holes/512,3,0.1371,planned_bytes,402653184
scheduler,scheduler/fixed/holes/512,3,0.1371,planned_ranges,198
scheduler,scheduler/fixed/holes/512,3,0.1371,process_peak_rss_bytes,16498688
scheduler,scheduler/fixed/holes/512,3,0.1371,requests,192
scheduler,scheduler/fixed/holes/512,3,0.1371,single_lease_requests,128
scheduler,scheduler/fixed/holes/512,3,0.1371,total,0.135958
scheduler,scheduler/fixed/holes/512,3,0.1371,truncated_requests,192
scheduler,scheduler/fixed/holes/512,4,0.1370,boundary_scans,192
scheduler,scheduler/fixed/holes/512,4,0.1370,candidate_slots,192
scheduler,scheduler/fixed/holes/512,4,0.1370,cpu_ms,0.13799999999999923
scheduler,scheduler/fixed/holes/512,4,0.1370,cpu_percent,100.7608171848298
scheduler,scheduler/fixed/holes/512,4,0.1370,leases,384
scheduler,scheduler/fixed/holes/512,4,0.1370,max_leases_per_request,4
scheduler,scheduler/fixed/holes/512,4,0.1370,max_request_bytes,4194304
scheduler,scheduler/fixed/holes/512,4,0.1370,micros_per_request,0.70725
scheduler,scheduler/fixed/holes/512,4,0.1370,multi_lease_requests,64
scheduler,scheduler/fixed/holes/512,4,0.1370,planned_bytes,402653184
scheduler,scheduler/fixed/holes/512,4,0.1370,planned_ranges,198
scheduler,scheduler/fixed/holes/512,4,0.1370,process_peak_rss_bytes,16498688
scheduler,scheduler/fixed/holes/512,4,0.1370,requests,192
scheduler,scheduler/fixed/holes/512,4,0.1370,single_lease_requests,128
scheduler,scheduler/fixed/holes/512,4,0.1370,total,0.135792
scheduler,scheduler/fixed/holes/512,4,0.1370,truncated_requests,192
scheduler,scheduler/fixed/holes/512,5,0.1355,boundary_scans,192
scheduler,scheduler/fixed/holes/512,5,0.1355,candidate_slots,192
scheduler,scheduler/fixed/holes/512,5,0.1355,cpu_ms,0.1349999999999997
scheduler,scheduler/fixed/holes/512,5,0.1355,cpu_percent,99.60012394682069
scheduler,scheduler/fixed/holes/512,5,0.1355,leases,384
scheduler,scheduler/fixed/holes/512,5,0.1355,max_leases_per_request,4
scheduler,scheduler/fixed/holes/512,5,0.1355,max_request_bytes,4194304
scheduler,scheduler/fixed/holes/512,5,0.1355,micros_per_request,0.7000885416666667
scheduler,scheduler/fixed/holes/512,5,0.1355,multi_lease_requests,64
scheduler,scheduler/fixed/holes/512,5,0.1355,planned_bytes,402653184
scheduler,scheduler/fixed/holes/512,5,0.1355,planned_ranges,198
scheduler,scheduler/fixed/holes/512,5,0.1355,process_peak_rss_bytes,16498688
scheduler,scheduler/fixed/holes/512,5,0.1355,requests,192
scheduler,scheduler/fixed/holes/512,5,0.1355,single_lease_requests,128
scheduler,scheduler/fixed/holes/512,5,0.1355,total,0.134417
scheduler,scheduler/fixed/holes/512,5,0.1355,truncated_requests,192
scheduler,scheduler/fixed/holes/512,6,0.1453,boundary_scans,192
scheduler,scheduler/fixed/holes/512,6,0.1453,candidate_slots,192
scheduler,scheduler/fixed/holes/512,6,0.1453,cpu_ms,0.1460000000000003
scheduler,scheduler/fixed/holes/512,6,0.1453,cpu_percent,100.45894600675709
scheduler,scheduler/fixed/holes/512,6,0.1453,leases,384
scheduler,scheduler/fixed/holes/512,6,0.1453,max_leases_per_request,4
scheduler,scheduler/fixed/holes/512,6,0.1453,max_request_bytes,4194304
scheduler,scheduler/fixed/holes/512,6,0.1453,micros_per_request,0.7508645833333333
scheduler,scheduler/fixed/holes/512,6,0.1453,multi_lease_requests,64
scheduler,scheduler/fixed/holes/512,6,0.1453,planned_bytes,402653184
scheduler,scheduler/fixed/holes/512,6,0.1453,planned_ranges,198
scheduler,scheduler/fixed/holes/512,6,0.1453,process_peak_rss_bytes,16498688
scheduler,scheduler/fixed/holes/512,6,0.1453,requests,192
scheduler,scheduler/fixed/holes/512,6,0.1453,single_lease_requests,128
scheduler,scheduler/fixed/holes/512,6,0.1453,total,0.144166
scheduler,scheduler/fixed/holes/512,6,0.1453,truncated_requests,192
scheduler,scheduler/fixed/holes/512,7,0.1383,boundary_scans,192
scheduler,scheduler/fixed/holes/512,7,0.1383,candidate_slots,192
scheduler,scheduler/fixed/holes/512,7,0.1383,cpu_ms,0.13900000000000023
scheduler,scheduler/fixed/holes/512,7,0.1383,cpu_percent,100.5424954792045
scheduler,scheduler/fixed/holes/512,7,0.1383,leases,384
scheduler,scheduler/fixed/holes/512,7,0.1383,max_leases_per_request,4
scheduler,scheduler/fixed/holes/512,7,0.1383,max_request_bytes,4194304
scheduler,scheduler/fixed/holes/512,7,0.1383,micros_per_request,0.7137552083333333
scheduler,scheduler/fixed/holes/512,7,0.1383,multi_lease_requests,64
scheduler,scheduler/fixed/holes/512,7,0.1383,planned_bytes,402653184
scheduler,scheduler/fixed/holes/512,7,0.1383,planned_ranges,198
scheduler,scheduler/fixed/holes/512,7,0.1383,process_peak_rss_bytes,16498688
scheduler,scheduler/fixed/holes/512,7,0.1383,requests,192
scheduler,scheduler/fixed/holes/512,7,0.1383,single_lease_requests,128
scheduler,scheduler/fixed/holes/512,7,0.1383,total,0.137041
scheduler,scheduler/fixed/holes/512,7,0.1383,truncated_requests,192
scheduler,scheduler/fixed/holes/512,8,0.1362,boundary_scans,192
scheduler,scheduler/fixed/holes/512,8,0.1362,candidate_slots,192
scheduler,scheduler/fixed/holes/512,8,0.1362,cpu_ms,0.1360000000000007
scheduler,scheduler/fixed/holes/512,8,0.1362,cpu_percent,99.84729237636608
scheduler,scheduler/fixed/holes/512,8,0.1362,leases,384
scheduler,scheduler/fixed/holes/512,8,0.1362,max_leases_per_request,4
scheduler,scheduler/fixed/holes/512,8,0.1362,max_request_bytes,4194304
scheduler,scheduler/fixed/holes/512,8,0.1362,micros_per_request,0.703125
scheduler,scheduler/fixed/holes/512,8,0.1362,multi_lease_requests,64
scheduler,scheduler/fixed/holes/512,8,0.1362,planned_bytes,402653184
scheduler,scheduler/fixed/holes/512,8,0.1362,planned_ranges,198
scheduler,scheduler/fixed/holes/512,8,0.1362,process_peak_rss_bytes,16498688
scheduler,scheduler/fixed/holes/512,8,0.1362,requests,192
scheduler,scheduler/fixed/holes/512,8,0.1362,single_lease_requests,128
scheduler,scheduler/fixed/holes/512,8,0.1362,total,0.135
scheduler,scheduler/fixed/holes/512,8,0.1362,truncated_requests,192
scheduler,scheduler/fixed/holes/512,9,0.1371,boundary_scans,192
scheduler,scheduler/fixed/holes/512,9,0.1371,candidate_slots,192
scheduler,scheduler/fixed/holes/512,9,0.1371,cpu_ms,0.13699999999999823
scheduler,scheduler/fixed/holes/512,9,0.1371,cpu_percent,99.93945274030932
scheduler,scheduler/fixed/holes/512,9,0.1371,leases,384
scheduler,scheduler/fixed/holes/512,9,0.1371,max_leases_per_request,4
scheduler,scheduler/fixed/holes/512,9,0.1371,max_request_bytes,4194304
scheduler,scheduler/fixed/holes/512,9,0.1371,micros_per_request,0.7079010416666666
scheduler,scheduler/fixed/holes/512,9,0.1371,multi_lease_requests,64
scheduler,scheduler/fixed/holes/512,9,0.1371,planned_bytes,402653184
scheduler,scheduler/fixed/holes/512,9,0.1371,planned_ranges,198
scheduler,scheduler/fixed/holes/512,9,0.1371,process_peak_rss_bytes,16498688
scheduler,scheduler/fixed/holes/512,9,0.1371,requests,192
scheduler,scheduler/fixed/holes/512,9,0.1371,single_lease_requests,128
scheduler,scheduler/fixed/holes/512,9,0.1371,total,0.13591699999999998
scheduler,scheduler/fixed/holes/512,9,0.1371,truncated_requests,192
scheduler,scheduler/dynamic/resumed_suffix/512,0,0.0644,boundary_scans,6
scheduler,scheduler/dynamic/resumed_suffix/512,0,0.0644,candidate_slots,12
scheduler,scheduler/dynamic/resumed_suffix/512,0,0.0644,cpu_ms,0.06400000000000156
scheduler,scheduler/dynamic/resumed_suffix/512,0,0.0644,cpu_percent,99.41747572815775
scheduler,scheduler/dynamic/resumed_suffix/512,0,0.0644,leases,383
scheduler,scheduler/dynamic/resumed_suffix/512,0,0.0644,max_leases_per_request,64
scheduler,scheduler/dynamic/resumed_suffix/512,0,0.0644,max_request_bytes,67108864
scheduler,scheduler/dynamic/resumed_suffix/512,0,0.0644,micros_per_request,10.493
scheduler,scheduler/dynamic/resumed_suffix/512,0,0.0644,multi_lease_requests,6
scheduler,scheduler/dynamic/resumed_suffix/512,0,0.0644,planned_bytes,401604608
scheduler,scheduler/dynamic/resumed_suffix/512,0,0.0644,planned_ranges,12
scheduler,scheduler/dynamic/resumed_suffix/512,0,0.0644,process_peak_rss_bytes,16498688
scheduler,scheduler/dynamic/resumed_suffix/512,0,0.0644,requests,6
scheduler,scheduler/dynamic/resumed_suffix/512,0,0.0644,single_lease_requests,0
scheduler,scheduler/dynamic/resumed_suffix/512,0,0.0644,total,0.062958
scheduler,scheduler/dynamic/resumed_suffix/512,0,0.0644,truncated_requests,5
scheduler,scheduler/dynamic/resumed_suffix/512,1,0.0655,boundary_scans,6
scheduler,scheduler/dynamic/resumed_suffix/512,1,0.0655,candidate_slots,12
scheduler,scheduler/dynamic/resumed_suffix/512,1,0.0655,cpu_ms,0.06600000000000009
scheduler,scheduler/dynamic/resumed_suffix/512,1,0.0655,cpu_percent,100.69878856305893
scheduler,scheduler/dynamic/resumed_suffix/512,1,0.0655,leases,383
scheduler,scheduler/dynamic/resumed_suffix/512,1,0.0655,max_leases_per_request,64
scheduler,scheduler/dynamic/resumed_suffix/512,1,0.0655,max_request_bytes,67108864
scheduler,scheduler/dynamic/resumed_suffix/512,1,0.0655,micros_per_request,10.6875
scheduler,scheduler/dynamic/resumed_suffix/512,1,0.0655,multi_lease_requests,6
scheduler,scheduler/dynamic/resumed_suffix/512,1,0.0655,planned_bytes,401604608
scheduler,scheduler/dynamic/resumed_suffix/512,1,0.0655,planned_ranges,12
scheduler,scheduler/dynamic/resumed_suffix/512,1,0.0655,process_peak_rss_bytes,16498688
scheduler,scheduler/dynamic/resumed_suffix/512,1,0.0655,requests,6
scheduler,scheduler/dynamic/resumed_suffix/512,1,0.0655,single_lease_requests,0
scheduler,scheduler/dynamic/resumed_suffix/512,1,0.0655,total,0.064125
scheduler,scheduler/dynamic/resumed_suffix/512,1,0.0655,truncated_requests,5
scheduler,scheduler/dynamic/resumed_suffix/512,2,0.0635,boundary_scans,6
scheduler,scheduler/dynamic/resumed_suffix/512,2,0.0635,candidate_slots,12
scheduler,scheduler/dynamic/resumed_suffix/512,2,0.0635,cpu_ms,0.06399999999999809
scheduler,scheduler/dynamic/resumed_suffix/512,2,0.0635,cpu_percent,100.72078310408561
scheduler,scheduler/dynamic/resumed_suffix/512,2,0.0635,leases,383
scheduler,scheduler/dynamic/resumed_suffix/512,2,0.0635,max_leases_per_request,64
scheduler,scheduler/dynamic/resumed_suffix/512,2,0.0635,max_request_bytes,67108864
scheduler,scheduler/dynamic/resumed_suffix/512,2,0.0635,micros_per_request,10.374999999999998
scheduler,scheduler/dynamic/resumed_suffix/512,2,0.0635,multi_lease_requests,6
scheduler,scheduler/dynamic/resumed_suffix/512,2,0.0635,planned_bytes,401604608
scheduler,scheduler/dynamic/resumed_suffix/512,2,0.0635,planned_ranges,12
scheduler,scheduler/dynamic/resumed_suffix/512,2,0.0635,process_peak_rss_bytes,16498688
scheduler,scheduler/dynamic/resumed_suffix/512,2,0.0635,requests,6
scheduler,scheduler/dynamic/resumed_suffix/512,2,0.0635,single_lease_requests,0
scheduler,scheduler/dynamic/resumed_suffix/512,2,0.0635,total,0.06224999999999999
scheduler,scheduler/dynamic/resumed_suffix/512,2,0.0635,truncated_requests,5
scheduler,scheduler/dynamic/resumed_suffix/512,3,0.0625,boundary_scans,6
scheduler,scheduler/dynamic/resumed_suffix/512,3,0.0625,candidate_slots,12
scheduler,scheduler/dynamic/resumed_suffix/512,3,0.0625,cpu_ms,0.06300000000000056
scheduler,scheduler/dynamic/resumed_suffix/512,3,0.0625,cpu_percent,100.73230788909942
scheduler,scheduler/dynamic/resumed_suffix/512,3,0.0625,leases,383
scheduler,scheduler/dynamic/resumed_suffix/512,3,0.0625,max_leases_per_request,64
scheduler,scheduler/dynamic/resumed_suffix/512,3,0.0625,max_request_bytes,67108864
scheduler,scheduler/dynamic/resumed_suffix/512,3,0.0625,micros_per_request,10.194500000000001
scheduler,scheduler/dynamic/resumed_suffix/512,3,0.0625,multi_lease_requests,6
scheduler,scheduler/dynamic/resumed_suffix/512,3,0.0625,planned_bytes,401604608
scheduler,scheduler/dynamic/resumed_suffix/512,3,0.0625,planned_ranges,12
scheduler,scheduler/dynamic/resumed_suffix/512,3,0.0625,process_peak_rss_bytes,16498688
scheduler,scheduler/dynamic/resumed_suffix/512,3,0.0625,requests,6
scheduler,scheduler/dynamic/resumed_suffix/512,3,0.0625,single_lease_requests,0
scheduler,scheduler/dynamic/resumed_suffix/512,3,0.0625,total,0.061167000000000006
scheduler,scheduler/dynamic/resumed_suffix/512,3,0.0625,truncated_requests,5
scheduler,scheduler/dynamic/resumed_suffix/512,4,0.0594,boundary_scans,6
scheduler,scheduler/dynamic/resumed_suffix/512,4,0.0594,candidate_slots,12
scheduler,scheduler/dynamic/resumed_suffix/512,4,0.0594,cpu_ms,0.060999999999998555
scheduler,scheduler/dynamic/resumed_suffix/512,4,0.0594,cpu_percent,102.73684210526073
scheduler,scheduler/dynamic/resumed_suffix/512,4,0.0594,leases,383
scheduler,scheduler/dynamic/resumed_suffix/512,4,0.0594,max_leases_per_request,64
scheduler,scheduler/dynamic/resumed_suffix/512,4,0.0594,max_request_bytes,67108864
scheduler,scheduler/dynamic/resumed_suffix/512,4,0.0594,micros_per_request,9.708333333333332
scheduler,scheduler/dynamic/resumed_suffix/512,4,0.0594,multi_lease_requests,6
scheduler,scheduler/dynamic/resumed_suffix/512,4,0.0594,planned_bytes,401604608
scheduler,scheduler/dynamic/resumed_suffix/512,4,0.0594,planned_ranges,12
scheduler,scheduler/dynamic/resumed_suffix/512,4,0.0594,process_peak_rss_bytes,16498688
scheduler,scheduler/dynamic/resumed_suffix/512,4,0.0594,requests,6
scheduler,scheduler/dynamic/resumed_suffix/512,4,0.0594,single_lease_requests,0
scheduler,scheduler/dynamic/resumed_suffix/512,4,0.0594,total,0.058249999999999996
scheduler,scheduler/dynamic/resumed_suffix/512,4,0.0594,truncated_requests,5
scheduler,scheduler/dynamic/resumed_suffix/512,5,0.0551,boundary_scans,6
scheduler,scheduler/dynamic/resumed_suffix/512,5,0.0551,candidate_slots,12
scheduler,scheduler/dynamic/resumed_suffix/512,5,0.0551,cpu_ms,0.05500000000000296
scheduler,scheduler/dynamic/resumed_suffix/512,5,0.0551,cpu_percent,99.77324263039087
scheduler,scheduler/dynamic/resumed_suffix/512,5,0.0551,leases,383
scheduler,scheduler/dynamic/resumed_suffix/512,5,0.0551,max_leases_per_request,64
scheduler,scheduler/dynamic/resumed_suffix/512,5,0.0551,max_request_bytes,67108864
scheduler,scheduler/dynamic/resumed_suffix/512,5,0.0551,micros_per_request,8.736166666666668
scheduler,scheduler/dynamic/resumed_suffix/512,5,0.0551,multi_lease_requests,6
scheduler,scheduler/dynamic/resumed_suffix/512,5,0.0551,planned_bytes,401604608
scheduler,scheduler/dynamic/resumed_suffix/512,5,0.0551,planned_ranges,12
scheduler,scheduler/dynamic/resumed_suffix/512,5,0.0551,process_peak_rss_bytes,16515072
scheduler,scheduler/dynamic/resumed_suffix/512,5,0.0551,requests,6
scheduler,scheduler/dynamic/resumed_suffix/512,5,0.0551,single_lease_requests,0
scheduler,scheduler/dynamic/resumed_suffix/512,5,0.0551,total,0.052417000000000005
scheduler,scheduler/dynamic/resumed_suffix/512,5,0.0551,truncated_requests,5
scheduler,scheduler/dynamic/resumed_suffix/512,6,0.0543,boundary_scans,6
scheduler,scheduler/dynamic/resumed_suffix/512,6,0.0543,candidate_slots,12
scheduler,scheduler/dynamic/resumed_suffix/512,6,0.0543,cpu_ms,0.053999999999998494
scheduler,scheduler/dynamic/resumed_suffix/512,6,0.0543,cpu_percent,99.46216753849276
scheduler,scheduler/dynamic/resumed_suffix/512,6,0.0543,leases,383
scheduler,scheduler/dynamic/resumed_suffix/512,6,0.0543,max_leases_per_request,64
scheduler,scheduler/dynamic/resumed_suffix/512,6,0.0543,max_request_bytes,67108864
scheduler,scheduler/dynamic/resumed_suffix/512,6,0.0543,micros_per_request,8.875
scheduler,scheduler/dynamic/resumed_suffix/512,6,0.0543,multi_lease_requests,6
scheduler,scheduler/dynamic/resumed_suffix/512,6,0.0543,planned_bytes,401604608
scheduler,scheduler/dynamic/resumed_suffix/512,6,0.0543,planned_ranges,12
scheduler,scheduler/dynamic/resumed_suffix/512,6,0.0543,process_peak_rss_bytes,16515072
scheduler,scheduler/dynamic/resumed_suffix/512,6,0.0543,requests,6
scheduler,scheduler/dynamic/resumed_suffix/512,6,0.0543,single_lease_requests,0
scheduler,scheduler/dynamic/resumed_suffix/512,6,0.0543,total,0.05325
scheduler,scheduler/dynamic/resumed_suffix/512,6,0.0543,truncated_requests,5
scheduler,scheduler/dynamic/resumed_suffix/512,7,0.0540,boundary_scans,6
scheduler,scheduler/dynamic/resumed_suffix/512,7,0.0540,candidate_slots,12
scheduler,scheduler/dynamic/resumed_suffix/512,7,0.0540,cpu_ms,0.053999999999998494
scheduler,scheduler/dynamic/resumed_suffix/512,7,0.0540,cpu_percent,99.99999999999721
scheduler,scheduler/dynamic/resumed_suffix/512,7,0.0540,leases,383
scheduler,scheduler/dynamic/resumed_suffix/512,7,0.0540,max_leases_per_request,64
scheduler,scheduler/dynamic/resumed_suffix/512,7,0.0540,max_request_bytes,67108864
scheduler,scheduler/dynamic/resumed_suffix/512,7,0.0540,micros_per_request,8.833333333333334
scheduler,scheduler/dynamic/resumed_suffix/512,7,0.0540,multi_lease_requests,6
scheduler,scheduler/dynamic/resumed_suffix/512,7,0.0540,planned_bytes,401604608
scheduler,scheduler/dynamic/resumed_suffix/512,7,0.0540,planned_ranges,12
scheduler,scheduler/dynamic/resumed_suffix/512,7,0.0540,process_peak_rss_bytes,16515072
scheduler,scheduler/dynamic/resumed_suffix/512,7,0.0540,requests,6
scheduler,scheduler/dynamic/resumed_suffix/512,7,0.0540,single_lease_requests,0
scheduler,scheduler/dynamic/resumed_suffix/512,7,0.0540,total,0.053
scheduler,scheduler/dynamic/resumed_suffix/512,7,0.0540,truncated_requests,5
scheduler,scheduler/dynamic/resumed_suffix/512,8,0.0538,boundary_scans,6
scheduler,scheduler/dynamic/resumed_suffix/512,8,0.0538,candidate_slots,12
scheduler,scheduler/dynamic/resumed_suffix/512,8,0.0538,cpu_ms,0.054999999999999494
scheduler,scheduler/dynamic/resumed_suffix/512,8,0.0538,cpu_percent,102.16591744993777
scheduler,scheduler/dynamic/resumed_suffix/512,8,0.0538,leases,383
scheduler,scheduler/dynamic/resumed_suffix/512,8,0.0538,max_leases_per_request,64
scheduler,scheduler/dynamic/resumed_suffix/512,8,0.0538,max_request_bytes,67108864
scheduler,scheduler/dynamic/resumed_suffix/512,8,0.0538,micros_per_request,8.8055
scheduler,scheduler/dynamic/resumed_suffix/512,8,0.0538,multi_lease_requests,6
scheduler,scheduler/dynamic/resumed_suffix/512,8,0.0538,planned_bytes,401604608
scheduler,scheduler/dynamic/resumed_suffix/512,8,0.0538,planned_ranges,12
scheduler,scheduler/dynamic/resumed_suffix/512,8,0.0538,process_peak_rss_bytes,16515072
scheduler,scheduler/dynamic/resumed_suffix/512,8,0.0538,requests,6
scheduler,scheduler/dynamic/resumed_suffix/512,8,0.0538,single_lease_requests,0
scheduler,scheduler/dynamic/resumed_suffix/512,8,0.0538,total,0.052833
scheduler,scheduler/dynamic/resumed_suffix/512,8,0.0538,truncated_requests,5
scheduler,scheduler/dynamic/resumed_suffix/512,9,0.0551,boundary_scans,6
scheduler,scheduler/dynamic/resumed_suffix/512,9,0.0551,candidate_slots,12
scheduler,scheduler/dynamic/resumed_suffix/512,9,0.0551,cpu_ms,0.056000000000000494
scheduler,scheduler/dynamic/resumed_suffix/512,9,0.0551,cpu_percent,101.66476045240908
scheduler,scheduler/dynamic/resumed_suffix/512,9,0.0551,leases,383
scheduler,scheduler/dynamic/resumed_suffix/512,9,0.0551,max_leases_per_request,64
scheduler,scheduler/dynamic/resumed_suffix/512,9,0.0551,max_request_bytes,67108864
scheduler,scheduler/dynamic/resumed_suffix/512,9,0.0551,micros_per_request,8.757
scheduler,scheduler/dynamic/resumed_suffix/512,9,0.0551,multi_lease_requests,6
scheduler,scheduler/dynamic/resumed_suffix/512,9,0.0551,planned_bytes,401604608
scheduler,scheduler/dynamic/resumed_suffix/512,9,0.0551,planned_ranges,12
scheduler,scheduler/dynamic/resumed_suffix/512,9,0.0551,process_peak_rss_bytes,16531456
scheduler,scheduler/dynamic/resumed_suffix/512,9,0.0551,requests,6
scheduler,scheduler/dynamic/resumed_suffix/512,9,0.0551,single_lease_requests,0
scheduler,scheduler/dynamic/resumed_suffix/512,9,0.0551,total,0.052542
scheduler,scheduler/dynamic/resumed_suffix/512,9,0.0551,truncated_requests,5
scheduler,scheduler/fixed/resumed_suffix/512,0,0.1950,boundary_scans,96
scheduler,scheduler/fixed/resumed_suffix/512,0,0.1950,candidate_slots,96
scheduler,scheduler/fixed/resumed_suffix/512,0,0.1950,cpu_ms,0.19500000000000073
scheduler,scheduler/fixed/resumed_suffix/512,0,0.1950,cpu_percent,99.97846617651618
scheduler,scheduler/fixed/resumed_suffix/512,0,0.1950,leases,383
scheduler,scheduler/fixed/resumed_suffix/512,0,0.1950,max_leases_per_request,4
scheduler,scheduler/fixed/resumed_suffix/512,0,0.1950,max_request_bytes,4194304
scheduler,scheduler/fixed/resumed_suffix/512,0,0.1950,micros_per_request,2.0208333333333335
scheduler,scheduler/fixed/resumed_suffix/512,0,0.1950,multi_lease_requests,96
scheduler,scheduler/fixed/resumed_suffix/512,0,0.1950,planned_bytes,401604608
scheduler,scheduler/fixed/resumed_suffix/512,0,0.1950,planned_ranges,102
scheduler,scheduler/fixed/resumed_suffix/512,0,0.1950,process_peak_rss_bytes,16531456
scheduler,scheduler/fixed/resumed_suffix/512,0,0.1950,requests,96
scheduler,scheduler/fixed/resumed_suffix/512,0,0.1950,single_lease_requests,0
scheduler,scheduler/fixed/resumed_suffix/512,0,0.1950,total,0.194
scheduler,scheduler/fixed/resumed_suffix/512,0,0.1950,truncated_requests,96
scheduler,scheduler/fixed/resumed_suffix/512,1,0.1940,boundary_scans,96
scheduler,scheduler/fixed/resumed_suffix/512,1,0.1940,candidate_slots,96
scheduler,scheduler/fixed/resumed_suffix/512,1,0.1940,cpu_ms,0.19500000000000073
scheduler,scheduler/fixed/resumed_suffix/512,1,0.1940,cpu_percent,100.53671136683563
scheduler,scheduler/fixed/resumed_suffix/512,1,0.1940,leases,383
scheduler,scheduler/fixed/resumed_suffix/512,1,0.1940,max_leases_per_request,4
scheduler,scheduler/fixed/resumed_suffix/512,1,0.1940,max_request_bytes,4194304
scheduler,scheduler/fixed/resumed_suffix/512,1,0.1940,micros_per_request,2.0099895833333337
scheduler,scheduler/fixed/resumed_suffix/512,1,0.1940,multi_lease_requests,96
scheduler,scheduler/fixed/resumed_suffix/512,1,0.1940,planned_bytes,401604608
scheduler,scheduler/fixed/resumed_suffix/512,1,0.1940,planned_ranges,102
scheduler,scheduler/fixed/resumed_suffix/512,1,0.1940,process_peak_rss_bytes,16531456
scheduler,scheduler/fixed/resumed_suffix/512,1,0.1940,requests,96
scheduler,scheduler/fixed/resumed_suffix/512,1,0.1940,single_lease_requests,0
scheduler,scheduler/fixed/resumed_suffix/512,1,0.1940,total,0.19295900000000002
scheduler,scheduler/fixed/resumed_suffix/512,1,0.1940,truncated_requests,96
scheduler,scheduler/fixed/resumed_suffix/512,2,0.1945,boundary_scans,96
scheduler,scheduler/fixed/resumed_suffix/512,2,0.1945,candidate_slots,96
scheduler,scheduler/fixed/resumed_suffix/512,2,0.1945,cpu_ms,0.19499999999999726
scheduler,scheduler/fixed/resumed_suffix/512,2,0.1945,cpu_percent,100.25706940873896
scheduler,scheduler/fixed/resumed_suffix/512,2,0.1945,leases,383
scheduler,scheduler/fixed/resumed_suffix/512,2,0.1945,max_leases_per_request,4
scheduler,scheduler/fixed/resumed_suffix/512,2,0.1945,max_request_bytes,4194304
scheduler,scheduler/fixed/resumed_suffix/512,2,0.1945,micros_per_request,2.0156249999999996
scheduler,scheduler/fixed/resumed_suffix/512,2,0.1945,multi_lease_requests,96
scheduler,scheduler/fixed/resumed_suffix/512,2,0.1945,planned_bytes,401604608
scheduler,scheduler/fixed/resumed_suffix/512,2,0.1945,planned_ranges,102
scheduler,scheduler/fixed/resumed_suffix/512,2,0.1945,process_peak_rss_bytes,16531456
scheduler,scheduler/fixed/resumed_suffix/512,2,0.1945,requests,96
scheduler,scheduler/fixed/resumed_suffix/512,2,0.1945,single_lease_requests,0
scheduler,scheduler/fixed/resumed_suffix/512,2,0.1945,total,0.19349999999999998
scheduler,scheduler/fixed/resumed_suffix/512,2,0.1945,truncated_requests,96
scheduler,scheduler/fixed/resumed_suffix/512,3,0.1943,boundary_scans,96
scheduler,scheduler/fixed/resumed_suffix/512,3,0.1943,candidate_slots,96
scheduler,scheduler/fixed/resumed_suffix/512,3,0.1943,cpu_ms,0.19500000000000073
scheduler,scheduler/fixed/resumed_suffix/512,3,0.1943,cpu_percent,100.34322528855145
scheduler,scheduler/fixed/resumed_suffix/512,3,0.1943,leases,383
scheduler,scheduler/fixed/resumed_suffix/512,3,0.1943,max_leases_per_request,4
scheduler,scheduler/fixed/resumed_suffix/512,3,0.1943,max_request_bytes,4194304
scheduler,scheduler/fixed/resumed_suffix/512,3,0.1943,micros_per_request,2.013447916666667
scheduler,scheduler/fixed/resumed_suffix/512,3,0.1943,multi_lease_requests,96
scheduler,scheduler/fixed/resumed_suffix/512,3,0.1943,planned_bytes,401604608
scheduler,scheduler/fixed/resumed_suffix/512,3,0.1943,planned_ranges,102
scheduler,scheduler/fixed/resumed_suffix/512,3,0.1943,process_peak_rss_bytes,16531456
scheduler,scheduler/fixed/resumed_suffix/512,3,0.1943,requests,96
scheduler,scheduler/fixed/resumed_suffix/512,3,0.1943,single_lease_requests,0
scheduler,scheduler/fixed/resumed_suffix/512,3,0.1943,total,0.193291
scheduler,scheduler/fixed/resumed_suffix/512,3,0.1943,truncated_requests,96
scheduler,scheduler/fixed/resumed_suffix/512,4,0.1931,boundary_scans,96
scheduler,scheduler/fixed/resumed_suffix/512,4,0.1931,candidate_slots,96
scheduler,scheduler/fixed/resumed_suffix/512,4,0.1931,cpu_ms,0.19399999999999973
scheduler,scheduler/fixed/resumed_suffix/512,4,0.1931,cpu_percent,100.47440492220989
scheduler,scheduler/fixed/resumed_suffix/512,4,0.1931,leases,383
scheduler,scheduler/fixed/resumed_suffix/512,4,0.1931,max_leases_per_request,4
scheduler,scheduler/fixed/resumed_suffix/512,4,0.1931,max_request_bytes,4194304
scheduler,scheduler/fixed/resumed_suffix/512,4,0.1931,micros_per_request,2.0013020833333335
scheduler,scheduler/fixed/resumed_suffix/512,4,0.1931,multi_lease_requests,96
scheduler,scheduler/fixed/resumed_suffix/512,4,0.1931,planned_bytes,401604608
scheduler,scheduler/fixed/resumed_suffix/512,4,0.1931,planned_ranges,102
scheduler,scheduler/fixed/resumed_suffix/512,4,0.1931,process_peak_rss_bytes,16531456
scheduler,scheduler/fixed/resumed_suffix/512,4,0.1931,requests,96
scheduler,scheduler/fixed/resumed_suffix/512,4,0.1931,single_lease_requests,0
scheduler,scheduler/fixed/resumed_suffix/512,4,0.1931,total,0.192125
scheduler,scheduler/fixed/resumed_suffix/512,4,0.1931,truncated_requests,96
scheduler,scheduler/fixed/resumed_suffix/512,5,0.1940,boundary_scans,96
scheduler,scheduler/fixed/resumed_suffix/512,5,0.1940,candidate_slots,96
scheduler,scheduler/fixed/resumed_suffix/512,5,0.1940,cpu_ms,0.19399999999999973
scheduler,scheduler/fixed/resumed_suffix/512,5,0.1940,cpu_percent,100.02165417255269
scheduler,scheduler/fixed/resumed_suffix/512,5,0.1940,leases,383
scheduler,scheduler/fixed/resumed_suffix/512,5,0.1940,max_leases_per_request,4
scheduler,scheduler/fixed/resumed_suffix/512,5,0.1940,max_request_bytes,4194304
scheduler,scheduler/fixed/resumed_suffix/512,5,0.1940,micros_per_request,2.0091145833333335
scheduler,scheduler/fixed/resumed_suffix/512,5,0.1940,multi_lease_requests,96
scheduler,scheduler/fixed/resumed_suffix/512,5,0.1940,planned_bytes,401604608
scheduler,scheduler/fixed/resumed_suffix/512,5,0.1940,planned_ranges,102
scheduler,scheduler/fixed/resumed_suffix/512,5,0.1940,process_peak_rss_bytes,16531456
scheduler,scheduler/fixed/resumed_suffix/512,5,0.1940,requests,96
scheduler,scheduler/fixed/resumed_suffix/512,5,0.1940,single_lease_requests,0
scheduler,scheduler/fixed/resumed_suffix/512,5,0.1940,total,0.19287500000000002
scheduler,scheduler/fixed/resumed_suffix/512,5,0.1940,truncated_requests,96
scheduler,scheduler/fixed/resumed_suffix/512,6,0.1940,boundary_scans,96
scheduler,scheduler/fixed/resumed_suffix/512,6,0.1940,candidate_slots,96
scheduler,scheduler/fixed/resumed_suffix/512,6,0.1940,cpu_ms,0.19399999999999973
scheduler,scheduler/fixed/resumed_suffix/512,6,0.1940,cpu_percent,100.02165417255269
scheduler,scheduler/fixed/resumed_suffix/512,6,0.1940,leases,383
scheduler,scheduler/fixed/resumed_suffix/512,6,0.1940,max_leases_per_request,4
scheduler,scheduler/fixed/resumed_suffix/512,6,0.1940,max_request_bytes,4194304
scheduler,scheduler/fixed/resumed_suffix/512,6,0.1940,micros_per_request,2.0095520833333333
scheduler,scheduler/fixed/resumed_suffix/512,6,0.1940,multi_lease_requests,96
scheduler,scheduler/fixed/resumed_suffix/512,6,0.1940,planned_bytes,401604608
scheduler,scheduler/fixed/resumed_suffix/512,6,0.1940,planned_ranges,102
scheduler,scheduler/fixed/resumed_suffix/512,6,0.1940,process_peak_rss_bytes,16531456
scheduler,scheduler/fixed/resumed_suffix/512,6,0.1940,requests,96
scheduler,scheduler/fixed/resumed_suffix/512,6,0.1940,single_lease_requests,0
scheduler,scheduler/fixed/resumed_suffix/512,6,0.1940,total,0.192917
scheduler,scheduler/fixed/resumed_suffix/512,6,0.1940,truncated_requests,96
scheduler,scheduler/fixed/resumed_suffix/512,7,0.1945,boundary_scans,96
scheduler,scheduler/fixed/resumed_suffix/512,7,0.1945,candidate_slots,96
scheduler,scheduler/fixed/resumed_suffix/512,7,0.1945,cpu_ms,0.19500000000000073
scheduler,scheduler/fixed/resumed_suffix/512,7,0.1945,cpu_percent,100.25706940874072
scheduler,scheduler/fixed/resumed_suffix/512,7,0.1945,leases,383
scheduler,scheduler/fixed/resumed_suffix/512,7,0.1945,max_leases_per_request,4
scheduler,scheduler/fixed/resumed_suffix/512,7,0.1945,max_request_bytes,4194304
scheduler,scheduler/fixed/resumed_suffix/512,7,0.1945,micros_per_request,2.0160520833333337
scheduler,scheduler/fixed/resumed_suffix/512,7,0.1945,multi_lease_requests,96
scheduler,scheduler/fixed/resumed_suffix/512,7,0.1945,planned_bytes,401604608
scheduler,scheduler/fixed/resumed_suffix/512,7,0.1945,planned_ranges,102
scheduler,scheduler/fixed/resumed_suffix/512,7,0.1945,process_peak_rss_bytes,16531456
scheduler,scheduler/fixed/resumed_suffix/512,7,0.1945,requests,96
scheduler,scheduler/fixed/resumed_suffix/512,7,0.1945,single_lease_requests,0
scheduler,scheduler/fixed/resumed_suffix/512,7,0.1945,total,0.19354100000000002
scheduler,scheduler/fixed/resumed_suffix/512,7,0.1945,truncated_requests,96
scheduler,scheduler/fixed/resumed_suffix/512,8,0.1942,boundary_scans,96
scheduler,scheduler/fixed/resumed_suffix/512,8,0.1942,candidate_slots,96
scheduler,scheduler/fixed/resumed_suffix/512,8,0.1942,cpu_ms,0.19399999999999973
scheduler,scheduler/fixed/resumed_suffix/512,8,0.1942,cpu_percent,99.91399156396284
scheduler,scheduler/fixed/resumed_suffix/512,8,0.1942,leases,383
scheduler,scheduler/fixed/resumed_suffix/512,8,0.1942,max_leases_per_request,4
scheduler,scheduler/fixed/resumed_suffix/512,8,0.1942,max_request_bytes,4194304
scheduler,scheduler/fixed/resumed_suffix/512,8,0.1942,micros_per_request,2.01171875
scheduler,scheduler/fixed/resumed_suffix/512,8,0.1942,multi_lease_requests,96
scheduler,scheduler/fixed/resumed_suffix/512,8,0.1942,planned_bytes,401604608
scheduler,scheduler/fixed/resumed_suffix/512,8,0.1942,planned_ranges,102
scheduler,scheduler/fixed/resumed_suffix/512,8,0.1942,process_peak_rss_bytes,16531456
scheduler,scheduler/fixed/resumed_suffix/512,8,0.1942,requests,96
scheduler,scheduler/fixed/resumed_suffix/512,8,0.1942,single_lease_requests,0
scheduler,scheduler/fixed/resumed_suffix/512,8,0.1942,total,0.193125
scheduler,scheduler/fixed/resumed_suffix/512,8,0.1942,truncated_requests,96
scheduler,scheduler/fixed/resumed_suffix/512,9,0.1937,boundary_scans,96
scheduler,scheduler/fixed/resumed_suffix/512,9,0.1937,candidate_slots,96
scheduler,scheduler/fixed/resumed_suffix/512,9,0.1937,cpu_ms,0.1930000000000022
scheduler,scheduler/fixed/resumed_suffix/512,9,0.1937,cpu_percent,99.6345014145013
scheduler,scheduler/fixed/resumed_suffix/512,9,0.1937,leases,383
scheduler,scheduler/fixed/resumed_suffix/512,9,0.1937,max_leases_per_request,4
scheduler,scheduler/fixed/resumed_suffix/512,9,0.1937,max_request_bytes,4194304
scheduler,scheduler/fixed/resumed_suffix/512,9,0.1937,micros_per_request,2.007375
scheduler,scheduler/fixed/resumed_suffix/512,9,0.1937,multi_lease_requests,96
scheduler,scheduler/fixed/resumed_suffix/512,9,0.1937,planned_bytes,401604608
scheduler,scheduler/fixed/resumed_suffix/512,9,0.1937,planned_ranges,102
scheduler,scheduler/fixed/resumed_suffix/512,9,0.1937,process_peak_rss_bytes,16531456
scheduler,scheduler/fixed/resumed_suffix/512,9,0.1937,requests,96
scheduler,scheduler/fixed/resumed_suffix/512,9,0.1937,single_lease_requests,0
scheduler,scheduler/fixed/resumed_suffix/512,9,0.1937,total,0.19270800000000002
scheduler,scheduler/fixed/resumed_suffix/512,9,0.1937,truncated_requests,96
scheduler,scheduler/dynamic/fresh/4096,0,0.5986,boundary_scans,64
scheduler,scheduler/dynamic/fresh/4096,0,0.5986,candidate_slots,70
scheduler,scheduler/dynamic/fresh/4096,0,0.5986,cpu_ms,0.5990000000000023
scheduler,scheduler/dynamic/fresh/4096,0,0.5986,cpu_percent,100.06949734707281
scheduler,scheduler/dynamic/fresh/4096,0,0.5986,leases,4096
scheduler,scheduler/dynamic/fresh/4096,0,0.5986,max_leases_per_request,64
scheduler,scheduler/dynamic/fresh/4096,0,0.5986,max_request_bytes,67108864
scheduler,scheduler/dynamic/fresh/4096,0,0.5986,micros_per_request,9.318359375
scheduler,scheduler/dynamic/fresh/4096,0,0.5986,multi_lease_requests,64
scheduler,scheduler/dynamic/fresh/4096,0,0.5986,planned_bytes,4294967296
scheduler,scheduler/dynamic/fresh/4096,0,0.5986,planned_ranges,70
scheduler,scheduler/dynamic/fresh/4096,0,0.5986,process_peak_rss_bytes,16531456
scheduler,scheduler/dynamic/fresh/4096,0,0.5986,requests,64
scheduler,scheduler/dynamic/fresh/4096,0,0.5986,single_lease_requests,0
scheduler,scheduler/dynamic/fresh/4096,0,0.5986,total,0.596375
scheduler,scheduler/dynamic/fresh/4096,0,0.5986,truncated_requests,63
scheduler,scheduler/dynamic/fresh/4096,1,0.5849,boundary_scans,64
scheduler,scheduler/dynamic/fresh/4096,1,0.5849,candidate_slots,70
scheduler,scheduler/dynamic/fresh/4096,1,0.5849,cpu_ms,0.5849999999999953
scheduler,scheduler/dynamic/fresh/4096,1,0.5849,cpu_percent,100.02137208805219
scheduler,scheduler/dynamic/fresh/4096,1,0.5849,leases,4096
scheduler,scheduler/dynamic/fresh/4096,1,0.5849,max_leases_per_request,64
scheduler,scheduler/dynamic/fresh/4096,1,0.5849,max_request_bytes,67108864
scheduler,scheduler/dynamic/fresh/4096,1,0.5849,micros_per_request,9.119796874999999
scheduler,scheduler/dynamic/fresh/4096,1,0.5849,multi_lease_requests,64
scheduler,scheduler/dynamic/fresh/4096,1,0.5849,planned_bytes,4294967296
scheduler,scheduler/dynamic/fresh/4096,1,0.5849,planned_ranges,70
scheduler,scheduler/dynamic/fresh/4096,1,0.5849,process_peak_rss_bytes,16531456
scheduler,scheduler/dynamic/fresh/4096,1,0.5849,requests,64
scheduler,scheduler/dynamic/fresh/4096,1,0.5849,single_lease_requests,0
scheduler,scheduler/dynamic/fresh/4096,1,0.5849,total,0.5836669999999999
scheduler,scheduler/dynamic/fresh/4096,1,0.5849,truncated_requests,63
scheduler,scheduler/dynamic/fresh/4096,2,0.5748,boundary_scans,64
scheduler,scheduler/dynamic/fresh/4096,2,0.5748,candidate_slots,70
scheduler,scheduler/dynamic/fresh/4096,2,0.5748,cpu_ms,0.5739999999999981
scheduler,scheduler/dynamic/fresh/4096,2,0.5748,cpu_percent,99.85508834739797
scheduler,scheduler/dynamic/fresh/4096,2,0.5748,leases,4096
scheduler,scheduler/dynamic/fresh/4096,2,0.5748,max_leases_per_request,64
scheduler,scheduler/dynamic/fresh/4096,2,0.5748,max_request_bytes,67108864
scheduler,scheduler/dynamic/fresh/4096,2,0.5748,micros_per_request,8.964203125000001
scheduler,scheduler/dynamic/fresh/4096,2,0.5748,multi_lease_requests,64
scheduler,scheduler/dynamic/fresh/4096,2,0.5748,planned_bytes,4294967296
scheduler,scheduler/dynamic/fresh/4096,2,0.5748,planned_ranges,70
scheduler,scheduler/dynamic/fresh/4096,2,0.5748,process_peak_rss_bytes,16531456
scheduler,scheduler/dynamic/fresh/4096,2,0.5748,requests,64
scheduler,scheduler/dynamic/fresh/4096,2,0.5748,single_lease_requests,0
scheduler,scheduler/dynamic/fresh/4096,2,0.5748,total,0.573709
scheduler,scheduler/dynamic/fresh/4096,2,0.5748,truncated_requests,63
scheduler,scheduler/dynamic/fresh/4096,3,0.5745,boundary_scans,64
scheduler,scheduler/dynamic/fresh/4096,3,0.5745,candidate_slots,70
scheduler,scheduler/dynamic/fresh/4096,3,0.5745,cpu_ms,0.5749999999999991
scheduler,scheduler/dynamic/fresh/4096,3,0.5745,cpu_percent,100.08703220191454
scheduler,scheduler/dynamic/fresh/4096,3,0.5745,leases,4096
scheduler,scheduler/dynamic/fresh/4096,3,0.5745,max_leases_per_request,64
scheduler,scheduler/dynamic/fresh/4096,3,0.5745,max_request_bytes,67108864
scheduler,scheduler/dynamic/fresh/4096,3,0.5745,micros_per_request,8.9609375
scheduler,scheduler/dynamic/fresh/4096,3,0.5745,multi_lease_requests,64
scheduler,scheduler/dynamic/fresh/4096,3,0.5745,planned_bytes,4294967296
scheduler,scheduler/dynamic/fresh/4096,3,0.5745,planned_ranges,70
scheduler,scheduler/dynamic/fresh/4096,3,0.5745,process_peak_rss_bytes,16531456
scheduler,scheduler/dynamic/fresh/4096,3,0.5745,requests,64
scheduler,scheduler/dynamic/fresh/4096,3,0.5745,single_lease_requests,0
scheduler,scheduler/dynamic/fresh/4096,3,0.5745,total,0.5735
scheduler,scheduler/dynamic/fresh/4096,3,0.5745,truncated_requests,63
scheduler,scheduler/dynamic/fresh/4096,4,0.5807,boundary_scans,64
scheduler,scheduler/dynamic/fresh/4096,4,0.5807,candidate_slots,70
scheduler,scheduler/dynamic/fresh/4096,4,0.5807,cpu_ms,0.5809999999999982
scheduler,scheduler/dynamic/fresh/4096,4,0.5807,cpu_percent,100.05734784308358
scheduler,scheduler/dynamic/fresh/4096,4,0.5807,leases,4096
scheduler,scheduler/dynamic/fresh/4096,4,0.5807,max_leases_per_request,64
scheduler,scheduler/dynamic/fresh/4096,4,0.5807,max_request_bytes,67108864
scheduler,scheduler/dynamic/fresh/4096,4,0.5807,micros_per_request,9.054031250000001
scheduler,scheduler/dynamic/fresh/4096,4,0.5807,multi_lease_requests,64
scheduler,scheduler/dynamic/fresh/4096,4,0.5807,planned_bytes,4294967296
scheduler,scheduler/dynamic/fresh/4096,4,0.5807,planned_ranges,70
scheduler,scheduler/dynamic/fresh/4096,4,0.5807,process_peak_rss_bytes,16531456
scheduler,scheduler/dynamic/fresh/4096,4,0.5807,requests,64
scheduler,scheduler/dynamic/fresh/4096,4,0.5807,single_lease_requests,0
scheduler,scheduler/dynamic/fresh/4096,4,0.5807,total,0.579458
scheduler,scheduler/dynamic/fresh/4096,4,0.5807,truncated_requests,63
scheduler,scheduler/dynamic/fresh/4096,5,0.5741,boundary_scans,64
scheduler,scheduler/dynamic/fresh/4096,5,0.5741,candidate_slots,70
scheduler,scheduler/dynamic/fresh/4096,5,0.5741,cpu_ms,0.5749999999999991
scheduler,scheduler/dynamic/fresh/4096,5,0.5741,cpu_percent,100.15240583496609
scheduler,scheduler/dynamic/fresh/4096,5,0.5741,leases,4096
scheduler,scheduler/dynamic/fresh/4096,5,0.5741,max_leases_per_request,64
scheduler,scheduler/dynamic/fresh/4096,5,0.5741,max_request_bytes,67108864
scheduler,scheduler/dynamic/fresh/4096,5,0.5741,micros_per_request,8.950531250000001
scheduler,scheduler/dynamic/fresh/4096,5,0.5741,multi_lease_requests,64
scheduler,scheduler/dynamic/fresh/4096,5,0.5741,planned_bytes,4294967296
scheduler,scheduler/dynamic/fresh/4096,5,0.5741,planned_ranges,70
scheduler,scheduler/dynamic/fresh/4096,5,0.5741,process_peak_rss_bytes,16531456
scheduler,scheduler/dynamic/fresh/4096,5,0.5741,requests,64
scheduler,scheduler/dynamic/fresh/4096,5,0.5741,single_lease_requests,0
scheduler,scheduler/dynamic/fresh/4096,5,0.5741,total,0.5728340000000001
scheduler,scheduler/dynamic/fresh/4096,5,0.5741,truncated_requests,63
scheduler,scheduler/dynamic/fresh/4096,6,0.5714,boundary_scans,64
scheduler,scheduler/dynamic/fresh/4096,6,0.5714,candidate_slots,70
scheduler,scheduler/dynamic/fresh/4096,6,0.5714,cpu_ms,0.5730000000000041
scheduler,scheduler/dynamic/fresh/4096,6,0.5714,cpu_percent,100.28440166265658
scheduler,scheduler/dynamic/fresh/4096,6,0.5714,leases,4096
scheduler,scheduler/dynamic/fresh/4096,6,0.5714,max_leases_per_request,64
scheduler,scheduler/dynamic/fresh/4096,6,0.5714,max_request_bytes,67108864
scheduler,scheduler/dynamic/fresh/4096,6,0.5714,micros_per_request,8.911453125
scheduler,scheduler/dynamic/fresh/4096,6,0.5714,multi_lease_requests,64
scheduler,scheduler/dynamic/fresh/4096,6,0.5714,planned_bytes,4294967296
scheduler,scheduler/dynamic/fresh/4096,6,0.5714,planned_ranges,70
scheduler,scheduler/dynamic/fresh/4096,6,0.5714,process_peak_rss_bytes,16531456
scheduler,scheduler/dynamic/fresh/4096,6,0.5714,requests,64
scheduler,scheduler/dynamic/fresh/4096,6,0.5714,single_lease_requests,0
scheduler,scheduler/dynamic/fresh/4096,6,0.5714,total,0.570333
scheduler,scheduler/dynamic/fresh/4096,6,0.5714,truncated_requests,63
scheduler,scheduler/dynamic/fresh/4096,7,0.5711,boundary_scans,64
scheduler,scheduler/dynamic/fresh/4096,7,0.5711,candidate_slots,70
scheduler,scheduler/dynamic/fresh/4096,7,0.5711,cpu_ms,0.5710000000000021
scheduler,scheduler/dynamic/fresh/4096,7,0.5711,cpu_percent,99.98529113055208
scheduler,scheduler/dynamic/fresh/4096,7,0.5711,leases,4096
scheduler,scheduler/dynamic/fresh/4096,7,0.5711,max_leases_per_request,64
scheduler,scheduler/dynamic/fresh/4096,7,0.5711,max_request_bytes,67108864
scheduler,scheduler/dynamic/fresh/4096,7,0.5711,micros_per_request,8.888015625000001
scheduler,scheduler/dynamic/fresh/4096,7,0.5711,multi_lease_requests,64
scheduler,scheduler/dynamic/fresh/4096,7,0.5711,planned_bytes,4294967296
scheduler,scheduler/dynamic/fresh/4096,7,0.5711,planned_ranges,70
scheduler,scheduler/dynamic/fresh/4096,7,0.5711,process_peak_rss_bytes,16547840
scheduler,scheduler/dynamic/fresh/4096,7,0.5711,requests,64
scheduler,scheduler/dynamic/fresh/4096,7,0.5711,single_lease_requests,0
scheduler,scheduler/dynamic/fresh/4096,7,0.5711,total,0.568833
scheduler,scheduler/dynamic/fresh/4096,7,0.5711,truncated_requests,63
scheduler,scheduler/dynamic/fresh/4096,8,0.5747,boundary_scans,64
scheduler,scheduler/dynamic/fresh/4096,8,0.5747,candidate_slots,70
scheduler,scheduler/dynamic/fresh/4096,8,0.5747,cpu_ms,0.5760000000000001
scheduler,scheduler/dynamic/fresh/4096,8,0.5747,cpu_percent,100.2174858634189
scheduler,scheduler/dynamic/fresh/4096,8,0.5747,leases,4096
scheduler,scheduler/dynamic/fresh/4096,8,0.5747,max_leases_per_request,64
scheduler,scheduler/dynamic/fresh/4096,8,0.5747,max_request_bytes,67108864
scheduler,scheduler/dynamic/fresh/4096,8,0.5747,micros_per_request,8.963546875
scheduler,scheduler/dynamic/fresh/4096,8,0.5747,multi_lease_requests,64
scheduler,scheduler/dynamic/fresh/4096,8,0.5747,planned_bytes,4294967296
scheduler,scheduler/dynamic/fresh/4096,8,0.5747,planned_ranges,70
scheduler,scheduler/dynamic/fresh/4096,8,0.5747,process_peak_rss_bytes,16547840
scheduler,scheduler/dynamic/fresh/4096,8,0.5747,requests,64
scheduler,scheduler/dynamic/fresh/4096,8,0.5747,single_lease_requests,0
scheduler,scheduler/dynamic/fresh/4096,8,0.5747,total,0.573667
scheduler,scheduler/dynamic/fresh/4096,8,0.5747,truncated_requests,63
scheduler,scheduler/dynamic/fresh/4096,9,0.5637,boundary_scans,64
scheduler,scheduler/dynamic/fresh/4096,9,0.5637,candidate_slots,70
scheduler,scheduler/dynamic/fresh/4096,9,0.5637,cpu_ms,0.564000000000002
scheduler,scheduler/dynamic/fresh/4096,9,0.5637,cpu_percent,100.05179986801714
scheduler,scheduler/dynamic/fresh/4096,9,0.5637,leases,4096
scheduler,scheduler/dynamic/fresh/4096,9,0.5637,max_leases_per_request,64
scheduler,scheduler/dynamic/fresh/4096,9,0.5637,max_request_bytes,67108864
scheduler,scheduler/dynamic/fresh/4096,9,0.5637,micros_per_request,8.768875000000001
scheduler,scheduler/dynamic/fresh/4096,9,0.5637,multi_lease_requests,64
scheduler,scheduler/dynamic/fresh/4096,9,0.5637,planned_bytes,4294967296
scheduler,scheduler/dynamic/fresh/4096,9,0.5637,planned_ranges,70
scheduler,scheduler/dynamic/fresh/4096,9,0.5637,process_peak_rss_bytes,16564224
scheduler,scheduler/dynamic/fresh/4096,9,0.5637,requests,64
scheduler,scheduler/dynamic/fresh/4096,9,0.5637,single_lease_requests,0
scheduler,scheduler/dynamic/fresh/4096,9,0.5637,total,0.561208
scheduler,scheduler/dynamic/fresh/4096,9,0.5637,truncated_requests,63
scheduler,scheduler/fixed/fresh/4096,0,13.6730,boundary_scans,1024
scheduler,scheduler/fixed/fresh/4096,0,13.6730,candidate_slots,1024
scheduler,scheduler/fixed/fresh/4096,0,13.6730,cpu_ms,13.672999999999998
scheduler,scheduler/fixed/fresh/4096,0,13.6730,cpu_percent,99.99999999999999
scheduler,scheduler/fixed/fresh/4096,0,13.6730,leases,4096
scheduler,scheduler/fixed/fresh/4096,0,13.6730,max_leases_per_request,4
scheduler,scheduler/fixed/fresh/4096,0,13.6730,max_request_bytes,4194304
scheduler,scheduler/fixed/fresh/4096,0,13.6730,micros_per_request,13.351359375
scheduler,scheduler/fixed/fresh/4096,0,13.6730,multi_lease_requests,1024
scheduler,scheduler/fixed/fresh/4096,0,13.6730,planned_bytes,4294967296
scheduler,scheduler/fixed/fresh/4096,0,13.6730,planned_ranges,1030
scheduler,scheduler/fixed/fresh/4096,0,13.6730,process_peak_rss_bytes,16564224
scheduler,scheduler/fixed/fresh/4096,0,13.6730,requests,1024
scheduler,scheduler/fixed/fresh/4096,0,13.6730,single_lease_requests,0
scheduler,scheduler/fixed/fresh/4096,0,13.6730,total,13.671792
scheduler,scheduler/fixed/fresh/4096,0,13.6730,truncated_requests,1024
scheduler,scheduler/fixed/fresh/4096,1,12.2446,boundary_scans,1024
scheduler,scheduler/fixed/fresh/4096,1,12.2446,candidate_slots,1024
scheduler,scheduler/fixed/fresh/4096,1,12.2446,cpu_ms,12.234000000000002
scheduler,scheduler/fixed/fresh/4096,1,12.2446,cpu_percent,99.91322723235706
scheduler,scheduler/fixed/fresh/4096,1,12.2446,leases,4096
scheduler,scheduler/fixed/fresh/4096,1,12.2446,max_leases_per_request,4
scheduler,scheduler/fixed/fresh/4096,1,12.2446,max_request_bytes,4194304
scheduler,scheduler/fixed/fresh/4096,1,12.2446,micros_per_request,11.95458984375
scheduler,scheduler/fixed/fresh/4096,1,12.2446,multi_lease_requests,1024
scheduler,scheduler/fixed/fresh/4096,1,12.2446,planned_bytes,4294967296
scheduler,scheduler/fixed/fresh/4096,1,12.2446,planned_ranges,1030
scheduler,scheduler/fixed/fresh/4096,1,12.2446,process_peak_rss_bytes,16564224
scheduler,scheduler/fixed/fresh/4096,1,12.2446,requests,1024
scheduler,scheduler/fixed/fresh/4096,1,12.2446,single_lease_requests,0
scheduler,scheduler/fixed/fresh/4096,1,12.2446,total,12.2415
scheduler,scheduler/fixed/fresh/4096,1,12.2446,truncated_requests,1024
scheduler,scheduler/fixed/fresh/4096,2,11.3350,boundary_scans,1024
scheduler,scheduler/fixed/fresh/4096,2,11.3350,candidate_slots,1024
scheduler,scheduler/fixed/fresh/4096,2,11.3350,cpu_ms,11.324000000000002
scheduler,scheduler/fixed/fresh/4096,2,11.3350,cpu_percent,99.90295544772829
scheduler,scheduler/fixed/fresh/4096,2,11.3350,leases,4096
scheduler,scheduler/fixed/fresh/4096,2,11.3350,max_leases_per_request,4
scheduler,scheduler/fixed/fresh/4096,2,11.3350,max_request_bytes,4194304
scheduler,scheduler/fixed/fresh/4096,2,11.3350,micros_per_request,11.0665283203125
scheduler,scheduler/fixed/fresh/4096,2,11.3350,multi_lease_requests,1024
scheduler,scheduler/fixed/fresh/4096,2,11.3350,planned_bytes,4294967296
scheduler,scheduler/fixed/fresh/4096,2,11.3350,planned_ranges,1030
scheduler,scheduler/fixed/fresh/4096,2,11.3350,process_peak_rss_bytes,16564224
scheduler,scheduler/fixed/fresh/4096,2,11.3350,requests,1024
scheduler,scheduler/fixed/fresh/4096,2,11.3350,single_lease_requests,0
scheduler,scheduler/fixed/fresh/4096,2,11.3350,total,11.332125
scheduler,scheduler/fixed/fresh/4096,2,11.3350,truncated_requests,1024
scheduler,scheduler/fixed/fresh/4096,3,11.0288,boundary_scans,1024
scheduler,scheduler/fixed/fresh/4096,3,11.0288,candidate_slots,1024
scheduler,scheduler/fixed/fresh/4096,3,11.0288,cpu_ms,11.028999999999996
scheduler,scheduler/fixed/fresh/4096,3,11.0288,cpu_percent,100.0022668026748
scheduler,scheduler/fixed/fresh/4096,3,11.0288,leases,4096
scheduler,scheduler/fixed/fresh/4096,3,11.0288,max_leases_per_request,4
scheduler,scheduler/fixed/fresh/4096,3,11.0288,max_request_bytes,4194304
scheduler,scheduler/fixed/fresh/4096,3,11.0288,micros_per_request,10.768920898437502
scheduler,scheduler/fixed/fresh/4096,3,11.0288,multi_lease_requests,1024
scheduler,scheduler/fixed/fresh/4096,3,11.0288,planned_bytes,4294967296
scheduler,scheduler/fixed/fresh/4096,3,11.0288,planned_ranges,1030
scheduler,scheduler/fixed/fresh/4096,3,11.0288,process_peak_rss_bytes,16564224
scheduler,scheduler/fixed/fresh/4096,3,11.0288,requests,1024
scheduler,scheduler/fixed/fresh/4096,3,11.0288,single_lease_requests,0
scheduler,scheduler/fixed/fresh/4096,3,11.0288,total,11.027375000000001
scheduler,scheduler/fixed/fresh/4096,3,11.0288,truncated_requests,1024
scheduler,scheduler/fixed/fresh/4096,4,10.5152,boundary_scans,1024
scheduler,scheduler/fixed/fresh/4096,4,10.5152,candidate_slots,1024
scheduler,scheduler/fixed/fresh/4096,4,10.5152,cpu_ms,10.514999999999997
scheduler,scheduler/fixed/fresh/4096,4,10.5152,cpu_percent,99.99841181790073
scheduler,scheduler/fixed/fresh/4096,4,10.5152,leases,4096
scheduler,scheduler/fixed/fresh/4096,4,10.5152,max_leases_per_request,4
scheduler,scheduler/fixed/fresh/4096,4,10.5152,max_request_bytes,4194304
scheduler,scheduler/fixed/fresh/4096,4,10.5152,micros_per_request,10.26778125
scheduler,scheduler/fixed/fresh/4096,4,10.5152,multi_lease_requests,1024
scheduler,scheduler/fixed/fresh/4096,4,10.5152,planned_bytes,4294967296
scheduler,scheduler/fixed/fresh/4096,4,10.5152,planned_ranges,1030
scheduler,scheduler/fixed/fresh/4096,4,10.5152,process_peak_rss_bytes,16564224
scheduler,scheduler/fixed/fresh/4096,4,10.5152,requests,1024
scheduler,scheduler/fixed/fresh/4096,4,10.5152,single_lease_requests,0
scheduler,scheduler/fixed/fresh/4096,4,10.5152,total,10.514208
scheduler,scheduler/fixed/fresh/4096,4,10.5152,truncated_requests,1024
scheduler,scheduler/fixed/fresh/4096,5,10.3104,boundary_scans,1024
scheduler,scheduler/fixed/fresh/4096,5,10.3104,candidate_slots,1024
scheduler,scheduler/fixed/fresh/4096,5,10.3104,cpu_ms,10.29999999999999
scheduler,scheduler/fixed/fresh/4096,5,10.3104,cpu_percent,99.89937320417532
scheduler,scheduler/fixed/fresh/4096,5,10.3104,leases,4096
scheduler,scheduler/fixed/fresh/4096,5,10.3104,max_leases_per_request,4
scheduler,scheduler/fixed/fresh/4096,5,10.3104,max_request_bytes,4194304
scheduler,scheduler/fixed/fresh/4096,5,10.3104,micros_per_request,10.0663662109375
scheduler,scheduler/fixed/fresh/4096,5,10.3104,multi_lease_requests,1024
scheduler,scheduler/fixed/fresh/4096,5,10.3104,planned_bytes,4294967296
scheduler,scheduler/fixed/fresh/4096,5,10.3104,planned_ranges,1030
scheduler,scheduler/fixed/fresh/4096,5,10.3104,process_peak_rss_bytes,16564224
scheduler,scheduler/fixed/fresh/4096,5,10.3104,requests,1024
scheduler,scheduler/fixed/fresh/4096,5,10.3104,single_lease_requests,0
scheduler,scheduler/fixed/fresh/4096,5,10.3104,total,10.307959
scheduler,scheduler/fixed/fresh/4096,5,10.3104,truncated_requests,1024
scheduler,scheduler/fixed/fresh/4096,6,10.2980,boundary_scans,1024
scheduler,scheduler/fixed/fresh/4096,6,10.2980,candidate_slots,1024
scheduler,scheduler/fixed/fresh/4096,6,10.2980,cpu_ms,10.294000000000011
scheduler,scheduler/fixed/fresh/4096,6,10.2980,cpu_percent,99.96155548881103
scheduler,scheduler/fixed/fresh/4096,6,10.2980,leases,4096
scheduler,scheduler/fixed/fresh/4096,6,10.2980,max_leases_per_request,4
scheduler,scheduler/fixed/fresh/4096,6,10.2980,max_request_bytes,4194304
scheduler,scheduler/fixed/fresh/4096,6,10.2980,micros_per_request,10.054484375000001
scheduler,scheduler/fixed/fresh/4096,6,10.2980,multi_lease_requests,1024
scheduler,scheduler/fixed/fresh/4096,6,10.2980,planned_bytes,4294967296
scheduler,scheduler/fixed/fresh/4096,6,10.2980,planned_ranges,1030
scheduler,scheduler/fixed/fresh/4096,6,10.2980,process_peak_rss_bytes,16564224
scheduler,scheduler/fixed/fresh/4096,6,10.2980,requests,1024
scheduler,scheduler/fixed/fresh/4096,6,10.2980,single_lease_requests,0
scheduler,scheduler/fixed/fresh/4096,6,10.2980,total,10.295792
scheduler,scheduler/fixed/fresh/4096,6,10.2980,truncated_requests,1024
scheduler,scheduler/fixed/fresh/4096,7,10.3205,boundary_scans,1024
scheduler,scheduler/fixed/fresh/4096,7,10.3205,candidate_slots,1024
scheduler,scheduler/fixed/fresh/4096,7,10.3205,cpu_ms,10.315000000000005
scheduler,scheduler/fixed/fresh/4096,7,10.3205,cpu_percent,99.94630126983645
scheduler,scheduler/fixed/fresh/4096,7,10.3205,leases,4096
scheduler,scheduler/fixed/fresh/4096,7,10.3205,max_leases_per_request,4
scheduler,scheduler/fixed/fresh/4096,7,10.3205,max_request_bytes,4194304
scheduler,scheduler/fixed/fresh/4096,7,10.3205,micros_per_request,10.076375976562499
scheduler,scheduler/fixed/fresh/4096,7,10.3205,multi_lease_requests,1024
scheduler,scheduler/fixed/fresh/4096,7,10.3205,planned_bytes,4294967296
scheduler,scheduler/fixed/fresh/4096,7,10.3205,planned_ranges,1030
scheduler,scheduler/fixed/fresh/4096,7,10.3205,process_peak_rss_bytes,16564224
scheduler,scheduler/fixed/fresh/4096,7,10.3205,requests,1024
scheduler,scheduler/fixed/fresh/4096,7,10.3205,single_lease_requests,0
scheduler,scheduler/fixed/fresh/4096,7,10.3205,total,10.318209
scheduler,scheduler/fixed/fresh/4096,7,10.3205,truncated_requests,1024
scheduler,scheduler/fixed/fresh/4096,8,10.2990,boundary_scans,1024
scheduler,scheduler/fixed/fresh/4096,8,10.2990,candidate_slots,1024
scheduler,scheduler/fixed/fresh/4096,8,10.2990,cpu_ms,10.28699999999999
scheduler,scheduler/fixed/fresh/4096,8,10.2990,cpu_percent,99.88307650362033
scheduler,scheduler/fixed/fresh/4096,8,10.2990,leases,4096
scheduler,scheduler/fixed/fresh/4096,8,10.2990,max_leases_per_request,4
scheduler,scheduler/fixed/fresh/4096,8,10.2990,max_request_bytes,4194304
scheduler,scheduler/fixed/fresh/4096,8,10.2990,micros_per_request,10.055705078125
scheduler,scheduler/fixed/fresh/4096,8,10.2990,multi_lease_requests,1024
scheduler,scheduler/fixed/fresh/4096,8,10.2990,planned_bytes,4294967296
scheduler,scheduler/fixed/fresh/4096,8,10.2990,planned_ranges,1030
scheduler,scheduler/fixed/fresh/4096,8,10.2990,process_peak_rss_bytes,16564224
scheduler,scheduler/fixed/fresh/4096,8,10.2990,requests,1024
scheduler,scheduler/fixed/fresh/4096,8,10.2990,single_lease_requests,0
scheduler,scheduler/fixed/fresh/4096,8,10.2990,total,10.297042
scheduler,scheduler/fixed/fresh/4096,8,10.2990,truncated_requests,1024
scheduler,scheduler/fixed/fresh/4096,9,10.3891,boundary_scans,1024
scheduler,scheduler/fixed/fresh/4096,9,10.3891,candidate_slots,1024
scheduler,scheduler/fixed/fresh/4096,9,10.3891,cpu_ms,10.381000000000002
scheduler,scheduler/fixed/fresh/4096,9,10.3891,cpu_percent,99.92179322127707
scheduler,scheduler/fixed/fresh/4096,9,10.3891,leases,4096
scheduler,scheduler/fixed/fresh/4096,9,10.3891,max_leases_per_request,4
scheduler,scheduler/fixed/fresh/4096,9,10.3891,max_request_bytes,4194304
scheduler,scheduler/fixed/fresh/4096,9,10.3891,micros_per_request,10.1435546875
scheduler,scheduler/fixed/fresh/4096,9,10.3891,multi_lease_requests,1024
scheduler,scheduler/fixed/fresh/4096,9,10.3891,planned_bytes,4294967296
scheduler,scheduler/fixed/fresh/4096,9,10.3891,planned_ranges,1030
scheduler,scheduler/fixed/fresh/4096,9,10.3891,process_peak_rss_bytes,16564224
scheduler,scheduler/fixed/fresh/4096,9,10.3891,requests,1024
scheduler,scheduler/fixed/fresh/4096,9,10.3891,single_lease_requests,0
scheduler,scheduler/fixed/fresh/4096,9,10.3891,total,10.387
scheduler,scheduler/fixed/fresh/4096,9,10.3891,truncated_requests,1024
scheduler,scheduler/dynamic/holes/4096,0,8.7662,boundary_scans,1056
scheduler,scheduler/dynamic/holes/4096,0,8.7662,candidate_slots,1056
scheduler,scheduler/dynamic/holes/4096,0,8.7662,cpu_ms,8.72500000000001
scheduler,scheduler/dynamic/holes/4096,0,8.7662,cpu_percent,99.52944531584212
scheduler,scheduler/dynamic/holes/4096,0,8.7662,leases,3072
scheduler,scheduler/dynamic/holes/4096,0,8.7662,max_leases_per_request,64
scheduler,scheduler/dynamic/holes/4096,0,8.7662,max_request_bytes,67108864
scheduler,scheduler/dynamic/holes/4096,0,8.7662,micros_per_request,8.297663825757576
scheduler,scheduler/dynamic/holes/4096,0,8.7662,multi_lease_requests,32
scheduler,scheduler/dynamic/holes/4096,0,8.7662,planned_bytes,3221225472
scheduler,scheduler/dynamic/holes/4096,0,8.7662,planned_ranges,1062
scheduler,scheduler/dynamic/holes/4096,0,8.7662,process_peak_rss_bytes,16596992
scheduler,scheduler/dynamic/holes/4096,0,8.7662,requests,1056
scheduler,scheduler/dynamic/holes/4096,0,8.7662,single_lease_requests,1024
scheduler,scheduler/dynamic/holes/4096,0,8.7662,total,8.762333
scheduler,scheduler/dynamic/holes/4096,0,8.7662,truncated_requests,32
scheduler,scheduler/dynamic/holes/4096,1,8.8057,boundary_scans,1056
scheduler,scheduler/dynamic/holes/4096,1,8.8057,candidate_slots,1056
scheduler,scheduler/dynamic/holes/4096,1,8.8057,cpu_ms,8.794999999999998
scheduler,scheduler/dynamic/holes/4096,1,8.8057,cpu_percent,99.87792067683046
scheduler,scheduler/dynamic/holes/4096,1,8.8057,leases,3072
scheduler,scheduler/dynamic/holes/4096,1,8.8057,max_leases_per_request,64
scheduler,scheduler/dynamic/holes/4096,1,8.8057,max_request_bytes,67108864
scheduler,scheduler/dynamic/holes/4096,1,8.8057,micros_per_request,8.335503787878787
scheduler,scheduler/dynamic/holes/4096,1,8.8057,multi_lease_requests,32
scheduler,scheduler/dynamic/holes/4096,1,8.8057,planned_bytes,3221225472
scheduler,scheduler/dynamic/holes/4096,1,8.8057,planned_ranges,1062
scheduler,scheduler/dynamic/holes/4096,1,8.8057,process_peak_rss_bytes,16596992
scheduler,scheduler/dynamic/holes/4096,1,8.8057,requests,1056
scheduler,scheduler/dynamic/holes/4096,1,8.8057,single_lease_requests,1024
scheduler,scheduler/dynamic/holes/4096,1,8.8057,total,8.802292
scheduler,scheduler/dynamic/holes/4096,1,8.8057,truncated_requests,32
scheduler,scheduler/dynamic/holes/4096,2,8.8670,boundary_scans,1056
scheduler,scheduler/dynamic/holes/4096,2,8.8670,candidate_slots,1056
scheduler,scheduler/dynamic/holes/4096,2,8.8670,cpu_ms,8.864000000000011
scheduler,scheduler/dynamic/holes/4096,2,8.8670,cpu_percent,99.96662891979099
scheduler,scheduler/dynamic/holes/4096,2,8.8670,leases,3072
scheduler,scheduler/dynamic/holes/4096,2,8.8670,max_leases_per_request,64
scheduler,scheduler/dynamic/holes/4096,2,8.8670,max_request_bytes,67108864
scheduler,scheduler/dynamic/holes/4096,2,8.8670,micros_per_request,8.393347537878787
scheduler,scheduler/dynamic/holes/4096,2,8.8670,multi_lease_requests,32
scheduler,scheduler/dynamic/holes/4096,2,8.8670,planned_bytes,3221225472
scheduler,scheduler/dynamic/holes/4096,2,8.8670,planned_ranges,1062
scheduler,scheduler/dynamic/holes/4096,2,8.8670,process_peak_rss_bytes,16596992
scheduler,scheduler/dynamic/holes/4096,2,8.8670,requests,1056
scheduler,scheduler/dynamic/holes/4096,2,8.8670,single_lease_requests,1024
scheduler,scheduler/dynamic/holes/4096,2,8.8670,total,8.863375
scheduler,scheduler/dynamic/holes/4096,2,8.8670,truncated_requests,32
scheduler,scheduler/dynamic/holes/4096,3,8.6791,boundary_scans,1056
scheduler,scheduler/dynamic/holes/4096,3,8.6791,candidate_slots,1056
scheduler,scheduler/dynamic/holes/4096,3,8.6791,cpu_ms,8.671999999999985
scheduler,scheduler/dynamic/holes/4096,3,8.6791,cpu_percent,99.91790647098625
scheduler,scheduler/dynamic/holes/4096,3,8.6791,leases,3072
scheduler,scheduler/dynamic/holes/4096,3,8.6791,max_leases_per_request,64
scheduler,scheduler/dynamic/holes/4096,3,8.6791,max_request_bytes,67108864
scheduler,scheduler/dynamic/holes/4096,3,8.6791,micros_per_request,8.215160037878787
scheduler,scheduler/dynamic/holes/4096,3,8.6791,multi_lease_requests,32
scheduler,scheduler/dynamic/holes/4096,3,8.6791,planned_bytes,3221225472
scheduler,scheduler/dynamic/holes/4096,3,8.6791,planned_ranges,1062
scheduler,scheduler/dynamic/holes/4096,3,8.6791,process_peak_rss_bytes,16596992
scheduler,scheduler/dynamic/holes/4096,3,8.6791,requests,1056
scheduler,scheduler/dynamic/holes/4096,3,8.6791,single_lease_requests,1024
scheduler,scheduler/dynamic/holes/4096,3,8.6791,total,8.675208999999999
scheduler,scheduler/dynamic/holes/4096,3,8.6791,truncated_requests,32
scheduler,scheduler/dynamic/holes/4096,4,8.8364,boundary_scans,1056
scheduler,scheduler/dynamic/holes/4096,4,8.8364,candidate_slots,1056
scheduler,scheduler/dynamic/holes/4096,4,8.8364,cpu_ms,8.820999999999996
scheduler,scheduler/dynamic/holes/4096,4,8.8364,cpu_percent,99.82600331018088
scheduler,scheduler/dynamic/holes/4096,4,8.8364,leases,3072
scheduler,scheduler/dynamic/holes/4096,4,8.8364,max_leases_per_request,64
scheduler,scheduler/dynamic/holes/4096,4,8.8364,max_request_bytes,67108864
scheduler,scheduler/dynamic/holes/4096,4,8.8364,micros_per_request,8.364346590909092
scheduler,scheduler/dynamic/holes/4096,4,8.8364,multi_lease_requests,32
scheduler,scheduler/dynamic/holes/4096,4,8.8364,planned_bytes,3221225472
scheduler,scheduler/dynamic/holes/4096,4,8.8364,planned_ranges,1062
scheduler,scheduler/dynamic/holes/4096,4,8.8364,process_peak_rss_bytes,16596992
scheduler,scheduler/dynamic/holes/4096,4,8.8364,requests,1056
scheduler,scheduler/dynamic/holes/4096,4,8.8364,single_lease_requests,1024
scheduler,scheduler/dynamic/holes/4096,4,8.8364,total,8.83275
scheduler,scheduler/dynamic/holes/4096,4,8.8364,truncated_requests,32
scheduler,scheduler/dynamic/holes/4096,5,8.7993,boundary_scans,1056
scheduler,scheduler/dynamic/holes/4096,5,8.7993,candidate_slots,1056
scheduler,scheduler/dynamic/holes/4096,5,8.7993,cpu_ms,8.794999999999998
scheduler,scheduler/dynamic/holes/4096,5,8.7993,cpu_percent,99.95122334842392
scheduler,scheduler/dynamic/holes/4096,5,8.7993,leases,3072
scheduler,scheduler/dynamic/holes/4096,5,8.7993,max_leases_per_request,64
scheduler,scheduler/dynamic/holes/4096,5,8.7993,max_request_bytes,67108864
scheduler,scheduler/dynamic/holes/4096,5,8.7993,micros_per_request,8.328677083333334
scheduler,scheduler/dynamic/holes/4096,5,8.7993,multi_lease_requests,32
scheduler,scheduler/dynamic/holes/4096,5,8.7993,planned_bytes,3221225472
scheduler,scheduler/dynamic/holes/4096,5,8.7993,planned_ranges,1062
scheduler,scheduler/dynamic/holes/4096,5,8.7993,process_peak_rss_bytes,16596992
scheduler,scheduler/dynamic/holes/4096,5,8.7993,requests,1056
scheduler,scheduler/dynamic/holes/4096,5,8.7993,single_lease_requests,1024
scheduler,scheduler/dynamic/holes/4096,5,8.7993,total,8.795083
scheduler,scheduler/dynamic/holes/4096,5,8.7993,truncated_requests,32
scheduler,scheduler/dynamic/holes/4096,6,8.7909,boundary_scans,1056
scheduler,scheduler/dynamic/holes/4096,6,8.7909,candidate_slots,1056
scheduler,scheduler/dynamic/holes/4096,6,8.7909,cpu_ms,8.782000000000012
scheduler,scheduler/dynamic/holes/4096,6,8.7909,cpu_percent,99.89904304179065
scheduler,scheduler/dynamic/holes/4096,6,8.7909,leases,3072
scheduler,scheduler/dynamic/holes/4096,6,8.7909,max_leases_per_request,64
scheduler,scheduler/dynamic/holes/4096,6,8.7909,max_request_bytes,67108864
scheduler,scheduler/dynamic/holes/4096,6,8.7909,micros_per_request,8.321219696969697
scheduler,scheduler/dynamic/holes/4096,6,8.7909,multi_lease_requests,32
scheduler,scheduler/dynamic/holes/4096,6,8.7909,planned_bytes,3221225472
scheduler,scheduler/dynamic/holes/4096,6,8.7909,planned_ranges,1062
scheduler,scheduler/dynamic/holes/4096,6,8.7909,process_peak_rss_bytes,16596992
scheduler,scheduler/dynamic/holes/4096,6,8.7909,requests,1056
scheduler,scheduler/dynamic/holes/4096,6,8.7909,single_lease_requests,1024
scheduler,scheduler/dynamic/holes/4096,6,8.7909,total,8.787208
scheduler,scheduler/dynamic/holes/4096,6,8.7909,truncated_requests,32
scheduler,scheduler/dynamic/holes/4096,7,8.8448,boundary_scans,1056
scheduler,scheduler/dynamic/holes/4096,7,8.8448,candidate_slots,1056
scheduler,scheduler/dynamic/holes/4096,7,8.8448,cpu_ms,8.839999999999987
scheduler,scheduler/dynamic/holes/4096,7,8.8448,cpu_percent,99.94582122451254
scheduler,scheduler/dynamic/holes/4096,7,8.8448,leases,3072
scheduler,scheduler/dynamic/holes/4096,7,8.8448,max_leases_per_request,64
scheduler,scheduler/dynamic/holes/4096,7,8.8448,max_request_bytes,67108864
scheduler,scheduler/dynamic/holes/4096,7,8.8448,micros_per_request,8.371883522727273
scheduler,scheduler/dynamic/holes/4096,7,8.8448,multi_lease_requests,32
scheduler,scheduler/dynamic/holes/4096,7,8.8448,planned_bytes,3221225472
scheduler,scheduler/dynamic/holes/4096,7,8.8448,planned_ranges,1062
scheduler,scheduler/dynamic/holes/4096,7,8.8448,process_peak_rss_bytes,16596992
scheduler,scheduler/dynamic/holes/4096,7,8.8448,requests,1056
scheduler,scheduler/dynamic/holes/4096,7,8.8448,single_lease_requests,1024
scheduler,scheduler/dynamic/holes/4096,7,8.8448,total,8.840709
scheduler,scheduler/dynamic/holes/4096,7,8.8448,truncated_requests,32
scheduler,scheduler/dynamic/holes/4096,8,8.8710,boundary_scans,1056
scheduler,scheduler/dynamic/holes/4096,8,8.8710,candidate_slots,1056
scheduler,scheduler/dynamic/holes/4096,8,8.8710,cpu_ms,8.868000000000015
scheduler,scheduler/dynamic/holes/4096,8,8.8710,cpu_percent,99.96570865068628
scheduler,scheduler/dynamic/holes/4096,8,8.8710,leases,3072
scheduler,scheduler/dynamic/holes/4096,8,8.8710,max_leases_per_request,64
scheduler,scheduler/dynamic/holes/4096,8,8.8710,max_request_bytes,67108864
scheduler,scheduler/dynamic/holes/4096,8,8.8710,micros_per_request,8.397095643939394
scheduler,scheduler/dynamic/holes/4096,8,8.8710,multi_lease_requests,32
scheduler,scheduler/dynamic/holes/4096,8,8.8710,planned_bytes,3221225472
scheduler,scheduler/dynamic/holes/4096,8,8.8710,planned_ranges,1062
scheduler,scheduler/dynamic/holes/4096,8,8.8710,process_peak_rss_bytes,16596992
scheduler,scheduler/dynamic/holes/4096,8,8.8710,requests,1056
scheduler,scheduler/dynamic/holes/4096,8,8.8710,single_lease_requests,1024
scheduler,scheduler/dynamic/holes/4096,8,8.8710,total,8.867333
scheduler,scheduler/dynamic/holes/4096,8,8.8710,truncated_requests,32
scheduler,scheduler/dynamic/holes/4096,9,8.8439,boundary_scans,1056
scheduler,scheduler/dynamic/holes/4096,9,8.8439,candidate_slots,1056
scheduler,scheduler/dynamic/holes/4096,9,8.8439,cpu_ms,8.83299999999998
scheduler,scheduler/dynamic/holes/4096,9,8.8439,cpu_percent,99.87655922143979
scheduler,scheduler/dynamic/holes/4096,9,8.8439,leases,3072
scheduler,scheduler/dynamic/holes/4096,9,8.8439,max_leases_per_request,64
scheduler,scheduler/dynamic/holes/4096,9,8.8439,max_request_bytes,67108864
scheduler,scheduler/dynamic/holes/4096,9,8.8439,micros_per_request,8.371132575757576
scheduler,scheduler/dynamic/holes/4096,9,8.8439,multi_lease_requests,32
scheduler,scheduler/dynamic/holes/4096,9,8.8439,planned_bytes,3221225472
scheduler,scheduler/dynamic/holes/4096,9,8.8439,planned_ranges,1062
scheduler,scheduler/dynamic/holes/4096,9,8.8439,process_peak_rss_bytes,16596992
scheduler,scheduler/dynamic/holes/4096,9,8.8439,requests,1056
scheduler,scheduler/dynamic/holes/4096,9,8.8439,single_lease_requests,1024
scheduler,scheduler/dynamic/holes/4096,9,8.8439,total,8.839916
scheduler,scheduler/dynamic/holes/4096,9,8.8439,truncated_requests,32
scheduler,scheduler/fixed/holes/4096,0,2.8438,boundary_scans,1536
scheduler,scheduler/fixed/holes/4096,0,2.8438,candidate_slots,1536
scheduler,scheduler/fixed/holes/4096,0,2.8438,cpu_ms,2.844000000000013
scheduler,scheduler/fixed/holes/4096,0,2.8438,cpu_percent,100.00879120879168
scheduler,scheduler/fixed/holes/4096,0,2.8438,leases,3072
scheduler,scheduler/fixed/holes/4096,0,2.8438,max_leases_per_request,4
scheduler,scheduler/fixed/holes/4096,0,2.8438,max_request_bytes,4194304
scheduler,scheduler/fixed/holes/4096,0,2.8438,micros_per_request,1.8493385416666668
scheduler,scheduler/fixed/holes/4096,0,2.8438,multi_lease_requests,512
scheduler,scheduler/fixed/holes/4096,0,2.8438,planned_bytes,3221225472
scheduler,scheduler/fixed/holes/4096,0,2.8438,planned_ranges,1542
scheduler,scheduler/fixed/holes/4096,0,2.8438,process_peak_rss_bytes,16596992
scheduler,scheduler/fixed/holes/4096,0,2.8438,requests,1536
scheduler,scheduler/fixed/holes/4096,0,2.8438,single_lease_requests,1024
scheduler,scheduler/fixed/holes/4096,0,2.8438,total,2.840584
scheduler,scheduler/fixed/holes/4096,0,2.8438,truncated_requests,1536
scheduler,scheduler/fixed/holes/4096,1,2.8110,boundary_scans,1536
scheduler,scheduler/fixed/holes/4096,1,2.8110,candidate_slots,1536
scheduler,scheduler/fixed/holes/4096,1,2.8110,cpu_ms,2.805000000000002
scheduler,scheduler/fixed/holes/4096,1,2.8110,cpu_percent,99.78506190942724
scheduler,scheduler/fixed/holes/4096,1,2.8110,leases,3072
scheduler,scheduler/fixed/holes/4096,1,2.8110,max_leases_per_request,4
scheduler,scheduler/fixed/holes/4096,1,2.8110,max_request_bytes,4194304
scheduler,scheduler/fixed/holes/4096,1,2.8110,micros_per_request,1.8279889322916665
scheduler,scheduler/fixed/holes/4096,1,2.8110,multi_lease_requests,512
scheduler,scheduler/fixed/holes/4096,1,2.8110,planned_bytes,3221225472
scheduler,scheduler/fixed/holes/4096,1,2.8110,planned_ranges,1542
scheduler,scheduler/fixed/holes/4096,1,2.8110,process_peak_rss_bytes,16596992
scheduler,scheduler/fixed/holes/4096,1,2.8110,requests,1536
scheduler,scheduler/fixed/holes/4096,1,2.8110,single_lease_requests,1024
scheduler,scheduler/fixed/holes/4096,1,2.8110,total,2.807791
scheduler,scheduler/fixed/holes/4096,1,2.8110,truncated_requests,1536
scheduler,scheduler/fixed/holes/4096,2,2.7695,boundary_scans,1536
scheduler,scheduler/fixed/holes/4096,2,2.7695,candidate_slots,1536
scheduler,scheduler/fixed/holes/4096,2,2.7695,cpu_ms,2.7639999999999887
scheduler,scheduler/fixed/holes/4096,2,2.7695,cpu_percent,99.80292172692234
scheduler,scheduler/fixed/holes/4096,2,2.7695,leases,3072
scheduler,scheduler/fixed/holes/4096,2,2.7695,max_leases_per_request,4
scheduler,scheduler/fixed/holes/4096,2,2.7695,max_request_bytes,4194304
scheduler,scheduler/fixed/holes/4096,2,2.7695,micros_per_request,1.8009713541666665
scheduler,scheduler/fixed/holes/4096,2,2.7695,multi_lease_requests,512
scheduler,scheduler/fixed/holes/4096,2,2.7695,planned_bytes,3221225472
scheduler,scheduler/fixed/holes/4096,2,2.7695,planned_ranges,1542
scheduler,scheduler/fixed/holes/4096,2,2.7695,process_peak_rss_bytes,16596992
scheduler,scheduler/fixed/holes/4096,2,2.7695,requests,1536
scheduler,scheduler/fixed/holes/4096,2,2.7695,single_lease_requests,1024
scheduler,scheduler/fixed/holes/4096,2,2.7695,total,2.766292
scheduler,scheduler/fixed/holes/4096,2,2.7695,truncated_requests,1536
scheduler,scheduler/fixed/holes/4096,3,2.8104,boundary_scans,1536
scheduler,scheduler/fixed/holes/4096,3,2.8104,candidate_slots,1536
scheduler,scheduler/fixed/holes/4096,3,2.8104,cpu_ms,2.811000000000008
scheduler,scheduler/fixed/holes/4096,3,2.8104,cpu_percent,100.02223902504143
scheduler,scheduler/fixed/holes/4096,3,2.8104,leases,3072
scheduler,scheduler/fixed/holes/4096,3,2.8104,max_leases_per_request,4
scheduler,scheduler/fixed/holes/4096,3,2.8104,max_request_bytes,4194304
scheduler,scheduler/fixed/holes/4096,3,2.8104,micros_per_request,1.8276914062499998
scheduler,scheduler/fixed/holes/4096,3,2.8104,multi_lease_requests,512
scheduler,scheduler/fixed/holes/4096,3,2.8104,planned_bytes,3221225472
scheduler,scheduler/fixed/holes/4096,3,2.8104,planned_ranges,1542
scheduler,scheduler/fixed/holes/4096,3,2.8104,process_peak_rss_bytes,16596992
scheduler,scheduler/fixed/holes/4096,3,2.8104,requests,1536
scheduler,scheduler/fixed/holes/4096,3,2.8104,single_lease_requests,1024
scheduler,scheduler/fixed/holes/4096,3,2.8104,total,2.807334
scheduler,scheduler/fixed/holes/4096,3,2.8104,truncated_requests,1536
scheduler,scheduler/fixed/holes/4096,4,2.7877,boundary_scans,1536
scheduler,scheduler/fixed/holes/4096,4,2.7877,candidate_slots,1536
scheduler,scheduler/fixed/holes/4096,4,2.7877,cpu_ms,2.787999999999985
scheduler,scheduler/fixed/holes/4096,4,2.7877,cpu_percent,100.00896780557746
scheduler,scheduler/fixed/holes/4096,4,2.7877,leases,3072
scheduler,scheduler/fixed/holes/4096,4,2.7877,max_leases_per_request,4
scheduler,scheduler/fixed/holes/4096,4,2.7877,max_request_bytes,4194304
scheduler,scheduler/fixed/holes/4096,4,2.7877,micros_per_request,1.81298828125
scheduler,scheduler/fixed/holes/4096,4,2.7877,multi_lease_requests,512
scheduler,scheduler/fixed/holes/4096,4,2.7877,planned_bytes,3221225472
scheduler,scheduler/fixed/holes/4096,4,2.7877,planned_ranges,1542
scheduler,scheduler/fixed/holes/4096,4,2.7877,process_peak_rss_bytes,16596992
scheduler,scheduler/fixed/holes/4096,4,2.7877,requests,1536
scheduler,scheduler/fixed/holes/4096,4,2.7877,single_lease_requests,1024
scheduler,scheduler/fixed/holes/4096,4,2.7877,total,2.78475
scheduler,scheduler/fixed/holes/4096,4,2.7877,truncated_requests,1536
scheduler,scheduler/fixed/holes/4096,5,2.8244,boundary_scans,1536
scheduler,scheduler/fixed/holes/4096,5,2.8244,candidate_slots,1536
scheduler,scheduler/fixed/holes/4096,5,2.8244,cpu_ms,2.8189999999999884
scheduler,scheduler/fixed/holes/4096,5,2.8244,cpu_percent,99.80969240982478
scheduler,scheduler/fixed/holes/4096,5,2.8244,leases,3072
scheduler,scheduler/fixed/holes/4096,5,2.8244,max_leases_per_request,4
scheduler,scheduler/fixed/holes/4096,5,2.8244,max_request_bytes,4194304
scheduler,scheduler/fixed/holes/4096,5,2.8244,micros_per_request,1.8363717447916665
scheduler,scheduler/fixed/holes/4096,5,2.8244,multi_lease_requests,512
scheduler,scheduler/fixed/holes/4096,5,2.8244,planned_bytes,3221225472
scheduler,scheduler/fixed/holes/4096,5,2.8244,planned_ranges,1542
scheduler,scheduler/fixed/holes/4096,5,2.8244,process_peak_rss_bytes,16596992
scheduler,scheduler/fixed/holes/4096,5,2.8244,requests,1536
scheduler,scheduler/fixed/holes/4096,5,2.8244,single_lease_requests,1024
scheduler,scheduler/fixed/holes/4096,5,2.8244,total,2.820667
scheduler,scheduler/fixed/holes/4096,5,2.8244,truncated_requests,1536
scheduler,scheduler/fixed/holes/4096,6,2.8364,boundary_scans,1536
scheduler,scheduler/fixed/holes/4096,6,2.8364,candidate_slots,1536
scheduler,scheduler/fixed/holes/4096,6,2.8364,cpu_ms,2.827999999999997
scheduler,scheduler/fixed/holes/4096,6,2.8364,cpu_percent,99.7032523779119
scheduler,scheduler/fixed/holes/4096,6,2.8364,leases,3072
scheduler,scheduler/fixed/holes/4096,6,2.8364,max_leases_per_request,4
scheduler,scheduler/fixed/holes/4096,6,2.8364,max_request_bytes,4194304
scheduler,scheduler/fixed/holes/4096,6,2.8364,micros_per_request,1.8423118489583332
scheduler,scheduler/fixed/holes/4096,6,2.8364,multi_lease_requests,512
scheduler,scheduler/fixed/holes/4096,6,2.8364,planned_bytes,3221225472
scheduler,scheduler/fixed/holes/4096,6,2.8364,planned_ranges,1542
scheduler,scheduler/fixed/holes/4096,6,2.8364,process_peak_rss_bytes,16613376
scheduler,scheduler/fixed/holes/4096,6,2.8364,requests,1536
scheduler,scheduler/fixed/holes/4096,6,2.8364,single_lease_requests,1024
scheduler,scheduler/fixed/holes/4096,6,2.8364,total,2.8297909999999997
scheduler,scheduler/fixed/holes/4096,6,2.8364,truncated_requests,1536
scheduler,scheduler/fixed/holes/4096,7,2.8202,boundary_scans,1536
scheduler,scheduler/fixed/holes/4096,7,2.8202,candidate_slots,1536
scheduler,scheduler/fixed/holes/4096,7,2.8202,cpu_ms,2.821000000000018
scheduler,scheduler/fixed/holes/4096,7,2.8202,cpu_percent,100.02659338711172
scheduler,scheduler/fixed/holes/4096,7,2.8202,leases,3072
scheduler,scheduler/fixed/holes/4096,7,2.8202,max_leases_per_request,4
scheduler,scheduler/fixed/holes/4096,7,2.8202,max_request_bytes,4194304
scheduler,scheduler/fixed/holes/4096,7,2.8202,micros_per_request,1.8340117187500002
scheduler,scheduler/fixed/holes/4096,7,2.8202,multi_lease_requests,512
scheduler,scheduler/fixed/holes/4096,7,2.8202,planned_bytes,3221225472
scheduler,scheduler/fixed/holes/4096,7,2.8202,planned_ranges,1542
scheduler,scheduler/fixed/holes/4096,7,2.8202,process_peak_rss_bytes,16613376
scheduler,scheduler/fixed/holes/4096,7,2.8202,requests,1536
scheduler,scheduler/fixed/holes/4096,7,2.8202,single_lease_requests,1024
scheduler,scheduler/fixed/holes/4096,7,2.8202,total,2.8170420000000003
scheduler,scheduler/fixed/holes/4096,7,2.8202,truncated_requests,1536
scheduler,scheduler/fixed/holes/4096,8,2.7457,boundary_scans,1536
scheduler,scheduler/fixed/holes/4096,8,2.7457,candidate_slots,1536
scheduler,scheduler/fixed/holes/4096,8,2.7457,cpu_ms,2.7449999999999974
scheduler,scheduler/fixed/holes/4096,8,2.7457,cpu_percent,99.9757071778915
scheduler,scheduler/fixed/holes/4096,8,2.7457,leases,3072
scheduler,scheduler/fixed/holes/4096,8,2.7457,max_leases_per_request,4
scheduler,scheduler/fixed/holes/4096,8,2.7457,max_request_bytes,4194304
scheduler,scheduler/fixed/holes/4096,8,2.7457,micros_per_request,1.7853736979166666
scheduler,scheduler/fixed/holes/4096,8,2.7457,multi_lease_requests,512
scheduler,scheduler/fixed/holes/4096,8,2.7457,planned_bytes,3221225472
scheduler,scheduler/fixed/holes/4096,8,2.7457,planned_ranges,1542
scheduler,scheduler/fixed/holes/4096,8,2.7457,process_peak_rss_bytes,16613376
scheduler,scheduler/fixed/holes/4096,8,2.7457,requests,1536
scheduler,scheduler/fixed/holes/4096,8,2.7457,single_lease_requests,1024
scheduler,scheduler/fixed/holes/4096,8,2.7457,total,2.742334
scheduler,scheduler/fixed/holes/4096,8,2.7457,truncated_requests,1536
scheduler,scheduler/fixed/holes/4096,9,2.8370,boundary_scans,1536
scheduler,scheduler/fixed/holes/4096,9,2.8370,candidate_slots,1536
scheduler,scheduler/fixed/holes/4096,9,2.8370,cpu_ms,2.823999999999993
scheduler,scheduler/fixed/holes/4096,9,2.8370,cpu_percent,99.5403309293025
scheduler,scheduler/fixed/holes/4096,9,2.8370,leases,3072
scheduler,scheduler/fixed/holes/4096,9,2.8370,max_leases_per_request,4
scheduler,scheduler/fixed/holes/4096,9,2.8370,max_request_bytes,4194304
scheduler,scheduler/fixed/holes/4096,9,2.8370,micros_per_request,1.8447265625
scheduler,scheduler/fixed/holes/4096,9,2.8370,multi_lease_requests,512
scheduler,scheduler/fixed/holes/4096,9,2.8370,planned_bytes,3221225472
scheduler,scheduler/fixed/holes/4096,9,2.8370,planned_ranges,1542
scheduler,scheduler/fixed/holes/4096,9,2.8370,process_peak_rss_bytes,16613376
scheduler,scheduler/fixed/holes/4096,9,2.8370,requests,1536
scheduler,scheduler/fixed/holes/4096,9,2.8370,single_lease_requests,1024
scheduler,scheduler/fixed/holes/4096,9,2.8370,total,2.8335
scheduler,scheduler/fixed/holes/4096,9,2.8370,truncated_requests,1536
scheduler,scheduler/dynamic/resumed_suffix/4096,0,0.2988,boundary_scans,48
scheduler,scheduler/dynamic/resumed_suffix/4096,0,0.2988,candidate_slots,54
scheduler,scheduler/dynamic/resumed_suffix/4096,0,0.2988,cpu_ms,0.2989999999999937
scheduler,scheduler/dynamic/resumed_suffix/4096,0,0.2988,cpu_percent,100.06961364427218
scheduler,scheduler/dynamic/resumed_suffix/4096,0,0.2988,leases,3071
scheduler,scheduler/dynamic/resumed_suffix/4096,0,0.2988,max_leases_per_request,64
scheduler,scheduler/dynamic/resumed_suffix/4096,0,0.2988,max_request_bytes,67108864
scheduler,scheduler/dynamic/resumed_suffix/4096,0,0.2988,micros_per_request,6.088541666666665
scheduler,scheduler/dynamic/resumed_suffix/4096,0,0.2988,multi_lease_requests,48
scheduler,scheduler/dynamic/resumed_suffix/4096,0,0.2988,planned_bytes,3220176896
scheduler,scheduler/dynamic/resumed_suffix/4096,0,0.2988,planned_ranges,54
scheduler,scheduler/dynamic/resumed_suffix/4096,0,0.2988,process_peak_rss_bytes,16629760
scheduler,scheduler/dynamic/resumed_suffix/4096,0,0.2988,requests,48
scheduler,scheduler/dynamic/resumed_suffix/4096,0,0.2988,single_lease_requests,0
scheduler,scheduler/dynamic/resumed_suffix/4096,0,0.2988,total,0.29224999999999995
scheduler,scheduler/dynamic/resumed_suffix/4096,0,0.2988,truncated_requests,47
scheduler,scheduler/dynamic/resumed_suffix/4096,1,0.2895,boundary_scans,48
scheduler,scheduler/dynamic/resumed_suffix/4096,1,0.2895,candidate_slots,54
scheduler,scheduler/dynamic/resumed_suffix/4096,1,0.2895,cpu_ms,0.29000000000001247
scheduler,scheduler/dynamic/resumed_suffix/4096,1,0.2895,cpu_percent,100.17271157167961
scheduler,scheduler/dynamic/resumed_suffix/4096,1,0.2895,leases,3071
scheduler,scheduler/dynamic/resumed_suffix/4096,1,0.2895,max_leases_per_request,64
scheduler,scheduler/dynamic/resumed_suffix/4096,1,0.2895,max_request_bytes,67108864
scheduler,scheduler/dynamic/resumed_suffix/4096,1,0.2895,micros_per_request,5.968750000000001
scheduler,scheduler/dynamic/resumed_suffix/4096,1,0.2895,multi_lease_requests,48
scheduler,scheduler/dynamic/resumed_suffix/4096,1,0.2895,planned_bytes,3220176896
scheduler,scheduler/dynamic/resumed_suffix/4096,1,0.2895,planned_ranges,54
scheduler,scheduler/dynamic/resumed_suffix/4096,1,0.2895,process_peak_rss_bytes,16629760
scheduler,scheduler/dynamic/resumed_suffix/4096,1,0.2895,requests,48
scheduler,scheduler/dynamic/resumed_suffix/4096,1,0.2895,single_lease_requests,0
scheduler,scheduler/dynamic/resumed_suffix/4096,1,0.2895,total,0.28650000000000003
scheduler,scheduler/dynamic/resumed_suffix/4096,1,0.2895,truncated_requests,47
scheduler,scheduler/dynamic/resumed_suffix/4096,2,0.2863,boundary_scans,48
scheduler,scheduler/dynamic/resumed_suffix/4096,2,0.2863,candidate_slots,54
scheduler,scheduler/dynamic/resumed_suffix/4096,2,0.2863,cpu_ms,0.28599999999995296
scheduler,scheduler/dynamic/resumed_suffix/4096,2,0.2863,cpu_percent,99.89800623138369
scheduler,scheduler/dynamic/resumed_suffix/4096,2,0.2863,leases,3071
scheduler,scheduler/dynamic/resumed_suffix/4096,2,0.2863,max_leases_per_request,64
scheduler,scheduler/dynamic/resumed_suffix/4096,2,0.2863,max_request_bytes,67108864
scheduler,scheduler/dynamic/resumed_suffix/4096,2,0.2863,micros_per_request,5.902770833333334
scheduler,scheduler/dynamic/resumed_suffix/4096,2,0.2863,multi_lease_requests,48
scheduler,scheduler/dynamic/resumed_suffix/4096,2,0.2863,planned_bytes,3220176896
scheduler,scheduler/dynamic/resumed_suffix/4096,2,0.2863,planned_ranges,54
scheduler,scheduler/dynamic/resumed_suffix/4096,2,0.2863,process_peak_rss_bytes,16629760
scheduler,scheduler/dynamic/resumed_suffix/4096,2,0.2863,requests,48
scheduler,scheduler/dynamic/resumed_suffix/4096,2,0.2863,single_lease_requests,0
scheduler,scheduler/dynamic/resumed_suffix/4096,2,0.2863,total,0.283333
scheduler,scheduler/dynamic/resumed_suffix/4096,2,0.2863,truncated_requests,47
scheduler,scheduler/dynamic/resumed_suffix/4096,3,0.2859,boundary_scans,48
scheduler,scheduler/dynamic/resumed_suffix/4096,3,0.2859,candidate_slots,54
scheduler,scheduler/dynamic/resumed_suffix/4096,3,0.2859,cpu_ms,0.28600000000000847
scheduler,scheduler/dynamic/resumed_suffix/4096,3,0.2859,cpu_percent,100.04372540446296
scheduler,scheduler/dynamic/resumed_suffix/4096,3,0.2859,leases,3071
scheduler,scheduler/dynamic/resumed_suffix/4096,3,0.2859,max_leases_per_request,64
scheduler,scheduler/dynamic/resumed_suffix/4096,3,0.2859,max_request_bytes,67108864
scheduler,scheduler/dynamic/resumed_suffix/4096,3,0.2859,micros_per_request,5.894979166666666
scheduler,scheduler/dynamic/resumed_suffix/4096,3,0.2859,multi_lease_requests,48
scheduler,scheduler/dynamic/resumed_suffix/4096,3,0.2859,planned_bytes,3220176896
scheduler,scheduler/dynamic/resumed_suffix/4096,3,0.2859,planned_ranges,54
scheduler,scheduler/dynamic/resumed_suffix/4096,3,0.2859,process_peak_rss_bytes,16629760
scheduler,scheduler/dynamic/resumed_suffix/4096,3,0.2859,requests,48
scheduler,scheduler/dynamic/resumed_suffix/4096,3,0.2859,single_lease_requests,0
scheduler,scheduler/dynamic/resumed_suffix/4096,3,0.2859,total,0.282959
scheduler,scheduler/dynamic/resumed_suffix/4096,3,0.2859,truncated_requests,47
scheduler,scheduler/dynamic/resumed_suffix/4096,4,0.2865,boundary_scans,48
scheduler,scheduler/dynamic/resumed_suffix/4096,4,0.2865,candidate_slots,54
scheduler,scheduler/dynamic/resumed_suffix/4096,4,0.2865,cpu_ms,0.28600000000000847
scheduler,scheduler/dynamic/resumed_suffix/4096,4,0.2865,cpu_percent,99.81084797342396
scheduler,scheduler/dynamic/resumed_suffix/4096,4,0.2865,leases,3071
scheduler,scheduler/dynamic/resumed_suffix/4096,4,0.2865,max_leases_per_request,64
scheduler,scheduler/dynamic/resumed_suffix/4096,4,0.2865,max_request_bytes,67108864
scheduler,scheduler/dynamic/resumed_suffix/4096,4,0.2865,micros_per_request,5.908854166666667
scheduler,scheduler/dynamic/resumed_suffix/4096,4,0.2865,multi_lease_requests,48
scheduler,scheduler/dynamic/resumed_suffix/4096,4,0.2865,planned_bytes,3220176896
scheduler,scheduler/dynamic/resumed_suffix/4096,4,0.2865,planned_ranges,54
scheduler,scheduler/dynamic/resumed_suffix/4096,4,0.2865,process_peak_rss_bytes,16629760
scheduler,scheduler/dynamic/resumed_suffix/4096,4,0.2865,requests,48
scheduler,scheduler/dynamic/resumed_suffix/4096,4,0.2865,single_lease_requests,0
scheduler,scheduler/dynamic/resumed_suffix/4096,4,0.2865,total,0.283625
scheduler,scheduler/dynamic/resumed_suffix/4096,4,0.2865,truncated_requests,47
scheduler,scheduler/dynamic/resumed_suffix/4096,5,0.2845,boundary_scans,48
scheduler,scheduler/dynamic/resumed_suffix/4096,5,0.2845,candidate_slots,54
scheduler,scheduler/dynamic/resumed_suffix/4096,5,0.2845,cpu_ms,0.28399999999995096
scheduler,scheduler/dynamic/resumed_suffix/4096,5,0.2845,cpu_percent,99.80951845420043
scheduler,scheduler/dynamic/resumed_suffix/4096,5,0.2845,leases,3071
scheduler,scheduler/dynamic/resumed_suffix/4096,5,0.2845,max_leases_per_request,64
scheduler,scheduler/dynamic/resumed_suffix/4096,5,0.2845,max_request_bytes,67108864
scheduler,scheduler/dynamic/resumed_suffix/4096,5,0.2845,micros_per_request,5.8654375
scheduler,scheduler/dynamic/resumed_suffix/4096,5,0.2845,multi_lease_requests,48
scheduler,scheduler/dynamic/resumed_suffix/4096,5,0.2845,planned_bytes,3220176896
scheduler,scheduler/dynamic/resumed_suffix/4096,5,0.2845,planned_ranges,54
scheduler,scheduler/dynamic/resumed_suffix/4096,5,0.2845,process_peak_rss_bytes,16629760
scheduler,scheduler/dynamic/resumed_suffix/4096,5,0.2845,requests,48
scheduler,scheduler/dynamic/resumed_suffix/4096,5,0.2845,single_lease_requests,0
scheduler,scheduler/dynamic/resumed_suffix/4096,5,0.2845,total,0.281541
scheduler,scheduler/dynamic/resumed_suffix/4096,5,0.2845,truncated_requests,47
scheduler,scheduler/dynamic/resumed_suffix/4096,6,0.2852,boundary_scans,48
scheduler,scheduler/dynamic/resumed_suffix/4096,6,0.2852,candidate_slots,54
scheduler,scheduler/dynamic/resumed_suffix/4096,6,0.2852,cpu_ms,0.2850000000000352
scheduler,scheduler/dynamic/resumed_suffix/4096,6,0.2852,cpu_percent,99.94143782416452
scheduler,scheduler/dynamic/resumed_suffix/4096,6,0.2852,leases,3071
scheduler,scheduler/dynamic/resumed_suffix/4096,6,0.2852,max_leases_per_request,64
scheduler,scheduler/dynamic/resumed_suffix/4096,6,0.2852,max_request_bytes,67108864
scheduler,scheduler/dynamic/resumed_suffix/4096,6,0.2852,micros_per_request,5.878458333333334
scheduler,scheduler/dynamic/resumed_suffix/4096,6,0.2852,multi_lease_requests,48
scheduler,scheduler/dynamic/resumed_suffix/4096,6,0.2852,planned_bytes,3220176896
scheduler,scheduler/dynamic/resumed_suffix/4096,6,0.2852,planned_ranges,54
scheduler,scheduler/dynamic/resumed_suffix/4096,6,0.2852,process_peak_rss_bytes,16629760
scheduler,scheduler/dynamic/resumed_suffix/4096,6,0.2852,requests,48
scheduler,scheduler/dynamic/resumed_suffix/4096,6,0.2852,single_lease_requests,0
scheduler,scheduler/dynamic/resumed_suffix/4096,6,0.2852,total,0.282166
scheduler,scheduler/dynamic/resumed_suffix/4096,6,0.2852,truncated_requests,47
scheduler,scheduler/dynamic/resumed_suffix/4096,7,0.2838,boundary_scans,48
scheduler,scheduler/dynamic/resumed_suffix/4096,7,0.2838,candidate_slots,54
scheduler,scheduler/dynamic/resumed_suffix/4096,7,0.2838,cpu_ms,0.28400000000000647
scheduler,scheduler/dynamic/resumed_suffix/4096,7,0.2838,cpu_percent,100.05848488905713
scheduler,scheduler/dynamic/resumed_suffix/4096,7,0.2838,leases,3071
scheduler,scheduler/dynamic/resumed_suffix/4096,7,0.2838,max_leases_per_request,64
scheduler,scheduler/dynamic/resumed_suffix/4096,7,0.2838,max_request_bytes,67108864
scheduler,scheduler/dynamic/resumed_suffix/4096,7,0.2838,micros_per_request,5.8515625
scheduler,scheduler/dynamic/resumed_suffix/4096,7,0.2838,multi_lease_requests,48
scheduler,scheduler/dynamic/resumed_suffix/4096,7,0.2838,planned_bytes,3220176896
scheduler,scheduler/dynamic/resumed_suffix/4096,7,0.2838,planned_ranges,54
scheduler,scheduler/dynamic/resumed_suffix/4096,7,0.2838,process_peak_rss_bytes,16629760
scheduler,scheduler/dynamic/resumed_suffix/4096,7,0.2838,requests,48
scheduler,scheduler/dynamic/resumed_suffix/4096,7,0.2838,single_lease_requests,0
scheduler,scheduler/dynamic/resumed_suffix/4096,7,0.2838,total,0.280875
scheduler,scheduler/dynamic/resumed_suffix/4096,7,0.2838,truncated_requests,47
scheduler,scheduler/dynamic/resumed_suffix/4096,8,0.2850,boundary_scans,48
scheduler,scheduler/dynamic/resumed_suffix/4096,8,0.2850,candidate_slots,54
scheduler,scheduler/dynamic/resumed_suffix/4096,8,0.2850,cpu_ms,0.28600000000000847
scheduler,scheduler/dynamic/resumed_suffix/4096,8,0.2850,cpu_percent,100.33644282752603
scheduler,scheduler/dynamic/resumed_suffix/4096,8,0.2850,leases,3071
scheduler,scheduler/dynamic/resumed_suffix/4096,8,0.2850,max_leases_per_request,64
scheduler,scheduler/dynamic/resumed_suffix/4096,8,0.2850,max_request_bytes,67108864
scheduler,scheduler/dynamic/resumed_suffix/4096,8,0.2850,micros_per_request,5.875875
scheduler,scheduler/dynamic/resumed_suffix/4096,8,0.2850,multi_lease_requests,48
scheduler,scheduler/dynamic/resumed_suffix/4096,8,0.2850,planned_bytes,3220176896
scheduler,scheduler/dynamic/resumed_suffix/4096,8,0.2850,planned_ranges,54
scheduler,scheduler/dynamic/resumed_suffix/4096,8,0.2850,process_peak_rss_bytes,16629760
scheduler,scheduler/dynamic/resumed_suffix/4096,8,0.2850,requests,48
scheduler,scheduler/dynamic/resumed_suffix/4096,8,0.2850,single_lease_requests,0
scheduler,scheduler/dynamic/resumed_suffix/4096,8,0.2850,total,0.28204199999999996
scheduler,scheduler/dynamic/resumed_suffix/4096,8,0.2850,truncated_requests,47
scheduler,scheduler/dynamic/resumed_suffix/4096,9,0.2840,boundary_scans,48
scheduler,scheduler/dynamic/resumed_suffix/4096,9,0.2840,candidate_slots,54
scheduler,scheduler/dynamic/resumed_suffix/4096,9,0.2840,cpu_ms,0.28400000000000647
scheduler,scheduler/dynamic/resumed_suffix/4096,9,0.2840,cpu_percent,99.98521345435059
scheduler,scheduler/dynamic/resumed_suffix/4096,9,0.2840,leases,3071
scheduler,scheduler/dynamic/resumed_suffix/4096,9,0.2840,max_leases_per_request,64
scheduler,scheduler/dynamic/resumed_suffix/4096,9,0.2840,max_request_bytes,67108864
scheduler,scheduler/dynamic/resumed_suffix/4096,9,0.2840,micros_per_request,5.854166666666667
scheduler,scheduler/dynamic/resumed_suffix/4096,9,0.2840,multi_lease_requests,48
scheduler,scheduler/dynamic/resumed_suffix/4096,9,0.2840,planned_bytes,3220176896
scheduler,scheduler/dynamic/resumed_suffix/4096,9,0.2840,planned_ranges,54
scheduler,scheduler/dynamic/resumed_suffix/4096,9,0.2840,process_peak_rss_bytes,16629760
scheduler,scheduler/dynamic/resumed_suffix/4096,9,0.2840,requests,48
scheduler,scheduler/dynamic/resumed_suffix/4096,9,0.2840,single_lease_requests,0
scheduler,scheduler/dynamic/resumed_suffix/4096,9,0.2840,total,0.281
scheduler,scheduler/dynamic/resumed_suffix/4096,9,0.2840,truncated_requests,47
scheduler,scheduler/fixed/resumed_suffix/4096,0,5.9312,boundary_scans,768
scheduler,scheduler/fixed/resumed_suffix/4096,0,5.9312,candidate_slots,768
scheduler,scheduler/fixed/resumed_suffix/4096,0,5.9312,cpu_ms,5.927999999999988
scheduler,scheduler/fixed/resumed_suffix/4096,0,5.9312,cpu_percent,99.94662095109103
scheduler,scheduler/fixed/resumed_suffix/4096,0,5.9312,leases,3071
scheduler,scheduler/fixed/resumed_suffix/4096,0,5.9312,max_leases_per_request,4
scheduler,scheduler/fixed/resumed_suffix/4096,0,5.9312,max_request_bytes,4194304
scheduler,scheduler/fixed/resumed_suffix/4096,0,5.9312,micros_per_request,7.7183164062500005
scheduler,scheduler/fixed/resumed_suffix/4096,0,5.9312,multi_lease_requests,768
scheduler,scheduler/fixed/resumed_suffix/4096,0,5.9312,planned_bytes,3220176896
scheduler,scheduler/fixed/resumed_suffix/4096,0,5.9312,planned_ranges,774
scheduler,scheduler/fixed/resumed_suffix/4096,0,5.9312,process_peak_rss_bytes,16629760
scheduler,scheduler/fixed/resumed_suffix/4096,0,5.9312,requests,768
scheduler,scheduler/fixed/resumed_suffix/4096,0,5.9312,single_lease_requests,0
scheduler,scheduler/fixed/resumed_suffix/4096,0,5.9312,total,5.9276670000000005
scheduler,scheduler/fixed/resumed_suffix/4096,0,5.9312,truncated_requests,768
scheduler,scheduler/fixed/resumed_suffix/4096,1,5.8807,boundary_scans,768
scheduler,scheduler/fixed/resumed_suffix/4096,1,5.8807,candidate_slots,768
scheduler,scheduler/fixed/resumed_suffix/4096,1,5.8807,cpu_ms,5.876000000000047
scheduler,scheduler/fixed/resumed_suffix/4096,1,5.8807,cpu_percent,99.92065524551211
scheduler,scheduler/fixed/resumed_suffix/4096,1,5.8807,leases,3071
scheduler,scheduler/fixed/resumed_suffix/4096,1,5.8807,max_leases_per_request,4
scheduler,scheduler/fixed/resumed_suffix/4096,1,5.8807,max_request_bytes,4194304
scheduler,scheduler/fixed/resumed_suffix/4096,1,5.8807,micros_per_request,7.64995703125
scheduler,scheduler/fixed/resumed_suffix/4096,1,5.8807,multi_lease_requests,768
scheduler,scheduler/fixed/resumed_suffix/4096,1,5.8807,planned_bytes,3220176896
scheduler,scheduler/fixed/resumed_suffix/4096,1,5.8807,planned_ranges,774
scheduler,scheduler/fixed/resumed_suffix/4096,1,5.8807,process_peak_rss_bytes,16646144
scheduler,scheduler/fixed/resumed_suffix/4096,1,5.8807,requests,768
scheduler,scheduler/fixed/resumed_suffix/4096,1,5.8807,single_lease_requests,0
scheduler,scheduler/fixed/resumed_suffix/4096,1,5.8807,total,5.875166999999999
scheduler,scheduler/fixed/resumed_suffix/4096,1,5.8807,truncated_requests,768
scheduler,scheduler/fixed/resumed_suffix/4096,2,5.8523,boundary_scans,768
scheduler,scheduler/fixed/resumed_suffix/4096,2,5.8523,candidate_slots,768
scheduler,scheduler/fixed/resumed_suffix/4096,2,5.8523,cpu_ms,5.846000000000018
scheduler,scheduler/fixed/resumed_suffix/4096,2,5.8523,cpu_percent,99.89248656765618
scheduler,scheduler/fixed/resumed_suffix/4096,2,5.8523,leases,3071
scheduler,scheduler/fixed/resumed_suffix/4096,2,5.8523,max_leases_per_request,4
scheduler,scheduler/fixed/resumed_suffix/4096,2,5.8523,max_request_bytes,4194304
scheduler,scheduler/fixed/resumed_suffix/4096,2,5.8523,micros_per_request,7.61572265625
scheduler,scheduler/fixed/resumed_suffix/4096,2,5.8523,multi_lease_requests,768
scheduler,scheduler/fixed/resumed_suffix/4096,2,5.8523,planned_bytes,3220176896
scheduler,scheduler/fixed/resumed_suffix/4096,2,5.8523,planned_ranges,774
scheduler,scheduler/fixed/resumed_suffix/4096,2,5.8523,process_peak_rss_bytes,16646144
scheduler,scheduler/fixed/resumed_suffix/4096,2,5.8523,requests,768
scheduler,scheduler/fixed/resumed_suffix/4096,2,5.8523,single_lease_requests,0
scheduler,scheduler/fixed/resumed_suffix/4096,2,5.8523,total,5.848875
scheduler,scheduler/fixed/resumed_suffix/4096,2,5.8523,truncated_requests,768
scheduler,scheduler/fixed/resumed_suffix/4096,3,5.9173,boundary_scans,768
scheduler,scheduler/fixed/resumed_suffix/4096,3,5.9173,candidate_slots,768
scheduler,scheduler/fixed/resumed_suffix/4096,3,5.9173,cpu_ms,5.911
scheduler,scheduler/fixed/resumed_suffix/4096,3,5.9173,cpu_percent,99.89366757631699
scheduler,scheduler/fixed/resumed_suffix/4096,3,5.9173,leases,3071
scheduler,scheduler/fixed/resumed_suffix/4096,3,5.9173,max_leases_per_request,4
scheduler,scheduler/fixed/resumed_suffix/4096,3,5.9173,max_request_bytes,4194304
scheduler,scheduler/fixed/resumed_suffix/4096,3,5.9173,micros_per_request,7.700248697916667
scheduler,scheduler/fixed/resumed_suffix/4096,3,5.9173,multi_lease_requests,768
scheduler,scheduler/fixed/resumed_suffix/4096,3,5.9173,planned_bytes,3220176896
scheduler,scheduler/fixed/resumed_suffix/4096,3,5.9173,planned_ranges,774
scheduler,scheduler/fixed/resumed_suffix/4096,3,5.9173,process_peak_rss_bytes,16646144
scheduler,scheduler/fixed/resumed_suffix/4096,3,5.9173,requests,768
scheduler,scheduler/fixed/resumed_suffix/4096,3,5.9173,single_lease_requests,0
scheduler,scheduler/fixed/resumed_suffix/4096,3,5.9173,total,5.913791
scheduler,scheduler/fixed/resumed_suffix/4096,3,5.9173,truncated_requests,768
scheduler,scheduler/fixed/resumed_suffix/4096,4,5.9164,boundary_scans,768
scheduler,scheduler/fixed/resumed_suffix/4096,4,5.9164,candidate_slots,768
scheduler,scheduler/fixed/resumed_suffix/4096,4,5.9164,cpu_ms,5.908999999999997
scheduler,scheduler/fixed/resumed_suffix/4096,4,5.9164,cpu_percent,99.87463696355408
scheduler,scheduler/fixed/resumed_suffix/4096,4,5.9164,leases,3071
scheduler,scheduler/fixed/resumed_suffix/4096,4,5.9164,max_leases_per_request,4
scheduler,scheduler/fixed/resumed_suffix/4096,4,5.9164,max_request_bytes,4194304
scheduler,scheduler/fixed/resumed_suffix/4096,4,5.9164,micros_per_request,7.699055989583333
scheduler,scheduler/fixed/resumed_suffix/4096,4,5.9164,multi_lease_requests,768
scheduler,scheduler/fixed/resumed_suffix/4096,4,5.9164,planned_bytes,3220176896
scheduler,scheduler/fixed/resumed_suffix/4096,4,5.9164,planned_ranges,774
scheduler,scheduler/fixed/resumed_suffix/4096,4,5.9164,process_peak_rss_bytes,16646144
scheduler,scheduler/fixed/resumed_suffix/4096,4,5.9164,requests,768
scheduler,scheduler/fixed/resumed_suffix/4096,4,5.9164,single_lease_requests,0
scheduler,scheduler/fixed/resumed_suffix/4096,4,5.9164,total,5.912875
scheduler,scheduler/fixed/resumed_suffix/4096,4,5.9164,truncated_requests,768
scheduler,scheduler/fixed/resumed_suffix/4096,5,5.8318,boundary_scans,768
scheduler,scheduler/fixed/resumed_suffix/4096,5,5.8318,candidate_slots,768
scheduler,scheduler/fixed/resumed_suffix/4096,5,5.8318,cpu_ms,5.832000000000004
scheduler,scheduler/fixed/resumed_suffix/4096,5,5.8318,cpu_percent,100.0042868778669
scheduler,scheduler/fixed/resumed_suffix/4096,5,5.8318,leases,3071
scheduler,scheduler/fixed/resumed_suffix/4096,5,5.8318,max_leases_per_request,4
scheduler,scheduler/fixed/resumed_suffix/4096,5,5.8318,max_request_bytes,4194304
scheduler,scheduler/fixed/resumed_suffix/4096,5,5.8318,micros_per_request,7.58935546875
scheduler,scheduler/fixed/resumed_suffix/4096,5,5.8318,multi_lease_requests,768
scheduler,scheduler/fixed/resumed_suffix/4096,5,5.8318,planned_bytes,3220176896
scheduler,scheduler/fixed/resumed_suffix/4096,5,5.8318,planned_ranges,774
scheduler,scheduler/fixed/resumed_suffix/4096,5,5.8318,process_peak_rss_bytes,16646144
scheduler,scheduler/fixed/resumed_suffix/4096,5,5.8318,requests,768
scheduler,scheduler/fixed/resumed_suffix/4096,5,5.8318,single_lease_requests,0
scheduler,scheduler/fixed/resumed_suffix/4096,5,5.8318,total,5.828625
scheduler,scheduler/fixed/resumed_suffix/4096,5,5.8318,truncated_requests,768
scheduler,scheduler/fixed/resumed_suffix/4096,6,5.9317,boundary_scans,768
scheduler,scheduler/fixed/resumed_suffix/4096,6,5.9317,candidate_slots,768
scheduler,scheduler/fixed/resumed_suffix/4096,6,5.9317,cpu_ms,5.915999999999977
scheduler,scheduler/fixed/resumed_suffix/4096,6,5.9317,cpu_percent,99.73587526069784
scheduler,scheduler/fixed/resumed_suffix/4096,6,5.9317,leases,3071
scheduler,scheduler/fixed/resumed_suffix/4096,6,5.9317,max_leases_per_request,4
scheduler,scheduler/fixed/resumed_suffix/4096,6,5.9317,max_request_bytes,4194304
scheduler,scheduler/fixed/resumed_suffix/4096,6,5.9317,micros_per_request,7.71875
scheduler,scheduler/fixed/resumed_suffix/4096,6,5.9317,multi_lease_requests,768
scheduler,scheduler/fixed/resumed_suffix/4096,6,5.9317,planned_bytes,3220176896
scheduler,scheduler/fixed/resumed_suffix/4096,6,5.9317,planned_ranges,774
scheduler,scheduler/fixed/resumed_suffix/4096,6,5.9317,process_peak_rss_bytes,16646144
scheduler,scheduler/fixed/resumed_suffix/4096,6,5.9317,requests,768
scheduler,scheduler/fixed/resumed_suffix/4096,6,5.9317,single_lease_requests,0
scheduler,scheduler/fixed/resumed_suffix/4096,6,5.9317,total,5.928
scheduler,scheduler/fixed/resumed_suffix/4096,6,5.9317,truncated_requests,768
scheduler,scheduler/fixed/resumed_suffix/4096,7,5.8501,boundary_scans,768
scheduler,scheduler/fixed/resumed_suffix/4096,7,5.8501,candidate_slots,768
scheduler,scheduler/fixed/resumed_suffix/4096,7,5.8501,cpu_ms,5.850000000000022
scheduler,scheduler/fixed/resumed_suffix/4096,7,5.8501,cpu_percent,99.99858121671132
scheduler,scheduler/fixed/resumed_suffix/4096,7,5.8501,leases,3071
scheduler,scheduler/fixed/resumed_suffix/4096,7,5.8501,max_leases_per_request,4
scheduler,scheduler/fixed/resumed_suffix/4096,7,5.8501,max_request_bytes,4194304
scheduler,scheduler/fixed/resumed_suffix/4096,7,5.8501,micros_per_request,7.613063802083334
scheduler,scheduler/fixed/resumed_suffix/4096,7,5.8501,multi_lease_requests,768
scheduler,scheduler/fixed/resumed_suffix/4096,7,5.8501,planned_bytes,3220176896
scheduler,scheduler/fixed/resumed_suffix/4096,7,5.8501,planned_ranges,774
scheduler,scheduler/fixed/resumed_suffix/4096,7,5.8501,process_peak_rss_bytes,16646144
scheduler,scheduler/fixed/resumed_suffix/4096,7,5.8501,requests,768
scheduler,scheduler/fixed/resumed_suffix/4096,7,5.8501,single_lease_requests,0
scheduler,scheduler/fixed/resumed_suffix/4096,7,5.8501,total,5.846833
scheduler,scheduler/fixed/resumed_suffix/4096,7,5.8501,truncated_requests,768
scheduler,scheduler/fixed/resumed_suffix/4096,8,5.8742,boundary_scans,768
scheduler,scheduler/fixed/resumed_suffix/4096,8,5.8742,candidate_slots,768
scheduler,scheduler/fixed/resumed_suffix/4096,8,5.8742,cpu_ms,5.867999999999984
scheduler,scheduler/fixed/resumed_suffix/4096,8,5.8742,cpu_percent,99.89501490168708
scheduler,scheduler/fixed/resumed_suffix/4096,8,5.8742,leases,3071
scheduler,scheduler/fixed/resumed_suffix/4096,8,5.8742,max_leases_per_request,4
scheduler,scheduler/fixed/resumed_suffix/4096,8,5.8742,max_request_bytes,4194304
scheduler,scheduler/fixed/resumed_suffix/4096,8,5.8742,micros_per_request,7.6434999999999995
scheduler,scheduler/fixed/resumed_suffix/4096,8,5.8742,multi_lease_requests,768
scheduler,scheduler/fixed/resumed_suffix/4096,8,5.8742,planned_bytes,3220176896
scheduler,scheduler/fixed/resumed_suffix/4096,8,5.8742,planned_ranges,774
scheduler,scheduler/fixed/resumed_suffix/4096,8,5.8742,process_peak_rss_bytes,16646144
scheduler,scheduler/fixed/resumed_suffix/4096,8,5.8742,requests,768
scheduler,scheduler/fixed/resumed_suffix/4096,8,5.8742,single_lease_requests,0
scheduler,scheduler/fixed/resumed_suffix/4096,8,5.8742,total,5.870208
scheduler,scheduler/fixed/resumed_suffix/4096,8,5.8742,truncated_requests,768
scheduler,scheduler/fixed/resumed_suffix/4096,9,5.9320,boundary_scans,768
scheduler,scheduler/fixed/resumed_suffix/4096,9,5.9320,candidate_slots,768
scheduler,scheduler/fixed/resumed_suffix/4096,9,5.9320,cpu_ms,5.912000000000028
scheduler,scheduler/fixed/resumed_suffix/4096,9,5.9320,cpu_percent,99.66355122541376
scheduler,scheduler/fixed/resumed_suffix/4096,9,5.9320,leases,3071
scheduler,scheduler/fixed/resumed_suffix/4096,9,5.9320,max_leases_per_request,4
scheduler,scheduler/fixed/resumed_suffix/4096,9,5.9320,max_request_bytes,4194304
scheduler,scheduler/fixed/resumed_suffix/4096,9,5.9320,micros_per_request,7.719130208333333
scheduler,scheduler/fixed/resumed_suffix/4096,9,5.9320,multi_lease_requests,768
scheduler,scheduler/fixed/resumed_suffix/4096,9,5.9320,planned_bytes,3220176896
scheduler,scheduler/fixed/resumed_suffix/4096,9,5.9320,planned_ranges,774
scheduler,scheduler/fixed/resumed_suffix/4096,9,5.9320,process_peak_rss_bytes,16646144
scheduler,scheduler/fixed/resumed_suffix/4096,9,5.9320,requests,768
scheduler,scheduler/fixed/resumed_suffix/4096,9,5.9320,single_lease_requests,0
scheduler,scheduler/fixed/resumed_suffix/4096,9,5.9320,total,5.928292
scheduler,scheduler/fixed/resumed_suffix/4096,9,5.9320,truncated_requests,768
writer,writer/split_4conns_16KiB_chunks,0,110.8070,avg_block_bytes,1048576
writer,writer/split_4conns_16KiB_chunks,0,110.8070,body_reads,787
writer,writer/split_4conns_16KiB_chunks,0,110.8070,body_wait_ms,176.64
writer,writer/split_4conns_16KiB_chunks,0,110.8070,cache_copied_bytes,12582912
writer,writer/split_4conns_16KiB_chunks,0,110.8070,cache_evicted_bytes,12582912
writer,writer/split_4conns_16KiB_chunks,0,110.8070,checksum_ms,0
writer,writer/split_4conns_16KiB_chunks,0,110.8070,cpu_ms,19.44499999999999
writer,writer/split_4conns_16KiB_chunks,0,110.8070,cpu_percent,17.548530327506374
writer,writer/split_4conns_16KiB_chunks,0,110.8070,distinct_ranges,5
writer,writer/split_4conns_16KiB_chunks,0,110.8070,driver_connections,4
writer,writer/split_4conns_16KiB_chunks,0,110.8070,driver_loops,73
writer,writer/split_4conns_16KiB_chunks,0,110.8070,driver_pauses,8
writer,writer/split_4conns_16KiB_chunks,0,110.8070,duplicate_bytes,0
writer,writer/split_4conns_16KiB_chunks,0,110.8070,failed,0
writer,writer/split_4conns_16KiB_chunks,0,110.8070,file_bytes,12582912
writer,writer/split_4conns_16KiB_chunks,0,110.8070,fsync_calls,1
writer,writer/split_4conns_16KiB_chunks,0,110.8070,fsync_ms,6.549
writer,writer/split_4conns_16KiB_chunks,0,110.8070,prealloc_ms,0.126
writer,writer/split_4conns_16KiB_chunks,0,110.8070,process_peak_rss_bytes,52674560
writer,writer/split_4conns_16KiB_chunks,0,110.8070,requests,5
writer,writer/split_4conns_16KiB_chunks,0,110.8070,response_head_ms,71.422
writer,writer/split_4conns_16KiB_chunks,0,110.8070,response_heads,5
writer,writer/split_4conns_16KiB_chunks,0,110.8070,running_reports,0
writer,writer/split_4conns_16KiB_chunks,0,110.8070,served_bytes,12582912
writer,writer/split_4conns_16KiB_chunks,0,110.8070,total,107.926458
writer,writer/split_4conns_16KiB_chunks,0,110.8070,unique_bytes,12582912
writer,writer/split_4conns_16KiB_chunks,0,110.8070,verified,1
writer,writer/split_4conns_16KiB_chunks,0,110.8070,writer_blocks,12
writer,writer/split_4conns_16KiB_chunks,0,110.8070,writer_bytes,12582912
writer,writer/split_4conns_16KiB_chunks,0,110.8070,writer_seeks,8
writer,writer/split_4conns_16KiB_chunks,1,134.9289,avg_block_bytes,1048576
writer,writer/split_4conns_16KiB_chunks,1,134.9289,body_reads,784
writer,writer/split_4conns_16KiB_chunks,1,134.9289,body_wait_ms,173.379
writer,writer/split_4conns_16KiB_chunks,1,134.9289,cache_copied_bytes,12582912
writer,writer/split_4conns_16KiB_chunks,1,134.9289,cache_evicted_bytes,12582912
writer,writer/split_4conns_16KiB_chunks,1,134.9289,checksum_ms,0
writer,writer/split_4conns_16KiB_chunks,1,134.9289,cpu_ms,20.70899999999998
writer,writer/split_4conns_16KiB_chunks,1,134.9289,cpu_percent,15.348086167619776
writer,writer/split_4conns_16KiB_chunks,1,134.9289,distinct_ranges,4
writer,writer/split_4conns_16KiB_chunks,1,134.9289,driver_connections,4
writer,writer/split_4conns_16KiB_chunks,1,134.9289,driver_loops,84
writer,writer/split_4conns_16KiB_chunks,1,134.9289,driver_pauses,10
writer,writer/split_4conns_16KiB_chunks,1,134.9289,duplicate_bytes,0
writer,writer/split_4conns_16KiB_chunks,1,134.9289,failed,0
writer,writer/split_4conns_16KiB_chunks,1,134.9289,file_bytes,12582912
writer,writer/split_4conns_16KiB_chunks,1,134.9289,fsync_calls,1
writer,writer/split_4conns_16KiB_chunks,1,134.9289,fsync_ms,7.095
writer,writer/split_4conns_16KiB_chunks,1,134.9289,prealloc_ms,0.818
writer,writer/split_4conns_16KiB_chunks,1,134.9289,process_peak_rss_bytes,52822016
writer,writer/split_4conns_16KiB_chunks,1,134.9289,requests,4
writer,writer/split_4conns_16KiB_chunks,1,134.9289,response_head_ms,65.67
writer,writer/split_4conns_16KiB_chunks,1,134.9289,response_heads,4
writer,writer/split_4conns_16KiB_chunks,1,134.9289,running_reports,0
writer,writer/split_4conns_16KiB_chunks,1,134.9289,served_bytes,12582912
writer,writer/split_4conns_16KiB_chunks,1,134.9289,total,131.454625
writer,writer/split_4conns_16KiB_chunks,1,134.9289,unique_bytes,12582912
writer,writer/split_4conns_16KiB_chunks,1,134.9289,verified,1
writer,writer/split_4conns_16KiB_chunks,1,134.9289,writer_blocks,12
writer,writer/split_4conns_16KiB_chunks,1,134.9289,writer_bytes,12582912
writer,writer/split_4conns_16KiB_chunks,1,134.9289,writer_seeks,10
writer,writer/split_4conns_16KiB_chunks,2,60.0482,avg_block_bytes,1048576
writer,writer/split_4conns_16KiB_chunks,2,60.0482,body_reads,788
writer,writer/split_4conns_16KiB_chunks,2,60.0482,body_wait_ms,96.628
writer,writer/split_4conns_16KiB_chunks,2,60.0482,cache_copied_bytes,12582912
writer,writer/split_4conns_16KiB_chunks,2,60.0482,cache_evicted_bytes,12582912
writer,writer/split_4conns_16KiB_chunks,2,60.0482,checksum_ms,0
writer,writer/split_4conns_16KiB_chunks,2,60.0482,cpu_ms,24.125000000000007
writer,writer/split_4conns_16KiB_chunks,2,60.0482,cpu_percent,40.1760251131382
writer,writer/split_4conns_16KiB_chunks,2,60.0482,distinct_ranges,4
writer,writer/split_4conns_16KiB_chunks,2,60.0482,driver_connections,4
writer,writer/split_4conns_16KiB_chunks,2,60.0482,driver_loops,96
writer,writer/split_4conns_16KiB_chunks,2,60.0482,driver_pauses,5
writer,writer/split_4conns_16KiB_chunks,2,60.0482,duplicate_bytes,0
writer,writer/split_4conns_16KiB_chunks,2,60.0482,failed,0
writer,writer/split_4conns_16KiB_chunks,2,60.0482,file_bytes,12582912
writer,writer/split_4conns_16KiB_chunks,2,60.0482,fsync_calls,1
writer,writer/split_4conns_16KiB_chunks,2,60.0482,fsync_ms,6.574
writer,writer/split_4conns_16KiB_chunks,2,60.0482,prealloc_ms,0.14
writer,writer/split_4conns_16KiB_chunks,2,60.0482,process_peak_rss_bytes,52953088
writer,writer/split_4conns_16KiB_chunks,2,60.0482,requests,4
writer,writer/split_4conns_16KiB_chunks,2,60.0482,response_head_ms,2.588
writer,writer/split_4conns_16KiB_chunks,2,60.0482,response_heads,4
writer,writer/split_4conns_16KiB_chunks,2,60.0482,running_reports,0
writer,writer/split_4conns_16KiB_chunks,2,60.0482,served_bytes,12582912
writer,writer/split_4conns_16KiB_chunks,2,60.0482,total,57.241583
writer,writer/split_4conns_16KiB_chunks,2,60.0482,unique_bytes,12582912
writer,writer/split_4conns_16KiB_chunks,2,60.0482,verified,1
writer,writer/split_4conns_16KiB_chunks,2,60.0482,writer_blocks,12
writer,writer/split_4conns_16KiB_chunks,2,60.0482,writer_bytes,12582912
writer,writer/split_4conns_16KiB_chunks,2,60.0482,writer_seeks,8
writer,writer/split_4conns_16KiB_chunks,3,129.6690,avg_block_bytes,1048576
writer,writer/split_4conns_16KiB_chunks,3,129.6690,body_reads,781
writer,writer/split_4conns_16KiB_chunks,3,129.6690,body_wait_ms,185.756
writer,writer/split_4conns_16KiB_chunks,3,129.6690,cache_copied_bytes,12582912
writer,writer/split_4conns_16KiB_chunks,3,129.6690,cache_evicted_bytes,12582912
writer,writer/split_4conns_16KiB_chunks,3,129.6690,checksum_ms,0
writer,writer/split_4conns_16KiB_chunks,3,129.6690,cpu_ms,23.743999999999986
writer,writer/split_4conns_16KiB_chunks,3,129.6690,cpu_percent,18.31124440506998
writer,writer/split_4conns_16KiB_chunks,3,129.6690,distinct_ranges,4
writer,writer/split_4conns_16KiB_chunks,3,129.6690,driver_connections,4
writer,writer/split_4conns_16KiB_chunks,3,129.6690,driver_loops,76
writer,writer/split_4conns_16KiB_chunks,3,129.6690,driver_pauses,8
writer,writer/split_4conns_16KiB_chunks,3,129.6690,duplicate_bytes,0
writer,writer/split_4conns_16KiB_chunks,3,129.6690,failed,0
writer,writer/split_4conns_16KiB_chunks,3,129.6690,file_bytes,12582912
writer,writer/split_4conns_16KiB_chunks,3,129.6690,finalize,0.01824999999999477
writer,writer/split_4conns_16KiB_chunks,3,129.6690,fsync_calls,1
writer,writer/split_4conns_16KiB_chunks,3,129.6690,fsync_ms,5.91
writer,writer/split_4conns_16KiB_chunks,3,129.6690,prealloc_ms,0.189
writer,writer/split_4conns_16KiB_chunks,3,129.6690,process_peak_rss_bytes,53051392
writer,writer/split_4conns_16KiB_chunks,3,129.6690,report_span,0
writer,writer/split_4conns_16KiB_chunks,3,129.6690,requests,4
writer,writer/split_4conns_16KiB_chunks,3,129.6690,response_head_ms,77.599
writer,writer/split_4conns_16KiB_chunks,3,129.6690,response_heads,4
writer,writer/split_4conns_16KiB_chunks,3,129.6690,running_reports,1
writer,writer/split_4conns_16KiB_chunks,3,129.6690,served_bytes,12582912
writer,writer/split_4conns_16KiB_chunks,3,129.6690,to_first_report,126.58725000000001
writer,writer/split_4conns_16KiB_chunks,3,129.6690,total,126.6055
writer,writer/split_4conns_16KiB_chunks,3,129.6690,unique_bytes,12582912
writer,writer/split_4conns_16KiB_chunks,3,129.6690,verified,1
writer,writer/split_4conns_16KiB_chunks,3,129.6690,writer_blocks,12
writer,writer/split_4conns_16KiB_chunks,3,129.6690,writer_bytes,12582912
writer,writer/split_4conns_16KiB_chunks,3,129.6690,writer_seeks,10
writer,writer/split_4conns_16KiB_chunks,4,85.0025,avg_block_bytes,1048576
writer,writer/split_4conns_16KiB_chunks,4,85.0025,body_reads,783
writer,writer/split_4conns_16KiB_chunks,4,85.0025,body_wait_ms,192.052
writer,writer/split_4conns_16KiB_chunks,4,85.0025,cache_copied_bytes,12582912
writer,writer/split_4conns_16KiB_chunks,4,85.0025,cache_evicted_bytes,12582912
writer,writer/split_4conns_16KiB_chunks,4,85.0025,checksum_ms,0
writer,writer/split_4conns_16KiB_chunks,4,85.0025,cpu_ms,27.327999999999964
writer,writer/split_4conns_16KiB_chunks,4,85.0025,cpu_percent,32.14962677233813
writer,writer/split_4conns_16KiB_chunks,4,85.0025,distinct_ranges,4
writer,writer/split_4conns_16KiB_chunks,4,85.0025,driver_connections,4
writer,writer/split_4conns_16KiB_chunks,4,85.0025,driver_loops,61
writer,writer/split_4conns_16KiB_chunks,4,85.0025,driver_pauses,8
writer,writer/split_4conns_16KiB_chunks,4,85.0025,duplicate_bytes,0
writer,writer/split_4conns_16KiB_chunks,4,85.0025,failed,0
writer,writer/split_4conns_16KiB_chunks,4,85.0025,file_bytes,12582912
writer,writer/split_4conns_16KiB_chunks,4,85.0025,finalize,0.002916999999982295
writer,writer/split_4conns_16KiB_chunks,4,85.0025,fsync_calls,1
writer,writer/split_4conns_16KiB_chunks,4,85.0025,fsync_ms,6.186
writer,writer/split_4conns_16KiB_chunks,4,85.0025,prealloc_ms,0.142
writer,writer/split_4conns_16KiB_chunks,4,85.0025,process_peak_rss_bytes,55623680
writer,writer/split_4conns_16KiB_chunks,4,85.0025,report_span,0
writer,writer/split_4conns_16KiB_chunks,4,85.0025,requests,4
writer,writer/split_4conns_16KiB_chunks,4,85.0025,response_head_ms,2.224
writer,writer/split_4conns_16KiB_chunks,4,85.0025,response_heads,4
writer,writer/split_4conns_16KiB_chunks,4,85.0025,running_reports,1
writer,writer/split_4conns_16KiB_chunks,4,85.0025,served_bytes,12582912
writer,writer/split_4conns_16KiB_chunks,4,85.0025,to_first_report,81.47004100000001
writer,writer/split_4conns_16KiB_chunks,4,85.0025,total,81.47295799999999
writer,writer/split_4conns_16KiB_chunks,4,85.0025,unique_bytes,12582912
writer,writer/split_4conns_16KiB_chunks,4,85.0025,verified,1
writer,writer/split_4conns_16KiB_chunks,4,85.0025,writer_blocks,12
writer,writer/split_4conns_16KiB_chunks,4,85.0025,writer_bytes,12582912
writer,writer/split_4conns_16KiB_chunks,4,85.0025,writer_seeks,12
writer,writer/split_4conns_16KiB_chunks,5,85.0372,avg_block_bytes,1048576
writer,writer/split_4conns_16KiB_chunks,5,85.0372,body_reads,778
writer,writer/split_4conns_16KiB_chunks,5,85.0372,body_wait_ms,168.372
writer,writer/split_4conns_16KiB_chunks,5,85.0372,cache_copied_bytes,12582912
writer,writer/split_4conns_16KiB_chunks,5,85.0372,cache_evicted_bytes,12582912
writer,writer/split_4conns_16KiB_chunks,5,85.0372,checksum_ms,0
writer,writer/split_4conns_16KiB_chunks,5,85.0372,cpu_ms,24.531999999999996
writer,writer/split_4conns_16KiB_chunks,5,85.0372,cpu_percent,28.848547933881505
writer,writer/split_4conns_16KiB_chunks,5,85.0372,distinct_ranges,4
writer,writer/split_4conns_16KiB_chunks,5,85.0372,driver_connections,4
writer,writer/split_4conns_16KiB_chunks,5,85.0372,driver_loops,73
writer,writer/split_4conns_16KiB_chunks,5,85.0372,driver_pauses,9
writer,writer/split_4conns_16KiB_chunks,5,85.0372,duplicate_bytes,0
writer,writer/split_4conns_16KiB_chunks,5,85.0372,failed,0
writer,writer/split_4conns_16KiB_chunks,5,85.0372,file_bytes,12582912
writer,writer/split_4conns_16KiB_chunks,5,85.0372,finalize,0.006957999999997355
writer,writer/split_4conns_16KiB_chunks,5,85.0372,fsync_calls,1
writer,writer/split_4conns_16KiB_chunks,5,85.0372,fsync_ms,5.926
writer,writer/split_4conns_16KiB_chunks,5,85.0372,prealloc_ms,0.17
writer,writer/split_4conns_16KiB_chunks,5,85.0372,process_peak_rss_bytes,56197120
writer,writer/split_4conns_16KiB_chunks,5,85.0372,report_span,0
writer,writer/split_4conns_16KiB_chunks,5,85.0372,requests,4
writer,writer/split_4conns_16KiB_chunks,5,85.0372,response_head_ms,77.783
writer,writer/split_4conns_16KiB_chunks,5,85.0372,response_heads,4
writer,writer/split_4conns_16KiB_chunks,5,85.0372,running_reports,1
writer,writer/split_4conns_16KiB_chunks,5,85.0372,served_bytes,12582912
writer,writer/split_4conns_16KiB_chunks,5,85.0372,to_first_report,82.179458
writer,writer/split_4conns_16KiB_chunks,5,85.0372,total,82.186416
writer,writer/split_4conns_16KiB_chunks,5,85.0372,unique_bytes,12582912
writer,writer/split_4conns_16KiB_chunks,5,85.0372,verified,1
writer,writer/split_4conns_16KiB_chunks,5,85.0372,writer_blocks,12
writer,writer/split_4conns_16KiB_chunks,5,85.0372,writer_bytes,12582912
writer,writer/split_4conns_16KiB_chunks,5,85.0372,writer_seeks,11
writer,writer/split_4conns_16KiB_chunks,6,135.5053,avg_block_bytes,1048576
writer,writer/split_4conns_16KiB_chunks,6,135.5053,body_reads,782
writer,writer/split_4conns_16KiB_chunks,6,135.5053,body_wait_ms,169.779
writer,writer/split_4conns_16KiB_chunks,6,135.5053,cache_copied_bytes,12582912
writer,writer/split_4conns_16KiB_chunks,6,135.5053,cache_evicted_bytes,12582912
writer,writer/split_4conns_16KiB_chunks,6,135.5053,checksum_ms,0
writer,writer/split_4conns_16KiB_chunks,6,135.5053,cpu_ms,23.324999999999985
writer,writer/split_4conns_16KiB_chunks,6,135.5053,cpu_percent,17.213349866808144
writer,writer/split_4conns_16KiB_chunks,6,135.5053,distinct_ranges,4
writer,writer/split_4conns_16KiB_chunks,6,135.5053,driver_connections,4
writer,writer/split_4conns_16KiB_chunks,6,135.5053,driver_loops,87
writer,writer/split_4conns_16KiB_chunks,6,135.5053,driver_pauses,7
writer,writer/split_4conns_16KiB_chunks,6,135.5053,duplicate_bytes,0
writer,writer/split_4conns_16KiB_chunks,6,135.5053,failed,0
writer,writer/split_4conns_16KiB_chunks,6,135.5053,file_bytes,12582912
writer,writer/split_4conns_16KiB_chunks,6,135.5053,finalize,0.0028330000000096334
writer,writer/split_4conns_16KiB_chunks,6,135.5053,fsync_calls,1
writer,writer/split_4conns_16KiB_chunks,6,135.5053,fsync_ms,8.029
writer,writer/split_4conns_16KiB_chunks,6,135.5053,prealloc_ms,0.11
writer,writer/split_4conns_16KiB_chunks,6,135.5053,process_peak_rss_bytes,56229888
writer,writer/split_4conns_16KiB_chunks,6,135.5053,report_span,0
writer,writer/split_4conns_16KiB_chunks,6,135.5053,requests,4
writer,writer/split_4conns_16KiB_chunks,6,135.5053,response_head_ms,1.837
writer,writer/split_4conns_16KiB_chunks,6,135.5053,response_heads,4
writer,writer/split_4conns_16KiB_chunks,6,135.5053,running_reports,1
writer,writer/split_4conns_16KiB_chunks,6,135.5053,served_bytes,12582912
writer,writer/split_4conns_16KiB_chunks,6,135.5053,to_first_report,131.37379199999998
writer,writer/split_4conns_16KiB_chunks,6,135.5053,total,131.376625
writer,writer/split_4conns_16KiB_chunks,6,135.5053,unique_bytes,12582912
writer,writer/split_4conns_16KiB_chunks,6,135.5053,verified,1
writer,writer/split_4conns_16KiB_chunks,6,135.5053,writer_blocks,12
writer,writer/split_4conns_16KiB_chunks,6,135.5053,writer_bytes,12582912
writer,writer/split_4conns_16KiB_chunks,6,135.5053,writer_seeks,8
writer,writer/split_4conns_16KiB_chunks,7,133.6134,avg_block_bytes,1048576
writer,writer/split_4conns_16KiB_chunks,7,133.6134,body_reads,783
writer,writer/split_4conns_16KiB_chunks,7,133.6134,body_wait_ms,125.139
writer,writer/split_4conns_16KiB_chunks,7,133.6134,cache_copied_bytes,12582912
writer,writer/split_4conns_16KiB_chunks,7,133.6134,cache_evicted_bytes,12582912
writer,writer/split_4conns_16KiB_chunks,7,133.6134,checksum_ms,0
writer,writer/split_4conns_16KiB_chunks,7,133.6134,cpu_ms,27.05200000000002
writer,writer/split_4conns_16KiB_chunks,7,133.6134,cpu_percent,20.24646986048169
writer,writer/split_4conns_16KiB_chunks,7,133.6134,distinct_ranges,4
writer,writer/split_4conns_16KiB_chunks,7,133.6134,driver_connections,4
writer,writer/split_4conns_16KiB_chunks,7,133.6134,driver_loops,86
writer,writer/split_4conns_16KiB_chunks,7,133.6134,driver_pauses,5
writer,writer/split_4conns_16KiB_chunks,7,133.6134,duplicate_bytes,0
writer,writer/split_4conns_16KiB_chunks,7,133.6134,failed,0
writer,writer/split_4conns_16KiB_chunks,7,133.6134,file_bytes,12582912
writer,writer/split_4conns_16KiB_chunks,7,133.6134,fsync_calls,1
writer,writer/split_4conns_16KiB_chunks,7,133.6134,fsync_ms,4.241
writer,writer/split_4conns_16KiB_chunks,7,133.6134,prealloc_ms,0.184
writer,writer/split_4conns_16KiB_chunks,7,133.6134,process_peak_rss_bytes,60391424
writer,writer/split_4conns_16KiB_chunks,7,133.6134,requests,4
writer,writer/split_4conns_16KiB_chunks,7,133.6134,response_head_ms,2.612
writer,writer/split_4conns_16KiB_chunks,7,133.6134,response_heads,4
writer,writer/split_4conns_16KiB_chunks,7,133.6134,running_reports,0
writer,writer/split_4conns_16KiB_chunks,7,133.6134,served_bytes,12582912
writer,writer/split_4conns_16KiB_chunks,7,133.6134,total,131.0045
writer,writer/split_4conns_16KiB_chunks,7,133.6134,unique_bytes,12582912
writer,writer/split_4conns_16KiB_chunks,7,133.6134,verified,1
writer,writer/split_4conns_16KiB_chunks,7,133.6134,writer_blocks,12
writer,writer/split_4conns_16KiB_chunks,7,133.6134,writer_bytes,12582912
writer,writer/split_4conns_16KiB_chunks,7,133.6134,writer_seeks,4
writer,writer/split_4conns_16KiB_chunks,8,218.7654,avg_block_bytes,1048576
writer,writer/split_4conns_16KiB_chunks,8,218.7654,body_reads,783
writer,writer/split_4conns_16KiB_chunks,8,218.7654,body_wait_ms,208.729
writer,writer/split_4conns_16KiB_chunks,8,218.7654,cache_copied_bytes,12582912
writer,writer/split_4conns_16KiB_chunks,8,218.7654,cache_evicted_bytes,12582912
writer,writer/split_4conns_16KiB_chunks,8,218.7654,checksum_ms,0
writer,writer/split_4conns_16KiB_chunks,8,218.7654,cpu_ms,32.328000000000024
writer,writer/split_4conns_16KiB_chunks,8,218.7654,cpu_percent,14.77747287075761
writer,writer/split_4conns_16KiB_chunks,8,218.7654,distinct_ranges,4
writer,writer/split_4conns_16KiB_chunks,8,218.7654,driver_connections,4
writer,writer/split_4conns_16KiB_chunks,8,218.7654,driver_loops,80
writer,writer/split_4conns_16KiB_chunks,8,218.7654,driver_pauses,9
writer,writer/split_4conns_16KiB_chunks,8,218.7654,duplicate_bytes,0
writer,writer/split_4conns_16KiB_chunks,8,218.7654,failed,0
writer,writer/split_4conns_16KiB_chunks,8,218.7654,file_bytes,12582912
writer,writer/split_4conns_16KiB_chunks,8,218.7654,finalize,0.011458000000004631
writer,writer/split_4conns_16KiB_chunks,8,218.7654,fsync_calls,1
writer,writer/split_4conns_16KiB_chunks,8,218.7654,fsync_ms,5.206
writer,writer/split_4conns_16KiB_chunks,8,218.7654,prealloc_ms,0.161
writer,writer/split_4conns_16KiB_chunks,8,218.7654,process_peak_rss_bytes,62242816
writer,writer/split_4conns_16KiB_chunks,8,218.7654,report_span,11.955667000000005
writer,writer/split_4conns_16KiB_chunks,8,218.7654,requests,4
writer,writer/split_4conns_16KiB_chunks,8,218.7654,response_head_ms,62.949
writer,writer/split_4conns_16KiB_chunks,8,218.7654,response_heads,4
writer,writer/split_4conns_16KiB_chunks,8,218.7654,running_reports,2
writer,writer/split_4conns_16KiB_chunks,8,218.7654,served_bytes,12582912
writer,writer/split_4conns_16KiB_chunks,8,218.7654,to_first_report,203.311042
writer,writer/split_4conns_16KiB_chunks,8,218.7654,total,215.278167
writer,writer/split_4conns_16KiB_chunks,8,218.7654,unique_bytes,12582912
writer,writer/split_4conns_16KiB_chunks,8,218.7654,verified,1
writer,writer/split_4conns_16KiB_chunks,8,218.7654,writer_blocks,12
writer,writer/split_4conns_16KiB_chunks,8,218.7654,writer_bytes,12582912
writer,writer/split_4conns_16KiB_chunks,8,218.7654,writer_seeks,4
writer,writer/split_4conns_16KiB_chunks,9,111.5943,avg_block_bytes,1048576
writer,writer/split_4conns_16KiB_chunks,9,111.5943,body_reads,784
writer,writer/split_4conns_16KiB_chunks,9,111.5943,body_wait_ms,146.946
writer,writer/split_4conns_16KiB_chunks,9,111.5943,cache_copied_bytes,12582912
writer,writer/split_4conns_16KiB_chunks,9,111.5943,cache_evicted_bytes,12582912
writer,writer/split_4conns_16KiB_chunks,9,111.5943,checksum_ms,0
writer,writer/split_4conns_16KiB_chunks,9,111.5943,cpu_ms,27.793999999999986
writer,writer/split_4conns_16KiB_chunks,9,111.5943,cpu_percent,24.906291802093236
writer,writer/split_4conns_16KiB_chunks,9,111.5943,distinct_ranges,4
writer,writer/split_4conns_16KiB_chunks,9,111.5943,driver_connections,4
writer,writer/split_4conns_16KiB_chunks,9,111.5943,driver_loops,84
writer,writer/split_4conns_16KiB_chunks,9,111.5943,driver_pauses,6
writer,writer/split_4conns_16KiB_chunks,9,111.5943,duplicate_bytes,0
writer,writer/split_4conns_16KiB_chunks,9,111.5943,failed,0
writer,writer/split_4conns_16KiB_chunks,9,111.5943,file_bytes,12582912
writer,writer/split_4conns_16KiB_chunks,9,111.5943,finalize,0.0038330000000001974
writer,writer/split_4conns_16KiB_chunks,9,111.5943,fsync_calls,1
writer,writer/split_4conns_16KiB_chunks,9,111.5943,fsync_ms,8.197
writer,writer/split_4conns_16KiB_chunks,9,111.5943,prealloc_ms,0.282
writer,writer/split_4conns_16KiB_chunks,9,111.5943,process_peak_rss_bytes,62275584
writer,writer/split_4conns_16KiB_chunks,9,111.5943,report_span,0
writer,writer/split_4conns_16KiB_chunks,9,111.5943,requests,4
writer,writer/split_4conns_16KiB_chunks,9,111.5943,response_head_ms,71.825
writer,writer/split_4conns_16KiB_chunks,9,111.5943,response_heads,4
writer,writer/split_4conns_16KiB_chunks,9,111.5943,running_reports,1
writer,writer/split_4conns_16KiB_chunks,9,111.5943,served_bytes,12582912
writer,writer/split_4conns_16KiB_chunks,9,111.5943,to_first_report,108.094042
writer,writer/split_4conns_16KiB_chunks,9,111.5943,total,108.097875
writer,writer/split_4conns_16KiB_chunks,9,111.5943,unique_bytes,12582912
writer,writer/split_4conns_16KiB_chunks,9,111.5943,verified,1
writer,writer/split_4conns_16KiB_chunks,9,111.5943,writer_blocks,12
writer,writer/split_4conns_16KiB_chunks,9,111.5943,writer_bytes,12582912
writer,writer/split_4conns_16KiB_chunks,9,111.5943,writer_seeks,10
writer,writer/split_4conns_1MiB_chunks,0,82.8664,avg_block_bytes,1048576
writer,writer/split_4conns_1MiB_chunks,0,82.8664,body_reads,777
writer,writer/split_4conns_1MiB_chunks,0,82.8664,body_wait_ms,140.212
writer,writer/split_4conns_1MiB_chunks,0,82.8664,cache_copied_bytes,12582912
writer,writer/split_4conns_1MiB_chunks,0,82.8664,cache_evicted_bytes,12582912
writer,writer/split_4conns_1MiB_chunks,0,82.8664,checksum_ms,0
writer,writer/split_4conns_1MiB_chunks,0,82.8664,cpu_ms,21.722999999999935
writer,writer/split_4conns_1MiB_chunks,0,82.8664,cpu_percent,26.21449291102686
writer,writer/split_4conns_1MiB_chunks,0,82.8664,distinct_ranges,4
writer,writer/split_4conns_1MiB_chunks,0,82.8664,driver_connections,4
writer,writer/split_4conns_1MiB_chunks,0,82.8664,driver_loops,60
writer,writer/split_4conns_1MiB_chunks,0,82.8664,driver_pauses,7
writer,writer/split_4conns_1MiB_chunks,0,82.8664,duplicate_bytes,0
writer,writer/split_4conns_1MiB_chunks,0,82.8664,failed,0
writer,writer/split_4conns_1MiB_chunks,0,82.8664,file_bytes,12582912
writer,writer/split_4conns_1MiB_chunks,0,82.8664,fsync_calls,1
writer,writer/split_4conns_1MiB_chunks,0,82.8664,fsync_ms,6.837
writer,writer/split_4conns_1MiB_chunks,0,82.8664,prealloc_ms,0.078
writer,writer/split_4conns_1MiB_chunks,0,82.8664,process_peak_rss_bytes,63307776
writer,writer/split_4conns_1MiB_chunks,0,82.8664,requests,4
writer,writer/split_4conns_1MiB_chunks,0,82.8664,response_head_ms,1.579
writer,writer/split_4conns_1MiB_chunks,0,82.8664,response_heads,4
writer,writer/split_4conns_1MiB_chunks,0,82.8664,running_reports,0
writer,writer/split_4conns_1MiB_chunks,0,82.8664,served_bytes,12582912
writer,writer/split_4conns_1MiB_chunks,0,82.8664,total,79.407917
writer,writer/split_4conns_1MiB_chunks,0,82.8664,unique_bytes,12582912
writer,writer/split_4conns_1MiB_chunks,0,82.8664,verified,1
writer,writer/split_4conns_1MiB_chunks,0,82.8664,writer_blocks,12
writer,writer/split_4conns_1MiB_chunks,0,82.8664,writer_bytes,12582912
writer,writer/split_4conns_1MiB_chunks,0,82.8664,writer_seeks,12
writer,writer/split_4conns_1MiB_chunks,1,112.8979,avg_block_bytes,1048576
writer,writer/split_4conns_1MiB_chunks,1,112.8979,body_reads,779
writer,writer/split_4conns_1MiB_chunks,1,112.8979,body_wait_ms,199.958
writer,writer/split_4conns_1MiB_chunks,1,112.8979,cache_copied_bytes,12582912
writer,writer/split_4conns_1MiB_chunks,1,112.8979,cache_evicted_bytes,12582912
writer,writer/split_4conns_1MiB_chunks,1,112.8979,checksum_ms,0
writer,writer/split_4conns_1MiB_chunks,1,112.8979,cpu_ms,19.378999999999923
writer,writer/split_4conns_1MiB_chunks,1,112.8979,cpu_percent,17.165070644597982
writer,writer/split_4conns_1MiB_chunks,1,112.8979,distinct_ranges,4
writer,writer/split_4conns_1MiB_chunks,1,112.8979,driver_connections,4
writer,writer/split_4conns_1MiB_chunks,1,112.8979,driver_loops,60
writer,writer/split_4conns_1MiB_chunks,1,112.8979,driver_pauses,11
writer,writer/split_4conns_1MiB_chunks,1,112.8979,duplicate_bytes,0
writer,writer/split_4conns_1MiB_chunks,1,112.8979,failed,0
writer,writer/split_4conns_1MiB_chunks,1,112.8979,file_bytes,12582912
writer,writer/split_4conns_1MiB_chunks,1,112.8979,finalize,0.001082999999994172
writer,writer/split_4conns_1MiB_chunks,1,112.8979,fsync_calls,1
writer,writer/split_4conns_1MiB_chunks,1,112.8979,fsync_ms,7.115
writer,writer/split_4conns_1MiB_chunks,1,112.8979,prealloc_ms,0.117
writer,writer/split_4conns_1MiB_chunks,1,112.8979,process_peak_rss_bytes,64421888
writer,writer/split_4conns_1MiB_chunks,1,112.8979,report_span,0
writer,writer/split_4conns_1MiB_chunks,1,112.8979,requests,4
writer,writer/split_4conns_1MiB_chunks,1,112.8979,response_head_ms,2.496
writer,writer/split_4conns_1MiB_chunks,1,112.8979,response_heads,4
writer,writer/split_4conns_1MiB_chunks,1,112.8979,running_reports,1
writer,writer/split_4conns_1MiB_chunks,1,112.8979,served_bytes,12582912
writer,writer/split_4conns_1MiB_chunks,1,112.8979,to_first_report,110.315709
writer,writer/split_4conns_1MiB_chunks,1,112.8979,total,110.31679199999999
writer,writer/split_4conns_1MiB_chunks,1,112.8979,unique_bytes,12582912
writer,writer/split_4conns_1MiB_chunks,1,112.8979,verified,1
writer,writer/split_4conns_1MiB_chunks,1,112.8979,writer_blocks,12
writer,writer/split_4conns_1MiB_chunks,1,112.8979,writer_bytes,12582912
writer,writer/split_4conns_1MiB_chunks,1,112.8979,writer_seeks,10
writer,writer/split_4conns_1MiB_chunks,2,84.2790,avg_block_bytes,1048576
writer,writer/split_4conns_1MiB_chunks,2,84.2790,body_reads,776
writer,writer/split_4conns_1MiB_chunks,2,84.2790,body_wait_ms,96.93
writer,writer/split_4conns_1MiB_chunks,2,84.2790,cache_copied_bytes,12582912
writer,writer/split_4conns_1MiB_chunks,2,84.2790,cache_evicted_bytes,12582912
writer,writer/split_4conns_1MiB_chunks,2,84.2790,checksum_ms,0
writer,writer/split_4conns_1MiB_chunks,2,84.2790,cpu_ms,19.623999999999974
writer,writer/split_4conns_1MiB_chunks,2,84.2790,cpu_percent,23.284578064140508
writer,writer/split_4conns_1MiB_chunks,2,84.2790,distinct_ranges,4
writer,writer/split_4conns_1MiB_chunks,2,84.2790,driver_connections,4
writer,writer/split_4conns_1MiB_chunks,2,84.2790,driver_loops,62
writer,writer/split_4conns_1MiB_chunks,2,84.2790,driver_pauses,8
writer,writer/split_4conns_1MiB_chunks,2,84.2790,duplicate_bytes,0
writer,writer/split_4conns_1MiB_chunks,2,84.2790,failed,0
writer,writer/split_4conns_1MiB_chunks,2,84.2790,file_bytes,12582912
writer,writer/split_4conns_1MiB_chunks,2,84.2790,finalize,0.0014170000000035543
writer,writer/split_4conns_1MiB_chunks,2,84.2790,fsync_calls,1
writer,writer/split_4conns_1MiB_chunks,2,84.2790,fsync_ms,8.027
writer,writer/split_4conns_1MiB_chunks,2,84.2790,prealloc_ms,0.101
writer,writer/split_4conns_1MiB_chunks,2,84.2790,process_peak_rss_bytes,65077248
writer,writer/split_4conns_1MiB_chunks,2,84.2790,report_span,0
writer,writer/split_4conns_1MiB_chunks,2,84.2790,requests,4
writer,writer/split_4conns_1MiB_chunks,2,84.2790,response_head_ms,69.113
writer,writer/split_4conns_1MiB_chunks,2,84.2790,response_heads,4
writer,writer/split_4conns_1MiB_chunks,2,84.2790,running_reports,1
writer,writer/split_4conns_1MiB_chunks,2,84.2790,served_bytes,12582912
writer,writer/split_4conns_1MiB_chunks,2,84.2790,to_first_report,81.52666599999999
writer,writer/split_4conns_1MiB_chunks,2,84.2790,total,81.528083
writer,writer/split_4conns_1MiB_chunks,2,84.2790,unique_bytes,12582912
writer,writer/split_4conns_1MiB_chunks,2,84.2790,verified,1
writer,writer/split_4conns_1MiB_chunks,2,84.2790,writer_blocks,12
writer,writer/split_4conns_1MiB_chunks,2,84.2790,writer_bytes,12582912
writer,writer/split_4conns_1MiB_chunks,2,84.2790,writer_seeks,12
writer,writer/split_4conns_1MiB_chunks,3,132.8207,avg_block_bytes,1048576
writer,writer/split_4conns_1MiB_chunks,3,132.8207,body_reads,776
writer,writer/split_4conns_1MiB_chunks,3,132.8207,body_wait_ms,194.024
writer,writer/split_4conns_1MiB_chunks,3,132.8207,cache_copied_bytes,12582912
writer,writer/split_4conns_1MiB_chunks,3,132.8207,cache_evicted_bytes,12582912
writer,writer/split_4conns_1MiB_chunks,3,132.8207,checksum_ms,0
writer,writer/split_4conns_1MiB_chunks,3,132.8207,cpu_ms,26.998999999999995
writer,writer/split_4conns_1MiB_chunks,3,132.8207,cpu_percent,20.327396133510767
writer,writer/split_4conns_1MiB_chunks,3,132.8207,distinct_ranges,4
writer,writer/split_4conns_1MiB_chunks,3,132.8207,driver_connections,4
writer,writer/split_4conns_1MiB_chunks,3,132.8207,driver_loops,57
writer,writer/split_4conns_1MiB_chunks,3,132.8207,driver_pauses,8
writer,writer/split_4conns_1MiB_chunks,3,132.8207,duplicate_bytes,0
writer,writer/split_4conns_1MiB_chunks,3,132.8207,failed,0
writer,writer/split_4conns_1MiB_chunks,3,132.8207,file_bytes,12582912
writer,writer/split_4conns_1MiB_chunks,3,132.8207,finalize,0.007041000000015174
writer,writer/split_4conns_1MiB_chunks,3,132.8207,fsync_calls,1
writer,writer/split_4conns_1MiB_chunks,3,132.8207,fsync_ms,7.241
writer,writer/split_4conns_1MiB_chunks,3,132.8207,prealloc_ms,0.229
writer,writer/split_4conns_1MiB_chunks,3,132.8207,process_peak_rss_bytes,65093632
writer,writer/split_4conns_1MiB_chunks,3,132.8207,report_span,0
writer,writer/split_4conns_1MiB_chunks,3,132.8207,requests,4
writer,writer/split_4conns_1MiB_chunks,3,132.8207,response_head_ms,64.155
writer,writer/split_4conns_1MiB_chunks,3,132.8207,response_heads,4
writer,writer/split_4conns_1MiB_chunks,3,132.8207,running_reports,1
writer,writer/split_4conns_1MiB_chunks,3,132.8207,served_bytes,12582912
writer,writer/split_4conns_1MiB_chunks,3,132.8207,to_first_report,129.645667
writer,writer/split_4conns_1MiB_chunks,3,132.8207,total,129.65270800000002
writer,writer/split_4conns_1MiB_chunks,3,132.8207,unique_bytes,12582912
writer,writer/split_4conns_1MiB_chunks,3,132.8207,verified,1
writer,writer/split_4conns_1MiB_chunks,3,132.8207,writer_blocks,12
writer,writer/split_4conns_1MiB_chunks,3,132.8207,writer_bytes,12582912
writer,writer/split_4conns_1MiB_chunks,3,132.8207,writer_seeks,9
writer,writer/split_4conns_1MiB_chunks,4,106.8833,avg_block_bytes,1048576
writer,writer/split_4conns_1MiB_chunks,4,106.8833,body_reads,777
writer,writer/split_4conns_1MiB_chunks,4,106.8833,body_wait_ms,96.581
writer,writer/split_4conns_1MiB_chunks,4,106.8833,cache_copied_bytes,12582912
writer,writer/split_4conns_1MiB_chunks,4,106.8833,cache_evicted_bytes,12582912
writer,writer/split_4conns_1MiB_chunks,4,106.8833,checksum_ms,0
writer,writer/split_4conns_1MiB_chunks,4,106.8833,cpu_ms,26.82499999999999
writer,writer/split_4conns_1MiB_chunks,4,106.8833,cpu_percent,25.097458366123362
writer,writer/split_4conns_1MiB_chunks,4,106.8833,distinct_ranges,4
writer,writer/split_4conns_1MiB_chunks,4,106.8833,driver_connections,4
writer,writer/split_4conns_1MiB_chunks,4,106.8833,driver_loops,74
writer,writer/split_4conns_1MiB_chunks,4,106.8833,driver_pauses,4
writer,writer/split_4conns_1MiB_chunks,4,106.8833,duplicate_bytes,0
writer,writer/split_4conns_1MiB_chunks,4,106.8833,failed,0
writer,writer/split_4conns_1MiB_chunks,4,106.8833,file_bytes,12582912
writer,writer/split_4conns_1MiB_chunks,4,106.8833,finalize,0.02462500000000034
writer,writer/split_4conns_1MiB_chunks,4,106.8833,fsync_calls,1
writer,writer/split_4conns_1MiB_chunks,4,106.8833,fsync_ms,5.791
writer,writer/split_4conns_1MiB_chunks,4,106.8833,prealloc_ms,0.13
writer,writer/split_4conns_1MiB_chunks,4,106.8833,process_peak_rss_bytes,65667072
writer,writer/split_4conns_1MiB_chunks,4,106.8833,report_span,0
writer,writer/split_4conns_1MiB_chunks,4,106.8833,requests,4
writer,writer/split_4conns_1MiB_chunks,4,106.8833,response_head_ms,66.851
writer,writer/split_4conns_1MiB_chunks,4,106.8833,response_heads,4
writer,writer/split_4conns_1MiB_chunks,4,106.8833,running_reports,1
writer,writer/split_4conns_1MiB_chunks,4,106.8833,served_bytes,12582912
writer,writer/split_4conns_1MiB_chunks,4,106.8833,to_first_report,102.306458
writer,writer/split_4conns_1MiB_chunks,4,106.8833,total,102.331083
writer,writer/split_4conns_1MiB_chunks,4,106.8833,unique_bytes,12582912
writer,writer/split_4conns_1MiB_chunks,4,106.8833,verified,1
writer,writer/split_4conns_1MiB_chunks,4,106.8833,writer_blocks,12
writer,writer/split_4conns_1MiB_chunks,4,106.8833,writer_bytes,12582912
writer,writer/split_4conns_1MiB_chunks,4,106.8833,writer_seeks,5
writer,writer/split_4conns_1MiB_chunks,5,89.8860,avg_block_bytes,1048576
writer,writer/split_4conns_1MiB_chunks,5,89.8860,body_reads,774
writer,writer/split_4conns_1MiB_chunks,5,89.8860,body_wait_ms,103.969
writer,writer/split_4conns_1MiB_chunks,5,89.8860,cache_copied_bytes,12582912
writer,writer/split_4conns_1MiB_chunks,5,89.8860,cache_evicted_bytes,12582912
writer,writer/split_4conns_1MiB_chunks,5,89.8860,checksum_ms,0
writer,writer/split_4conns_1MiB_chunks,5,89.8860,cpu_ms,30.577999999999996
writer,writer/split_4conns_1MiB_chunks,5,89.8860,cpu_percent,34.018630323255636
writer,writer/split_4conns_1MiB_chunks,5,89.8860,distinct_ranges,4
writer,writer/split_4conns_1MiB_chunks,5,89.8860,driver_connections,4
writer,writer/split_4conns_1MiB_chunks,5,89.8860,driver_loops,51
writer,writer/split_4conns_1MiB_chunks,5,89.8860,driver_pauses,4
writer,writer/split_4conns_1MiB_chunks,5,89.8860,duplicate_bytes,0
writer,writer/split_4conns_1MiB_chunks,5,89.8860,failed,0
writer,writer/split_4conns_1MiB_chunks,5,89.8860,file_bytes,12582912
writer,writer/split_4conns_1MiB_chunks,5,89.8860,fsync_calls,1
writer,writer/split_4conns_1MiB_chunks,5,89.8860,fsync_ms,6.614
writer,writer/split_4conns_1MiB_chunks,5,89.8860,prealloc_ms,0.133
writer,writer/split_4conns_1MiB_chunks,5,89.8860,process_peak_rss_bytes,65683456
writer,writer/split_4conns_1MiB_chunks,5,89.8860,requests,4
writer,writer/split_4conns_1MiB_chunks,5,89.8860,response_head_ms,78.038
writer,writer/split_4conns_1MiB_chunks,5,89.8860,response_heads,4
writer,writer/split_4conns_1MiB_chunks,5,89.8860,running_reports,0
writer,writer/split_4conns_1MiB_chunks,5,89.8860,served_bytes,12582912
writer,writer/split_4conns_1MiB_chunks,5,89.8860,total,85.234541
writer,writer/split_4conns_1MiB_chunks,5,89.8860,unique_bytes,12582912
writer,writer/split_4conns_1MiB_chunks,5,89.8860,verified,1
writer,writer/split_4conns_1MiB_chunks,5,89.8860,writer_blocks,12
writer,writer/split_4conns_1MiB_chunks,5,89.8860,writer_bytes,12582912
writer,writer/split_4conns_1MiB_chunks,5,89.8860,writer_seeks,12
writer,writer/split_4conns_1MiB_chunks,6,229.4177,avg_block_bytes,1048576
writer,writer/split_4conns_1MiB_chunks,6,229.4177,body_reads,779
writer,writer/split_4conns_1MiB_chunks,6,229.4177,body_wait_ms,219.946
writer,writer/split_4conns_1MiB_chunks,6,229.4177,cache_copied_bytes,12582912
writer,writer/split_4conns_1MiB_chunks,6,229.4177,cache_evicted_bytes,12582912
writer,writer/split_4conns_1MiB_chunks,6,229.4177,checksum_ms,0
writer,writer/split_4conns_1MiB_chunks,6,229.4177,cpu_ms,25.08699999999997
writer,writer/split_4conns_1MiB_chunks,6,229.4177,cpu_percent,10.935075682998267
writer,writer/split_4conns_1MiB_chunks,6,229.4177,distinct_ranges,4
writer,writer/split_4conns_1MiB_chunks,6,229.4177,driver_connections,4
writer,writer/split_4conns_1MiB_chunks,6,229.4177,driver_loops,81
writer,writer/split_4conns_1MiB_chunks,6,229.4177,driver_pauses,10
writer,writer/split_4conns_1MiB_chunks,6,229.4177,duplicate_bytes,0
writer,writer/split_4conns_1MiB_chunks,6,229.4177,failed,0
writer,writer/split_4conns_1MiB_chunks,6,229.4177,file_bytes,12582912
writer,writer/split_4conns_1MiB_chunks,6,229.4177,finalize,23.016207999999978
writer,writer/split_4conns_1MiB_chunks,6,229.4177,fsync_calls,1
writer,writer/split_4conns_1MiB_chunks,6,229.4177,fsync_ms,4.462
writer,writer/split_4conns_1MiB_chunks,6,229.4177,prealloc_ms,0.221
writer,writer/split_4conns_1MiB_chunks,6,229.4177,process_peak_rss_bytes,65716224
writer,writer/split_4conns_1MiB_chunks,6,229.4177,report_span,0
writer,writer/split_4conns_1MiB_chunks,6,229.4177,requests,4
writer,writer/split_4conns_1MiB_chunks,6,229.4177,response_head_ms,75.658
writer,writer/split_4conns_1MiB_chunks,6,229.4177,response_heads,4
writer,writer/split_4conns_1MiB_chunks,6,229.4177,running_reports,1
writer,writer/split_4conns_1MiB_chunks,6,229.4177,served_bytes,12582912
writer,writer/split_4conns_1MiB_chunks,6,229.4177,to_first_report,202.766625
writer,writer/split_4conns_1MiB_chunks,6,229.4177,total,225.78283299999998
writer,writer/split_4conns_1MiB_chunks,6,229.4177,unique_bytes,12582912
writer,writer/split_4conns_1MiB_chunks,6,229.4177,verified,1
writer,writer/split_4conns_1MiB_chunks,6,229.4177,writer_blocks,12
writer,writer/split_4conns_1MiB_chunks,6,229.4177,writer_bytes,12582912
writer,writer/split_4conns_1MiB_chunks,6,229.4177,writer_seeks,4
writer,writer/split_4conns_1MiB_chunks,7,39.3548,avg_block_bytes,1048576
writer,writer/split_4conns_1MiB_chunks,7,39.3548,body_reads,780
writer,writer/split_4conns_1MiB_chunks,7,39.3548,body_wait_ms,83.793
writer,writer/split_4conns_1MiB_chunks,7,39.3548,cache_copied_bytes,12582912
writer,writer/split_4conns_1MiB_chunks,7,39.3548,cache_evicted_bytes,12582912
writer,writer/split_4conns_1MiB_chunks,7,39.3548,checksum_ms,0
writer,writer/split_4conns_1MiB_chunks,7,39.3548,cpu_ms,22.851999999999983
writer,writer/split_4conns_1MiB_chunks,7,39.3548,cpu_percent,58.06656580146074
writer,writer/split_4conns_1MiB_chunks,7,39.3548,distinct_ranges,4
writer,writer/split_4conns_1MiB_chunks,7,39.3548,driver_connections,4
writer,writer/split_4conns_1MiB_chunks,7,39.3548,driver_loops,67
writer,writer/split_4conns_1MiB_chunks,7,39.3548,driver_pauses,6
writer,writer/split_4conns_1MiB_chunks,7,39.3548,duplicate_bytes,0
writer,writer/split_4conns_1MiB_chunks,7,39.3548,failed,0
writer,writer/split_4conns_1MiB_chunks,7,39.3548,file_bytes,12582912
writer,writer/split_4conns_1MiB_chunks,7,39.3548,finalize,0.0010830000000012774
writer,writer/split_4conns_1MiB_chunks,7,39.3548,fsync_calls,1
writer,writer/split_4conns_1MiB_chunks,7,39.3548,fsync_ms,5.346
writer,writer/split_4conns_1MiB_chunks,7,39.3548,prealloc_ms,0.115
writer,writer/split_4conns_1MiB_chunks,7,39.3548,process_peak_rss_bytes,65863680
writer,writer/split_4conns_1MiB_chunks,7,39.3548,report_span,0
writer,writer/split_4conns_1MiB_chunks,7,39.3548,requests,4
writer,writer/split_4conns_1MiB_chunks,7,39.3548,response_head_ms,1.823
writer,writer/split_4conns_1MiB_chunks,7,39.3548,response_heads,4
writer,writer/split_4conns_1MiB_chunks,7,39.3548,running_reports,1
writer,writer/split_4conns_1MiB_chunks,7,39.3548,served_bytes,12582912
writer,writer/split_4conns_1MiB_chunks,7,39.3548,to_first_report,36.324625
writer,writer/split_4conns_1MiB_chunks,7,39.3548,total,36.325708
writer,writer/split_4conns_1MiB_chunks,7,39.3548,unique_bytes,12582912
writer,writer/split_4conns_1MiB_chunks,7,39.3548,verified,1
writer,writer/split_4conns_1MiB_chunks,7,39.3548,writer_blocks,12
writer,writer/split_4conns_1MiB_chunks,7,39.3548,writer_bytes,12582912
writer,writer/split_4conns_1MiB_chunks,7,39.3548,writer_seeks,11
writer,writer/split_4conns_1MiB_chunks,8,131.9231,avg_block_bytes,1048576
writer,writer/split_4conns_1MiB_chunks,8,131.9231,body_reads,776
writer,writer/split_4conns_1MiB_chunks,8,131.9231,body_wait_ms,123.926
writer,writer/split_4conns_1MiB_chunks,8,131.9231,cache_copied_bytes,12582912
writer,writer/split_4conns_1MiB_chunks,8,131.9231,cache_evicted_bytes,12582912
writer,writer/split_4conns_1MiB_chunks,8,131.9231,checksum_ms,0
writer,writer/split_4conns_1MiB_chunks,8,131.9231,cpu_ms,23.11400000000008
writer,writer/split_4conns_1MiB_chunks,8,131.9231,cpu_percent,17.520809941395854
writer,writer/split_4conns_1MiB_chunks,8,131.9231,distinct_ranges,4
writer,writer/split_4conns_1MiB_chunks,8,131.9231,driver_connections,4
writer,writer/split_4conns_1MiB_chunks,8,131.9231,driver_loops,71
writer,writer/split_4conns_1MiB_chunks,8,131.9231,driver_pauses,5
writer,writer/split_4conns_1MiB_chunks,8,131.9231,duplicate_bytes,0
writer,writer/split_4conns_1MiB_chunks,8,131.9231,failed,0
writer,writer/split_4conns_1MiB_chunks,8,131.9231,file_bytes,12582912
writer,writer/split_4conns_1MiB_chunks,8,131.9231,finalize,0.008042000000017424
writer,writer/split_4conns_1MiB_chunks,8,131.9231,fsync_calls,1
writer,writer/split_4conns_1MiB_chunks,8,131.9231,fsync_ms,4.887
writer,writer/split_4conns_1MiB_chunks,8,131.9231,prealloc_ms,0.185
writer,writer/split_4conns_1MiB_chunks,8,131.9231,process_peak_rss_bytes,65880064
writer,writer/split_4conns_1MiB_chunks,8,131.9231,report_span,0
writer,writer/split_4conns_1MiB_chunks,8,131.9231,requests,4
writer,writer/split_4conns_1MiB_chunks,8,131.9231,response_head_ms,70.392
writer,writer/split_4conns_1MiB_chunks,8,131.9231,response_heads,4
writer,writer/split_4conns_1MiB_chunks,8,131.9231,running_reports,1
writer,writer/split_4conns_1MiB_chunks,8,131.9231,served_bytes,12582912
writer,writer/split_4conns_1MiB_chunks,8,131.9231,to_first_report,129.02612499999998
writer,writer/split_4conns_1MiB_chunks,8,131.9231,total,129.034167
writer,writer/split_4conns_1MiB_chunks,8,131.9231,unique_bytes,12582912
writer,writer/split_4conns_1MiB_chunks,8,131.9231,verified,1
writer,writer/split_4conns_1MiB_chunks,8,131.9231,writer_blocks,12
writer,writer/split_4conns_1MiB_chunks,8,131.9231,writer_bytes,12582912
writer,writer/split_4conns_1MiB_chunks,8,131.9231,writer_seeks,4
writer,writer/split_4conns_1MiB_chunks,9,83.9443,avg_block_bytes,1048576
writer,writer/split_4conns_1MiB_chunks,9,83.9443,body_reads,777
writer,writer/split_4conns_1MiB_chunks,9,83.9443,body_wait_ms,148.466
writer,writer/split_4conns_1MiB_chunks,9,83.9443,cache_copied_bytes,12582912
writer,writer/split_4conns_1MiB_chunks,9,83.9443,cache_evicted_bytes,12582912
writer,writer/split_4conns_1MiB_chunks,9,83.9443,checksum_ms,0
writer,writer/split_4conns_1MiB_chunks,9,83.9443,cpu_ms,23.675
writer,writer/split_4conns_1MiB_chunks,9,83.9443,cpu_percent,28.20322825765483
writer,writer/split_4conns_1MiB_chunks,9,83.9443,distinct_ranges,4
writer,writer/split_4conns_1MiB_chunks,9,83.9443,driver_connections,4
writer,writer/split_4conns_1MiB_chunks,9,83.9443,driver_loops,52
writer,writer/split_4conns_1MiB_chunks,9,83.9443,driver_pauses,9
writer,writer/split_4conns_1MiB_chunks,9,83.9443,duplicate_bytes,0
writer,writer/split_4conns_1MiB_chunks,9,83.9443,failed,0
writer,writer/split_4conns_1MiB_chunks,9,83.9443,file_bytes,12582912
writer,writer/split_4conns_1MiB_chunks,9,83.9443,finalize,0.005875000000003183
writer,writer/split_4conns_1MiB_chunks,9,83.9443,fsync_calls,1
writer,writer/split_4conns_1MiB_chunks,9,83.9443,fsync_ms,5.696
writer,writer/split_4conns_1MiB_chunks,9,83.9443,prealloc_ms,0.201
writer,writer/split_4conns_1MiB_chunks,9,83.9443,process_peak_rss_bytes,68517888
writer,writer/split_4conns_1MiB_chunks,9,83.9443,report_span,0
writer,writer/split_4conns_1MiB_chunks,9,83.9443,requests,4
writer,writer/split_4conns_1MiB_chunks,9,83.9443,response_head_ms,73.799
writer,writer/split_4conns_1MiB_chunks,9,83.9443,response_heads,4
writer,writer/split_4conns_1MiB_chunks,9,83.9443,running_reports,1
writer,writer/split_4conns_1MiB_chunks,9,83.9443,served_bytes,12582912
writer,writer/split_4conns_1MiB_chunks,9,83.9443,to_first_report,81.174833
writer,writer/split_4conns_1MiB_chunks,9,83.9443,total,81.18070800000001
writer,writer/split_4conns_1MiB_chunks,9,83.9443,unique_bytes,12582912
writer,writer/split_4conns_1MiB_chunks,9,83.9443,verified,1
writer,writer/split_4conns_1MiB_chunks,9,83.9443,writer_blocks,12
writer,writer/split_4conns_1MiB_chunks,9,83.9443,writer_bytes,12582912
writer,writer/split_4conns_1MiB_chunks,9,83.9443,writer_seeks,11
writer,writer/split_tiny_budget_1MiB,0,183.7864,avg_block_bytes,256794.1224489796
writer,writer/split_tiny_budget_1MiB,0,183.7864,body_reads,777
writer,writer/split_tiny_budget_1MiB,0,183.7864,body_wait_ms,315.09
writer,writer/split_tiny_budget_1MiB,0,183.7864,cache_copied_bytes,12582912
writer,writer/split_tiny_budget_1MiB,0,183.7864,cache_evicted_bytes,12582912
writer,writer/split_tiny_budget_1MiB,0,183.7864,checksum_ms,0
writer,writer/split_tiny_budget_1MiB,0,183.7864,cpu_ms,27.444000000000024
writer,writer/split_tiny_budget_1MiB,0,183.7864,cpu_percent,14.93255416784842
writer,writer/split_tiny_budget_1MiB,0,183.7864,distinct_ranges,4
writer,writer/split_tiny_budget_1MiB,0,183.7864,driver_connections,4
writer,writer/split_tiny_budget_1MiB,0,183.7864,driver_loops,67
writer,writer/split_tiny_budget_1MiB,0,183.7864,driver_pauses,18
writer,writer/split_tiny_budget_1MiB,0,183.7864,duplicate_bytes,0
writer,writer/split_tiny_budget_1MiB,0,183.7864,failed,0
writer,writer/split_tiny_budget_1MiB,0,183.7864,file_bytes,12582912
writer,writer/split_tiny_budget_1MiB,0,183.7864,finalize,0.002083999999996422
writer,writer/split_tiny_budget_1MiB,0,183.7864,fsync_calls,1
writer,writer/split_tiny_budget_1MiB,0,183.7864,fsync_ms,8.262
writer,writer/split_tiny_budget_1MiB,0,183.7864,prealloc_ms,0.159
writer,writer/split_tiny_budget_1MiB,0,183.7864,process_peak_rss_bytes,68534272
writer,writer/split_tiny_budget_1MiB,0,183.7864,report_span,0
writer,writer/split_tiny_budget_1MiB,0,183.7864,requests,4
writer,writer/split_tiny_budget_1MiB,0,183.7864,response_head_ms,63.838
writer,writer/split_tiny_budget_1MiB,0,183.7864,response_heads,4
writer,writer/split_tiny_budget_1MiB,0,183.7864,running_reports,1
writer,writer/split_tiny_budget_1MiB,0,183.7864,served_bytes,12582912
writer,writer/split_tiny_budget_1MiB,0,183.7864,to_first_report,179.815041
writer,writer/split_tiny_budget_1MiB,0,183.7864,total,179.817125
writer,writer/split_tiny_budget_1MiB,0,183.7864,unique_bytes,12582912
writer,writer/split_tiny_budget_1MiB,0,183.7864,verified,1
writer,writer/split_tiny_budget_1MiB,0,183.7864,writer_blocks,49
writer,writer/split_tiny_budget_1MiB,0,183.7864,writer_bytes,12582912
writer,writer/split_tiny_budget_1MiB,0,183.7864,writer_seeks,36
writer,writer/split_tiny_budget_1MiB,1,177.7223,avg_block_bytes,241979.07692307694
writer,writer/split_tiny_budget_1MiB,1,177.7223,body_reads,777
writer,writer/split_tiny_budget_1MiB,1,177.7223,body_wait_ms,304.308
writer,writer/split_tiny_budget_1MiB,1,177.7223,cache_copied_bytes,12582912
writer,writer/split_tiny_budget_1MiB,1,177.7223,cache_evicted_bytes,12582912
writer,writer/split_tiny_budget_1MiB,1,177.7223,checksum_ms,0
writer,writer/split_tiny_budget_1MiB,1,177.7223,cpu_ms,30.789999999999985
writer,writer/split_tiny_budget_1MiB,1,177.7223,cpu_percent,17.32478219445875
writer,writer/split_tiny_budget_1MiB,1,177.7223,distinct_ranges,4
writer,writer/split_tiny_budget_1MiB,1,177.7223,driver_connections,4
writer,writer/split_tiny_budget_1MiB,1,177.7223,driver_loops,56
writer,writer/split_tiny_budget_1MiB,1,177.7223,driver_pauses,17
writer,writer/split_tiny_budget_1MiB,1,177.7223,duplicate_bytes,0
writer,writer/split_tiny_budget_1MiB,1,177.7223,failed,0
writer,writer/split_tiny_budget_1MiB,1,177.7223,file_bytes,12582912
writer,writer/split_tiny_budget_1MiB,1,177.7223,fsync_calls,1
writer,writer/split_tiny_budget_1MiB,1,177.7223,fsync_ms,6.964
writer,writer/split_tiny_budget_1MiB,1,177.7223,prealloc_ms,0.245
writer,writer/split_tiny_budget_1MiB,1,177.7223,process_peak_rss_bytes,68534272
writer,writer/split_tiny_budget_1MiB,1,177.7223,requests,4
writer,writer/split_tiny_budget_1MiB,1,177.7223,response_head_ms,76.462
writer,writer/split_tiny_budget_1MiB,1,177.7223,response_heads,4
writer,writer/split_tiny_budget_1MiB,1,177.7223,running_reports,0
writer,writer/split_tiny_budget_1MiB,1,177.7223,served_bytes,12582912
writer,writer/split_tiny_budget_1MiB,1,177.7223,total,175.117042
writer,writer/split_tiny_budget_1MiB,1,177.7223,unique_bytes,12582912
writer,writer/split_tiny_budget_1MiB,1,177.7223,verified,1
writer,writer/split_tiny_budget_1MiB,1,177.7223,writer_blocks,52
writer,writer/split_tiny_budget_1MiB,1,177.7223,writer_bytes,12582912
writer,writer/split_tiny_budget_1MiB,1,177.7223,writer_seeks,45
writer,writer/split_tiny_budget_1MiB,2,159.6953,avg_block_bytes,256794.1224489796
writer,writer/split_tiny_budget_1MiB,2,159.6953,body_reads,781
writer,writer/split_tiny_budget_1MiB,2,159.6953,body_wait_ms,257.299
writer,writer/split_tiny_budget_1MiB,2,159.6953,cache_copied_bytes,12582912
writer,writer/split_tiny_budget_1MiB,2,159.6953,cache_evicted_bytes,12582912
writer,writer/split_tiny_budget_1MiB,2,159.6953,checksum_ms,0
writer,writer/split_tiny_budget_1MiB,2,159.6953,cpu_ms,29.54800000000002
writer,writer/split_tiny_budget_1MiB,2,159.6953,cpu_percent,18.502737075054174
writer,writer/split_tiny_budget_1MiB,2,159.6953,distinct_ranges,4
writer,writer/split_tiny_budget_1MiB,2,159.6953,driver_connections,4
writer,writer/split_tiny_budget_1MiB,2,159.6953,driver_loops,70
writer,writer/split_tiny_budget_1MiB,2,159.6953,driver_pauses,16
writer,writer/split_tiny_budget_1MiB,2,159.6953,duplicate_bytes,0
writer,writer/split_tiny_budget_1MiB,2,159.6953,failed,0
writer,writer/split_tiny_budget_1MiB,2,159.6953,file_bytes,12582912
writer,writer/split_tiny_budget_1MiB,2,159.6953,finalize,0.008250000000003865
writer,writer/split_tiny_budget_1MiB,2,159.6953,fsync_calls,1
writer,writer/split_tiny_budget_1MiB,2,159.6953,fsync_ms,7.14
writer,writer/split_tiny_budget_1MiB,2,159.6953,prealloc_ms,0.156
writer,writer/split_tiny_budget_1MiB,2,159.6953,process_peak_rss_bytes,68567040
writer,writer/split_tiny_budget_1MiB,2,159.6953,report_span,0
writer,writer/split_tiny_budget_1MiB,2,159.6953,requests,4
writer,writer/split_tiny_budget_1MiB,2,159.6953,response_head_ms,65.652
writer,writer/split_tiny_budget_1MiB,2,159.6953,response_heads,4
writer,writer/split_tiny_budget_1MiB,2,159.6953,running_reports,1
writer,writer/split_tiny_budget_1MiB,2,159.6953,served_bytes,12582912
writer,writer/split_tiny_budget_1MiB,2,159.6953,to_first_report,151.678959
writer,writer/split_tiny_budget_1MiB,2,159.6953,total,151.687209
writer,writer/split_tiny_budget_1MiB,2,159.6953,unique_bytes,12582912
writer,writer/split_tiny_budget_1MiB,2,159.6953,verified,1
writer,writer/split_tiny_budget_1MiB,2,159.6953,writer_blocks,49
writer,writer/split_tiny_budget_1MiB,2,159.6953,writer_bytes,12582912
writer,writer/split_tiny_budget_1MiB,2,159.6953,writer_seeks,38
writer,writer/split_tiny_budget_1MiB,3,157.0962,avg_block_bytes,187804.6567164179
writer,writer/split_tiny_budget_1MiB,3,157.0962,body_reads,785
writer,writer/split_tiny_budget_1MiB,3,157.0962,body_wait_ms,329.656
writer,writer/split_tiny_budget_1MiB,3,157.0962,cache_copied_bytes,12582912
writer,writer/split_tiny_budget_1MiB,3,157.0962,cache_evicted_bytes,12582912
writer,writer/split_tiny_budget_1MiB,3,157.0962,checksum_ms,0
writer,writer/split_tiny_budget_1MiB,3,157.0962,cpu_ms,24.880000000000013
writer,writer/split_tiny_budget_1MiB,3,157.0962,cpu_percent,15.837432876385845
writer,writer/split_tiny_budget_1MiB,3,157.0962,distinct_ranges,4
writer,writer/split_tiny_budget_1MiB,3,157.0962,driver_connections,4
writer,writer/split_tiny_budget_1MiB,3,157.0962,driver_loops,53
writer,writer/split_tiny_budget_1MiB,3,157.0962,driver_pauses,18
writer,writer/split_tiny_budget_1MiB,3,157.0962,duplicate_bytes,0
writer,writer/split_tiny_budget_1MiB,3,157.0962,failed,0
writer,writer/split_tiny_budget_1MiB,3,157.0962,file_bytes,12582912
writer,writer/split_tiny_budget_1MiB,3,157.0962,finalize,0.003457999999994854
writer,writer/split_tiny_budget_1MiB,3,157.0962,fsync_calls,1
writer,writer/split_tiny_budget_1MiB,3,157.0962,fsync_ms,8.101
writer,writer/split_tiny_budget_1MiB,3,157.0962,prealloc_ms,0.276
writer,writer/split_tiny_budget_1MiB,3,157.0962,process_peak_rss_bytes,68648960
writer,writer/split_tiny_budget_1MiB,3,157.0962,report_span,0
writer,writer/split_tiny_budget_1MiB,3,157.0962,requests,4
writer,writer/split_tiny_budget_1MiB,3,157.0962,response_head_ms,72.722
writer,writer/split_tiny_budget_1MiB,3,157.0962,response_heads,4
writer,writer/split_tiny_budget_1MiB,3,157.0962,running_reports,1
writer,writer/split_tiny_budget_1MiB,3,157.0962,served_bytes,12582912
writer,writer/split_tiny_budget_1MiB,3,157.0962,to_first_report,153.840167
writer,writer/split_tiny_budget_1MiB,3,157.0962,total,153.843625
writer,writer/split_tiny_budget_1MiB,3,157.0962,unique_bytes,12582912
writer,writer/split_tiny_budget_1MiB,3,157.0962,verified,1
writer,writer/split_tiny_budget_1MiB,3,157.0962,writer_blocks,67
writer,writer/split_tiny_budget_1MiB,3,157.0962,writer_bytes,12582912
writer,writer/split_tiny_budget_1MiB,3,157.0962,writer_seeks,61
writer,writer/split_tiny_budget_1MiB,4,148.0240,avg_block_bytes,267721.5319148936
writer,writer/split_tiny_budget_1MiB,4,148.0240,body_reads,781
writer,writer/split_tiny_budget_1MiB,4,148.0240,body_wait_ms,202.659
writer,writer/split_tiny_budget_1MiB,4,148.0240,cache_copied_bytes,12582912
writer,writer/split_tiny_budget_1MiB,4,148.0240,cache_evicted_bytes,12582912
writer,writer/split_tiny_budget_1MiB,4,148.0240,checksum_ms,0
writer,writer/split_tiny_budget_1MiB,4,148.0240,cpu_ms,25.51900000000007
writer,writer/split_tiny_budget_1MiB,4,148.0240,cpu_percent,17.239776703986188
writer,writer/split_tiny_budget_1MiB,4,148.0240,distinct_ranges,4
writer,writer/split_tiny_budget_1MiB,4,148.0240,driver_connections,4
writer,writer/split_tiny_budget_1MiB,4,148.0240,driver_loops,74
writer,writer/split_tiny_budget_1MiB,4,148.0240,driver_pauses,15
writer,writer/split_tiny_budget_1MiB,4,148.0240,duplicate_bytes,0
writer,writer/split_tiny_budget_1MiB,4,148.0240,failed,0
writer,writer/split_tiny_budget_1MiB,4,148.0240,file_bytes,12582912
writer,writer/split_tiny_budget_1MiB,4,148.0240,finalize,0.00695899999999483
writer,writer/split_tiny_budget_1MiB,4,148.0240,fsync_calls,1
writer,writer/split_tiny_budget_1MiB,4,148.0240,fsync_ms,6.724
writer,writer/split_tiny_budget_1MiB,4,148.0240,prealloc_ms,0.154
writer,writer/split_tiny_budget_1MiB,4,148.0240,process_peak_rss_bytes,68665344
writer,writer/split_tiny_budget_1MiB,4,148.0240,report_span,0
writer,writer/split_tiny_budget_1MiB,4,148.0240,requests,4
writer,writer/split_tiny_budget_1MiB,4,148.0240,response_head_ms,71.126
writer,writer/split_tiny_budget_1MiB,4,148.0240,response_heads,4
writer,writer/split_tiny_budget_1MiB,4,148.0240,running_reports,1
writer,writer/split_tiny_budget_1MiB,4,148.0240,served_bytes,12582912
writer,writer/split_tiny_budget_1MiB,4,148.0240,to_first_report,144.52837499999998
writer,writer/split_tiny_budget_1MiB,4,148.0240,total,144.53533399999998
writer,writer/split_tiny_budget_1MiB,4,148.0240,unique_bytes,12582912
writer,writer/split_tiny_budget_1MiB,4,148.0240,verified,1
writer,writer/split_tiny_budget_1MiB,4,148.0240,writer_blocks,47
writer,writer/split_tiny_budget_1MiB,4,148.0240,writer_bytes,12582912
writer,writer/split_tiny_budget_1MiB,4,148.0240,writer_seeks,33
writer,writer/split_tiny_budget_1MiB,5,161.3580,avg_block_bytes,256794.1224489796
writer,writer/split_tiny_budget_1MiB,5,161.3580,body_reads,780
writer,writer/split_tiny_budget_1MiB,5,161.3580,body_wait_ms,243.063
writer,writer/split_tiny_budget_1MiB,5,161.3580,cache_copied_bytes,12582912
writer,writer/split_tiny_budget_1MiB,5,161.3580,cache_evicted_bytes,12582912
writer,writer/split_tiny_budget_1MiB,5,161.3580,checksum_ms,0
writer,writer/split_tiny_budget_1MiB,5,161.3580,cpu_ms,26.381999999999906
writer,writer/split_tiny_budget_1MiB,5,161.3580,cpu_percent,16.349975292833502
writer,writer/split_tiny_budget_1MiB,5,161.3580,distinct_ranges,4
writer,writer/split_tiny_budget_1MiB,5,161.3580,driver_connections,4
writer,writer/split_tiny_budget_1MiB,5,161.3580,driver_loops,78
writer,writer/split_tiny_budget_1MiB,5,161.3580,driver_pauses,12
writer,writer/split_tiny_budget_1MiB,5,161.3580,duplicate_bytes,0
writer,writer/split_tiny_budget_1MiB,5,161.3580,failed,0
writer,writer/split_tiny_budget_1MiB,5,161.3580,file_bytes,12582912
writer,writer/split_tiny_budget_1MiB,5,161.3580,fsync_calls,1
writer,writer/split_tiny_budget_1MiB,5,161.3580,fsync_ms,8.242
writer,writer/split_tiny_budget_1MiB,5,161.3580,prealloc_ms,0.207
writer,writer/split_tiny_budget_1MiB,5,161.3580,process_peak_rss_bytes,68665344
writer,writer/split_tiny_budget_1MiB,5,161.3580,requests,4
writer,writer/split_tiny_budget_1MiB,5,161.3580,response_head_ms,77.265
writer,writer/split_tiny_budget_1MiB,5,161.3580,response_heads,4
writer,writer/split_tiny_budget_1MiB,5,161.3580,running_reports,0
writer,writer/split_tiny_budget_1MiB,5,161.3580,served_bytes,12582912
writer,writer/split_tiny_budget_1MiB,5,161.3580,total,157.758875
writer,writer/split_tiny_budget_1MiB,5,161.3580,unique_bytes,12582912
writer,writer/split_tiny_budget_1MiB,5,161.3580,verified,1
writer,writer/split_tiny_budget_1MiB,5,161.3580,writer_blocks,49
writer,writer/split_tiny_budget_1MiB,5,161.3580,writer_bytes,12582912
writer,writer/split_tiny_budget_1MiB,5,161.3580,writer_seeks,39
writer,writer/split_tiny_budget_1MiB,6,181.8557,avg_block_bytes,224694.85714285713
writer,writer/split_tiny_budget_1MiB,6,181.8557,body_reads,780
writer,writer/split_tiny_budget_1MiB,6,181.8557,body_wait_ms,350.642
writer,writer/split_tiny_budget_1MiB,6,181.8557,cache_copied_bytes,12582912
writer,writer/split_tiny_budget_1MiB,6,181.8557,cache_evicted_bytes,12582912
writer,writer/split_tiny_budget_1MiB,6,181.8557,checksum_ms,0
writer,writer/split_tiny_budget_1MiB,6,181.8557,cpu_ms,31.436999999999937
writer,writer/split_tiny_budget_1MiB,6,181.8557,cpu_percent,17.286786009258616
writer,writer/split_tiny_budget_1MiB,6,181.8557,distinct_ranges,4
writer,writer/split_tiny_budget_1MiB,6,181.8557,driver_connections,4
writer,writer/split_tiny_budget_1MiB,6,181.8557,driver_loops,62
writer,writer/split_tiny_budget_1MiB,6,181.8557,driver_pauses,17
writer,writer/split_tiny_budget_1MiB,6,181.8557,duplicate_bytes,0
writer,writer/split_tiny_budget_1MiB,6,181.8557,failed,0
writer,writer/split_tiny_budget_1MiB,6,181.8557,file_bytes,12582912
writer,writer/split_tiny_budget_1MiB,6,181.8557,fsync_calls,1
writer,writer/split_tiny_budget_1MiB,6,181.8557,fsync_ms,8.138
writer,writer/split_tiny_budget_1MiB,6,181.8557,prealloc_ms,0.147
writer,writer/split_tiny_budget_1MiB,6,181.8557,process_peak_rss_bytes,68665344
writer,writer/split_tiny_budget_1MiB,6,181.8557,requests,4
writer,writer/split_tiny_budget_1MiB,6,181.8557,response_head_ms,74.77
writer,writer/split_tiny_budget_1MiB,6,181.8557,response_heads,4
writer,writer/split_tiny_budget_1MiB,6,181.8557,running_reports,0
writer,writer/split_tiny_budget_1MiB,6,181.8557,served_bytes,12582912
writer,writer/split_tiny_budget_1MiB,6,181.8557,total,177.671667
writer,writer/split_tiny_budget_1MiB,6,181.8557,unique_bytes,12582912
writer,writer/split_tiny_budget_1MiB,6,181.8557,verified,1
writer,writer/split_tiny_budget_1MiB,6,181.8557,writer_blocks,56
writer,writer/split_tiny_budget_1MiB,6,181.8557,writer_bytes,12582912
writer,writer/split_tiny_budget_1MiB,6,181.8557,writer_seeks,46
writer,writer/split_tiny_budget_1MiB,7,157.1992,avg_block_bytes,216946.75862068965
writer,writer/split_tiny_budget_1MiB,7,157.1992,body_reads,778
writer,writer/split_tiny_budget_1MiB,7,157.1992,body_wait_ms,324.495
writer,writer/split_tiny_budget_1MiB,7,157.1992,cache_copied_bytes,12582912
writer,writer/split_tiny_budget_1MiB,7,157.1992,cache_evicted_bytes,12582912
writer,writer/split_tiny_budget_1MiB,7,157.1992,checksum_ms,0
writer,writer/split_tiny_budget_1MiB,7,157.1992,cpu_ms,29.474
writer,writer/split_tiny_budget_1MiB,7,157.1992,cpu_percent,18.749458330604313
writer,writer/split_tiny_budget_1MiB,7,157.1992,distinct_ranges,4
writer,writer/split_tiny_budget_1MiB,7,157.1992,driver_connections,4
writer,writer/split_tiny_budget_1MiB,7,157.1992,driver_loops,55
writer,writer/split_tiny_budget_1MiB,7,157.1992,driver_pauses,16
writer,writer/split_tiny_budget_1MiB,7,157.1992,duplicate_bytes,0
writer,writer/split_tiny_budget_1MiB,7,157.1992,failed,0
writer,writer/split_tiny_budget_1MiB,7,157.1992,file_bytes,12582912
writer,writer/split_tiny_budget_1MiB,7,157.1992,fsync_calls,1
writer,writer/split_tiny_budget_1MiB,7,157.1992,fsync_ms,8.223
writer,writer/split_tiny_budget_1MiB,7,157.1992,prealloc_ms,0.121
writer,writer/split_tiny_budget_1MiB,7,157.1992,process_peak_rss_bytes,68665344
writer,writer/split_tiny_budget_1MiB,7,157.1992,requests,4
writer,writer/split_tiny_budget_1MiB,7,157.1992,response_head_ms,73.036
writer,writer/split_tiny_budget_1MiB,7,157.1992,response_heads,4
writer,writer/split_tiny_budget_1MiB,7,157.1992,running_reports,0
writer,writer/split_tiny_budget_1MiB,7,157.1992,served_bytes,12582912
writer,writer/split_tiny_budget_1MiB,7,157.1992,total,153.613125
writer,writer/split_tiny_budget_1MiB,7,157.1992,unique_bytes,12582912
writer,writer/split_tiny_budget_1MiB,7,157.1992,verified,1
writer,writer/split_tiny_budget_1MiB,7,157.1992,writer_blocks,58
writer,writer/split_tiny_budget_1MiB,7,157.1992,writer_bytes,12582912
writer,writer/split_tiny_budget_1MiB,7,157.1992,writer_seeks,52
writer,writer/split_tiny_budget_1MiB,8,138.0398,avg_block_bytes,267721.5319148936
writer,writer/split_tiny_budget_1MiB,8,138.0398,body_reads,778
writer,writer/split_tiny_budget_1MiB,8,138.0398,body_wait_ms,222.351
writer,writer/split_tiny_budget_1MiB,8,138.0398,cache_copied_bytes,12582912
writer,writer/split_tiny_budget_1MiB,8,138.0398,cache_evicted_bytes,12582912
writer,writer/split_tiny_budget_1MiB,8,138.0398,checksum_ms,0
writer,writer/split_tiny_budget_1MiB,8,138.0398,cpu_ms,23.924000000000056
writer,writer/split_tiny_budget_1MiB,8,138.0398,cpu_percent,17.331234460277987
writer,writer/split_tiny_budget_1MiB,8,138.0398,distinct_ranges,4
writer,writer/split_tiny_budget_1MiB,8,138.0398,driver_connections,4
writer,writer/split_tiny_budget_1MiB,8,138.0398,driver_loops,65
writer,writer/split_tiny_budget_1MiB,8,138.0398,driver_pauses,14
writer,writer/split_tiny_budget_1MiB,8,138.0398,duplicate_bytes,0
writer,writer/split_tiny_budget_1MiB,8,138.0398,failed,0
writer,writer/split_tiny_budget_1MiB,8,138.0398,file_bytes,12582912
writer,writer/split_tiny_budget_1MiB,8,138.0398,finalize,0.007250000000027512
writer,writer/split_tiny_budget_1MiB,8,138.0398,fsync_calls,1
writer,writer/split_tiny_budget_1MiB,8,138.0398,fsync_ms,8.063
writer,writer/split_tiny_budget_1MiB,8,138.0398,prealloc_ms,0.192
writer,writer/split_tiny_budget_1MiB,8,138.0398,process_peak_rss_bytes,68665344
writer,writer/split_tiny_budget_1MiB,8,138.0398,report_span,0
writer,writer/split_tiny_budget_1MiB,8,138.0398,requests,4
writer,writer/split_tiny_budget_1MiB,8,138.0398,response_head_ms,70.319
writer,writer/split_tiny_budget_1MiB,8,138.0398,response_heads,4
writer,writer/split_tiny_budget_1MiB,8,138.0398,running_reports,1
writer,writer/split_tiny_budget_1MiB,8,138.0398,served_bytes,12582912
writer,writer/split_tiny_budget_1MiB,8,138.0398,to_first_report,133.65754199999998
writer,writer/split_tiny_budget_1MiB,8,138.0398,total,133.664792
writer,writer/split_tiny_budget_1MiB,8,138.0398,unique_bytes,12582912
writer,writer/split_tiny_budget_1MiB,8,138.0398,verified,1
writer,writer/split_tiny_budget_1MiB,8,138.0398,writer_blocks,47
writer,writer/split_tiny_budget_1MiB,8,138.0398,writer_bytes,12582912
writer,writer/split_tiny_budget_1MiB,8,138.0398,writer_seeks,38
writer,writer/split_tiny_budget_1MiB,9,133.0413,avg_block_bytes,246723.76470588235
writer,writer/split_tiny_budget_1MiB,9,133.0413,body_reads,780
writer,writer/split_tiny_budget_1MiB,9,133.0413,body_wait_ms,239.531
writer,writer/split_tiny_budget_1MiB,9,133.0413,cache_copied_bytes,12582912
writer,writer/split_tiny_budget_1MiB,9,133.0413,cache_evicted_bytes,12582912
writer,writer/split_tiny_budget_1MiB,9,133.0413,checksum_ms,0
writer,writer/split_tiny_budget_1MiB,9,133.0413,cpu_ms,26.893999999999973
writer,writer/split_tiny_budget_1MiB,9,133.0413,cpu_percent,20.214770245764353
writer,writer/split_tiny_budget_1MiB,9,133.0413,distinct_ranges,4
writer,writer/split_tiny_budget_1MiB,9,133.0413,driver_connections,4
writer,writer/split_tiny_budget_1MiB,9,133.0413,driver_loops,63
writer,writer/split_tiny_budget_1MiB,9,133.0413,driver_pauses,14
writer,writer/split_tiny_budget_1MiB,9,133.0413,duplicate_bytes,0
writer,writer/split_tiny_budget_1MiB,9,133.0413,failed,0
writer,writer/split_tiny_budget_1MiB,9,133.0413,file_bytes,12582912
writer,writer/split_tiny_budget_1MiB,9,133.0413,finalize,0.008875000000017508
writer,writer/split_tiny_budget_1MiB,9,133.0413,fsync_calls,1
writer,writer/split_tiny_budget_1MiB,9,133.0413,fsync_ms,6.54
writer,writer/split_tiny_budget_1MiB,9,133.0413,prealloc_ms,0.442
writer,writer/split_tiny_budget_1MiB,9,133.0413,process_peak_rss_bytes,68681728
writer,writer/split_tiny_budget_1MiB,9,133.0413,report_span,0
writer,writer/split_tiny_budget_1MiB,9,133.0413,requests,4
writer,writer/split_tiny_budget_1MiB,9,133.0413,response_head_ms,65.665
writer,writer/split_tiny_budget_1MiB,9,133.0413,response_heads,4
writer,writer/split_tiny_budget_1MiB,9,133.0413,running_reports,1
writer,writer/split_tiny_budget_1MiB,9,133.0413,served_bytes,12582912
writer,writer/split_tiny_budget_1MiB,9,133.0413,to_first_report,128.639875
writer,writer/split_tiny_budget_1MiB,9,133.0413,total,128.64875
writer,writer/split_tiny_budget_1MiB,9,133.0413,unique_bytes,12582912
writer,writer/split_tiny_budget_1MiB,9,133.0413,verified,1
writer,writer/split_tiny_budget_1MiB,9,133.0413,writer_blocks,51
writer,writer/split_tiny_budget_1MiB,9,133.0413,writer_bytes,12582912
writer,writer/split_tiny_budget_1MiB,9,133.0413,writer_seeks,44
writer,writer/split_prealloc_on,0,129.4959,avg_block_bytes,1048576
writer,writer/split_prealloc_on,0,129.4959,body_reads,778
writer,writer/split_prealloc_on,0,129.4959,body_wait_ms,183.966
writer,writer/split_prealloc_on,0,129.4959,cache_copied_bytes,12582912
writer,writer/split_prealloc_on,0,129.4959,cache_evicted_bytes,12582912
writer,writer/split_prealloc_on,0,129.4959,checksum_ms,0
writer,writer/split_prealloc_on,0,129.4959,cpu_ms,28.112999999999833
writer,writer/split_prealloc_on,0,129.4959,cpu_percent,21.70956478882638
writer,writer/split_prealloc_on,0,129.4959,distinct_ranges,4
writer,writer/split_prealloc_on,0,129.4959,driver_connections,4
writer,writer/split_prealloc_on,0,129.4959,driver_loops,61
writer,writer/split_prealloc_on,0,129.4959,driver_pauses,8
writer,writer/split_prealloc_on,0,129.4959,duplicate_bytes,0
writer,writer/split_prealloc_on,0,129.4959,failed,0
writer,writer/split_prealloc_on,0,129.4959,file_bytes,12582912
writer,writer/split_prealloc_on,0,129.4959,finalize,0.011165999999974474
writer,writer/split_prealloc_on,0,129.4959,fsync_calls,1
writer,writer/split_prealloc_on,0,129.4959,fsync_ms,7.272
writer,writer/split_prealloc_on,0,129.4959,prealloc_ms,2.863
writer,writer/split_prealloc_on,0,129.4959,process_peak_rss_bytes,68681728
writer,writer/split_prealloc_on,0,129.4959,report_span,0
writer,writer/split_prealloc_on,0,129.4959,requests,4
writer,writer/split_prealloc_on,0,129.4959,response_head_ms,57.11
writer,writer/split_prealloc_on,0,129.4959,response_heads,4
writer,writer/split_prealloc_on,0,129.4959,running_reports,1
writer,writer/split_prealloc_on,0,129.4959,served_bytes,12582912
writer,writer/split_prealloc_on,0,129.4959,to_first_report,125.41983400000001
writer,writer/split_prealloc_on,0,129.4959,total,125.43099999999998
writer,writer/split_prealloc_on,0,129.4959,unique_bytes,12582912
writer,writer/split_prealloc_on,0,129.4959,verified,1
writer,writer/split_prealloc_on,0,129.4959,writer_blocks,12
writer,writer/split_prealloc_on,0,129.4959,writer_bytes,12582912
writer,writer/split_prealloc_on,0,129.4959,writer_seeks,10
writer,writer/split_prealloc_on,1,151.0898,avg_block_bytes,1048576
writer,writer/split_prealloc_on,1,151.0898,body_reads,780
writer,writer/split_prealloc_on,1,151.0898,body_wait_ms,138.043
writer,writer/split_prealloc_on,1,151.0898,cache_copied_bytes,12582912
writer,writer/split_prealloc_on,1,151.0898,cache_evicted_bytes,12582912
writer,writer/split_prealloc_on,1,151.0898,checksum_ms,0
writer,writer/split_prealloc_on,1,151.0898,cpu_ms,23.9879999999999
writer,writer/split_prealloc_on,1,151.0898,cpu_percent,15.876651680081672
writer,writer/split_prealloc_on,1,151.0898,distinct_ranges,4
writer,writer/split_prealloc_on,1,151.0898,driver_connections,4
writer,writer/split_prealloc_on,1,151.0898,driver_loops,78
writer,writer/split_prealloc_on,1,151.0898,driver_pauses,6
writer,writer/split_prealloc_on,1,151.0898,duplicate_bytes,0
writer,writer/split_prealloc_on,1,151.0898,failed,0
writer,writer/split_prealloc_on,1,151.0898,file_bytes,12582912
writer,writer/split_prealloc_on,1,151.0898,finalize,0.003584000000017795
writer,writer/split_prealloc_on,1,151.0898,fsync_calls,1
writer,writer/split_prealloc_on,1,151.0898,fsync_ms,5.185
writer,writer/split_prealloc_on,1,151.0898,prealloc_ms,4.028
writer,writer/split_prealloc_on,1,151.0898,process_peak_rss_bytes,68681728
writer,writer/split_prealloc_on,1,151.0898,report_span,0
writer,writer/split_prealloc_on,1,151.0898,requests,4
writer,writer/split_prealloc_on,1,151.0898,response_head_ms,59.35
writer,writer/split_prealloc_on,1,151.0898,response_heads,4
writer,writer/split_prealloc_on,1,151.0898,running_reports,1
writer,writer/split_prealloc_on,1,151.0898,served_bytes,12582912
writer,writer/split_prealloc_on,1,151.0898,to_first_report,147.831416
writer,writer/split_prealloc_on,1,151.0898,total,147.835
writer,writer/split_prealloc_on,1,151.0898,unique_bytes,12582912
writer,writer/split_prealloc_on,1,151.0898,verified,1
writer,writer/split_prealloc_on,1,151.0898,writer_blocks,12
writer,writer/split_prealloc_on,1,151.0898,writer_bytes,12582912
writer,writer/split_prealloc_on,1,151.0898,writer_seeks,4
writer,writer/split_prealloc_on,2,112.4363,avg_block_bytes,1048576
writer,writer/split_prealloc_on,2,112.4363,body_reads,779
writer,writer/split_prealloc_on,2,112.4363,body_wait_ms,169.838
writer,writer/split_prealloc_on,2,112.4363,cache_copied_bytes,12582912
writer,writer/split_prealloc_on,2,112.4363,cache_evicted_bytes,12582912
writer,writer/split_prealloc_on,2,112.4363,checksum_ms,0
writer,writer/split_prealloc_on,2,112.4363,cpu_ms,27.738000000000042
writer,writer/split_prealloc_on,2,112.4363,cpu_percent,24.66996122445618
writer,writer/split_prealloc_on,2,112.4363,distinct_ranges,4
writer,writer/split_prealloc_on,2,112.4363,driver_connections,4
writer,writer/split_prealloc_on,2,112.4363,driver_loops,63
writer,writer/split_prealloc_on,2,112.4363,driver_pauses,8
writer,writer/split_prealloc_on,2,112.4363,duplicate_bytes,0
writer,writer/split_prealloc_on,2,112.4363,failed,0
writer,writer/split_prealloc_on,2,112.4363,file_bytes,12582912
writer,writer/split_prealloc_on,2,112.4363,fsync_calls,1
writer,writer/split_prealloc_on,2,112.4363,fsync_ms,8.298
writer,writer/split_prealloc_on,2,112.4363,prealloc_ms,2.993
writer,writer/split_prealloc_on,2,112.4363,process_peak_rss_bytes,68714496
writer,writer/split_prealloc_on,2,112.4363,requests,4
writer,writer/split_prealloc_on,2,112.4363,response_head_ms,63.641
writer,writer/split_prealloc_on,2,112.4363,response_heads,4
writer,writer/split_prealloc_on,2,112.4363,running_reports,0
writer,writer/split_prealloc_on,2,112.4363,served_bytes,12582912
writer,writer/split_prealloc_on,2,112.4363,total,109.565917
writer,writer/split_prealloc_on,2,112.4363,unique_bytes,12582912
writer,writer/split_prealloc_on,2,112.4363,verified,1
writer,writer/split_prealloc_on,2,112.4363,writer_blocks,12
writer,writer/split_prealloc_on,2,112.4363,writer_bytes,12582912
writer,writer/split_prealloc_on,2,112.4363,writer_seeks,12
writer,writer/split_prealloc_on,3,161.0113,avg_block_bytes,1048576
writer,writer/split_prealloc_on,3,161.0113,body_reads,780
writer,writer/split_prealloc_on,3,161.0113,body_wait_ms,150.731
writer,writer/split_prealloc_on,3,161.0113,cache_copied_bytes,12582912
writer,writer/split_prealloc_on,3,161.0113,cache_evicted_bytes,12582912
writer,writer/split_prealloc_on,3,161.0113,checksum_ms,0
writer,writer/split_prealloc_on,3,161.0113,cpu_ms,23.600999999999985
writer,writer/split_prealloc_on,3,161.0113,cpu_percent,14.657978149756097
writer,writer/split_prealloc_on,3,161.0113,distinct_ranges,5
writer,writer/split_prealloc_on,3,161.0113,driver_connections,4
writer,writer/split_prealloc_on,3,161.0113,driver_loops,78
writer,writer/split_prealloc_on,3,161.0113,driver_pauses,6
writer,writer/split_prealloc_on,3,161.0113,duplicate_bytes,0
writer,writer/split_prealloc_on,3,161.0113,failed,0
writer,writer/split_prealloc_on,3,161.0113,file_bytes,12582912
writer,writer/split_prealloc_on,3,161.0113,fsync_calls,1
writer,writer/split_prealloc_on,3,161.0113,fsync_ms,4.098
writer,writer/split_prealloc_on,3,161.0113,prealloc_ms,3.339
writer,writer/split_prealloc_on,3,161.0113,process_peak_rss_bytes,68730880
writer,writer/split_prealloc_on,3,161.0113,requests,5
writer,writer/split_prealloc_on,3,161.0113,response_head_ms,68.045
writer,writer/split_prealloc_on,3,161.0113,response_heads,5
writer,writer/split_prealloc_on,3,161.0113,running_reports,0
writer,writer/split_prealloc_on,3,161.0113,served_bytes,12582912
writer,writer/split_prealloc_on,3,161.0113,total,158.571083
writer,writer/split_prealloc_on,3,161.0113,unique_bytes,12582912
writer,writer/split_prealloc_on,3,161.0113,verified,1
writer,writer/split_prealloc_on,3,161.0113,writer_blocks,12
writer,writer/split_prealloc_on,3,161.0113,writer_bytes,12582912
writer,writer/split_prealloc_on,3,161.0113,writer_seeks,4
writer,writer/split_prealloc_on,4,139.6135,avg_block_bytes,1048576
writer,writer/split_prealloc_on,4,139.6135,body_reads,779
writer,writer/split_prealloc_on,4,139.6135,body_wait_ms,221.29
writer,writer/split_prealloc_on,4,139.6135,cache_copied_bytes,12582912
writer,writer/split_prealloc_on,4,139.6135,cache_evicted_bytes,12582912
writer,writer/split_prealloc_on,4,139.6135,checksum_ms,0
writer,writer/split_prealloc_on,4,139.6135,cpu_ms,30.198999999999863
writer,writer/split_prealloc_on,4,139.6135,cpu_percent,21.630429722054004
writer,writer/split_prealloc_on,4,139.6135,distinct_ranges,4
writer,writer/split_prealloc_on,4,139.6135,driver_connections,4
writer,writer/split_prealloc_on,4,139.6135,driver_loops,50
writer,writer/split_prealloc_on,4,139.6135,driver_pauses,9
writer,writer/split_prealloc_on,4,139.6135,duplicate_bytes,0
writer,writer/split_prealloc_on,4,139.6135,failed,0
writer,writer/split_prealloc_on,4,139.6135,file_bytes,12582912
writer,writer/split_prealloc_on,4,139.6135,fsync_calls,1
writer,writer/split_prealloc_on,4,139.6135,fsync_ms,8.37
writer,writer/split_prealloc_on,4,139.6135,prealloc_ms,2.593
writer,writer/split_prealloc_on,4,139.6135,process_peak_rss_bytes,68747264
writer,writer/split_prealloc_on,4,139.6135,requests,4
writer,writer/split_prealloc_on,4,139.6135,response_head_ms,70.327
writer,writer/split_prealloc_on,4,139.6135,response_heads,4
writer,writer/split_prealloc_on,4,139.6135,running_reports,0
writer,writer/split_prealloc_on,4,139.6135,served_bytes,12582912
writer,writer/split_prealloc_on,4,139.6135,total,135.74520900000002
writer,writer/split_prealloc_on,4,139.6135,unique_bytes,12582912
writer,writer/split_prealloc_on,4,139.6135,verified,1
writer,writer/split_prealloc_on,4,139.6135,writer_blocks,12
writer,writer/split_prealloc_on,4,139.6135,writer_bytes,12582912
writer,writer/split_prealloc_on,4,139.6135,writer_seeks,11
writer,writer/split_prealloc_on,5,109.6638,avg_block_bytes,1048576
writer,writer/split_prealloc_on,5,109.6638,body_reads,778
writer,writer/split_prealloc_on,5,109.6638,body_wait_ms,121.019
writer,writer/split_prealloc_on,5,109.6638,cache_copied_bytes,12582912
writer,writer/split_prealloc_on,5,109.6638,cache_evicted_bytes,12582912
writer,writer/split_prealloc_on,5,109.6638,checksum_ms,0
writer,writer/split_prealloc_on,5,109.6638,cpu_ms,27.92400000000006
writer,writer/split_prealloc_on,5,109.6638,cpu_percent,25.46329119695438
writer,writer/split_prealloc_on,5,109.6638,distinct_ranges,4
writer,writer/split_prealloc_on,5,109.6638,driver_connections,4
writer,writer/split_prealloc_on,5,109.6638,driver_loops,69
writer,writer/split_prealloc_on,5,109.6638,driver_pauses,7
writer,writer/split_prealloc_on,5,109.6638,duplicate_bytes,0
writer,writer/split_prealloc_on,5,109.6638,failed,0
writer,writer/split_prealloc_on,5,109.6638,file_bytes,12582912
writer,writer/split_prealloc_on,5,109.6638,finalize,0.004583000000010884
writer,writer/split_prealloc_on,5,109.6638,fsync_calls,1
writer,writer/split_prealloc_on,5,109.6638,fsync_ms,4.394
writer,writer/split_prealloc_on,5,109.6638,prealloc_ms,3.049
writer,writer/split_prealloc_on,5,109.6638,process_peak_rss_bytes,68747264
writer,writer/split_prealloc_on,5,109.6638,report_span,0
writer,writer/split_prealloc_on,5,109.6638,requests,4
writer,writer/split_prealloc_on,5,109.6638,response_head_ms,70.228
writer,writer/split_prealloc_on,5,109.6638,response_heads,4
writer,writer/split_prealloc_on,5,109.6638,running_reports,1
writer,writer/split_prealloc_on,5,109.6638,served_bytes,12582912
writer,writer/split_prealloc_on,5,109.6638,to_first_report,105.003417
writer,writer/split_prealloc_on,5,109.6638,total,105.00800000000001
writer,writer/split_prealloc_on,5,109.6638,unique_bytes,12582912
writer,writer/split_prealloc_on,5,109.6638,verified,1
writer,writer/split_prealloc_on,5,109.6638,writer_blocks,12
writer,writer/split_prealloc_on,5,109.6638,writer_bytes,12582912
writer,writer/split_prealloc_on,5,109.6638,writer_seeks,10
writer,writer/split_prealloc_on,6,133.7072,avg_block_bytes,1048576
writer,writer/split_prealloc_on,6,133.7072,body_reads,778
writer,writer/split_prealloc_on,6,133.7072,body_wait_ms,239.245
writer,writer/split_prealloc_on,6,133.7072,cache_copied_bytes,12582912
writer,writer/split_prealloc_on,6,133.7072,cache_evicted_bytes,12582912
writer,writer/split_prealloc_on,6,133.7072,checksum_ms,0
writer,writer/split_prealloc_on,6,133.7072,cpu_ms,29.018999999999906
writer,writer/split_prealloc_on,6,133.7072,cpu_percent,21.7033855680974
writer,writer/split_prealloc_on,6,133.7072,distinct_ranges,4
writer,writer/split_prealloc_on,6,133.7072,driver_connections,4
writer,writer/split_prealloc_on,6,133.7072,driver_loops,59
writer,writer/split_prealloc_on,6,133.7072,driver_pauses,11
writer,writer/split_prealloc_on,6,133.7072,duplicate_bytes,0
writer,writer/split_prealloc_on,6,133.7072,failed,0
writer,writer/split_prealloc_on,6,133.7072,file_bytes,12582912
writer,writer/split_prealloc_on,6,133.7072,finalize,0.016833000000019638
writer,writer/split_prealloc_on,6,133.7072,fsync_calls,1
writer,writer/split_prealloc_on,6,133.7072,fsync_ms,6.288
writer,writer/split_prealloc_on,6,133.7072,prealloc_ms,3.576
writer,writer/split_prealloc_on,6,133.7072,process_peak_rss_bytes,68747264
writer,writer/split_prealloc_on,6,133.7072,report_span,0
writer,writer/split_prealloc_on,6,133.7072,requests,4
writer,writer/split_prealloc_on,6,133.7072,response_head_ms,67.476
writer,writer/split_prealloc_on,6,133.7072,response_heads,4
writer,writer/split_prealloc_on,6,133.7072,running_reports,1
writer,writer/split_prealloc_on,6,133.7072,served_bytes,12582912
writer,writer/split_prealloc_on,6,133.7072,to_first_report,131.195959
writer,writer/split_prealloc_on,6,133.7072,total,131.212792
writer,writer/split_prealloc_on,6,133.7072,unique_bytes,12582912
writer,writer/split_prealloc_on,6,133.7072,verified,1
writer,writer/split_prealloc_on,6,133.7072,writer_blocks,12
writer,writer/split_prealloc_on,6,133.7072,writer_bytes,12582912
writer,writer/split_prealloc_on,6,133.7072,writer_seeks,12
writer,writer/split_prealloc_on,7,133.1029,avg_block_bytes,1048576
writer,writer/split_prealloc_on,7,133.1029,body_reads,777
writer,writer/split_prealloc_on,7,133.1029,body_wait_ms,249.966
writer,writer/split_prealloc_on,7,133.1029,cache_copied_bytes,12582912
writer,writer/split_prealloc_on,7,133.1029,cache_evicted_bytes,12582912
writer,writer/split_prealloc_on,7,133.1029,checksum_ms,0
writer,writer/split_prealloc_on,7,133.1029,cpu_ms,23.26000000000006
writer,writer/split_prealloc_on,7,133.1029,cpu_percent,17.47519928507657
writer,writer/split_prealloc_on,7,133.1029,distinct_ranges,5
writer,writer/split_prealloc_on,7,133.1029,driver_connections,4
writer,writer/split_prealloc_on,7,133.1029,driver_loops,53
writer,writer/split_prealloc_on,7,133.1029,driver_pauses,13
writer,writer/split_prealloc_on,7,133.1029,duplicate_bytes,0
writer,writer/split_prealloc_on,7,133.1029,failed,0
writer,writer/split_prealloc_on,7,133.1029,file_bytes,12582912
writer,writer/split_prealloc_on,7,133.1029,fsync_calls,1
writer,writer/split_prealloc_on,7,133.1029,fsync_ms,7.123
writer,writer/split_prealloc_on,7,133.1029,prealloc_ms,3.771
writer,writer/split_prealloc_on,7,133.1029,process_peak_rss_bytes,68747264
writer,writer/split_prealloc_on,7,133.1029,requests,5
writer,writer/split_prealloc_on,7,133.1029,response_head_ms,89.708
writer,writer/split_prealloc_on,7,133.1029,response_heads,5
writer,writer/split_prealloc_on,7,133.1029,running_reports,0
writer,writer/split_prealloc_on,7,133.1029,served_bytes,12582912
writer,writer/split_prealloc_on,7,133.1029,total,130.375041
writer,writer/split_prealloc_on,7,133.1029,unique_bytes,12582912
writer,writer/split_prealloc_on,7,133.1029,verified,1
writer,writer/split_prealloc_on,7,133.1029,writer_blocks,12
writer,writer/split_prealloc_on,7,133.1029,writer_bytes,12582912
writer,writer/split_prealloc_on,7,133.1029,writer_seeks,12
writer,writer/split_prealloc_on,8,85.1831,avg_block_bytes,1048576
writer,writer/split_prealloc_on,8,85.1831,body_reads,780
writer,writer/split_prealloc_on,8,85.1831,body_wait_ms,141.818
writer,writer/split_prealloc_on,8,85.1831,cache_copied_bytes,12582912
writer,writer/split_prealloc_on,8,85.1831,cache_evicted_bytes,12582912
writer,writer/split_prealloc_on,8,85.1831,checksum_ms,0
writer,writer/split_prealloc_on,8,85.1831,cpu_ms,23.04100000000009
writer,writer/split_prealloc_on,8,85.1831,cpu_percent,27.048784603758186
writer,writer/split_prealloc_on,8,85.1831,distinct_ranges,4
writer,writer/split_prealloc_on,8,85.1831,driver_connections,4
writer,writer/split_prealloc_on,8,85.1831,driver_loops,68
writer,writer/split_prealloc_on,8,85.1831,driver_pauses,8
writer,writer/split_prealloc_on,8,85.1831,duplicate_bytes,0
writer,writer/split_prealloc_on,8,85.1831,failed,0
writer,writer/split_prealloc_on,8,85.1831,file_bytes,12582912
writer,writer/split_prealloc_on,8,85.1831,finalize,0.0024169999999941183
writer,writer/split_prealloc_on,8,85.1831,fsync_calls,1
writer,writer/split_prealloc_on,8,85.1831,fsync_ms,6.004
writer,writer/split_prealloc_on,8,85.1831,prealloc_ms,2.498
writer,writer/split_prealloc_on,8,85.1831,process_peak_rss_bytes,68763648
writer,writer/split_prealloc_on,8,85.1831,report_span,0
writer,writer/split_prealloc_on,8,85.1831,requests,4
writer,writer/split_prealloc_on,8,85.1831,response_head_ms,70.403
writer,writer/split_prealloc_on,8,85.1831,response_heads,4
writer,writer/split_prealloc_on,8,85.1831,running_reports,1
writer,writer/split_prealloc_on,8,85.1831,served_bytes,12582912
writer,writer/split_prealloc_on,8,85.1831,to_first_report,82.285792
writer,writer/split_prealloc_on,8,85.1831,total,82.288209
writer,writer/split_prealloc_on,8,85.1831,unique_bytes,12582912
writer,writer/split_prealloc_on,8,85.1831,verified,1
writer,writer/split_prealloc_on,8,85.1831,writer_blocks,12
writer,writer/split_prealloc_on,8,85.1831,writer_bytes,12582912
writer,writer/split_prealloc_on,8,85.1831,writer_seeks,12
writer,writer/split_prealloc_on,9,183.0914,avg_block_bytes,1048576
writer,writer/split_prealloc_on,9,183.0914,body_reads,784
writer,writer/split_prealloc_on,9,183.0914,body_wait_ms,170.522
writer,writer/split_prealloc_on,9,183.0914,cache_copied_bytes,12582912
writer,writer/split_prealloc_on,9,183.0914,cache_evicted_bytes,12582912
writer,writer/split_prealloc_on,9,183.0914,checksum_ms,0
writer,writer/split_prealloc_on,9,183.0914,cpu_ms,24.816999999999865
writer,writer/split_prealloc_on,9,183.0914,cpu_percent,13.554434227172015
writer,writer/split_prealloc_on,9,183.0914,distinct_ranges,5
writer,writer/split_prealloc_on,9,183.0914,driver_connections,4
writer,writer/split_prealloc_on,9,183.0914,driver_loops,72
writer,writer/split_prealloc_on,9,183.0914,driver_pauses,7
writer,writer/split_prealloc_on,9,183.0914,duplicate_bytes,0
writer,writer/split_prealloc_on,9,183.0914,failed,0
writer,writer/split_prealloc_on,9,183.0914,file_bytes,12582912
writer,writer/split_prealloc_on,9,183.0914,finalize,0.0019580000000019027
writer,writer/split_prealloc_on,9,183.0914,fsync_calls,1
writer,writer/split_prealloc_on,9,183.0914,fsync_ms,5.676
writer,writer/split_prealloc_on,9,183.0914,prealloc_ms,3.366
writer,writer/split_prealloc_on,9,183.0914,process_peak_rss_bytes,68780032
writer,writer/split_prealloc_on,9,183.0914,report_span,0
writer,writer/split_prealloc_on,9,183.0914,requests,5
writer,writer/split_prealloc_on,9,183.0914,response_head_ms,62.276
writer,writer/split_prealloc_on,9,183.0914,response_heads,5
writer,writer/split_prealloc_on,9,183.0914,running_reports,1
writer,writer/split_prealloc_on,9,183.0914,served_bytes,12582912
writer,writer/split_prealloc_on,9,183.0914,to_first_report,180.181958
writer,writer/split_prealloc_on,9,183.0914,total,180.183916
writer,writer/split_prealloc_on,9,183.0914,unique_bytes,12582912
writer,writer/split_prealloc_on,9,183.0914,verified,1
writer,writer/split_prealloc_on,9,183.0914,writer_blocks,12
writer,writer/split_prealloc_on,9,183.0914,writer_bytes,12582912
writer,writer/split_prealloc_on,9,183.0914,writer_seeks,4
writer,writer/single_conn_4MiB,0,52.6998,avg_block_bytes,262144
writer,writer/single_conn_4MiB,0,52.6998,body_reads,261
writer,writer/single_conn_4MiB,0,52.6998,body_wait_ms,43.887
writer,writer/single_conn_4MiB,0,52.6998,cache_copied_bytes,4194304
writer,writer/single_conn_4MiB,0,52.6998,cache_evicted_bytes,4194304
writer,writer/single_conn_4MiB,0,52.6998,checksum_ms,0
writer,writer/single_conn_4MiB,0,52.6998,cpu_ms,9.969000000000117
writer,writer/single_conn_4MiB,0,52.6998,cpu_percent,18.916583559126668
writer,writer/single_conn_4MiB,0,52.6998,distinct_ranges,1
writer,writer/single_conn_4MiB,0,52.6998,driver_connections,1
writer,writer/single_conn_4MiB,0,52.6998,driver_loops,35
writer,writer/single_conn_4MiB,0,52.6998,driver_pauses,2
writer,writer/single_conn_4MiB,0,52.6998,duplicate_bytes,0
writer,writer/single_conn_4MiB,0,52.6998,failed,0
writer,writer/single_conn_4MiB,0,52.6998,file_bytes,4194304
writer,writer/single_conn_4MiB,0,52.6998,finalize,4.069333999999998
writer,writer/single_conn_4MiB,0,52.6998,fsync_calls,2
writer,writer/single_conn_4MiB,0,52.6998,fsync_ms,3.915
writer,writer/single_conn_4MiB,0,52.6998,prealloc_ms,0.128
writer,writer/single_conn_4MiB,0,52.6998,process_peak_rss_bytes,77168640
writer,writer/single_conn_4MiB,0,52.6998,report_span,44.394375000000004
writer,writer/single_conn_4MiB,0,52.6998,requests,1
writer,writer/single_conn_4MiB,0,52.6998,response_head_ms,0.449
writer,writer/single_conn_4MiB,0,52.6998,response_heads,1
writer,writer/single_conn_4MiB,0,52.6998,running_reports,17
writer,writer/single_conn_4MiB,0,52.6998,served_bytes,4194304
writer,writer/single_conn_4MiB,0,52.6998,to_first_report,2.4068750000000003
writer,writer/single_conn_4MiB,0,52.6998,total,50.870584
writer,writer/single_conn_4MiB,0,52.6998,unique_bytes,4194304
writer,writer/single_conn_4MiB,0,52.6998,verified,1
writer,writer/single_conn_4MiB,0,52.6998,writer_blocks,16
writer,writer/single_conn_4MiB,0,52.6998,writer_bytes,4194304
writer,writer/single_conn_4MiB,0,52.6998,writer_seeks,1
writer,writer/single_conn_4MiB,1,28.4709,avg_block_bytes,262144
writer,writer/single_conn_4MiB,1,28.4709,body_reads,260
writer,writer/single_conn_4MiB,1,28.4709,body_wait_ms,20.585
writer,writer/single_conn_4MiB,1,28.4709,cache_copied_bytes,4194304
writer,writer/single_conn_4MiB,1,28.4709,cache_evicted_bytes,4194304
writer,writer/single_conn_4MiB,1,28.4709,checksum_ms,0
writer,writer/single_conn_4MiB,1,28.4709,cpu_ms,8.093999999999824
writer,writer/single_conn_4MiB,1,28.4709,cpu_percent,28.42905249662971
writer,writer/single_conn_4MiB,1,28.4709,distinct_ranges,1
writer,writer/single_conn_4MiB,1,28.4709,driver_connections,1
writer,writer/single_conn_4MiB,1,28.4709,driver_loops,35
writer,writer/single_conn_4MiB,1,28.4709,driver_pauses,1
writer,writer/single_conn_4MiB,1,28.4709,duplicate_bytes,0
writer,writer/single_conn_4MiB,1,28.4709,failed,0
writer,writer/single_conn_4MiB,1,28.4709,file_bytes,4194304
writer,writer/single_conn_4MiB,1,28.4709,finalize,4.644041000000001
writer,writer/single_conn_4MiB,1,28.4709,fsync_calls,2
writer,writer/single_conn_4MiB,1,28.4709,fsync_ms,4.305
writer,writer/single_conn_4MiB,1,28.4709,prealloc_ms,0.104
writer,writer/single_conn_4MiB,1,28.4709,process_peak_rss_bytes,77185024
writer,writer/single_conn_4MiB,1,28.4709,report_span,1.0698750000000032
writer,writer/single_conn_4MiB,1,28.4709,requests,1
writer,writer/single_conn_4MiB,1,28.4709,response_head_ms,0.435
writer,writer/single_conn_4MiB,1,28.4709,response_heads,1
writer,writer/single_conn_4MiB,1,28.4709,running_reports,16
writer,writer/single_conn_4MiB,1,28.4709,served_bytes,4194304
writer,writer/single_conn_4MiB,1,28.4709,to_first_report,21.434124999999998
writer,writer/single_conn_4MiB,1,28.4709,total,27.148041000000003
writer,writer/single_conn_4MiB,1,28.4709,unique_bytes,4194304
writer,writer/single_conn_4MiB,1,28.4709,verified,1
writer,writer/single_conn_4MiB,1,28.4709,writer_blocks,16
writer,writer/single_conn_4MiB,1,28.4709,writer_bytes,4194304
writer,writer/single_conn_4MiB,1,28.4709,writer_seeks,1
writer,writer/single_conn_4MiB,2,79.2336,avg_block_bytes,262144
writer,writer/single_conn_4MiB,2,79.2336,body_reads,259
writer,writer/single_conn_4MiB,2,79.2336,body_wait_ms,68.539
writer,writer/single_conn_4MiB,2,79.2336,cache_copied_bytes,4194304
writer,writer/single_conn_4MiB,2,79.2336,cache_evicted_bytes,4194304
writer,writer/single_conn_4MiB,2,79.2336,checksum_ms,0
writer,writer/single_conn_4MiB,2,79.2336,cpu_ms,8.361000000000063
writer,writer/single_conn_4MiB,2,79.2336,cpu_percent,10.552343694970936
writer,writer/single_conn_4MiB,2,79.2336,distinct_ranges,1
writer,writer/single_conn_4MiB,2,79.2336,driver_connections,1
writer,writer/single_conn_4MiB,2,79.2336,driver_loops,34
writer,writer/single_conn_4MiB,2,79.2336,driver_pauses,3
writer,writer/single_conn_4MiB,2,79.2336,duplicate_bytes,0
writer,writer/single_conn_4MiB,2,79.2336,failed,0
writer,writer/single_conn_4MiB,2,79.2336,file_bytes,4194304
writer,writer/single_conn_4MiB,2,79.2336,finalize,6.1507079999999945
writer,writer/single_conn_4MiB,2,79.2336,fsync_calls,2
writer,writer/single_conn_4MiB,2,79.2336,fsync_ms,6.025
writer,writer/single_conn_4MiB,2,79.2336,prealloc_ms,0.171
writer,writer/single_conn_4MiB,2,79.2336,process_peak_rss_bytes,77185024
writer,writer/single_conn_4MiB,2,79.2336,report_span,45.487500000000004
writer,writer/single_conn_4MiB,2,79.2336,requests,1
writer,writer/single_conn_4MiB,2,79.2336,response_head_ms,0.366
writer,writer/single_conn_4MiB,2,79.2336,response_heads,1
writer,writer/single_conn_4MiB,2,79.2336,running_reports,15
writer,writer/single_conn_4MiB,2,79.2336,served_bytes,4194304
writer,writer/single_conn_4MiB,2,79.2336,to_first_report,25.668709
writer,writer/single_conn_4MiB,2,79.2336,total,77.306917
writer,writer/single_conn_4MiB,2,79.2336,unique_bytes,4194304
writer,writer/single_conn_4MiB,2,79.2336,verified,1
writer,writer/single_conn_4MiB,2,79.2336,writer_blocks,16
writer,writer/single_conn_4MiB,2,79.2336,writer_bytes,4194304
writer,writer/single_conn_4MiB,2,79.2336,writer_seeks,1
writer,writer/single_conn_4MiB,3,55.5905,avg_block_bytes,262144
writer,writer/single_conn_4MiB,3,55.5905,body_reads,259
writer,writer/single_conn_4MiB,3,55.5905,body_wait_ms,46.749
writer,writer/single_conn_4MiB,3,55.5905,cache_copied_bytes,4194304
writer,writer/single_conn_4MiB,3,55.5905,cache_evicted_bytes,4194304
writer,writer/single_conn_4MiB,3,55.5905,checksum_ms,0
writer,writer/single_conn_4MiB,3,55.5905,cpu_ms,12.665000000000148
writer,writer/single_conn_4MiB,3,55.5905,cpu_percent,22.782686913642888
writer,writer/single_conn_4MiB,3,55.5905,distinct_ranges,1
writer,writer/single_conn_4MiB,3,55.5905,driver_connections,1
writer,writer/single_conn_4MiB,3,55.5905,driver_loops,34
writer,writer/single_conn_4MiB,3,55.5905,driver_pauses,2
writer,writer/single_conn_4MiB,3,55.5905,duplicate_bytes,0
writer,writer/single_conn_4MiB,3,55.5905,failed,0
writer,writer/single_conn_4MiB,3,55.5905,file_bytes,4194304
writer,writer/single_conn_4MiB,3,55.5905,finalize,3.7560420000000008
writer,writer/single_conn_4MiB,3,55.5905,fsync_calls,2
writer,writer/single_conn_4MiB,3,55.5905,fsync_ms,3.634
writer,writer/single_conn_4MiB,3,55.5905,prealloc_ms,0.13
writer,writer/single_conn_4MiB,3,55.5905,process_peak_rss_bytes,77185024
writer,writer/single_conn_4MiB,3,55.5905,report_span,23.906875
writer,writer/single_conn_4MiB,3,55.5905,requests,1
writer,writer/single_conn_4MiB,3,55.5905,response_head_ms,0.644
writer,writer/single_conn_4MiB,3,55.5905,response_heads,1
writer,writer/single_conn_4MiB,3,55.5905,running_reports,16
writer,writer/single_conn_4MiB,3,55.5905,served_bytes,4194304
writer,writer/single_conn_4MiB,3,55.5905,to_first_report,26.155749999999998
writer,writer/single_conn_4MiB,3,55.5905,total,53.818667
writer,writer/single_conn_4MiB,3,55.5905,unique_bytes,4194304
writer,writer/single_conn_4MiB,3,55.5905,verified,1
writer,writer/single_conn_4MiB,3,55.5905,writer_blocks,16
writer,writer/single_conn_4MiB,3,55.5905,writer_bytes,4194304
writer,writer/single_conn_4MiB,3,55.5905,writer_seeks,1
writer,writer/single_conn_4MiB,4,54.2519,avg_block_bytes,262144
writer,writer/single_conn_4MiB,4,54.2519,body_reads,259
writer,writer/single_conn_4MiB,4,54.2519,body_wait_ms,46.262
writer,writer/single_conn_4MiB,4,54.2519,cache_copied_bytes,4194304
writer,writer/single_conn_4MiB,4,54.2519,cache_evicted_bytes,4194304
writer,writer/single_conn_4MiB,4,54.2519,checksum_ms,0
writer,writer/single_conn_4MiB,4,54.2519,cpu_ms,11.29099999999994
writer,writer/single_conn_4MiB,4,54.2519,cpu_percent,20.812168182225935
writer,writer/single_conn_4MiB,4,54.2519,distinct_ranges,1
writer,writer/single_conn_4MiB,4,54.2519,driver_connections,1
writer,writer/single_conn_4MiB,4,54.2519,driver_loops,33
writer,writer/single_conn_4MiB,4,54.2519,driver_pauses,2
writer,writer/single_conn_4MiB,4,54.2519,duplicate_bytes,0
writer,writer/single_conn_4MiB,4,54.2519,failed,0
writer,writer/single_conn_4MiB,4,54.2519,file_bytes,4194304
writer,writer/single_conn_4MiB,4,54.2519,finalize,4.309291999999999
writer,writer/single_conn_4MiB,4,54.2519,fsync_calls,2
writer,writer/single_conn_4MiB,4,54.2519,fsync_ms,4.139
writer,writer/single_conn_4MiB,4,54.2519,prealloc_ms,0.136
writer,writer/single_conn_4MiB,4,54.2519,process_peak_rss_bytes,77185024
writer,writer/single_conn_4MiB,4,54.2519,report_span,46.887707999999996
writer,writer/single_conn_4MiB,4,54.2519,requests,1
writer,writer/single_conn_4MiB,4,54.2519,response_head_ms,0.435
writer,writer/single_conn_4MiB,4,54.2519,response_heads,1
writer,writer/single_conn_4MiB,4,54.2519,running_reports,16
writer,writer/single_conn_4MiB,4,54.2519,served_bytes,4194304
writer,writer/single_conn_4MiB,4,54.2519,to_first_report,1.425958
writer,writer/single_conn_4MiB,4,54.2519,total,52.622958
writer,writer/single_conn_4MiB,4,54.2519,unique_bytes,4194304
writer,writer/single_conn_4MiB,4,54.2519,verified,1
writer,writer/single_conn_4MiB,4,54.2519,writer_blocks,16
writer,writer/single_conn_4MiB,4,54.2519,writer_bytes,4194304
writer,writer/single_conn_4MiB,4,54.2519,writer_seeks,1
writer,writer/single_conn_4MiB,5,50.9831,avg_block_bytes,262144
writer,writer/single_conn_4MiB,5,50.9831,body_reads,259
writer,writer/single_conn_4MiB,5,50.9831,body_wait_ms,42.797
writer,writer/single_conn_4MiB,5,50.9831,cache_copied_bytes,4194304
writer,writer/single_conn_4MiB,5,50.9831,cache_evicted_bytes,4194304
writer,writer/single_conn_4MiB,5,50.9831,checksum_ms,0
writer,writer/single_conn_4MiB,5,50.9831,cpu_ms,12.763999999999998
writer,writer/single_conn_4MiB,5,50.9831,cpu_percent,25.035755487756592
writer,writer/single_conn_4MiB,5,50.9831,distinct_ranges,1
writer,writer/single_conn_4MiB,5,50.9831,driver_connections,1
writer,writer/single_conn_4MiB,5,50.9831,driver_loops,36
writer,writer/single_conn_4MiB,5,50.9831,driver_pauses,2
writer,writer/single_conn_4MiB,5,50.9831,duplicate_bytes,0
writer,writer/single_conn_4MiB,5,50.9831,failed,0
writer,writer/single_conn_4MiB,5,50.9831,file_bytes,4194304
writer,writer/single_conn_4MiB,5,50.9831,finalize,4.660375000000002
writer,writer/single_conn_4MiB,5,50.9831,fsync_calls,2
writer,writer/single_conn_4MiB,5,50.9831,fsync_ms,4.359
writer,writer/single_conn_4MiB,5,50.9831,prealloc_ms,0.168
writer,writer/single_conn_4MiB,5,50.9831,process_peak_rss_bytes,77201408
writer,writer/single_conn_4MiB,5,50.9831,report_span,22.078834
writer,writer/single_conn_4MiB,5,50.9831,requests,1
writer,writer/single_conn_4MiB,5,50.9831,response_head_ms,0.54
writer,writer/single_conn_4MiB,5,50.9831,response_heads,1
writer,writer/single_conn_4MiB,5,50.9831,running_reports,16
writer,writer/single_conn_4MiB,5,50.9831,served_bytes,4194304
writer,writer/single_conn_4MiB,5,50.9831,to_first_report,22.542125
writer,writer/single_conn_4MiB,5,50.9831,total,49.281334
writer,writer/single_conn_4MiB,5,50.9831,unique_bytes,4194304
writer,writer/single_conn_4MiB,5,50.9831,verified,1
writer,writer/single_conn_4MiB,5,50.9831,writer_blocks,16
writer,writer/single_conn_4MiB,5,50.9831,writer_bytes,4194304
writer,writer/single_conn_4MiB,5,50.9831,writer_seeks,1
writer,writer/single_conn_4MiB,6,59.7727,avg_block_bytes,262144
writer,writer/single_conn_4MiB,6,59.7727,body_reads,260
writer,writer/single_conn_4MiB,6,59.7727,body_wait_ms,50.303
writer,writer/single_conn_4MiB,6,59.7727,cache_copied_bytes,4194304
writer,writer/single_conn_4MiB,6,59.7727,cache_evicted_bytes,4194304
writer,writer/single_conn_4MiB,6,59.7727,checksum_ms,0
writer,writer/single_conn_4MiB,6,59.7727,cpu_ms,11.781000000000041
writer,writer/single_conn_4MiB,6,59.7727,cpu_percent,19.709663819988556
writer,writer/single_conn_4MiB,6,59.7727,distinct_ranges,1
writer,writer/single_conn_4MiB,6,59.7727,driver_connections,1
writer,writer/single_conn_4MiB,6,59.7727,driver_loops,38
writer,writer/single_conn_4MiB,6,59.7727,driver_pauses,2
writer,writer/single_conn_4MiB,6,59.7727,duplicate_bytes,0
writer,writer/single_conn_4MiB,6,59.7727,failed,0
writer,writer/single_conn_4MiB,6,59.7727,file_bytes,4194304
writer,writer/single_conn_4MiB,6,59.7727,finalize,5.537791999999996
writer,writer/single_conn_4MiB,6,59.7727,fsync_calls,2
writer,writer/single_conn_4MiB,6,59.7727,fsync_ms,5.205
writer,writer/single_conn_4MiB,6,59.7727,prealloc_ms,0.254
writer,writer/single_conn_4MiB,6,59.7727,process_peak_rss_bytes,77201408
writer,writer/single_conn_4MiB,6,59.7727,report_span,26.880542000000005
writer,writer/single_conn_4MiB,6,59.7727,requests,1
writer,writer/single_conn_4MiB,6,59.7727,response_head_ms,0.52
writer,writer/single_conn_4MiB,6,59.7727,response_heads,1
writer,writer/single_conn_4MiB,6,59.7727,running_reports,16
writer,writer/single_conn_4MiB,6,59.7727,served_bytes,4194304
writer,writer/single_conn_4MiB,6,59.7727,to_first_report,25.927374999999998
writer,writer/single_conn_4MiB,6,59.7727,total,58.345709
writer,writer/single_conn_4MiB,6,59.7727,unique_bytes,4194304
writer,writer/single_conn_4MiB,6,59.7727,verified,1
writer,writer/single_conn_4MiB,6,59.7727,writer_blocks,16
writer,writer/single_conn_4MiB,6,59.7727,writer_bytes,4194304
writer,writer/single_conn_4MiB,6,59.7727,writer_seeks,1
writer,writer/single_conn_4MiB,7,35.2150,avg_block_bytes,262144
writer,writer/single_conn_4MiB,7,35.2150,body_reads,261
writer,writer/single_conn_4MiB,7,35.2150,body_wait_ms,25.026
writer,writer/single_conn_4MiB,7,35.2150,cache_copied_bytes,4194304
writer,writer/single_conn_4MiB,7,35.2150,cache_evicted_bytes,4194304
writer,writer/single_conn_4MiB,7,35.2150,checksum_ms,0
writer,writer/single_conn_4MiB,7,35.2150,cpu_ms,11.623000000000161
writer,writer/single_conn_4MiB,7,35.2150,cpu_percent,33.00578201780977
writer,writer/single_conn_4MiB,7,35.2150,distinct_ranges,1
writer,writer/single_conn_4MiB,7,35.2150,driver_connections,1
writer,writer/single_conn_4MiB,7,35.2150,driver_loops,40
writer,writer/single_conn_4MiB,7,35.2150,driver_pauses,1
writer,writer/single_conn_4MiB,7,35.2150,duplicate_bytes,0
writer,writer/single_conn_4MiB,7,35.2150,failed,0
writer,writer/single_conn_4MiB,7,35.2150,file_bytes,4194304
writer,writer/single_conn_4MiB,7,35.2150,finalize,5.757167000000003
writer,writer/single_conn_4MiB,7,35.2150,fsync_calls,2
writer,writer/single_conn_4MiB,7,35.2150,fsync_ms,5.422
writer,writer/single_conn_4MiB,7,35.2150,prealloc_ms,0.209
writer,writer/single_conn_4MiB,7,35.2150,process_peak_rss_bytes,77201408
writer,writer/single_conn_4MiB,7,35.2150,report_span,25.418625
writer,writer/single_conn_4MiB,7,35.2150,requests,1
writer,writer/single_conn_4MiB,7,35.2150,response_head_ms,0.518
writer,writer/single_conn_4MiB,7,35.2150,response_heads,1
writer,writer/single_conn_4MiB,7,35.2150,running_reports,17
writer,writer/single_conn_4MiB,7,35.2150,served_bytes,4194304
writer,writer/single_conn_4MiB,7,35.2150,to_first_report,2.316125
writer,writer/single_conn_4MiB,7,35.2150,total,33.491917
writer,writer/single_conn_4MiB,7,35.2150,unique_bytes,4194304
writer,writer/single_conn_4MiB,7,35.2150,verified,1
writer,writer/single_conn_4MiB,7,35.2150,writer_blocks,16
writer,writer/single_conn_4MiB,7,35.2150,writer_bytes,4194304
writer,writer/single_conn_4MiB,7,35.2150,writer_seeks,1
writer,writer/single_conn_4MiB,8,30.4770,avg_block_bytes,262144
writer,writer/single_conn_4MiB,8,30.4770,body_reads,259
writer,writer/single_conn_4MiB,8,30.4770,body_wait_ms,21.754
writer,writer/single_conn_4MiB,8,30.4770,cache_copied_bytes,4194304
writer,writer/single_conn_4MiB,8,30.4770,cache_evicted_bytes,4194304
writer,writer/single_conn_4MiB,8,30.4770,checksum_ms,0
writer,writer/single_conn_4MiB,8,30.4770,cpu_ms,8.291999999999966
writer,writer/single_conn_4MiB,8,30.4770,cpu_percent,27.207364809222515
writer,writer/single_conn_4MiB,8,30.4770,distinct_ranges,1
writer,writer/single_conn_4MiB,8,30.4770,driver_connections,1
writer,writer/single_conn_4MiB,8,30.4770,driver_loops,39
writer,writer/single_conn_4MiB,8,30.4770,driver_pauses,1
writer,writer/single_conn_4MiB,8,30.4770,duplicate_bytes,0
writer,writer/single_conn_4MiB,8,30.4770,failed,0
writer,writer/single_conn_4MiB,8,30.4770,file_bytes,4194304
writer,writer/single_conn_4MiB,8,30.4770,finalize,4.855916999999998
writer,writer/single_conn_4MiB,8,30.4770,fsync_calls,2
writer,writer/single_conn_4MiB,8,30.4770,fsync_ms,4.564
writer,writer/single_conn_4MiB,8,30.4770,prealloc_ms,0.128
writer,writer/single_conn_4MiB,8,30.4770,process_peak_rss_bytes,77201408
writer,writer/single_conn_4MiB,8,30.4770,report_span,1.204540999999999
writer,writer/single_conn_4MiB,8,30.4770,requests,1
writer,writer/single_conn_4MiB,8,30.4770,response_head_ms,0.548
writer,writer/single_conn_4MiB,8,30.4770,response_heads,1
writer,writer/single_conn_4MiB,8,30.4770,running_reports,16
writer,writer/single_conn_4MiB,8,30.4770,served_bytes,4194304
writer,writer/single_conn_4MiB,8,30.4770,to_first_report,23.060625
writer,writer/single_conn_4MiB,8,30.4770,total,29.121083
writer,writer/single_conn_4MiB,8,30.4770,unique_bytes,4194304
writer,writer/single_conn_4MiB,8,30.4770,verified,1
writer,writer/single_conn_4MiB,8,30.4770,writer_blocks,16
writer,writer/single_conn_4MiB,8,30.4770,writer_bytes,4194304
writer,writer/single_conn_4MiB,8,30.4770,writer_seeks,1
writer,writer/single_conn_4MiB,9,62.5663,avg_block_bytes,262144
writer,writer/single_conn_4MiB,9,62.5663,body_reads,259
writer,writer/single_conn_4MiB,9,62.5663,body_wait_ms,49.351
writer,writer/single_conn_4MiB,9,62.5663,cache_copied_bytes,4194304
writer,writer/single_conn_4MiB,9,62.5663,cache_evicted_bytes,4194304
writer,writer/single_conn_4MiB,9,62.5663,checksum_ms,0
writer,writer/single_conn_4MiB,9,62.5663,cpu_ms,11.09899999999997
writer,writer/single_conn_4MiB,9,62.5663,cpu_percent,17.739572495002975
writer,writer/single_conn_4MiB,9,62.5663,distinct_ranges,1
writer,writer/single_conn_4MiB,9,62.5663,driver_connections,1
writer,writer/single_conn_4MiB,9,62.5663,driver_loops,34
writer,writer/single_conn_4MiB,9,62.5663,driver_pauses,2
writer,writer/single_conn_4MiB,9,62.5663,duplicate_bytes,0
writer,writer/single_conn_4MiB,9,62.5663,failed,0
writer,writer/single_conn_4MiB,9,62.5663,file_bytes,4194304
writer,writer/single_conn_4MiB,9,62.5663,finalize,8.934458999999997
writer,writer/single_conn_4MiB,9,62.5663,fsync_calls,2
writer,writer/single_conn_4MiB,9,62.5663,fsync_ms,8.676
writer,writer/single_conn_4MiB,9,62.5663,prealloc_ms,0.245
writer,writer/single_conn_4MiB,9,62.5663,process_peak_rss_bytes,77201408
writer,writer/single_conn_4MiB,9,62.5663,report_span,26.070708
writer,writer/single_conn_4MiB,9,62.5663,requests,1
writer,writer/single_conn_4MiB,9,62.5663,response_head_ms,0.454
writer,writer/single_conn_4MiB,9,62.5663,response_heads,1
writer,writer/single_conn_4MiB,9,62.5663,running_reports,16
writer,writer/single_conn_4MiB,9,62.5663,served_bytes,4194304
writer,writer/single_conn_4MiB,9,62.5663,to_first_report,25.843417
writer,writer/single_conn_4MiB,9,62.5663,total,60.848583999999995
writer,writer/single_conn_4MiB,9,62.5663,unique_bytes,4194304
writer,writer/single_conn_4MiB,9,62.5663,verified,1
writer,writer/single_conn_4MiB,9,62.5663,writer_blocks,16
writer,writer/single_conn_4MiB,9,62.5663,writer_bytes,4194304
writer,writer/single_conn_4MiB,9,62.5663,writer_seeks,1
writer_stop,writer_stop/single_buffered_cancel,0,266.6715,cancel_ms,12.138375
writer_stop,writer_stop/single_buffered_cancel,0,266.6715,cpu_ms,4.994000000000165
writer_stop,writer_stop/single_buffered_cancel,0,266.6715,cpu_percent,1.8727157690966976
writer_stop,writer_stop/single_buffered_cancel,0,266.6715,driver_threads_after_drop,0
writer_stop,writer_stop/single_buffered_cancel,0,266.6715,durable_prefix_bytes,81920
writer_stop,writer_stop/single_buffered_cancel,0,266.6715,process_peak_rss_bytes,77201408
writer_stop,writer_stop/single_buffered_cancel,0,266.6715,received_before_cancel,81920
writer_stop,writer_stop/single_buffered_cancel,0,266.6715,total,12.138375
writer_stop,writer_stop/single_buffered_cancel,0,266.6715,verified,1
writer_stop,writer_stop/single_buffered_cancel,0,266.6715,written_before_cancel,0
writer_stop,writer_stop/single_buffered_cancel,1,267.5194,cancel_ms,11.886542
writer_stop,writer_stop/single_buffered_cancel,1,267.5194,cpu_ms,4.561000000000037
writer_stop,writer_stop/single_buffered_cancel,1,267.5194,cpu_percent,1.704922973871477
writer_stop,writer_stop/single_buffered_cancel,1,267.5194,driver_threads_after_drop,0
writer_stop,writer_stop/single_buffered_cancel,1,267.5194,durable_prefix_bytes,81920
writer_stop,writer_stop/single_buffered_cancel,1,267.5194,process_peak_rss_bytes,77201408
writer_stop,writer_stop/single_buffered_cancel,1,267.5194,received_before_cancel,81920
writer_stop,writer_stop/single_buffered_cancel,1,267.5194,total,11.886542
writer_stop,writer_stop/single_buffered_cancel,1,267.5194,verified,1
writer_stop,writer_stop/single_buffered_cancel,1,267.5194,written_before_cancel,0
writer_stop,writer_stop/single_buffered_cancel,2,267.1440,cancel_ms,11.212125
writer_stop,writer_stop/single_buffered_cancel,2,267.1440,cpu_ms,3.5650000000000404
writer_stop,writer_stop/single_buffered_cancel,2,267.1440,cpu_percent,1.3344862695774715
writer_stop,writer_stop/single_buffered_cancel,2,267.1440,driver_threads_after_drop,0
writer_stop,writer_stop/single_buffered_cancel,2,267.1440,durable_prefix_bytes,81920
writer_stop,writer_stop/single_buffered_cancel,2,267.1440,process_peak_rss_bytes,77201408
writer_stop,writer_stop/single_buffered_cancel,2,267.1440,received_before_cancel,81920
writer_stop,writer_stop/single_buffered_cancel,2,267.1440,total,11.212125
writer_stop,writer_stop/single_buffered_cancel,2,267.1440,verified,1
writer_stop,writer_stop/single_buffered_cancel,2,267.1440,written_before_cancel,0
writer_stop,writer_stop/single_buffered_cancel,3,266.9463,cancel_ms,10.811708999999999
writer_stop,writer_stop/single_buffered_cancel,3,266.9463,cpu_ms,3.446999999999978
writer_stop,writer_stop/single_buffered_cancel,3,266.9463,cpu_percent,1.2912707765449134
writer_stop,writer_stop/single_buffered_cancel,3,266.9463,driver_threads_after_drop,0
writer_stop,writer_stop/single_buffered_cancel,3,266.9463,durable_prefix_bytes,81920
writer_stop,writer_stop/single_buffered_cancel,3,266.9463,process_peak_rss_bytes,77201408
writer_stop,writer_stop/single_buffered_cancel,3,266.9463,received_before_cancel,81920
writer_stop,writer_stop/single_buffered_cancel,3,266.9463,total,10.811708999999999
writer_stop,writer_stop/single_buffered_cancel,3,266.9463,verified,1
writer_stop,writer_stop/single_buffered_cancel,3,266.9463,written_before_cancel,0
writer_stop,writer_stop/single_buffered_cancel,4,272.2598,cancel_ms,16.515334
writer_stop,writer_stop/single_buffered_cancel,4,272.2598,cpu_ms,3.2520000000000326
writer_stop,writer_stop/single_buffered_cancel,4,272.2598,cpu_percent,1.1944474018934488
writer_stop,writer_stop/single_buffered_cancel,4,272.2598,driver_threads_after_drop,0
writer_stop,writer_stop/single_buffered_cancel,4,272.2598,durable_prefix_bytes,81920
writer_stop,writer_stop/single_buffered_cancel,4,272.2598,process_peak_rss_bytes,77201408
writer_stop,writer_stop/single_buffered_cancel,4,272.2598,received_before_cancel,81920
writer_stop,writer_stop/single_buffered_cancel,4,272.2598,total,16.515334
writer_stop,writer_stop/single_buffered_cancel,4,272.2598,verified,1
writer_stop,writer_stop/single_buffered_cancel,4,272.2598,written_before_cancel,0
writer_stop,writer_stop/single_buffered_cancel,5,271.0976,cancel_ms,20.015625
writer_stop,writer_stop/single_buffered_cancel,5,271.0976,cpu_ms,4.505999999999899
writer_stop,writer_stop/single_buffered_cancel,5,271.0976,cpu_percent,1.6621318611699012
writer_stop,writer_stop/single_buffered_cancel,5,271.0976,driver_threads_after_drop,0
writer_stop,writer_stop/single_buffered_cancel,5,271.0976,durable_prefix_bytes,81920
writer_stop,writer_stop/single_buffered_cancel,5,271.0976,process_peak_rss_bytes,77201408
writer_stop,writer_stop/single_buffered_cancel,5,271.0976,received_before_cancel,81920
writer_stop,writer_stop/single_buffered_cancel,5,271.0976,total,20.015625
writer_stop,writer_stop/single_buffered_cancel,5,271.0976,verified,1
writer_stop,writer_stop/single_buffered_cancel,5,271.0976,written_before_cancel,0
writer_stop,writer_stop/single_buffered_cancel,6,267.5980,cancel_ms,12.238083
writer_stop,writer_stop/single_buffered_cancel,6,267.5980,cpu_ms,4.620999999999986
writer_stop,writer_stop/single_buffered_cancel,6,267.5980,cpu_percent,1.7268439973392873
writer_stop,writer_stop/single_buffered_cancel,6,267.5980,driver_threads_after_drop,0
writer_stop,writer_stop/single_buffered_cancel,6,267.5980,durable_prefix_bytes,81920
writer_stop,writer_stop/single_buffered_cancel,6,267.5980,process_peak_rss_bytes,77201408
writer_stop,writer_stop/single_buffered_cancel,6,267.5980,received_before_cancel,81920
writer_stop,writer_stop/single_buffered_cancel,6,267.5980,total,12.238083
writer_stop,writer_stop/single_buffered_cancel,6,267.5980,verified,1
writer_stop,writer_stop/single_buffered_cancel,6,267.5980,written_before_cancel,0
writer_stop,writer_stop/single_buffered_cancel,7,270.5073,cancel_ms,14.047333
writer_stop,writer_stop/single_buffered_cancel,7,270.5073,cpu_ms,4.913999999999863
writer_stop,writer_stop/single_buffered_cancel,7,270.5073,cpu_percent,1.8165868889034837
writer_stop,writer_stop/single_buffered_cancel,7,270.5073,driver_threads_after_drop,0
writer_stop,writer_stop/single_buffered_cancel,7,270.5073,durable_prefix_bytes,81920
writer_stop,writer_stop/single_buffered_cancel,7,270.5073,process_peak_rss_bytes,77201408
writer_stop,writer_stop/single_buffered_cancel,7,270.5073,received_before_cancel,81920
writer_stop,writer_stop/single_buffered_cancel,7,270.5073,total,14.047333
writer_stop,writer_stop/single_buffered_cancel,7,270.5073,verified,1
writer_stop,writer_stop/single_buffered_cancel,7,270.5073,written_before_cancel,0
writer_stop,writer_stop/single_buffered_cancel,8,274.1046,cancel_ms,10.998583
writer_stop,writer_stop/single_buffered_cancel,8,274.1046,cpu_ms,5.324000000000106
writer_stop,writer_stop/single_buffered_cancel,8,274.1046,cpu_percent,1.9423243280832363
writer_stop,writer_stop/single_buffered_cancel,8,274.1046,driver_threads_after_drop,0
writer_stop,writer_stop/single_buffered_cancel,8,274.1046,durable_prefix_bytes,81920
writer_stop,writer_stop/single_buffered_cancel,8,274.1046,process_peak_rss_bytes,77201408
writer_stop,writer_stop/single_buffered_cancel,8,274.1046,received_before_cancel,81920
writer_stop,writer_stop/single_buffered_cancel,8,274.1046,total,10.998583
writer_stop,writer_stop/single_buffered_cancel,8,274.1046,verified,1
writer_stop,writer_stop/single_buffered_cancel,8,274.1046,written_before_cancel,0
writer_stop,writer_stop/single_buffered_cancel,9,268.9495,cancel_ms,12.5725
writer_stop,writer_stop/single_buffered_cancel,9,268.9495,cpu_ms,5.093999999999932
writer_stop,writer_stop/single_buffered_cancel,9,268.9495,cpu_percent,1.894035869187313
writer_stop,writer_stop/single_buffered_cancel,9,268.9495,driver_threads_after_drop,0
writer_stop,writer_stop/single_buffered_cancel,9,268.9495,durable_prefix_bytes,81920
writer_stop,writer_stop/single_buffered_cancel,9,268.9495,process_peak_rss_bytes,77201408
writer_stop,writer_stop/single_buffered_cancel,9,268.9495,received_before_cancel,81920
writer_stop,writer_stop/single_buffered_cancel,9,268.9495,total,12.5725
writer_stop,writer_stop/single_buffered_cancel,9,268.9495,verified,1
writer_stop,writer_stop/single_buffered_cancel,9,268.9495,written_before_cancel,0
storage,storage/io/tokio_seek_16KiB,0,113.5247,cpu_ms,104.37600000000002
storage,storage/io/tokio_seek_16KiB,0,113.5247,cpu_percent,91.94125185145887
storage,storage/io/tokio_seek_16KiB,0,113.5247,process_peak_rss_bytes,174342144
storage,storage/io/tokio_seek_16KiB,0,113.5247,seek_calls,4096
storage,storage/io/tokio_seek_16KiB,0,113.5247,total,91.08358299999999
storage,storage/io/tokio_seek_16KiB,0,113.5247,verified,1
storage,storage/io/tokio_seek_16KiB,0,113.5247,write_calls,4096
storage,storage/io/tokio_seek_16KiB,1,99.0111,cpu_ms,88.00699999999995
storage,storage/io/tokio_seek_16KiB,1,99.0111,cpu_percent,88.88600885216047
storage,storage/io/tokio_seek_16KiB,1,99.0111,process_peak_rss_bytes,174342144
storage,storage/io/tokio_seek_16KiB,1,99.0111,seek_calls,4096
storage,storage/io/tokio_seek_16KiB,1,99.0111,total,91.686375
storage,storage/io/tokio_seek_16KiB,1,99.0111,verified,1
storage,storage/io/tokio_seek_16KiB,1,99.0111,write_calls,4096
storage,storage/io/tokio_seek_16KiB,2,80.7601,cpu_ms,77.05899999999998
storage,storage/io/tokio_seek_16KiB,2,80.7601,cpu_percent,95.41718772131523
storage,storage/io/tokio_seek_16KiB,2,80.7601,process_peak_rss_bytes,174342144
storage,storage/io/tokio_seek_16KiB,2,80.7601,seek_calls,4096
storage,storage/io/tokio_seek_16KiB,2,80.7601,total,73.647458
storage,storage/io/tokio_seek_16KiB,2,80.7601,verified,1
storage,storage/io/tokio_seek_16KiB,2,80.7601,write_calls,4096
storage,storage/io/tokio_seek_16KiB,3,83.2050,cpu_ms,79.685
storage,storage/io/tokio_seek_16KiB,3,83.2050,cpu_percent,95.76943781567273
storage,storage/io/tokio_seek_16KiB,3,83.2050,process_peak_rss_bytes,174342144
storage,storage/io/tokio_seek_16KiB,3,83.2050,seek_calls,4096
storage,storage/io/tokio_seek_16KiB,3,83.2050,total,75.75783299999999
storage,storage/io/tokio_seek_16KiB,3,83.2050,verified,1
storage,storage/io/tokio_seek_16KiB,3,83.2050,write_calls,4096
storage,storage/io/tokio_seek_16KiB,4,79.2005,cpu_ms,77.5920000000001
storage,storage/io/tokio_seek_16KiB,4,79.2005,cpu_percent,97.96912919406199
storage,storage/io/tokio_seek_16KiB,4,79.2005,process_peak_rss_bytes,174342144
storage,storage/io/tokio_seek_16KiB,4,79.2005,seek_calls,4096
storage,storage/io/tokio_seek_16KiB,4,79.2005,total,72.64216599999999
storage,storage/io/tokio_seek_16KiB,4,79.2005,verified,1
storage,storage/io/tokio_seek_16KiB,4,79.2005,write_calls,4096
storage,storage/io/tokio_seek_16KiB,5,79.8991,cpu_ms,77.27700000000004
storage,storage/io/tokio_seek_16KiB,5,79.8991,cpu_percent,96.71820561238943
storage,storage/io/tokio_seek_16KiB,5,79.8991,process_peak_rss_bytes,174342144
storage,storage/io/tokio_seek_16KiB,5,79.8991,seek_calls,4096
storage,storage/io/tokio_seek_16KiB,5,79.8991,total,73.347375
storage,storage/io/tokio_seek_16KiB,5,79.8991,verified,1
storage,storage/io/tokio_seek_16KiB,5,79.8991,write_calls,4096
storage,storage/io/tokio_seek_16KiB,6,80.1127,cpu_ms,78.017
storage,storage/io/tokio_seek_16KiB,6,80.1127,cpu_percent,97.38405048048058
storage,storage/io/tokio_seek_16KiB,6,80.1127,process_peak_rss_bytes,174342144
storage,storage/io/tokio_seek_16KiB,6,80.1127,seek_calls,4096
storage,storage/io/tokio_seek_16KiB,6,80.1127,total,73.373708
storage,storage/io/tokio_seek_16KiB,6,80.1127,verified,1
storage,storage/io/tokio_seek_16KiB,6,80.1127,write_calls,4096
storage,storage/io/tokio_seek_16KiB,7,80.3948,cpu_ms,78.53299999999975
storage,storage/io/tokio_seek_16KiB,7,80.3948,cpu_percent,97.68418829916213
storage,storage/io/tokio_seek_16KiB,7,80.3948,process_peak_rss_bytes,174342144
storage,storage/io/tokio_seek_16KiB,7,80.3948,seek_calls,4096
storage,storage/io/tokio_seek_16KiB,7,80.3948,total,72.519417
storage,storage/io/tokio_seek_16KiB,7,80.3948,verified,1
storage,storage/io/tokio_seek_16KiB,7,80.3948,write_calls,4096
storage,storage/io/tokio_seek_16KiB,8,81.3580,cpu_ms,78.58799999999988
storage,storage/io/tokio_seek_16KiB,8,81.3580,cpu_percent,96.59534473566788
storage,storage/io/tokio_seek_16KiB,8,81.3580,process_peak_rss_bytes,174342144
storage,storage/io/tokio_seek_16KiB,8,81.3580,seek_calls,4096
storage,storage/io/tokio_seek_16KiB,8,81.3580,total,74.048958
storage,storage/io/tokio_seek_16KiB,8,81.3580,verified,1
storage,storage/io/tokio_seek_16KiB,8,81.3580,write_calls,4096
storage,storage/io/tokio_seek_16KiB,9,80.6957,cpu_ms,77.44000000000017
storage,storage/io/tokio_seek_16KiB,9,80.6957,cpu_percent,95.96549960978719
storage,storage/io/tokio_seek_16KiB,9,80.6957,process_peak_rss_bytes,174342144
storage,storage/io/tokio_seek_16KiB,9,80.6957,seek_calls,4096
storage,storage/io/tokio_seek_16KiB,9,80.6957,total,73.70808299999999
storage,storage/io/tokio_seek_16KiB,9,80.6957,verified,1
storage,storage/io/tokio_seek_16KiB,9,80.6957,write_calls,4096
storage,storage/io/tokio_sequential_16KiB,0,43.2301,cpu_ms,38.72500000000034
storage,storage/io/tokio_sequential_16KiB,0,43.2301,cpu_percent,89.57873704968547
storage,storage/io/tokio_sequential_16KiB,0,43.2301,process_peak_rss_bytes,174342144
storage,storage/io/tokio_sequential_16KiB,0,43.2301,seek_calls,0
storage,storage/io/tokio_sequential_16KiB,0,43.2301,total,37.043208
storage,storage/io/tokio_sequential_16KiB,0,43.2301,verified,1
storage,storage/io/tokio_sequential_16KiB,0,43.2301,write_calls,4096
storage,storage/io/tokio_sequential_16KiB,1,47.2567,cpu_ms,44.012000000000384
storage,storage/io/tokio_sequential_16KiB,1,47.2567,cpu_percent,93.13378512064496
storage,storage/io/tokio_sequential_16KiB,1,47.2567,process_peak_rss_bytes,174342144
storage,storage/io/tokio_sequential_16KiB,1,47.2567,seek_calls,0
storage,storage/io/tokio_sequential_16KiB,1,47.2567,total,40.522209
storage,storage/io/tokio_sequential_16KiB,1,47.2567,verified,1
storage,storage/io/tokio_sequential_16KiB,1,47.2567,write_calls,4096
storage,storage/io/tokio_sequential_16KiB,2,46.6335,cpu_ms,43.97900000000021
storage,storage/io/tokio_sequential_16KiB,2,46.6335,cpu_percent,94.30765722894647
storage,storage/io/tokio_sequential_16KiB,2,46.6335,process_peak_rss_bytes,174342144
storage,storage/io/tokio_sequential_16KiB,2,46.6335,seek_calls,0
storage,storage/io/tokio_sequential_16KiB,2,46.6335,total,39.541624999999996
storage,storage/io/tokio_sequential_16KiB,2,46.6335,verified,1
storage,storage/io/tokio_sequential_16KiB,2,46.6335,write_calls,4096
storage,storage/io/tokio_sequential_16KiB,3,50.2600,cpu_ms,46.810000000000244
storage,storage/io/tokio_sequential_16KiB,3,50.2600,cpu_percent,93.13569438917678
storage,storage/io/tokio_sequential_16KiB,3,50.2600,process_peak_rss_bytes,174342144
storage,storage/io/tokio_sequential_16KiB,3,50.2600,seek_calls,0
storage,storage/io/tokio_sequential_16KiB,3,50.2600,total,42.869
storage,storage/io/tokio_sequential_16KiB,3,50.2600,verified,1
storage,storage/io/tokio_sequential_16KiB,3,50.2600,write_calls,4096
storage,storage/io/tokio_sequential_16KiB,4,45.1084,cpu_ms,41.231999999999935
storage,storage/io/tokio_sequential_16KiB,4,45.1084,cpu_percent,91.40652927532844
storage,storage/io/tokio_sequential_16KiB,4,45.1084,process_peak_rss_bytes,174342144
storage,storage/io/tokio_sequential_16KiB,4,45.1084,seek_calls,0
storage,storage/io/tokio_sequential_16KiB,4,45.1084,total,38.397458
storage,storage/io/tokio_sequential_16KiB,4,45.1084,verified,1
storage,storage/io/tokio_sequential_16KiB,4,45.1084,write_calls,4096
storage,storage/io/tokio_sequential_16KiB,5,49.1949,cpu_ms,40.38699999999995
storage,storage/io/tokio_sequential_16KiB,5,49.1949,cpu_percent,82.09595003544568
storage,storage/io/tokio_sequential_16KiB,5,49.1949,process_peak_rss_bytes,174342144
storage,storage/io/tokio_sequential_16KiB,5,49.1949,seek_calls,0
storage,storage/io/tokio_sequential_16KiB,5,49.1949,total,42.42325
storage,storage/io/tokio_sequential_16KiB,5,49.1949,verified,1
storage,storage/io/tokio_sequential_16KiB,5,49.1949,write_calls,4096
storage,storage/io/tokio_sequential_16KiB,6,49.0034,cpu_ms,46.28699999999996
storage,storage/io/tokio_sequential_16KiB,6,49.0034,cpu_percent,94.45667839856957
storage,storage/io/tokio_sequential_16KiB,6,49.0034,process_peak_rss_bytes,174342144
storage,storage/io/tokio_sequential_16KiB,6,49.0034,seek_calls,0
storage,storage/io/tokio_sequential_16KiB,6,49.0034,total,42.328334000000005
storage,storage/io/tokio_sequential_16KiB,6,49.0034,verified,1
storage,storage/io/tokio_sequential_16KiB,6,49.0034,write_calls,4096
storage,storage/io/tokio_sequential_16KiB,7,115.4183,cpu_ms,60.15499999999996
storage,storage/io/tokio_sequential_16KiB,7,115.4183,cpu_percent,52.11914060384727
storage,storage/io/tokio_sequential_16KiB,7,115.4183,process_peak_rss_bytes,174342144
storage,storage/io/tokio_sequential_16KiB,7,115.4183,seek_calls,0
storage,storage/io/tokio_sequential_16KiB,7,115.4183,total,97.05225
storage,storage/io/tokio_sequential_16KiB,7,115.4183,verified,1
storage,storage/io/tokio_sequential_16KiB,7,115.4183,write_calls,4096
storage,storage/io/tokio_sequential_16KiB,8,58.8649,cpu_ms,44.77399999999987
storage,storage/io/tokio_sequential_16KiB,8,58.8649,cpu_percent,76.06228470622445
storage,storage/io/tokio_sequential_16KiB,8,58.8649,process_peak_rss_bytes,174342144
storage,storage/io/tokio_sequential_16KiB,8,58.8649,seek_calls,0
storage,storage/io/tokio_sequential_16KiB,8,58.8649,total,50.659167
storage,storage/io/tokio_sequential_16KiB,8,58.8649,verified,1
storage,storage/io/tokio_sequential_16KiB,8,58.8649,write_calls,4096
storage,storage/io/tokio_sequential_16KiB,9,48.7244,cpu_ms,45.44499999999996
storage,storage/io/tokio_sequential_16KiB,9,48.7244,cpu_percent,93.2695391167151
storage,storage/io/tokio_sequential_16KiB,9,48.7244,process_peak_rss_bytes,174342144
storage,storage/io/tokio_sequential_16KiB,9,48.7244,seek_calls,0
storage,storage/io/tokio_sequential_16KiB,9,48.7244,total,41.822790999999995
storage,storage/io/tokio_sequential_16KiB,9,48.7244,verified,1
storage,storage/io/tokio_sequential_16KiB,9,48.7244,write_calls,4096
storage,storage/io/tokio_batch_256KiB,0,20.6569,cpu_ms,14.8590000000004
storage,storage/io/tokio_batch_256KiB,0,20.6569,cpu_percent,71.9323217496609
storage,storage/io/tokio_batch_256KiB,0,20.6569,process_peak_rss_bytes,174342144
storage,storage/io/tokio_batch_256KiB,0,20.6569,seek_calls,0
storage,storage/io/tokio_batch_256KiB,0,20.6569,total,13.99675
storage,storage/io/tokio_batch_256KiB,0,20.6569,verified,1
storage,storage/io/tokio_batch_256KiB,0,20.6569,write_calls,256
storage,storage/io/tokio_batch_256KiB,1,20.7212,cpu_ms,14.61800000000002
storage,storage/io/tokio_batch_256KiB,1,20.7212,cpu_percent,70.54608013200784
storage,storage/io/tokio_batch_256KiB,1,20.7212,process_peak_rss_bytes,174342144
storage,storage/io/tokio_batch_256KiB,1,20.7212,seek_calls,0
storage,storage/io/tokio_batch_256KiB,1,20.7212,total,14.391458
storage,storage/io/tokio_batch_256KiB,1,20.7212,verified,1
storage,storage/io/tokio_batch_256KiB,1,20.7212,write_calls,256
storage,storage/io/tokio_batch_256KiB,2,22.9399,cpu_ms,16.01600000000003
storage,storage/io/tokio_batch_256KiB,2,22.9399,cpu_percent,69.8171662957631
storage,storage/io/tokio_batch_256KiB,2,22.9399,process_peak_rss_bytes,174342144
storage,storage/io/tokio_batch_256KiB,2,22.9399,seek_calls,0
storage,storage/io/tokio_batch_256KiB,2,22.9399,total,15.810667
storage,storage/io/tokio_batch_256KiB,2,22.9399,verified,1
storage,storage/io/tokio_batch_256KiB,2,22.9399,write_calls,256
storage,storage/io/tokio_batch_256KiB,3,21.2531,cpu_ms,14.680999999999944
storage,storage/io/tokio_batch_256KiB,3,21.2531,cpu_percent,69.07703696447214
storage,storage/io/tokio_batch_256KiB,3,21.2531,process_peak_rss_bytes,174342144
storage,storage/io/tokio_batch_256KiB,3,21.2531,seek_calls,0
storage,storage/io/tokio_batch_256KiB,3,21.2531,total,14.673625
storage,storage/io/tokio_batch_256KiB,3,21.2531,verified,1
storage,storage/io/tokio_batch_256KiB,3,21.2531,write_calls,256
storage,storage/io/tokio_batch_256KiB,4,28.5510,cpu_ms,20.397
storage,storage/io/tokio_batch_256KiB,4,28.5510,cpu_percent,71.44068260544242
storage,storage/io/tokio_batch_256KiB,4,28.5510,process_peak_rss_bytes,174342144
storage,storage/io/tokio_batch_256KiB,4,28.5510,seek_calls,0
storage,storage/io/tokio_batch_256KiB,4,28.5510,total,14.57075
storage,storage/io/tokio_batch_256KiB,4,28.5510,verified,1
storage,storage/io/tokio_batch_256KiB,4,28.5510,write_calls,256
storage,storage/io/tokio_batch_256KiB,5,19.8335,cpu_ms,15.159000000000145
storage,storage/io/tokio_batch_256KiB,5,19.8335,cpu_percent,76.43145234683807
storage,storage/io/tokio_batch_256KiB,5,19.8335,process_peak_rss_bytes,174342144
storage,storage/io/tokio_batch_256KiB,5,19.8335,seek_calls,0
storage,storage/io/tokio_batch_256KiB,5,19.8335,total,12.987333
storage,storage/io/tokio_batch_256KiB,5,19.8335,verified,1
storage,storage/io/tokio_batch_256KiB,5,19.8335,write_calls,256
storage,storage/io/tokio_batch_256KiB,6,19.6549,cpu_ms,14.727000000000157
storage,storage/io/tokio_batch_256KiB,6,19.6549,cpu_percent,74.92781577251208
storage,storage/io/tokio_batch_256KiB,6,19.6549,process_peak_rss_bytes,174342144
storage,storage/io/tokio_batch_256KiB,6,19.6549,seek_calls,0
storage,storage/io/tokio_batch_256KiB,6,19.6549,total,13.077708000000001
storage,storage/io/tokio_batch_256KiB,6,19.6549,verified,1
storage,storage/io/tokio_batch_256KiB,6,19.6549,write_calls,256
storage,storage/io/tokio_batch_256KiB,7,20.9925,cpu_ms,14.805999999999653
storage,storage/io/tokio_batch_256KiB,7,20.9925,cpu_percent,70.52995117303634
storage,storage/io/tokio_batch_256KiB,7,20.9925,process_peak_rss_bytes,174342144
storage,storage/io/tokio_batch_256KiB,7,20.9925,seek_calls,0
storage,storage/io/tokio_batch_256KiB,7,20.9925,total,14.62025
storage,storage/io/tokio_batch_256KiB,7,20.9925,verified,1
storage,storage/io/tokio_batch_256KiB,7,20.9925,write_calls,256
storage,storage/io/tokio_batch_256KiB,8,21.4899,cpu_ms,15.825999999999674
storage,storage/io/tokio_batch_256KiB,8,21.4899,cpu_percent,73.64398350385787
storage,storage/io/tokio_batch_256KiB,8,21.4899,process_peak_rss_bytes,174342144
storage,storage/io/tokio_batch_256KiB,8,21.4899,seek_calls,0
storage,storage/io/tokio_batch_256KiB,8,21.4899,total,14.462708
storage,storage/io/tokio_batch_256KiB,8,21.4899,verified,1
storage,storage/io/tokio_batch_256KiB,8,21.4899,write_calls,256
storage,storage/io/tokio_batch_256KiB,9,20.3813,cpu_ms,15.470000000000095
storage,storage/io/tokio_batch_256KiB,9,20.3813,cpu_percent,75.90294079492162
storage,storage/io/tokio_batch_256KiB,9,20.3813,process_peak_rss_bytes,174342144
storage,storage/io/tokio_batch_256KiB,9,20.3813,seek_calls,0
storage,storage/io/tokio_batch_256KiB,9,20.3813,total,13.114707999999998
storage,storage/io/tokio_batch_256KiB,9,20.3813,verified,1
storage,storage/io/tokio_batch_256KiB,9,20.3813,write_calls,256
storage,storage/io/blocking_batch_256KiB,0,18.5174,cpu_ms,14.23899999999989
storage,storage/io/blocking_batch_256KiB,0,18.5174,cpu_percent,76.89517387873207
storage,storage/io/blocking_batch_256KiB,0,18.5174,process_peak_rss_bytes,174342144
storage,storage/io/blocking_batch_256KiB,0,18.5174,seek_calls,0
storage,storage/io/blocking_batch_256KiB,0,18.5174,total,11.733667
storage,storage/io/blocking_batch_256KiB,0,18.5174,verified,1
storage,storage/io/blocking_batch_256KiB,0,18.5174,write_calls,256
storage,storage/io/blocking_batch_256KiB,1,21.5377,cpu_ms,14.536000000000104
storage,storage/io/blocking_batch_256KiB,1,21.5377,cpu_percent,67.49106112560894
storage,storage/io/blocking_batch_256KiB,1,21.5377,process_peak_rss_bytes,174342144
storage,storage/io/blocking_batch_256KiB,1,21.5377,seek_calls,0
storage,storage/io/blocking_batch_256KiB,1,21.5377,total,15.217333
storage,storage/io/blocking_batch_256KiB,1,21.5377,verified,1
storage,storage/io/blocking_batch_256KiB,1,21.5377,write_calls,256
storage,storage/io/blocking_batch_256KiB,2,21.5403,cpu_ms,15.299000000000174
storage,storage/io/blocking_batch_256KiB,2,21.5403,cpu_percent,71.02489682843438
storage,storage/io/blocking_batch_256KiB,2,21.5403,process_peak_rss_bytes,174342144
storage,storage/io/blocking_batch_256KiB,2,21.5403,seek_calls,0
storage,storage/io/blocking_batch_256KiB,2,21.5403,total,14.602375
storage,storage/io/blocking_batch_256KiB,2,21.5403,verified,1
storage,storage/io/blocking_batch_256KiB,2,21.5403,write_calls,256
storage,storage/io/blocking_batch_256KiB,3,19.9873,cpu_ms,15.001000000000264
storage,storage/io/blocking_batch_256KiB,3,19.9873,cpu_percent,75.05269223328096
storage,storage/io/blocking_batch_256KiB,3,19.9873,process_peak_rss_bytes,174342144
storage,storage/io/blocking_batch_256KiB,3,19.9873,seek_calls,0
storage,storage/io/blocking_batch_256KiB,3,19.9873,total,12.975459
storage,storage/io/blocking_batch_256KiB,3,19.9873,verified,1
storage,storage/io/blocking_batch_256KiB,3,19.9873,write_calls,256
storage,storage/io/blocking_batch_256KiB,4,20.9635,cpu_ms,15.077000000000229
storage,storage/io/blocking_batch_256KiB,4,20.9635,cpu_percent,71.92038641716567
storage,storage/io/blocking_batch_256KiB,4,20.9635,process_peak_rss_bytes,174342144
storage,storage/io/blocking_batch_256KiB,4,20.9635,seek_calls,0
storage,storage/io/blocking_batch_256KiB,4,20.9635,total,14.135834
storage,storage/io/blocking_batch_256KiB,4,20.9635,verified,1
storage,storage/io/blocking_batch_256KiB,4,20.9635,write_calls,256
storage,storage/io/blocking_batch_256KiB,5,20.3715,cpu_ms,14.490999999999588
storage,storage/io/blocking_batch_256KiB,5,20.3715,cpu_percent,71.13383484216612
storage,storage/io/blocking_batch_256KiB,5,20.3715,process_peak_rss_bytes,174342144
storage,storage/io/blocking_batch_256KiB,5,20.3715,seek_calls,0
storage,storage/io/blocking_batch_256KiB,5,20.3715,total,13.9215
storage,storage/io/blocking_batch_256KiB,5,20.3715,verified,1
storage,storage/io/blocking_batch_256KiB,5,20.3715,write_calls,256
storage,storage/io/blocking_batch_256KiB,6,21.4175,cpu_ms,15.517000000000003
storage,storage/io/blocking_batch_256KiB,6,21.4175,cpu_percent,72.44995714260769
storage,storage/io/blocking_batch_256KiB,6,21.4175,process_peak_rss_bytes,174342144
storage,storage/io/blocking_batch_256KiB,6,21.4175,seek_calls,0
storage,storage/io/blocking_batch_256KiB,6,21.4175,total,14.581875
storage,storage/io/blocking_batch_256KiB,6,21.4175,verified,1
storage,storage/io/blocking_batch_256KiB,6,21.4175,write_calls,256
storage,storage/io/blocking_batch_256KiB,7,21.3110,cpu_ms,15.506999999999938
storage,storage/io/blocking_batch_256KiB,7,21.3110,cpu_percent,72.76538201614369
storage,storage/io/blocking_batch_256KiB,7,21.3110,process_peak_rss_bytes,174342144
storage,storage/io/blocking_batch_256KiB,7,21.3110,seek_calls,0
storage,storage/io/blocking_batch_256KiB,7,21.3110,total,14.237375
storage,storage/io/blocking_batch_256KiB,7,21.3110,verified,1
storage,storage/io/blocking_batch_256KiB,7,21.3110,write_calls,256
storage,storage/io/blocking_batch_256KiB,8,19.9195,cpu_ms,14.650000000000052
storage,storage/io/blocking_batch_256KiB,8,19.9195,cpu_percent,73.54617781266965
storage,storage/io/blocking_batch_256KiB,8,19.9195,process_peak_rss_bytes,174342144
storage,storage/io/blocking_batch_256KiB,8,19.9195,seek_calls,0
storage,storage/io/blocking_batch_256KiB,8,19.9195,total,13.075291
storage,storage/io/blocking_batch_256KiB,8,19.9195,verified,1
storage,storage/io/blocking_batch_256KiB,8,19.9195,write_calls,256
storage,storage/io/blocking_batch_256KiB,9,25.0286,cpu_ms,18.12900000000006
storage,storage/io/blocking_batch_256KiB,9,25.0286,cpu_percent,72.43306414155818
storage,storage/io/blocking_batch_256KiB,9,25.0286,process_peak_rss_bytes,174342144
storage,storage/io/blocking_batch_256KiB,9,25.0286,seek_calls,0
storage,storage/io/blocking_batch_256KiB,9,25.0286,total,14.944541000000001
storage,storage/io/blocking_batch_256KiB,9,25.0286,verified,1
storage,storage/io/blocking_batch_256KiB,9,25.0286,write_calls,256
storage,storage/cache/copy_then_write,0,47.0684,assembly_ms,10.824
storage,storage/cache/copy_then_write,0,47.0684,cache_copied_bytes,67108864
storage,storage/cache/copy_then_write,0,47.0684,cpu_ms,33.24099999999986
storage,storage/cache/copy_then_write,0,47.0684,cpu_percent,70.62272776243964
storage,storage/cache/copy_then_write,0,47.0684,process_peak_rss_bytes,293371904
storage,storage/cache/copy_then_write,0,47.0684,total,35.770875000000004
storage,storage/cache/copy_then_write,0,47.0684,verified,1
storage,storage/cache/copy_then_write,0,47.0684,write_calls,64
storage,storage/cache/copy_then_write,1,28.4820,assembly_ms,2.0015419999999997
storage,storage/cache/copy_then_write,1,28.4820,cache_copied_bytes,67108864
storage,storage/cache/copy_then_write,1,28.4820,cpu_ms,21.168999999999993
storage,storage/cache/copy_then_write,1,28.4820,cpu_percent,74.32413454111366
storage,storage/cache/copy_then_write,1,28.4820,process_peak_rss_bytes,295911424
storage,storage/cache/copy_then_write,1,28.4820,total,19.704124999999998
storage,storage/cache/copy_then_write,1,28.4820,verified,1
storage,storage/cache/copy_then_write,1,28.4820,write_calls,64
storage,storage/cache/copy_then_write,2,23.4344,assembly_ms,1.830833
storage,storage/cache/copy_then_write,2,23.4344,cache_copied_bytes,67108864
storage,storage/cache/copy_then_write,2,23.4344,cpu_ms,17.071999999999754
storage,storage/cache/copy_then_write,2,23.4344,cpu_percent,72.8502466995589
storage,storage/cache/copy_then_write,2,23.4344,process_peak_rss_bytes,295911424
storage,storage/cache/copy_then_write,2,23.4344,total,16.345542000000002
storage,storage/cache/copy_then_write,2,23.4344,verified,1
storage,storage/cache/copy_then_write,2,23.4344,write_calls,64
storage,storage/cache/copy_then_write,3,24.1913,assembly_ms,1.818958
storage,storage/cache/copy_then_write,3,24.1913,cache_copied_bytes,67108864
storage,storage/cache/copy_then_write,3,24.1913,cpu_ms,16.7790000000001
storage,storage/cache/copy_then_write,3,24.1913,cpu_percent,69.35966876014766
storage,storage/cache/copy_then_write,3,24.1913,process_peak_rss_bytes,295911424
storage,storage/cache/copy_then_write,3,24.1913,total,17.011292
storage,storage/cache/copy_then_write,3,24.1913,verified,1
storage,storage/cache/copy_then_write,3,24.1913,write_calls,64
storage,storage/cache/copy_then_write,4,26.7526,assembly_ms,1.7355420000000001
storage,storage/cache/copy_then_write,4,26.7526,cache_copied_bytes,67108864
storage,storage/cache/copy_then_write,4,26.7526,cpu_ms,16.222999999999654
storage,storage/cache/copy_then_write,4,26.7526,cpu_percent,60.640778241386236
storage,storage/cache/copy_then_write,4,26.7526,process_peak_rss_bytes,295911424
storage,storage/cache/copy_then_write,4,26.7526,total,19.865375
storage,storage/cache/copy_then_write,4,26.7526,verified,1
storage,storage/cache/copy_then_write,4,26.7526,write_calls,64
storage,storage/cache/copy_then_write,5,24.8592,assembly_ms,1.845834
storage,storage/cache/copy_then_write,5,24.8592,cache_copied_bytes,67108864
storage,storage/cache/copy_then_write,5,24.8592,cpu_ms,16.24800000000004
storage,storage/cache/copy_then_write,5,24.8592,cpu_percent,65.35997666864463
storage,storage/cache/copy_then_write,5,24.8592,process_peak_rss_bytes,295911424
storage,storage/cache/copy_then_write,5,24.8592,total,17.979291
storage,storage/cache/copy_then_write,5,24.8592,verified,1
storage,storage/cache/copy_then_write,5,24.8592,write_calls,64
storage,storage/cache/copy_then_write,6,23.7936,assembly_ms,1.7623339999999998
storage,storage/cache/copy_then_write,6,23.7936,cache_copied_bytes,67108864
storage,storage/cache/copy_then_write,6,23.7936,cpu_ms,16.020000000000145
storage,storage/cache/copy_then_write,6,23.7936,cpu_percent,67.3289589123143
storage,storage/cache/copy_then_write,6,23.7936,process_peak_rss_bytes,295911424
storage,storage/cache/copy_then_write,6,23.7936,total,17.217458
storage,storage/cache/copy_then_write,6,23.7936,verified,1
storage,storage/cache/copy_then_write,6,23.7936,write_calls,64
storage,storage/cache/copy_then_write,7,24.4785,assembly_ms,1.78725
storage,storage/cache/copy_then_write,7,24.4785,cache_copied_bytes,67108864
storage,storage/cache/copy_then_write,7,24.4785,cpu_ms,16.519000000000172
storage,storage/cache/copy_then_write,7,24.4785,cpu_percent,67.48371019466131
storage,storage/cache/copy_then_write,7,24.4785,process_peak_rss_bytes,295911424
storage,storage/cache/copy_then_write,7,24.4785,total,17.402417
storage,storage/cache/copy_then_write,7,24.4785,verified,1
storage,storage/cache/copy_then_write,7,24.4785,write_calls,64
storage,storage/cache/copy_then_write,8,23.2344,assembly_ms,1.6876669999999998
storage,storage/cache/copy_then_write,8,23.2344,cache_copied_bytes,67108864
storage,storage/cache/copy_then_write,8,23.2344,cpu_ms,15.519999999999978
storage,storage/cache/copy_then_write,8,23.2344,cpu_percent,66.79757901815726
storage,storage/cache/copy_then_write,8,23.2344,process_peak_rss_bytes,295911424
storage,storage/cache/copy_then_write,8,23.2344,total,16.699583
storage,storage/cache/copy_then_write,8,23.2344,verified,1
storage,storage/cache/copy_then_write,8,23.2344,write_calls,64
storage,storage/cache/copy_then_write,9,24.5697,assembly_ms,2.063167
storage,storage/cache/copy_then_write,9,24.5697,cache_copied_bytes,67108864
storage,storage/cache/copy_then_write,9,24.5697,cpu_ms,16.747999999999763
storage,storage/cache/copy_then_write,9,24.5697,cpu_percent,68.16535201718348
storage,storage/cache/copy_then_write,9,24.5697,process_peak_rss_bytes,295911424
storage,storage/cache/copy_then_write,9,24.5697,total,17.554042
storage,storage/cache/copy_then_write,9,24.5697,verified,1
storage,storage/cache/copy_then_write,9,24.5697,write_calls,64
storage,storage/cache/retain_then_vectored_write,0,22.4747,assembly_ms,0.065875
storage,storage/cache/retain_then_vectored_write,0,22.4747,cache_copied_bytes,0
storage,storage/cache/retain_then_vectored_write,0,22.4747,cpu_ms,14.278999999999709
storage,storage/cache/retain_then_vectored_write,0,22.4747,cpu_percent,63.53375558356307
storage,storage/cache/retain_then_vectored_write,0,22.4747,process_peak_rss_bytes,295911424
storage,storage/cache/retain_then_vectored_write,0,22.4747,total,15.847
storage,storage/cache/retain_then_vectored_write,0,22.4747,verified,1
storage,storage/cache/retain_then_vectored_write,0,22.4747,write_calls,64
storage,storage/cache/retain_then_vectored_write,1,23.4199,assembly_ms,0.046083
storage,storage/cache/retain_then_vectored_write,1,23.4199,cache_copied_bytes,0
storage,storage/cache/retain_then_vectored_write,1,23.4199,cpu_ms,14.557999999999627
storage,storage/cache/retain_then_vectored_write,1,23.4199,cpu_percent,62.16076949208369
storage,storage/cache/retain_then_vectored_write,1,23.4199,process_peak_rss_bytes,295911424
storage,storage/cache/retain_then_vectored_write,1,23.4199,total,16.6065
storage,storage/cache/retain_then_vectored_write,1,23.4199,verified,1
storage,storage/cache/retain_then_vectored_write,1,23.4199,write_calls,64
storage,storage/cache/retain_then_vectored_write,2,22.1965,assembly_ms,0.044959
storage,storage/cache/retain_then_vectored_write,2,22.1965,cache_copied_bytes,0
storage,storage/cache/retain_then_vectored_write,2,22.1965,cpu_ms,14.948999999999657
storage,storage/cache/retain_then_vectored_write,2,22.1965,cpu_percent,67.34832840178284
storage,storage/cache/retain_then_vectored_write,2,22.1965,process_peak_rss_bytes,295911424
storage,storage/cache/retain_then_vectored_write,2,22.1965,total,15.078459
storage,storage/cache/retain_then_vectored_write,2,22.1965,verified,1
storage,storage/cache/retain_then_vectored_write,2,22.1965,write_calls,64
storage,storage/cache/retain_then_vectored_write,3,20.3520,assembly_ms,0.046792
storage,storage/cache/retain_then_vectored_write,3,20.3520,cache_copied_bytes,0
storage,storage/cache/retain_then_vectored_write,3,20.3520,cpu_ms,14.451000000000214
storage,storage/cache/retain_then_vectored_write,3,20.3520,cpu_percent,71.00530660377463
storage,storage/cache/retain_then_vectored_write,3,20.3520,process_peak_rss_bytes,295911424
storage,storage/cache/retain_then_vectored_write,3,20.3520,total,13.529375
storage,storage/cache/retain_then_vectored_write,3,20.3520,verified,1
storage,storage/cache/retain_then_vectored_write,3,20.3520,write_calls,64
storage,storage/cache/retain_then_vectored_write,4,21.6373,assembly_ms,0.043625000000000004
storage,storage/cache/retain_then_vectored_write,4,21.6373,cache_copied_bytes,0
storage,storage/cache/retain_then_vectored_write,4,21.6373,cpu_ms,13.862000000000041
storage,storage/cache/retain_then_vectored_write,4,21.6373,cpu_percent,64.06519694455892
storage,storage/cache/retain_then_vectored_write,4,21.6373,process_peak_rss_bytes,295911424
storage,storage/cache/retain_then_vectored_write,4,21.6373,total,15.42025
storage,storage/cache/retain_then_vectored_write,4,21.6373,verified,1
storage,storage/cache/retain_then_vectored_write,4,21.6373,write_calls,64
storage,storage/cache/retain_then_vectored_write,5,22.9357,assembly_ms,0.045084
storage,storage/cache/retain_then_vectored_write,5,22.9357,cache_copied_bytes,0
storage,storage/cache/retain_then_vectored_write,5,22.9357,cpu_ms,14.952999999999772
storage,storage/cache/retain_then_vectored_write,5,22.9357,cpu_percent,65.19540352566946
storage,storage/cache/retain_then_vectored_write,5,22.9357,process_peak_rss_bytes,295911424
storage,storage/cache/retain_then_vectored_write,5,22.9357,total,15.950041000000002
storage,storage/cache/retain_then_vectored_write,5,22.9357,verified,1
storage,storage/cache/retain_then_vectored_write,5,22.9357,write_calls,64
storage,storage/cache/retain_then_vectored_write,6,21.9782,assembly_ms,0.044
storage,storage/cache/retain_then_vectored_write,6,21.9782,cache_copied_bytes,0
storage,storage/cache/retain_then_vectored_write,6,21.9782,cpu_ms,14.794000000000196
storage,storage/cache/retain_then_vectored_write,6,21.9782,cpu_percent,67.31225584008074
storage,storage/cache/retain_then_vectored_write,6,21.9782,process_peak_rss_bytes,295911424
storage,storage/cache/retain_then_vectored_write,6,21.9782,total,15.199333000000001
storage,storage/cache/retain_then_vectored_write,6,21.9782,verified,1
storage,storage/cache/retain_then_vectored_write,6,21.9782,write_calls,64
storage,storage/cache/retain_then_vectored_write,7,22.8880,assembly_ms,0.04575
storage,storage/cache/retain_then_vectored_write,7,22.8880,cache_copied_bytes,0
storage,storage/cache/retain_then_vectored_write,7,22.8880,cpu_ms,14.721999999999902
storage,storage/cache/retain_then_vectored_write,7,22.8880,cpu_percent,64.32203344658315
storage,storage/cache/retain_then_vectored_write,7,22.8880,process_peak_rss_bytes,295911424
storage,storage/cache/retain_then_vectored_write,7,22.8880,total,16.075333
storage,storage/cache/retain_then_vectored_write,7,22.8880,verified,1
storage,storage/cache/retain_then_vectored_write,7,22.8880,write_calls,64
storage,storage/cache/retain_then_vectored_write,8,23.2103,assembly_ms,0.045041
storage,storage/cache/retain_then_vectored_write,8,23.2103,cache_copied_bytes,0
storage,storage/cache/retain_then_vectored_write,8,23.2103,cpu_ms,14.752000000000098
storage,storage/cache/retain_then_vectored_write,8,23.2103,cpu_percent,63.558126258873116
storage,storage/cache/retain_then_vectored_write,8,23.2103,process_peak_rss_bytes,295911424
storage,storage/cache/retain_then_vectored_write,8,23.2103,total,16.129
storage,storage/cache/retain_then_vectored_write,8,23.2103,verified,1
storage,storage/cache/retain_then_vectored_write,8,23.2103,write_calls,64
storage,storage/cache/retain_then_vectored_write,9,22.7439,assembly_ms,0.044709
storage,storage/cache/retain_then_vectored_write,9,22.7439,cache_copied_bytes,0
storage,storage/cache/retain_then_vectored_write,9,22.7439,cpu_ms,14.269999999999783
storage,storage/cache/retain_then_vectored_write,9,22.7439,cpu_percent,62.742166847117225
storage,storage/cache/retain_then_vectored_write,9,22.7439,process_peak_rss_bytes,295911424
storage,storage/cache/retain_then_vectored_write,9,22.7439,total,16.019167
storage,storage/cache/retain_then_vectored_write,9,22.7439,verified,1
storage,storage/cache/retain_then_vectored_write,9,22.7439,write_calls,64
storage,storage/allocation/grow,0,20.8096,allocation_ms,0.000042
storage,storage/allocation/grow,0,20.8096,cpu_ms,13.220999999999705
storage,storage/allocation/grow,0,20.8096,cpu_percent,63.53322889747337
storage,storage/allocation/grow,0,20.8096,process_peak_rss_bytes,295911424
storage,storage/allocation/grow,0,20.8096,total,14.163583000000001
storage,storage/allocation/grow,0,20.8096,verified,1
storage,storage/allocation/grow,1,20.3126,allocation_ms,0.000125
storage,storage/allocation/grow,1,20.3126,cpu_ms,13.656999999999808
storage,storage/allocation/grow,1,20.3126,cpu_percent,67.23404779047418
storage,storage/allocation/grow,1,20.3126,process_peak_rss_bytes,295911424
storage,storage/allocation/grow,1,20.3126,total,13.389709
storage,storage/allocation/grow,1,20.3126,verified,1
storage,storage/allocation/grow,2,22.7704,allocation_ms,0.000083
storage,storage/allocation/grow,2,22.7704,cpu_ms,13.257999999999992
storage,storage/allocation/grow,2,22.7704,cpu_percent,58.224776710967625
storage,storage/allocation/grow,2,22.7704,process_peak_rss_bytes,295911424
storage,storage/allocation/grow,2,22.7704,total,15.887208
storage,storage/allocation/grow,2,22.7704,verified,1
storage,storage/allocation/grow,3,22.9136,allocation_ms,0.000083
storage,storage/allocation/grow,3,22.9136,cpu_ms,13.040000000000163
storage,storage/allocation/grow,3,22.9136,cpu_percent,56.909473437242134
storage,storage/allocation/grow,3,22.9136,process_peak_rss_bytes,295911424
storage,storage/allocation/grow,3,22.9136,total,16.260167
storage,storage/allocation/grow,3,22.9136,verified,1
storage,storage/allocation/grow,4,20.3106,allocation_ms,0.000041
storage,storage/allocation/grow,4,20.3106,cpu_ms,13.638999999999957
storage,storage/allocation/grow,4,20.3106,cpu_percent,67.15218366700728
storage,storage/allocation/grow,4,20.3106,process_peak_rss_bytes,295911424
storage,storage/allocation/grow,4,20.3106,total,13.400125000000001
storage,storage/allocation/grow,4,20.3106,verified,1
storage,storage/allocation/grow,5,21.1002,allocation_ms,0.000084
storage,storage/allocation/grow,5,21.1002,cpu_ms,13.436000000000003
storage,storage/allocation/grow,5,21.1002,cpu_percent,63.677221132894374
storage,storage/allocation/grow,5,21.1002,process_peak_rss_bytes,295911424
storage,storage/allocation/grow,5,21.1002,total,14.062666
storage,storage/allocation/grow,5,21.1002,verified,1
storage,storage/allocation/grow,6,20.2941,allocation_ms,0
storage,storage/allocation/grow,6,20.2941,cpu_ms,12.734000000000023
storage,storage/allocation/grow,6,20.2941,cpu_percent,62.74735350200363
storage,storage/allocation/grow,6,20.2941,process_peak_rss_bytes,295911424
storage,storage/allocation/grow,6,20.2941,total,13.718708
storage,storage/allocation/grow,6,20.2941,verified,1
storage,storage/allocation/grow,7,19.7013,allocation_ms,0.000042
storage,storage/allocation/grow,7,19.7013,cpu_ms,12.745000000000228
storage,storage/allocation/grow,7,19.7013,cpu_percent,64.69105086995748
storage,storage/allocation/grow,7,19.7013,process_peak_rss_bytes,295911424
storage,storage/allocation/grow,7,19.7013,total,13.445625
storage,storage/allocation/grow,7,19.7013,verified,1
storage,storage/allocation/grow,8,20.9107,allocation_ms,0.000042
storage,storage/allocation/grow,8,20.9107,cpu_ms,13.647000000000187
storage,storage/allocation/grow,8,20.9107,cpu_percent,65.26321346938701
storage,storage/allocation/grow,8,20.9107,process_peak_rss_bytes,295911424
storage,storage/allocation/grow,8,20.9107,total,13.924583
storage,storage/allocation/grow,8,20.9107,verified,1
storage,storage/allocation/grow,9,21.0583,allocation_ms,0.000125
storage,storage/allocation/grow,9,21.0583,cpu_ms,13.707999999999831
storage,storage/allocation/grow,9,21.0583,cpu_percent,65.09562760438227
storage,storage/allocation/grow,9,21.0583,process_peak_rss_bytes,295911424
storage,storage/allocation/grow,9,21.0583,total,13.940707999999999
storage,storage/allocation/grow,9,21.0583,verified,1
storage,storage/allocation/zero_fill,0,34.4580,allocation_ms,13.864457999999999
storage,storage/allocation/zero_fill,0,34.4580,cpu_ms,18.03700000000008
storage,storage/allocation/zero_fill,0,34.4580,cpu_percent,52.34481982464378
storage,storage/allocation/zero_fill,0,34.4580,process_peak_rss_bytes,295911424
storage,storage/allocation/zero_fill,0,34.4580,total,27.829583000000003
storage,storage/allocation/zero_fill,0,34.4580,verified,1
storage,storage/allocation/zero_fill,1,34.1162,allocation_ms,13.231084000000001
storage,storage/allocation/zero_fill,1,34.1162,cpu_ms,17.77099999999976
storage,storage/allocation/zero_fill,1,34.1162,cpu_percent,52.089610896966505
storage,storage/allocation/zero_fill,1,34.1162,process_peak_rss_bytes,295911424
storage,storage/allocation/zero_fill,1,34.1162,total,27.462291999999998
storage,storage/allocation/zero_fill,1,34.1162,verified,1
storage,storage/allocation/zero_fill,2,35.0451,allocation_ms,14.211625
storage,storage/allocation/zero_fill,2,35.0451,cpu_ms,18.23599999999992
storage,storage/allocation/zero_fill,2,35.0451,cpu_percent,52.03582904809109
storage,storage/allocation/zero_fill,2,35.0451,process_peak_rss_bytes,295911424
storage,storage/allocation/zero_fill,2,35.0451,total,28.190125
storage,storage/allocation/zero_fill,2,35.0451,verified,1
storage,storage/allocation/zero_fill,3,38.4760,allocation_ms,18.208
storage,storage/allocation/zero_fill,3,38.4760,cpu_ms,18.66700000000021
storage,storage/allocation/zero_fill,3,38.4760,cpu_percent,48.5160109593638
storage,storage/allocation/zero_fill,3,38.4760,process_peak_rss_bytes,295911424
storage,storage/allocation/zero_fill,3,38.4760,total,31.254208
storage,storage/allocation/zero_fill,3,38.4760,verified,1
storage,storage/allocation/zero_fill,4,34.0996,allocation_ms,12.544792000000001
storage,storage/allocation/zero_fill,4,34.0996,cpu_ms,20.21600000000001
storage,storage/allocation/zero_fill,4,34.0996,cpu_percent,59.28510944035312
storage,storage/allocation/zero_fill,4,34.0996,process_peak_rss_bytes,295911424
storage,storage/allocation/zero_fill,4,34.0996,total,26.820458
storage,storage/allocation/zero_fill,4,34.0996,verified,1
storage,storage/allocation/zero_fill,5,38.6420,allocation_ms,15.618333
storage,storage/allocation/zero_fill,5,38.6420,cpu_ms,22.787000000000113
storage,storage/allocation/zero_fill,5,38.6420,cpu_percent,58.969452467586045
storage,storage/allocation/zero_fill,5,38.6420,process_peak_rss_bytes,295911424
storage,storage/allocation/zero_fill,5,38.6420,total,29.693291
storage,storage/allocation/zero_fill,5,38.6420,verified,1
storage,storage/allocation/zero_fill,6,36.7630,allocation_ms,13.849749999999998
storage,storage/allocation/zero_fill,6,36.7630,cpu_ms,22.75999999999989
storage,storage/allocation/zero_fill,6,36.7630,cpu_percent,61.91000358212992
storage,storage/allocation/zero_fill,6,36.7630,process_peak_rss_bytes,295911424
storage,storage/allocation/zero_fill,6,36.7630,total,28.068292000000003
storage,storage/allocation/zero_fill,6,36.7630,verified,1
storage,storage/allocation/zero_fill,7,36.0033,allocation_ms,14.108667
storage,storage/allocation/zero_fill,7,36.0033,cpu_ms,20.939000000000263
storage,storage/allocation/zero_fill,7,36.0033,cpu_percent,58.15857061071044
storage,storage/allocation/zero_fill,7,36.0033,process_peak_rss_bytes,295911424
storage,storage/allocation/zero_fill,7,36.0033,total,28.203333
storage,storage/allocation/zero_fill,7,36.0033,verified,1
storage,storage/allocation/zero_fill,8,34.2646,allocation_ms,13.180166999999999
storage,storage/allocation/zero_fill,8,34.2646,cpu_ms,20.01199999999992
storage,storage/allocation/zero_fill,8,34.2646,cpu_percent,58.40425803580199
storage,storage/allocation/zero_fill,8,34.2646,process_peak_rss_bytes,295911424
storage,storage/allocation/zero_fill,8,34.2646,total,27.09025
storage,storage/allocation/zero_fill,8,34.2646,verified,1
storage,storage/allocation/zero_fill,9,34.7166,allocation_ms,13.934666
storage,storage/allocation/zero_fill,9,34.7166,cpu_ms,18.88500000000004
storage,storage/allocation/zero_fill,9,34.7166,cpu_percent,54.39756888810488
storage,storage/allocation/zero_fill,9,34.7166,process_peak_rss_bytes,295911424
storage,storage/allocation/zero_fill,9,34.7166,total,27.90275
storage,storage/allocation/zero_fill,9,34.7166,verified,1
storage,storage/allocation/logical_length,0,23.7235,allocation_ms,2.131958
storage,storage/allocation/logical_length,0,23.7235,cpu_ms,14.189999999999703
storage,storage/allocation/logical_length,0,23.7235,cpu_percent,59.8140024790552
storage,storage/allocation/logical_length,0,23.7235,process_peak_rss_bytes,295911424
storage,storage/allocation/logical_length,0,23.7235,total,16.310624999999998
storage,storage/allocation/logical_length,0,23.7235,verified,1
storage,storage/allocation/logical_length,1,23.1585,allocation_ms,3.361417
storage,storage/allocation/logical_length,1,23.1585,cpu_ms,13.482999999999912
storage,storage/allocation/logical_length,1,23.1585,cpu_percent,58.22041819385655
storage,storage/allocation/logical_length,1,23.1585,process_peak_rss_bytes,295911424
storage,storage/allocation/logical_length,1,23.1585,total,15.962457999999998
storage,storage/allocation/logical_length,1,23.1585,verified,1
storage,storage/allocation/logical_length,2,25.9258,allocation_ms,4.359125000000001
storage,storage/allocation/logical_length,2,25.9258,cpu_ms,14.487999999999612
storage,storage/allocation/logical_length,2,25.9258,cpu_percent,55.88266491808188
storage,storage/allocation/logical_length,2,25.9258,process_peak_rss_bytes,295911424
storage,storage/allocation/logical_length,2,25.9258,total,18.222209
storage,storage/allocation/logical_length,2,25.9258,verified,1
storage,storage/allocation/logical_length,3,25.6281,allocation_ms,4.362083
storage,storage/allocation/logical_length,3,25.6281,cpu_ms,14.159000000000255
storage,storage/allocation/logical_length,3,25.6281,cpu_percent,55.24798498397406
storage,storage/allocation/logical_length,3,25.6281,process_peak_rss_bytes,295911424
storage,storage/allocation/logical_length,3,25.6281,total,18.281166000000002
storage,storage/allocation/logical_length,3,25.6281,verified,1
storage,storage/allocation/logical_length,4,25.2146,allocation_ms,3.6280409999999996
storage,storage/allocation/logical_length,4,25.2146,cpu_ms,15.668999999999933
storage,storage/allocation/logical_length,4,25.2146,cpu_percent,62.142506581001825
storage,storage/allocation/logical_length,4,25.2146,process_peak_rss_bytes,295911424
storage,storage/allocation/logical_length,4,25.2146,total,16.881917
storage,storage/allocation/logical_length,4,25.2146,verified,1
storage,storage/allocation/logical_length,5,24.6215,allocation_ms,3.577917
storage,storage/allocation/logical_length,5,24.6215,cpu_ms,15.754000000000268
storage,storage/allocation/logical_length,5,24.6215,cpu_percent,63.98483534221213
storage,storage/allocation/logical_length,5,24.6215,process_peak_rss_bytes,295911424
storage,storage/allocation/logical_length,5,24.6215,total,16.482958
storage,storage/allocation/logical_length,5,24.6215,verified,1
storage,storage/allocation/logical_length,6,24.6025,allocation_ms,2.906167
storage,storage/allocation/logical_length,6,24.6025,cpu_ms,14.763000000000304
storage,storage/allocation/logical_length,6,24.6025,cpu_percent,60.00599694153667
storage,storage/allocation/logical_length,6,24.6025,process_peak_rss_bytes,295911424
storage,storage/allocation/logical_length,6,24.6025,total,17.010333999999997
storage,storage/allocation/logical_length,6,24.6025,verified,1
storage,storage/allocation/logical_length,7,26.4435,allocation_ms,3.294583
storage,storage/allocation/logical_length,7,26.4435,cpu_ms,14.243000000000006
storage,storage/allocation/logical_length,7,26.4435,cpu_percent,53.86209322547757
storage,storage/allocation/logical_length,7,26.4435,process_peak_rss_bytes,295911424
storage,storage/allocation/logical_length,7,26.4435,total,19.154917
storage,storage/allocation/logical_length,7,26.4435,verified,1
storage,storage/allocation/logical_length,8,25.7920,allocation_ms,3.833375
storage,storage/allocation/logical_length,8,25.7920,cpu_ms,15.06799999999986
storage,storage/allocation/logical_length,8,25.7920,cpu_percent,58.42131101485144
storage,storage/allocation/logical_length,8,25.7920,process_peak_rss_bytes,295911424
storage,storage/allocation/logical_length,8,25.7920,total,17.934709
storage,storage/allocation/logical_length,8,25.7920,verified,1
storage,storage/allocation/logical_length,9,23.3167,allocation_ms,2.9359159999999997
storage,storage/allocation/logical_length,9,23.3167,cpu_ms,13.743999999999978
storage,storage/allocation/logical_length,9,23.3167,cpu_percent,58.94495984353158
storage,storage/allocation/logical_length,9,23.3167,process_peak_rss_bytes,295911424
storage,storage/allocation/logical_length,9,23.3167,total,16.055209
storage,storage/allocation/logical_length,9,23.3167,verified,1
client,client/distinct_connect_timeouts/2,0,6.9336,cache_entries,1
client,client/distinct_connect_timeouts/2,0,6.9336,cpu_ms,0.2369999999998207
client,client/distinct_connect_timeouts/2,0,6.9336,cpu_percent,3.418145651654623
client,client/distinct_connect_timeouts/2,0,6.9336,driver_threads,1
client,client/distinct_connect_timeouts/2,0,6.9336,driver_threads_after_drop,0
client,client/distinct_connect_timeouts/2,0,6.9336,process_peak_rss_bytes,295911424
client,client/distinct_connect_timeouts/2,0,6.9336,residual_released,1
client,client/distinct_connect_timeouts/2,0,6.9336,total,0.131917
client,client/distinct_connect_timeouts/2,1,6.7864,cache_entries,1
client,client/distinct_connect_timeouts/2,1,6.7864,cpu_ms,0.16900000000008575
client,client/distinct_connect_timeouts/2,1,6.7864,cpu_percent,2.4902684288349177
client,client/distinct_connect_timeouts/2,1,6.7864,driver_threads,1
client,client/distinct_connect_timeouts/2,1,6.7864,driver_threads_after_drop,0
client,client/distinct_connect_timeouts/2,1,6.7864,process_peak_rss_bytes,295911424
client,client/distinct_connect_timeouts/2,1,6.7864,residual_released,1
client,client/distinct_connect_timeouts/2,1,6.7864,total,0.119208
client,client/distinct_connect_timeouts/2,2,6.8600,cache_entries,1
client,client/distinct_connect_timeouts/2,2,6.8600,cpu_ms,0.12400000000001299
client,client/distinct_connect_timeouts/2,2,6.8600,cpu_percent,1.8075912418124571
client,client/distinct_connect_timeouts/2,2,6.8600,driver_threads,1
client,client/distinct_connect_timeouts/2,2,6.8600,driver_threads_after_drop,0
client,client/distinct_connect_timeouts/2,2,6.8600,process_peak_rss_bytes,295911424
client,client/distinct_connect_timeouts/2,2,6.8600,residual_released,1
client,client/distinct_connect_timeouts/2,2,6.8600,total,0.080416
client,client/distinct_connect_timeouts/2,3,6.8597,cache_entries,1
client,client/distinct_connect_timeouts/2,3,6.8597,cpu_ms,0.12999999999996348
client,client/distinct_connect_timeouts/2,3,6.8597,cpu_percent,1.8951360022479733
client,client/distinct_connect_timeouts/2,3,6.8597,driver_threads,1
client,client/distinct_connect_timeouts/2,3,6.8597,driver_threads_after_drop,0
client,client/distinct_connect_timeouts/2,3,6.8597,process_peak_rss_bytes,295911424
client,client/distinct_connect_timeouts/2,3,6.8597,residual_released,1
client,client/distinct_connect_timeouts/2,3,6.8597,total,0.090667
client,client/distinct_connect_timeouts/2,4,6.8580,cache_entries,1
client,client/distinct_connect_timeouts/2,4,6.8580,cpu_ms,0.12299999999987321
client,client/distinct_connect_timeouts/2,4,6.8580,cpu_percent,1.793525809271992
client,client/distinct_connect_timeouts/2,4,6.8580,driver_threads,1
client,client/distinct_connect_timeouts/2,4,6.8580,driver_threads_after_drop,0
client,client/distinct_connect_timeouts/2,4,6.8580,process_peak_rss_bytes,295911424
client,client/distinct_connect_timeouts/2,4,6.8580,residual_released,1
client,client/distinct_connect_timeouts/2,4,6.8580,total,0.080833
client,client/distinct_connect_timeouts/2,5,6.8622,cache_entries,1
client,client/distinct_connect_timeouts/2,5,6.8622,cpu_ms,0.12699999999998823
client,client/distinct_connect_timeouts/2,5,6.8622,cpu_percent,1.8507273285536223
client,client/distinct_connect_timeouts/2,5,6.8622,driver_threads,1
client,client/distinct_connect_timeouts/2,5,6.8622,driver_threads_after_drop,0
client,client/distinct_connect_timeouts/2,5,6.8622,process_peak_rss_bytes,295911424
client,client/distinct_connect_timeouts/2,5,6.8622,residual_released,1
client,client/distinct_connect_timeouts/2,5,6.8622,total,0.083583
client,client/distinct_connect_timeouts/2,6,6.8627,cache_entries,1
client,client/distinct_connect_timeouts/2,6,6.8627,cpu_ms,0.1290000000002678
client,client/distinct_connect_timeouts/2,6,6.8627,cpu_percent,1.8797359510176919
client,client/distinct_connect_timeouts/2,6,6.8627,driver_threads,1
client,client/distinct_connect_timeouts/2,6,6.8627,driver_threads_after_drop,0
client,client/distinct_connect_timeouts/2,6,6.8627,process_peak_rss_bytes,295911424
client,client/distinct_connect_timeouts/2,6,6.8627,residual_released,1
client,client/distinct_connect_timeouts/2,6,6.8627,total,0.08366699999999999
client,client/distinct_connect_timeouts/2,7,6.8696,cache_entries,1
client,client/distinct_connect_timeouts/2,7,6.8696,cpu_ms,0.13500000000021828
client,client/distinct_connect_timeouts/2,7,6.8696,cpu_percent,1.9651727714426666
client,client/distinct_connect_timeouts/2,7,6.8696,driver_threads,1
client,client/distinct_connect_timeouts/2,7,6.8696,driver_threads_after_drop,0
client,client/distinct_connect_timeouts/2,7,6.8696,process_peak_rss_bytes,295911424
client,client/distinct_connect_timeouts/2,7,6.8696,residual_released,1
client,client/distinct_connect_timeouts/2,7,6.8696,total,0.093458
client,client/distinct_connect_timeouts/2,8,6.8587,cache_entries,1
client,client/distinct_connect_timeouts/2,8,6.8587,cpu_ms,0.12500000000015277
client,client/distinct_connect_timeouts/2,8,6.8587,cpu_percent,1.8225006808884816
client,client/distinct_connect_timeouts/2,8,6.8587,driver_threads,1
client,client/distinct_connect_timeouts/2,8,6.8587,driver_threads_after_drop,0
client,client/distinct_connect_timeouts/2,8,6.8587,process_peak_rss_bytes,295911424
client,client/distinct_connect_timeouts/2,8,6.8587,residual_released,1
client,client/distinct_connect_timeouts/2,8,6.8587,total,0.087167
client,client/distinct_connect_timeouts/2,9,6.8540,cache_entries,1
client,client/distinct_connect_timeouts/2,9,6.8540,cpu_ms,0.12200000000017752
client,client/distinct_connect_timeouts/2,9,6.8540,cpu_percent,1.7799718443495964
client,client/distinct_connect_timeouts/2,9,6.8540,driver_threads,1
client,client/distinct_connect_timeouts/2,9,6.8540,driver_threads_after_drop,0
client,client/distinct_connect_timeouts/2,9,6.8540,process_peak_rss_bytes,295911424
client,client/distinct_connect_timeouts/2,9,6.8540,residual_released,1
client,client/distinct_connect_timeouts/2,9,6.8540,total,0.076792
client,client/distinct_connect_timeouts/8,0,5.7238,cache_entries,1
client,client/distinct_connect_timeouts/8,0,5.7238,cpu_ms,0.11300000000025179
client,client/distinct_connect_timeouts/8,0,5.7238,cpu_percent,1.9742156947745793
client,client/distinct_connect_timeouts/8,0,5.7238,driver_threads,1
client,client/distinct_connect_timeouts/8,0,5.7238,driver_threads_after_drop,0
client,client/distinct_connect_timeouts/8,0,5.7238,process_peak_rss_bytes,295911424
client,client/distinct_connect_timeouts/8,0,5.7238,residual_released,1
client,client/distinct_connect_timeouts/8,0,5.7238,total,0.06466599999999999
client,client/distinct_connect_timeouts/8,1,6.8800,cache_entries,1
client,client/distinct_connect_timeouts/8,1,6.8800,cpu_ms,0.14899999999995472
client,client/distinct_connect_timeouts/8,1,6.8800,cpu_percent,2.1657108953274817
client,client/distinct_connect_timeouts/8,1,6.8800,driver_threads,1
client,client/distinct_connect_timeouts/8,1,6.8800,driver_threads_after_drop,0
client,client/distinct_connect_timeouts/8,1,6.8800,process_peak_rss_bytes,295911424
client,client/distinct_connect_timeouts/8,1,6.8800,residual_released,1
client,client/distinct_connect_timeouts/8,1,6.8800,total,0.09866699999999999
client,client/distinct_connect_timeouts/8,2,6.8924,cache_entries,1
client,client/distinct_connect_timeouts/8,2,6.8924,cpu_ms,0.1660000000001105
client,client/distinct_connect_timeouts/8,2,6.8924,cpu_percent,2.408443946443033
client,client/distinct_connect_timeouts/8,2,6.8924,driver_threads,1
client,client/distinct_connect_timeouts/8,2,6.8924,driver_threads_after_drop,0
client,client/distinct_connect_timeouts/8,2,6.8924,process_peak_rss_bytes,295911424
client,client/distinct_connect_timeouts/8,2,6.8924,residual_released,1
client,client/distinct_connect_timeouts/8,2,6.8924,total,0.120208
client,client/distinct_connect_timeouts/8,3,6.8660,cache_entries,1
client,client/distinct_connect_timeouts/8,3,6.8660,cpu_ms,0.15300000000006975
client,client/distinct_connect_timeouts/8,3,6.8660,cpu_percent,2.2283580554862574
client,client/distinct_connect_timeouts/8,3,6.8660,driver_threads,1
client,client/distinct_connect_timeouts/8,3,6.8660,driver_threads_after_drop,0
client,client/distinct_connect_timeouts/8,3,6.8660,process_peak_rss_bytes,295911424
client,client/distinct_connect_timeouts/8,3,6.8660,residual_released,1
client,client/distinct_connect_timeouts/8,3,6.8660,total,0.088666
client,client/distinct_connect_timeouts/8,4,6.8863,cache_entries,1
client,client/distinct_connect_timeouts/8,4,6.8863,cpu_ms,0.15900000000002024
client,client/distinct_connect_timeouts/8,4,6.8863,cpu_percent,2.308921163121508
client,client/distinct_connect_timeouts/8,4,6.8863,driver_threads,1
client,client/distinct_connect_timeouts/8,4,6.8863,driver_threads_after_drop,0
client,client/distinct_connect_timeouts/8,4,6.8863,process_peak_rss_bytes,295911424
client,client/distinct_connect_timeouts/8,4,6.8863,residual_released,1
client,client/distinct_connect_timeouts/8,4,6.8863,total,0.106958
client,client/distinct_connect_timeouts/8,5,6.8756,cache_entries,1
client,client/distinct_connect_timeouts/8,5,6.8756,cpu_ms,0.140000000000029
client,client/distinct_connect_timeouts/8,5,6.8756,cpu_percent,2.0361785292250376
client,client/distinct_connect_timeouts/8,5,6.8756,driver_threads,1
client,client/distinct_connect_timeouts/8,5,6.8756,driver_threads_after_drop,0
client,client/distinct_connect_timeouts/8,5,6.8756,process_peak_rss_bytes,295911424
client,client/distinct_connect_timeouts/8,5,6.8756,residual_released,1
client,client/distinct_connect_timeouts/8,5,6.8756,total,0.095375
client,client/distinct_connect_timeouts/8,6,6.9533,cache_entries,1
client,client/distinct_connect_timeouts/8,6,6.9533,cpu_ms,0.23300000000014975
client,client/distinct_connect_timeouts/8,6,6.9533,cpu_percent,3.3509109947725753
client,client/distinct_connect_timeouts/8,6,6.9533,driver_threads,1
client,client/distinct_connect_timeouts/8,6,6.9533,driver_threads_after_drop,0
client,client/distinct_connect_timeouts/8,6,6.9533,process_peak_rss_bytes,295911424
client,client/distinct_connect_timeouts/8,6,6.9533,residual_released,1
client,client/distinct_connect_timeouts/8,6,6.9533,total,0.133958
client,client/distinct_connect_timeouts/8,7,6.2995,cache_entries,1
client,client/distinct_connect_timeouts/8,7,6.2995,cpu_ms,0.2580000000000915
client,client/distinct_connect_timeouts/8,7,6.2995,cpu_percent,4.095563139933193
client,client/distinct_connect_timeouts/8,7,6.2995,driver_threads,1
client,client/distinct_connect_timeouts/8,7,6.2995,driver_threads_after_drop,0
client,client/distinct_connect_timeouts/8,7,6.2995,process_peak_rss_bytes,295911424
client,client/distinct_connect_timeouts/8,7,6.2995,residual_released,1
client,client/distinct_connect_timeouts/8,7,6.2995,total,0.191833
client,client/distinct_connect_timeouts/8,8,7.0282,cache_entries,1
client,client/distinct_connect_timeouts/8,8,7.0282,cpu_ms,0.23900000000010024
client,client/distinct_connect_timeouts/8,8,7.0282,cpu_percent,3.4005823390557057
client,client/distinct_connect_timeouts/8,8,7.0282,driver_threads,1
client,client/distinct_connect_timeouts/8,8,7.0282,driver_threads_after_drop,0
client,client/distinct_connect_timeouts/8,8,7.0282,process_peak_rss_bytes,295911424
client,client/distinct_connect_timeouts/8,8,7.0282,residual_released,1
client,client/distinct_connect_timeouts/8,8,7.0282,total,0.249084
client,client/distinct_connect_timeouts/8,9,6.9311,cache_entries,1
client,client/distinct_connect_timeouts/8,9,6.9311,cpu_ms,0.2149999999998542
client,client/distinct_connect_timeouts/8,9,6.9311,cpu_percent,3.101949539214113
client,client/distinct_connect_timeouts/8,9,6.9311,driver_threads,1
client,client/distinct_connect_timeouts/8,9,6.9311,driver_threads_after_drop,0
client,client/distinct_connect_timeouts/8,9,6.9311,process_peak_rss_bytes,295911424
client,client/distinct_connect_timeouts/8,9,6.9311,residual_released,1
client,client/distinct_connect_timeouts/8,9,6.9311,total,0.145833
client,client/distinct_connect_timeouts/32,0,6.8515,cache_entries,1
client,client/distinct_connect_timeouts/32,0,6.8515,cpu_ms,0.13100000000010326
client,client/distinct_connect_timeouts/32,0,6.8515,cpu_percent,1.9119786337132516
client,client/distinct_connect_timeouts/32,0,6.8515,driver_threads,1
client,client/distinct_connect_timeouts/32,0,6.8515,driver_threads_after_drop,0
client,client/distinct_connect_timeouts/32,0,6.8515,process_peak_rss_bytes,295911424
client,client/distinct_connect_timeouts/32,0,6.8515,residual_released,1
client,client/distinct_connect_timeouts/32,0,6.8515,total,0.077459
client,client/distinct_connect_timeouts/32,1,6.8781,cache_entries,1
client,client/distinct_connect_timeouts/32,1,6.8781,cpu_ms,0.15699999999974068
client,client/distinct_connect_timeouts/32,1,6.8781,cpu_percent,2.282612757068222
client,client/distinct_connect_timeouts/32,1,6.8781,driver_threads,1
client,client/distinct_connect_timeouts/32,1,6.8781,driver_threads_after_drop,0
client,client/distinct_connect_timeouts/32,1,6.8781,process_peak_rss_bytes,295911424
client,client/distinct_connect_timeouts/32,1,6.8781,residual_released,1
client,client/distinct_connect_timeouts/32,1,6.8781,total,0.095541
client,client/distinct_connect_timeouts/32,2,6.8782,cache_entries,1
client,client/distinct_connect_timeouts/32,2,6.8782,cpu_ms,0.1550000000003493
client,client/distinct_connect_timeouts/32,2,6.8782,cpu_percent,2.253507366139108
client,client/distinct_connect_timeouts/32,2,6.8782,driver_threads,1
client,client/distinct_connect_timeouts/32,2,6.8782,driver_threads_after_drop,0
client,client/distinct_connect_timeouts/32,2,6.8782,process_peak_rss_bytes,295911424
client,client/distinct_connect_timeouts/32,2,6.8782,residual_released,1
client,client/distinct_connect_timeouts/32,2,6.8782,total,0.095375
client,client/distinct_connect_timeouts/32,3,6.8693,cache_entries,1
client,client/distinct_connect_timeouts/32,3,6.8693,cpu_ms,0.1449999999998397
client,client/distinct_connect_timeouts/32,3,6.8693,cpu_percent,2.1108563525834656
client,client/distinct_connect_timeouts/32,3,6.8693,driver_threads,1
client,client/distinct_connect_timeouts/32,3,6.8693,driver_threads_after_drop,0
client,client/distinct_connect_timeouts/32,3,6.8693,process_peak_rss_bytes,295911424
client,client/distinct_connect_timeouts/32,3,6.8693,residual_released,1
client,client/distinct_connect_timeouts/32,3,6.8693,total,0.095083
client,client/distinct_connect_timeouts/32,4,6.8818,cache_entries,1
client,client/distinct_connect_timeouts/32,4,6.8818,cpu_ms,0.15799999999988046
client,client/distinct_connect_timeouts/32,4,6.8818,cpu_percent,2.295913622496589
client,client/distinct_connect_timeouts/32,4,6.8818,driver_threads,1
client,client/distinct_connect_timeouts/32,4,6.8818,driver_threads_after_drop,0
client,client/distinct_connect_timeouts/32,4,6.8818,process_peak_rss_bytes,295911424
client,client/distinct_connect_timeouts/32,4,6.8818,residual_released,1
client,client/distinct_connect_timeouts/32,4,6.8818,total,0.101333
client,client/distinct_connect_timeouts/32,5,6.8757,cache_entries,1
client,client/distinct_connect_timeouts/32,5,6.8757,cpu_ms,0.1509999999997902
client,client/distinct_connect_timeouts/32,5,6.8757,cpu_percent,2.196137154725283
client,client/distinct_connect_timeouts/32,5,6.8757,driver_threads,1
client,client/distinct_connect_timeouts/32,5,6.8757,driver_threads_after_drop,0
client,client/distinct_connect_timeouts/32,5,6.8757,process_peak_rss_bytes,295911424
client,client/distinct_connect_timeouts/32,5,6.8757,residual_released,1
client,client/distinct_connect_timeouts/32,5,6.8757,total,0.094833
client,client/distinct_connect_timeouts/32,6,6.9010,cache_entries,1
client,client/distinct_connect_timeouts/32,6,6.9010,cpu_ms,0.1829999999998222
client,client/distinct_connect_timeouts/32,6,6.9010,cpu_percent,2.6517738410744434
client,client/distinct_connect_timeouts/32,6,6.9010,driver_threads,1
client,client/distinct_connect_timeouts/32,6,6.9010,driver_threads_after_drop,0
client,client/distinct_connect_timeouts/32,6,6.9010,process_peak_rss_bytes,295911424
client,client/distinct_connect_timeouts/32,6,6.9010,residual_released,1
client,client/distinct_connect_timeouts/32,6,6.9010,total,0.12629100000000001
client,client/distinct_connect_timeouts/32,7,6.9043,cache_entries,1
client,client/distinct_connect_timeouts/32,7,6.9043,cpu_ms,0.18399999999996197
client,client/distinct_connect_timeouts/32,7,6.9043,cpu_percent,2.665009339843323
client,client/distinct_connect_timeouts/32,7,6.9043,driver_threads,1
client,client/distinct_connect_timeouts/32,7,6.9043,driver_threads_after_drop,0
client,client/distinct_connect_timeouts/32,7,6.9043,process_peak_rss_bytes,295911424
client,client/distinct_connect_timeouts/32,7,6.9043,residual_released,1
client,client/distinct_connect_timeouts/32,7,6.9043,total,0.109459
client,client/distinct_connect_timeouts/32,8,0.1950,cache_entries,1
client,client/distinct_connect_timeouts/32,8,0.1950,cpu_ms,0.21100000000018326
client,client/distinct_connect_timeouts/32,8,0.1950,cpu_percent,108.20512820522218
client,client/distinct_connect_timeouts/32,8,0.1950,driver_threads,1
client,client/distinct_connect_timeouts/32,8,0.1950,driver_threads_after_drop,0
client,client/distinct_connect_timeouts/32,8,0.1950,process_peak_rss_bytes,295911424
client,client/distinct_connect_timeouts/32,8,0.1950,residual_released,1
client,client/distinct_connect_timeouts/32,8,0.1950,total,0.18175
client,client/distinct_connect_timeouts/32,9,6.8981,cache_entries,1
client,client/distinct_connect_timeouts/32,9,6.8981,cpu_ms,0.18500000000010175
client,client/distinct_connect_timeouts/32,9,6.8981,cpu_percent,2.681904523330638
client,client/distinct_connect_timeouts/32,9,6.8981,driver_threads,1
client,client/distinct_connect_timeouts/32,9,6.8981,driver_threads_after_drop,0
client,client/distinct_connect_timeouts/32,9,6.8981,process_peak_rss_bytes,295911424
client,client/distinct_connect_timeouts/32,9,6.8981,residual_released,1
client,client/distinct_connect_timeouts/32,9,6.8981,total,0.103625
client,client/reuse_same_config,0,6.9707,cache_entries,1
client,client/reuse_same_config,0,6.9707,cpu_ms,0.2420000000000755
client,client/reuse_same_config,0,6.9707,cpu_percent,3.471670309530617
client,client/reuse_same_config,0,6.9707,driver_threads,1
client,client/reuse_same_config,0,6.9707,driver_threads_after_drop,0
client,client/reuse_same_config,0,6.9707,process_peak_rss_bytes,295911424
client,client/reuse_same_config,0,6.9707,residual_released,1
client,client/reuse_same_config,0,6.9707,total,0.138125
client,client/reuse_same_config,1,7.3632,cache_entries,1
client,client/reuse_same_config,1,7.3632,cpu_ms,0.6370000000002207
client,client/reuse_same_config,1,7.3632,cpu_percent,8.651168715855835
client,client/reuse_same_config,1,7.3632,driver_threads,1
client,client/reuse_same_config,1,7.3632,driver_threads_after_drop,0
client,client/reuse_same_config,1,7.3632,process_peak_rss_bytes,295911424
client,client/reuse_same_config,1,7.3632,residual_released,1
client,client/reuse_same_config,1,7.3632,total,0.564041
client,client/reuse_same_config,2,6.9360,cache_entries,1
client,client/reuse_same_config,2,6.9360,cpu_ms,0.21100000000018326
client,client/reuse_same_config,2,6.9360,cpu_percent,3.0420812103069066
client,client/reuse_same_config,2,6.9360,driver_threads,1
client,client/reuse_same_config,2,6.9360,driver_threads_after_drop,0
client,client/reuse_same_config,2,6.9360,process_peak_rss_bytes,295911424
client,client/reuse_same_config,2,6.9360,residual_released,1
client,client/reuse_same_config,2,6.9360,total,0.140375
client,client/reuse_same_config,3,7.0220,cache_entries,1
client,client/reuse_same_config,3,7.0220,cpu_ms,0.3180000000000405
client,client/reuse_same_config,3,7.0220,cpu_percent,4.528597237100554
client,client/reuse_same_config,3,7.0220,driver_threads,1
client,client/reuse_same_config,3,7.0220,driver_threads_after_drop,0
client,client/reuse_same_config,3,7.0220,process_peak_rss_bytes,295911424
client,client/reuse_same_config,3,7.0220,residual_released,1
client,client/reuse_same_config,3,7.0220,total,0.211084
client,client/reuse_same_config,4,7.1193,cache_entries,1
client,client/reuse_same_config,4,7.1193,cpu_ms,0.40999999999957737
client,client/reuse_same_config,4,7.1193,cpu_percent,5.759000439785049
client,client/reuse_same_config,4,7.1193,driver_threads,1
client,client/reuse_same_config,4,7.1193,driver_threads_after_drop,0
client,client/reuse_same_config,4,7.1193,process_peak_rss_bytes,295911424
client,client/reuse_same_config,4,7.1193,residual_released,1
client,client/reuse_same_config,4,7.1193,total,0.274958
client,client/reuse_same_config,5,7.5163,cache_entries,1
client,client/reuse_same_config,5,7.5163,cpu_ms,0.9030000000000982
client,client/reuse_same_config,5,7.5163,cpu_percent,12.013904198228863
client,client/reuse_same_config,5,7.5163,driver_threads,1
client,client/reuse_same_config,5,7.5163,driver_threads_after_drop,0
client,client/reuse_same_config,5,7.5163,process_peak_rss_bytes,295911424
client,client/reuse_same_config,5,7.5163,residual_released,1
client,client/reuse_same_config,5,7.5163,total,0.6430830000000001
client,client/reuse_same_config,6,7.1473,cache_entries,1
client,client/reuse_same_config,6,7.1473,cpu_ms,0.4509999999999792
client,client/reuse_same_config,6,7.1473,cpu_percent,6.310045998975831
client,client/reuse_same_config,6,7.1473,driver_threads,1
client,client/reuse_same_config,6,7.1473,driver_threads_after_drop,0
client,client/reuse_same_config,6,7.1473,process_peak_rss_bytes,295911424
client,client/reuse_same_config,6,7.1473,residual_released,1
client,client/reuse_same_config,6,7.1473,total,0.34058299999999997
client,client/reuse_same_config,7,7.1844,cache_entries,1
client,client/reuse_same_config,7,7.1844,cpu_ms,0.5020000000000024
client,client/reuse_same_config,7,7.1844,cpu_percent,6.9873449717632266
client,client/reuse_same_config,7,7.1844,driver_threads,1
client,client/reuse_same_config,7,7.1844,driver_threads_after_drop,0
client,client/reuse_same_config,7,7.1844,process_peak_rss_bytes,295911424
client,client/reuse_same_config,7,7.1844,residual_released,1
client,client/reuse_same_config,7,7.1844,total,0.367292
client,client/reuse_same_config,8,6.6857,cache_entries,1
client,client/reuse_same_config,8,6.6857,cpu_ms,0.4409999999999137
client,client/reuse_same_config,8,6.6857,cpu_percent,6.596118610476218
client,client/reuse_same_config,8,6.6857,driver_threads,1
client,client/reuse_same_config,8,6.6857,driver_threads_after_drop,0
client,client/reuse_same_config,8,6.6857,process_peak_rss_bytes,295911424
client,client/reuse_same_config,8,6.6857,residual_released,1
client,client/reuse_same_config,8,6.6857,total,0.32045799999999997
client,client/reuse_same_config,9,7.1803,cache_entries,1
client,client/reuse_same_config,9,7.1803,cpu_ms,0.5350000000001742
client,client/reuse_same_config,9,7.1803,cpu_percent,7.450994046170735
client,client/reuse_same_config,9,7.1803,driver_threads,1
client,client/reuse_same_config,9,7.1803,driver_threads_after_drop,0
client,client/reuse_same_config,9,7.1803,process_peak_rss_bytes,295911424
client,client/reuse_same_config,9,7.1803,residual_released,1
client,client/reuse_same_config,9,7.1803,total,0.39916700000000005
client,client/queue_with_one_permit,0,180.1358,admitted_before_release,1
client,client/queue_with_one_permit,0,180.1358,cpu_ms,6.760000000000321
client,client/queue_with_one_permit,0,180.1358,cpu_percent,3.752724500192789
client,client/queue_with_one_permit,0,180.1358,process_peak_rss_bytes,295911424
client,client/queue_with_one_permit,0,180.1358,queue_ms,156.797
client,client/queue_with_one_permit,0,180.1358,queue_waits,2
client,client/queue_with_one_permit,0,180.1358,residual_released,1
client,client/queue_with_one_permit,0,180.1358,total,171.769709
client,client/queue_with_one_permit,0,180.1358,verified,1
client,client/queue_with_one_permit,1,180.1865,admitted_before_release,1
client,client/queue_with_one_permit,1,180.1865,cpu_ms,6.216999999999917
client,client/queue_with_one_permit,1,180.1865,cpu_percent,3.4503131759973047
client,client/queue_with_one_permit,1,180.1865,process_peak_rss_bytes,295911424
client,client/queue_with_one_permit,1,180.1865,queue_ms,157.076
client,client/queue_with_one_permit,1,180.1865,queue_waits,2
client,client/queue_with_one_permit,1,180.1865,residual_released,1
client,client/queue_with_one_permit,1,180.1865,total,172.263666
client,client/queue_with_one_permit,1,180.1865,verified,1
client,client/queue_with_one_permit,2,186.2942,admitted_before_release,1
client,client/queue_with_one_permit,2,186.2942,cpu_ms,7.662999999999975
client,client/queue_with_one_permit,2,186.2942,cpu_percent,4.1133860694155215
client,client/queue_with_one_permit,2,186.2942,process_peak_rss_bytes,295911424
client,client/queue_with_one_permit,2,186.2942,queue_ms,160.171
client,client/queue_with_one_permit,2,186.2942,queue_waits,2
client,client/queue_with_one_permit,2,186.2942,residual_released,1
client,client/queue_with_one_permit,2,186.2942,total,179.16145799999998
client,client/queue_with_one_permit,2,186.2942,verified,1
client,client/queue_with_one_permit,3,178.9702,admitted_before_release,1
client,client/queue_with_one_permit,3,178.9702,cpu_ms,7.902999999999771
client,client/queue_with_one_permit,3,178.9702,cpu_percent,4.415819760619529
client,client/queue_with_one_permit,3,178.9702,process_peak_rss_bytes,295911424
client,client/queue_with_one_permit,3,178.9702,queue_ms,155.314
client,client/queue_with_one_permit,3,178.9702,queue_waits,2
client,client/queue_with_one_permit,3,178.9702,residual_released,1
client,client/queue_with_one_permit,3,178.9702,total,170.43533299999999
client,client/queue_with_one_permit,3,178.9702,verified,1
client,client/queue_with_one_permit,4,184.7244,admitted_before_release,1
client,client/queue_with_one_permit,4,184.7244,cpu_ms,7.588999999999846
client,client/queue_with_one_permit,4,184.7244,cpu_percent,4.108282036739446
client,client/queue_with_one_permit,4,184.7244,process_peak_rss_bytes,295911424
client,client/queue_with_one_permit,4,184.7244,queue_ms,157.646
client,client/queue_with_one_permit,4,184.7244,queue_waits,2
client,client/queue_with_one_permit,4,184.7244,residual_released,1
client,client/queue_with_one_permit,4,184.7244,total,176.749292
client,client/queue_with_one_permit,4,184.7244,verified,1
client,client/queue_with_one_permit,5,184.5503,admitted_before_release,1
client,client/queue_with_one_permit,5,184.5503,cpu_ms,11.573999999999529
client,client/queue_with_one_permit,5,184.5503,cpu_percent,6.2714598298771564
client,client/queue_with_one_permit,5,184.5503,process_peak_rss_bytes,295911424
client,client/queue_with_one_permit,5,184.5503,queue_ms,161.894
client,client/queue_with_one_permit,5,184.5503,queue_waits,2
client,client/queue_with_one_permit,5,184.5503,residual_released,1
client,client/queue_with_one_permit,5,184.5503,total,176.102791
client,client/queue_with_one_permit,5,184.5503,verified,1
client,client/queue_with_one_permit,6,177.5432,admitted_before_release,1
client,client/queue_with_one_permit,6,177.5432,cpu_ms,6.707999999999714
client,client/queue_with_one_permit,6,177.5432,cpu_percent,3.7782352113406183
client,client/queue_with_one_permit,6,177.5432,process_peak_rss_bytes,295911424
client,client/queue_with_one_permit,6,177.5432,queue_ms,156.907
client,client/queue_with_one_permit,6,177.5432,queue_waits,2
client,client/queue_with_one_permit,6,177.5432,residual_released,1
client,client/queue_with_one_permit,6,177.5432,total,170.43145900000002
client,client/queue_with_one_permit,6,177.5432,verified,1
client,client/queue_with_one_permit,7,181.5410,admitted_before_release,1
client,client/queue_with_one_permit,7,181.5410,cpu_ms,7.7539999999993725
client,client/queue_with_one_permit,7,181.5410,cpu_percent,4.271211461873281
client,client/queue_with_one_permit,7,181.5410,process_peak_rss_bytes,295911424
client,client/queue_with_one_permit,7,181.5410,queue_ms,156.971
client,client/queue_with_one_permit,7,181.5410,queue_waits,2
client,client/queue_with_one_permit,7,181.5410,residual_released,1
client,client/queue_with_one_permit,7,181.5410,total,172.88779100000002
client,client/queue_with_one_permit,7,181.5410,verified,1
client,client/queue_with_one_permit,8,183.5822,admitted_before_release,1
client,client/queue_with_one_permit,8,183.5822,cpu_ms,7.88399999999978
client,client/queue_with_one_permit,8,183.5822,cpu_percent,4.294534773630699
client,client/queue_with_one_permit,8,183.5822,process_peak_rss_bytes,295911424
client,client/queue_with_one_permit,8,183.5822,queue_ms,157.348
client,client/queue_with_one_permit,8,183.5822,queue_waits,2
client,client/queue_with_one_permit,8,183.5822,residual_released,1
client,client/queue_with_one_permit,8,183.5822,total,175.340708
client,client/queue_with_one_permit,8,183.5822,verified,1
client,client/queue_with_one_permit,9,180.3094,admitted_before_release,1
client,client/queue_with_one_permit,9,180.3094,cpu_ms,8.981999999999601
client,client/queue_with_one_permit,9,180.3094,cpu_percent,4.981437020460208
client,client/queue_with_one_permit,9,180.3094,process_peak_rss_bytes,295911424
client,client/queue_with_one_permit,9,180.3094,queue_ms,156.798
client,client/queue_with_one_permit,9,180.3094,queue_waits,2
client,client/queue_with_one_permit,9,180.3094,residual_released,1
client,client/queue_with_one_permit,9,180.3094,total,172.527209
client,client/queue_with_one_permit,9,180.3094,verified,1
client,client/connection_reuse_two_downloads,0,406.0413,connections,4
client,client/connection_reuse_two_downloads,0,406.0413,cpu_ms,85.05899999999933
client,client/connection_reuse_two_downloads,0,406.0413,cpu_percent,20.94836423639207
client,client/connection_reuse_two_downloads,0,406.0413,pools,1
client,client/connection_reuse_two_downloads,0,406.0413,process_peak_rss_bytes,295911424
client,client/connection_reuse_two_downloads,0,406.0413,residual_released,1
client,client/connection_reuse_two_downloads,0,406.0413,total,399.7395
client,client/connection_reuse_two_downloads,1,442.4196,connections,4
client,client/connection_reuse_two_downloads,1,442.4196,cpu_ms,76.95499999999988
client,client/connection_reuse_two_downloads,1,442.4196,cpu_percent,17.394121504350018
client,client/connection_reuse_two_downloads,1,442.4196,pools,1
client,client/connection_reuse_two_downloads,1,442.4196,process_peak_rss_bytes,295911424
client,client/connection_reuse_two_downloads,1,442.4196,residual_released,1
client,client/connection_reuse_two_downloads,1,442.4196,total,435.0835
client,client/connection_reuse_two_downloads,2,463.5513,connections,4
client,client/connection_reuse_two_downloads,2,463.5513,cpu_ms,81.37900000000009
client,client/connection_reuse_two_downloads,2,463.5513,cpu_percent,17.55555297355699
client,client/connection_reuse_two_downloads,2,463.5513,pools,1
client,client/connection_reuse_two_downloads,2,463.5513,process_peak_rss_bytes,295911424
client,client/connection_reuse_two_downloads,2,463.5513,residual_released,1
client,client/connection_reuse_two_downloads,2,463.5513,total,457.18354100000005
client,client/connection_reuse_two_downloads,3,496.2531,connections,4
client,client/connection_reuse_two_downloads,3,496.2531,cpu_ms,80.01900000000006
client,client/connection_reuse_two_downloads,3,496.2531,cpu_percent,16.124635340552647
client,client/connection_reuse_two_downloads,3,496.2531,pools,1
client,client/connection_reuse_two_downloads,3,496.2531,process_peak_rss_bytes,295911424
client,client/connection_reuse_two_downloads,3,496.2531,residual_released,1
client,client/connection_reuse_two_downloads,3,496.2531,total,489.21625
client,client/connection_reuse_two_downloads,4,425.4101,connections,4
client,client/connection_reuse_two_downloads,4,425.4101,cpu_ms,85.60400000000001
client,client/connection_reuse_two_downloads,4,425.4101,cpu_percent,20.122699242290018
client,client/connection_reuse_two_downloads,4,425.4101,pools,1
client,client/connection_reuse_two_downloads,4,425.4101,process_peak_rss_bytes,295911424
client,client/connection_reuse_two_downloads,4,425.4101,residual_released,1
client,client/connection_reuse_two_downloads,4,425.4101,total,418.030208
client,client/connection_reuse_two_downloads,5,521.2719,connections,4
client,client/connection_reuse_two_downloads,5,521.2719,cpu_ms,76.31500000000014
client,client/connection_reuse_two_downloads,5,521.2719,cpu_percent,14.640151811592823
client,client/connection_reuse_two_downloads,5,521.2719,pools,1
client,client/connection_reuse_two_downloads,5,521.2719,process_peak_rss_bytes,295911424
client,client/connection_reuse_two_downloads,5,521.2719,residual_released,1
client,client/connection_reuse_two_downloads,5,521.2719,total,514.9356670000001
client,client/connection_reuse_two_downloads,6,338.0232,connections,4
client,client/connection_reuse_two_downloads,6,338.0232,cpu_ms,54.073999999999955
client,client/connection_reuse_two_downloads,6,338.0232,cpu_percent,15.99712644582675
client,client/connection_reuse_two_downloads,6,338.0232,pools,1
client,client/connection_reuse_two_downloads,6,338.0232,process_peak_rss_bytes,295911424
client,client/connection_reuse_two_downloads,6,338.0232,residual_released,1
client,client/connection_reuse_two_downloads,6,338.0232,total,330.63808300000005
client,client/connection_reuse_two_downloads,7,339.9576,connections,4
client,client/connection_reuse_two_downloads,7,339.9576,cpu_ms,62.14600000000026
client,client/connection_reuse_two_downloads,7,339.9576,cpu_percent,18.280515896008197
client,client/connection_reuse_two_downloads,7,339.9576,pools,1
client,client/connection_reuse_two_downloads,7,339.9576,process_peak_rss_bytes,295911424
client,client/connection_reuse_two_downloads,7,339.9576,residual_released,1
client,client/connection_reuse_two_downloads,7,339.9576,total,332.72049999999996
client,client/connection_reuse_two_downloads,8,446.8143,connections,4
client,client/connection_reuse_two_downloads,8,446.8143,cpu_ms,84.94700000000054
client,client/connection_reuse_two_downloads,8,446.8143,cpu_percent,19.01170340919085
client,client/connection_reuse_two_downloads,8,446.8143,pools,1
client,client/connection_reuse_two_downloads,8,446.8143,process_peak_rss_bytes,295911424
client,client/connection_reuse_two_downloads,8,446.8143,residual_released,1
client,client/connection_reuse_two_downloads,8,446.8143,total,439.33754200000004
client,client/connection_reuse_two_downloads,9,371.9932,connections,4
client,client/connection_reuse_two_downloads,9,371.9932,cpu_ms,71.07500000000044
client,client/connection_reuse_two_downloads,9,371.9932,cpu_percent,19.10653164398648
client,client/connection_reuse_two_downloads,9,371.9932,pools,1
client,client/connection_reuse_two_downloads,9,371.9932,process_peak_rss_bytes,295911424
client,client/connection_reuse_two_downloads,9,371.9932,residual_released,1
client,client/connection_reuse_two_downloads,9,371.9932,total,364.544708
driver,driver/single_origin_split_download,0,119.7185,active,0
driver,driver/single_origin_split_download,0,119.7185,avg_block_bytes,1048576
driver,driver/single_origin_split_download,0,119.7185,body_reads,780
driver,driver/single_origin_split_download,0,119.7185,body_wait_ms,180.973
driver,driver/single_origin_split_download,0,119.7185,cache_copied_bytes,12582912
driver,driver/single_origin_split_download,0,119.7185,cache_evicted_bytes,12582912
driver,driver/single_origin_split_download,0,119.7185,cancelled,0
driver,driver/single_origin_split_download,0,119.7185,checksum_ms,0
driver,driver/single_origin_split_download,0,119.7185,commands,14
driver,driver/single_origin_split_download,0,119.7185,completed,5
driver,driver/single_origin_split_download,0,119.7185,connections,4
driver,driver/single_origin_split_download,0,119.7185,cpu_ms,41.36000000000006
driver,driver/single_origin_split_download,0,119.7185,cpu_percent,34.54772195612482
driver,driver/single_origin_split_download,0,119.7185,distinct_ranges,5
driver,driver/single_origin_split_download,0,119.7185,duplicate_bytes,0
driver,driver/single_origin_split_download,0,119.7185,failed,0
driver,driver/single_origin_split_download,0,119.7185,file_bytes,12582912
driver,driver/single_origin_split_download,0,119.7185,finalize,0.01883399999999824
driver,driver/single_origin_split_download,0,119.7185,fsync_calls,1
driver,driver/single_origin_split_download,0,119.7185,fsync_ms,5.318
driver,driver/single_origin_split_download,0,119.7185,loops,50
driver,driver/single_origin_split_download,0,119.7185,max_command_latency_ms,25.028
driver,driver/single_origin_split_download,0,119.7185,pauses,9
driver,driver/single_origin_split_download,0,119.7185,pools,1
driver,driver/single_origin_split_download,0,119.7185,prealloc_ms,3.607
driver,driver/single_origin_split_download,0,119.7185,process_peak_rss_bytes,295911424
driver,driver/single_origin_split_download,0,119.7185,report_span,0
driver,driver/single_origin_split_download,0,119.7185,requests,5
driver,driver/single_origin_split_download,0,119.7185,response_head_ms,55.863
driver,driver/single_origin_split_download,0,119.7185,response_heads,5
driver,driver/single_origin_split_download,0,119.7185,resumes,9
driver,driver/single_origin_split_download,0,119.7185,running_reports,1
driver,driver/single_origin_split_download,0,119.7185,served_bytes,12582912
driver,driver/single_origin_split_download,0,119.7185,submitted,5
driver,driver/single_origin_split_download,0,119.7185,to_first_report,112.615875
driver,driver/single_origin_split_download,0,119.7185,total,112.634709
driver,driver/single_origin_split_download,0,119.7185,unique_bytes,12582912
driver,driver/single_origin_split_download,0,119.7185,verified,1
driver,driver/single_origin_split_download,0,119.7185,writer_blocks,12
driver,driver/single_origin_split_download,0,119.7185,writer_bytes,12582912
driver,driver/single_origin_split_download,0,119.7185,writer_seeks,12
driver,driver/single_origin_split_download,1,141.1031,active,0
driver,driver/single_origin_split_download,1,141.1031,avg_block_bytes,1048576
driver,driver/single_origin_split_download,1,141.1031,body_reads,777
driver,driver/single_origin_split_download,1,141.1031,body_wait_ms,220.005
driver,driver/single_origin_split_download,1,141.1031,cache_copied_bytes,12582912
driver,driver/single_origin_split_download,1,141.1031,cache_evicted_bytes,12582912
driver,driver/single_origin_split_download,1,141.1031,cancelled,0
driver,driver/single_origin_split_download,1,141.1031,checksum_ms,0
driver,driver/single_origin_split_download,1,141.1031,commands,18
driver,driver/single_origin_split_download,1,141.1031,completed,4
driver,driver/single_origin_split_download,1,141.1031,connections,4
driver,driver/single_origin_split_download,1,141.1031,cpu_ms,36.54500000000027
driver,driver/single_origin_split_download,1,141.1031,cpu_percent,25.899504973963094
driver,driver/single_origin_split_download,1,141.1031,distinct_ranges,4
driver,driver/single_origin_split_download,1,141.1031,duplicate_bytes,0
driver,driver/single_origin_split_download,1,141.1031,failed,0
driver,driver/single_origin_split_download,1,141.1031,file_bytes,12582912
driver,driver/single_origin_split_download,1,141.1031,finalize,0.014625000000023647
driver,driver/single_origin_split_download,1,141.1031,fsync_calls,1
driver,driver/single_origin_split_download,1,141.1031,fsync_ms,7.691
driver,driver/single_origin_split_download,1,141.1031,loops,54
driver,driver/single_origin_split_download,1,141.1031,max_command_latency_ms,25.434
driver,driver/single_origin_split_download,1,141.1031,pauses,14
driver,driver/single_origin_split_download,1,141.1031,pools,1
driver,driver/single_origin_split_download,1,141.1031,prealloc_ms,2.802
driver,driver/single_origin_split_download,1,141.1031,process_peak_rss_bytes,295911424
driver,driver/single_origin_split_download,1,141.1031,report_span,0
driver,driver/single_origin_split_download,1,141.1031,requests,4
driver,driver/single_origin_split_download,1,141.1031,response_head_ms,61.547
driver,driver/single_origin_split_download,1,141.1031,response_heads,4
driver,driver/single_origin_split_download,1,141.1031,resumes,14
driver,driver/single_origin_split_download,1,141.1031,running_reports,1
driver,driver/single_origin_split_download,1,141.1031,served_bytes,12582912
driver,driver/single_origin_split_download,1,141.1031,submitted,4
driver,driver/single_origin_split_download,1,141.1031,to_first_report,134.146833
driver,driver/single_origin_split_download,1,141.1031,total,134.161458
driver,driver/single_origin_split_download,1,141.1031,unique_bytes,12582912
driver,driver/single_origin_split_download,1,141.1031,verified,1
driver,driver/single_origin_split_download,1,141.1031,writer_blocks,12
driver,driver/single_origin_split_download,1,141.1031,writer_bytes,12582912
driver,driver/single_origin_split_download,1,141.1031,writer_seeks,12
driver,driver/single_origin_split_download,2,277.0019,active,0
driver,driver/single_origin_split_download,2,277.0019,avg_block_bytes,1048576
driver,driver/single_origin_split_download,2,277.0019,body_reads,775
driver,driver/single_origin_split_download,2,277.0019,body_wait_ms,319.995
driver,driver/single_origin_split_download,2,277.0019,cache_copied_bytes,12582912
driver,driver/single_origin_split_download,2,277.0019,cache_evicted_bytes,12582912
driver,driver/single_origin_split_download,2,277.0019,cancelled,0
driver,driver/single_origin_split_download,2,277.0019,checksum_ms,0
driver,driver/single_origin_split_download,2,277.0019,commands,21
driver,driver/single_origin_split_download,2,277.0019,completed,5
driver,driver/single_origin_split_download,2,277.0019,connections,4
driver,driver/single_origin_split_download,2,277.0019,cpu_ms,37.57700000000064
driver,driver/single_origin_split_download,2,277.0019,cpu_percent,13.565610089261815
driver,driver/single_origin_split_download,2,277.0019,distinct_ranges,5
driver,driver/single_origin_split_download,2,277.0019,duplicate_bytes,0
driver,driver/single_origin_split_download,2,277.0019,failed,0
driver,driver/single_origin_split_download,2,277.0019,file_bytes,12582912
driver,driver/single_origin_split_download,2,277.0019,finalize,0.0196250000000191
driver,driver/single_origin_split_download,2,277.0019,fsync_calls,1
driver,driver/single_origin_split_download,2,277.0019,fsync_ms,4.936
driver,driver/single_origin_split_download,2,277.0019,loops,78
driver,driver/single_origin_split_download,2,277.0019,max_command_latency_ms,25.14
driver,driver/single_origin_split_download,2,277.0019,pauses,16
driver,driver/single_origin_split_download,2,277.0019,pools,1
driver,driver/single_origin_split_download,2,277.0019,prealloc_ms,4.498
driver,driver/single_origin_split_download,2,277.0019,process_peak_rss_bytes,295911424
driver,driver/single_origin_split_download,2,277.0019,report_span,62.918124999999975
driver,driver/single_origin_split_download,2,277.0019,requests,5
driver,driver/single_origin_split_download,2,277.0019,response_head_ms,54
driver,driver/single_origin_split_download,2,277.0019,response_heads,5
driver,driver/single_origin_split_download,2,277.0019,resumes,16
driver,driver/single_origin_split_download,2,277.0019,running_reports,2
driver,driver/single_origin_split_download,2,277.0019,served_bytes,12582912
driver,driver/single_origin_split_download,2,277.0019,submitted,5
driver,driver/single_origin_split_download,2,277.0019,to_first_report,207.984375
driver,driver/single_origin_split_download,2,277.0019,total,270.922125
driver,driver/single_origin_split_download,2,277.0019,unique_bytes,12582912
driver,driver/single_origin_split_download,2,277.0019,verified,1
driver,driver/single_origin_split_download,2,277.0019,writer_blocks,12
driver,driver/single_origin_split_download,2,277.0019,writer_bytes,12582912
driver,driver/single_origin_split_download,2,277.0019,writer_seeks,4
driver,driver/single_origin_split_download,3,214.6075,active,0
driver,driver/single_origin_split_download,3,214.6075,avg_block_bytes,1048576
driver,driver/single_origin_split_download,3,214.6075,body_reads,775
driver,driver/single_origin_split_download,3,214.6075,body_wait_ms,196.566
driver,driver/single_origin_split_download,3,214.6075,cache_copied_bytes,12582912
driver,driver/single_origin_split_download,3,214.6075,cache_evicted_bytes,12582912
driver,driver/single_origin_split_download,3,214.6075,cancelled,0
driver,driver/single_origin_split_download,3,214.6075,checksum_ms,0
driver,driver/single_origin_split_download,3,214.6075,commands,14
driver,driver/single_origin_split_download,3,214.6075,completed,5
driver,driver/single_origin_split_download,3,214.6075,connections,4
driver,driver/single_origin_split_download,3,214.6075,cpu_ms,40.65500000000011
driver,driver/single_origin_split_download,3,214.6075,cpu_percent,18.94388955045598
driver,driver/single_origin_split_download,3,214.6075,distinct_ranges,5
driver,driver/single_origin_split_download,3,214.6075,duplicate_bytes,0
driver,driver/single_origin_split_download,3,214.6075,failed,0
driver,driver/single_origin_split_download,3,214.6075,file_bytes,12582912
driver,driver/single_origin_split_download,3,214.6075,finalize,0.005875000000003183
driver,driver/single_origin_split_download,3,214.6075,fsync_calls,1
driver,driver/single_origin_split_download,3,214.6075,fsync_ms,6.506
driver,driver/single_origin_split_download,3,214.6075,loops,80
driver,driver/single_origin_split_download,3,214.6075,max_command_latency_ms,24.979
driver,driver/single_origin_split_download,3,214.6075,pauses,9
driver,driver/single_origin_split_download,3,214.6075,pools,1
driver,driver/single_origin_split_download,3,214.6075,prealloc_ms,4.211
driver,driver/single_origin_split_download,3,214.6075,process_peak_rss_bytes,295911424
driver,driver/single_origin_split_download,3,214.6075,report_span,0
driver,driver/single_origin_split_download,3,214.6075,requests,5
driver,driver/single_origin_split_download,3,214.6075,response_head_ms,64.603
driver,driver/single_origin_split_download,3,214.6075,response_heads,5
driver,driver/single_origin_split_download,3,214.6075,resumes,9
driver,driver/single_origin_split_download,3,214.6075,running_reports,1
driver,driver/single_origin_split_download,3,214.6075,served_bytes,12582912
driver,driver/single_origin_split_download,3,214.6075,submitted,5
driver,driver/single_origin_split_download,3,214.6075,to_first_report,208.311125
driver,driver/single_origin_split_download,3,214.6075,total,208.317
driver,driver/single_origin_split_download,3,214.6075,unique_bytes,12582912
driver,driver/single_origin_split_download,3,214.6075,verified,1
driver,driver/single_origin_split_download,3,214.6075,writer_blocks,12
driver,driver/single_origin_split_download,3,214.6075,writer_bytes,12582912
driver,driver/single_origin_split_download,3,214.6075,writer_seeks,1
driver,driver/single_origin_split_download,4,157.8755,active,0
driver,driver/single_origin_split_download,4,157.8755,avg_block_bytes,1048576
driver,driver/single_origin_split_download,4,157.8755,body_reads,774
driver,driver/single_origin_split_download,4,157.8755,body_wait_ms,279.733
driver,driver/single_origin_split_download,4,157.8755,cache_copied_bytes,12582912
driver,driver/single_origin_split_download,4,157.8755,cache_evicted_bytes,12582912
driver,driver/single_origin_split_download,4,157.8755,cancelled,0
driver,driver/single_origin_split_download,4,157.8755,checksum_ms,0
driver,driver/single_origin_split_download,4,157.8755,commands,16
driver,driver/single_origin_split_download,4,157.8755,completed,4
driver,driver/single_origin_split_download,4,157.8755,connections,4
driver,driver/single_origin_split_download,4,157.8755,cpu_ms,38.24399999999972
driver,driver/single_origin_split_download,4,157.8755,cpu_percent,24.224144864693308
driver,driver/single_origin_split_download,4,157.8755,distinct_ranges,4
driver,driver/single_origin_split_download,4,157.8755,duplicate_bytes,0
driver,driver/single_origin_split_download,4,157.8755,failed,0
driver,driver/single_origin_split_download,4,157.8755,file_bytes,12582912
driver,driver/single_origin_split_download,4,157.8755,finalize,0.015041999999994005
driver,driver/single_origin_split_download,4,157.8755,fsync_calls,1
driver,driver/single_origin_split_download,4,157.8755,fsync_ms,8.555
driver,driver/single_origin_split_download,4,157.8755,loops,45
driver,driver/single_origin_split_download,4,157.8755,max_command_latency_ms,24.116
driver,driver/single_origin_split_download,4,157.8755,pauses,12
driver,driver/single_origin_split_download,4,157.8755,pools,1
driver,driver/single_origin_split_download,4,157.8755,prealloc_ms,2.577
driver,driver/single_origin_split_download,4,157.8755,process_peak_rss_bytes,295911424
driver,driver/single_origin_split_download,4,157.8755,report_span,0
driver,driver/single_origin_split_download,4,157.8755,requests,4
driver,driver/single_origin_split_download,4,157.8755,response_head_ms,66.941
driver,driver/single_origin_split_download,4,157.8755,response_heads,4
driver,driver/single_origin_split_download,4,157.8755,resumes,12
driver,driver/single_origin_split_download,4,157.8755,running_reports,1
driver,driver/single_origin_split_download,4,157.8755,served_bytes,12582912
driver,driver/single_origin_split_download,4,157.8755,submitted,4
driver,driver/single_origin_split_download,4,157.8755,to_first_report,153.538667
driver,driver/single_origin_split_download,4,157.8755,total,153.553709
driver,driver/single_origin_split_download,4,157.8755,unique_bytes,12582912
driver,driver/single_origin_split_download,4,157.8755,verified,1
driver,driver/single_origin_split_download,4,157.8755,writer_blocks,12
driver,driver/single_origin_split_download,4,157.8755,writer_bytes,12582912
driver,driver/single_origin_split_download,4,157.8755,writer_seeks,12
driver,driver/single_origin_split_download,5,161.1460,active,0
driver,driver/single_origin_split_download,5,161.1460,avg_block_bytes,1048576
driver,driver/single_origin_split_download,5,161.1460,body_reads,777
driver,driver/single_origin_split_download,5,161.1460,body_wait_ms,209.308
driver,driver/single_origin_split_download,5,161.1460,cache_copied_bytes,12582912
driver,driver/single_origin_split_download,5,161.1460,cache_evicted_bytes,12582912
driver,driver/single_origin_split_download,5,161.1460,cancelled,0
driver,driver/single_origin_split_download,5,161.1460,checksum_ms,0
driver,driver/single_origin_split_download,5,161.1460,commands,13
driver,driver/single_origin_split_download,5,161.1460,completed,4
driver,driver/single_origin_split_download,5,161.1460,connections,4
driver,driver/single_origin_split_download,5,161.1460,cpu_ms,32.76600000000052
driver,driver/single_origin_split_download,5,161.1460,cpu_percent,20.333114070470575
driver,driver/single_origin_split_download,5,161.1460,distinct_ranges,4
driver,driver/single_origin_split_download,5,161.1460,duplicate_bytes,0
driver,driver/single_origin_split_download,5,161.1460,failed,0
driver,driver/single_origin_split_download,5,161.1460,file_bytes,12582912
driver,driver/single_origin_split_download,5,161.1460,finalize,0.008791999999999689
driver,driver/single_origin_split_download,5,161.1460,fsync_calls,1
driver,driver/single_origin_split_download,5,161.1460,fsync_ms,9.101
driver,driver/single_origin_split_download,5,161.1460,loops,61
driver,driver/single_origin_split_download,5,161.1460,max_command_latency_ms,24.965
driver,driver/single_origin_split_download,5,161.1460,pauses,9
driver,driver/single_origin_split_download,5,161.1460,pools,1
driver,driver/single_origin_split_download,5,161.1460,prealloc_ms,4.608
driver,driver/single_origin_split_download,5,161.1460,process_peak_rss_bytes,295911424
driver,driver/single_origin_split_download,5,161.1460,report_span,0
driver,driver/single_origin_split_download,5,161.1460,requests,4
driver,driver/single_origin_split_download,5,161.1460,response_head_ms,65.466
driver,driver/single_origin_split_download,5,161.1460,response_heads,4
driver,driver/single_origin_split_download,5,161.1460,resumes,9
driver,driver/single_origin_split_download,5,161.1460,running_reports,1
driver,driver/single_origin_split_download,5,161.1460,served_bytes,12582912
driver,driver/single_origin_split_download,5,161.1460,submitted,4
driver,driver/single_origin_split_download,5,161.1460,to_first_report,157.599
driver,driver/single_origin_split_download,5,161.1460,total,157.607792
driver,driver/single_origin_split_download,5,161.1460,unique_bytes,12582912
driver,driver/single_origin_split_download,5,161.1460,verified,1
driver,driver/single_origin_split_download,5,161.1460,writer_blocks,12
driver,driver/single_origin_split_download,5,161.1460,writer_bytes,12582912
driver,driver/single_origin_split_download,5,161.1460,writer_seeks,10
driver,driver/single_origin_split_download,6,264.1961,active,0
driver,driver/single_origin_split_download,6,264.1961,avg_block_bytes,1048576
driver,driver/single_origin_split_download,6,264.1961,body_reads,780
driver,driver/single_origin_split_download,6,264.1961,body_wait_ms,246.302
driver,driver/single_origin_split_download,6,264.1961,cache_copied_bytes,12582912
driver,driver/single_origin_split_download,6,264.1961,cache_evicted_bytes,12582912
driver,driver/single_origin_split_download,6,264.1961,cancelled,0
driver,driver/single_origin_split_download,6,264.1961,checksum_ms,0
driver,driver/single_origin_split_download,6,264.1961,commands,18
driver,driver/single_origin_split_download,6,264.1961,completed,5
driver,driver/single_origin_split_download,6,264.1961,connections,4
driver,driver/single_origin_split_download,6,264.1961,cpu_ms,41.75400000000007
driver,driver/single_origin_split_download,6,264.1961,cpu_percent,15.804170662877832
driver,driver/single_origin_split_download,6,264.1961,distinct_ranges,5
driver,driver/single_origin_split_download,6,264.1961,duplicate_bytes,0
driver,driver/single_origin_split_download,6,264.1961,failed,0
driver,driver/single_origin_split_download,6,264.1961,file_bytes,12582912
driver,driver/single_origin_split_download,6,264.1961,finalize,0.015582999999992353
driver,driver/single_origin_split_download,6,264.1961,fsync_calls,1
driver,driver/single_origin_split_download,6,264.1961,fsync_ms,6.695
driver,driver/single_origin_split_download,6,264.1961,loops,79
driver,driver/single_origin_split_download,6,264.1961,max_command_latency_ms,25.027
driver,driver/single_origin_split_download,6,264.1961,pauses,13
driver,driver/single_origin_split_download,6,264.1961,pools,1
driver,driver/single_origin_split_download,6,264.1961,prealloc_ms,2.754
driver,driver/single_origin_split_download,6,264.1961,process_peak_rss_bytes,295911424
driver,driver/single_origin_split_download,6,264.1961,report_span,51.273709000000025
driver,driver/single_origin_split_download,6,264.1961,requests,5
driver,driver/single_origin_split_download,6,264.1961,response_head_ms,69.24
driver,driver/single_origin_split_download,6,264.1961,response_heads,5
driver,driver/single_origin_split_download,6,264.1961,resumes,13
driver,driver/single_origin_split_download,6,264.1961,running_reports,2
driver,driver/single_origin_split_download,6,264.1961,served_bytes,12582912
driver,driver/single_origin_split_download,6,264.1961,submitted,5
driver,driver/single_origin_split_download,6,264.1961,to_first_report,206.41995799999998
driver,driver/single_origin_split_download,6,264.1961,total,257.70925
driver,driver/single_origin_split_download,6,264.1961,unique_bytes,12582912
driver,driver/single_origin_split_download,6,264.1961,verified,1
driver,driver/single_origin_split_download,6,264.1961,writer_blocks,12
driver,driver/single_origin_split_download,6,264.1961,writer_bytes,12582912
driver,driver/single_origin_split_download,6,264.1961,writer_seeks,4
driver,driver/single_origin_split_download,7,177.1412,active,0
driver,driver/single_origin_split_download,7,177.1412,avg_block_bytes,1048576
driver,driver/single_origin_split_download,7,177.1412,body_reads,782
driver,driver/single_origin_split_download,7,177.1412,body_wait_ms,251.44
driver,driver/single_origin_split_download,7,177.1412,cache_copied_bytes,12582912
driver,driver/single_origin_split_download,7,177.1412,cache_evicted_bytes,12582912
driver,driver/single_origin_split_download,7,177.1412,cancelled,0
driver,driver/single_origin_split_download,7,177.1412,checksum_ms,0
driver,driver/single_origin_split_download,7,177.1412,commands,21
driver,driver/single_origin_split_download,7,177.1412,completed,5
driver,driver/single_origin_split_download,7,177.1412,connections,4
driver,driver/single_origin_split_download,7,177.1412,cpu_ms,28.587000000000806
driver,driver/single_origin_split_download,7,177.1412,cpu_percent,16.137972728864465
driver,driver/single_origin_split_download,7,177.1412,distinct_ranges,5
driver,driver/single_origin_split_download,7,177.1412,duplicate_bytes,0
driver,driver/single_origin_split_download,7,177.1412,failed,0
driver,driver/single_origin_split_download,7,177.1412,file_bytes,12582912
driver,driver/single_origin_split_download,7,177.1412,fsync_calls,1
driver,driver/single_origin_split_download,7,177.1412,fsync_ms,8.379
driver,driver/single_origin_split_download,7,177.1412,loops,67
driver,driver/single_origin_split_download,7,177.1412,max_command_latency_ms,24.889
driver,driver/single_origin_split_download,7,177.1412,pauses,16
driver,driver/single_origin_split_download,7,177.1412,pools,1
driver,driver/single_origin_split_download,7,177.1412,prealloc_ms,3.81
driver,driver/single_origin_split_download,7,177.1412,process_peak_rss_bytes,295911424
driver,driver/single_origin_split_download,7,177.1412,requests,5
driver,driver/single_origin_split_download,7,177.1412,response_head_ms,74.207
driver,driver/single_origin_split_download,7,177.1412,response_heads,5
driver,driver/single_origin_split_download,7,177.1412,resumes,16
driver,driver/single_origin_split_download,7,177.1412,running_reports,0
driver,driver/single_origin_split_download,7,177.1412,served_bytes,12582912
driver,driver/single_origin_split_download,7,177.1412,submitted,5
driver,driver/single_origin_split_download,7,177.1412,total,173.136917
driver,driver/single_origin_split_download,7,177.1412,unique_bytes,12582912
driver,driver/single_origin_split_download,7,177.1412,verified,1
driver,driver/single_origin_split_download,7,177.1412,writer_blocks,12
driver,driver/single_origin_split_download,7,177.1412,writer_bytes,12582912
driver,driver/single_origin_split_download,7,177.1412,writer_seeks,8
driver,driver/single_origin_split_download,8,112.0245,active,0
driver,driver/single_origin_split_download,8,112.0245,avg_block_bytes,1048576
driver,driver/single_origin_split_download,8,112.0245,body_reads,784
driver,driver/single_origin_split_download,8,112.0245,body_wait_ms,187.351
driver,driver/single_origin_split_download,8,112.0245,cache_copied_bytes,12582912
driver,driver/single_origin_split_download,8,112.0245,cache_evicted_bytes,12582912
driver,driver/single_origin_split_download,8,112.0245,cancelled,0
driver,driver/single_origin_split_download,8,112.0245,checksum_ms,0
driver,driver/single_origin_split_download,8,112.0245,commands,20
driver,driver/single_origin_split_download,8,112.0245,completed,4
driver,driver/single_origin_split_download,8,112.0245,connections,4
driver,driver/single_origin_split_download,8,112.0245,cpu_ms,20.385000000000986
driver,driver/single_origin_split_download,8,112.0245,cpu_percent,18.196905460234763
driver,driver/single_origin_split_download,8,112.0245,distinct_ranges,4
driver,driver/single_origin_split_download,8,112.0245,duplicate_bytes,0
driver,driver/single_origin_split_download,8,112.0245,failed,0
driver,driver/single_origin_split_download,8,112.0245,file_bytes,12582912
driver,driver/single_origin_split_download,8,112.0245,finalize,0.0017499999999870397
driver,driver/single_origin_split_download,8,112.0245,fsync_calls,1
driver,driver/single_origin_split_download,8,112.0245,fsync_ms,7.41
driver,driver/single_origin_split_download,8,112.0245,loops,54
driver,driver/single_origin_split_download,8,112.0245,max_command_latency_ms,25.007
driver,driver/single_origin_split_download,8,112.0245,pauses,16
driver,driver/single_origin_split_download,8,112.0245,pools,1
driver,driver/single_origin_split_download,8,112.0245,prealloc_ms,4.416
driver,driver/single_origin_split_download,8,112.0245,process_peak_rss_bytes,295911424
driver,driver/single_origin_split_download,8,112.0245,report_span,0
driver,driver/single_origin_split_download,8,112.0245,requests,4
driver,driver/single_origin_split_download,8,112.0245,response_head_ms,51.287
driver,driver/single_origin_split_download,8,112.0245,response_heads,4
driver,driver/single_origin_split_download,8,112.0245,resumes,16
driver,driver/single_origin_split_download,8,112.0245,running_reports,1
driver,driver/single_origin_split_download,8,112.0245,served_bytes,12582912
driver,driver/single_origin_split_download,8,112.0245,submitted,4
driver,driver/single_origin_split_download,8,112.0245,to_first_report,109.097333
driver,driver/single_origin_split_download,8,112.0245,total,109.099083
driver,driver/single_origin_split_download,8,112.0245,unique_bytes,12582912
driver,driver/single_origin_split_download,8,112.0245,verified,1
driver,driver/single_origin_split_download,8,112.0245,writer_blocks,12
driver,driver/single_origin_split_download,8,112.0245,writer_bytes,12582912
driver,driver/single_origin_split_download,8,112.0245,writer_seeks,11
driver,driver/single_origin_split_download,9,137.3886,active,0
driver,driver/single_origin_split_download,9,137.3886,avg_block_bytes,1048576
driver,driver/single_origin_split_download,9,137.3886,body_reads,780
driver,driver/single_origin_split_download,9,137.3886,body_wait_ms,218.617
driver,driver/single_origin_split_download,9,137.3886,cache_copied_bytes,12582912
driver,driver/single_origin_split_download,9,137.3886,cache_evicted_bytes,12582912
driver,driver/single_origin_split_download,9,137.3886,cancelled,0
driver,driver/single_origin_split_download,9,137.3886,checksum_ms,0
driver,driver/single_origin_split_download,9,137.3886,commands,13
driver,driver/single_origin_split_download,9,137.3886,completed,4
driver,driver/single_origin_split_download,9,137.3886,connections,4
driver,driver/single_origin_split_download,9,137.3886,cpu_ms,31.130999999999354
driver,driver/single_origin_split_download,9,137.3886,cpu_percent,22.659081128440842
driver,driver/single_origin_split_download,9,137.3886,distinct_ranges,4
driver,driver/single_origin_split_download,9,137.3886,duplicate_bytes,0
driver,driver/single_origin_split_download,9,137.3886,failed,0
driver,driver/single_origin_split_download,9,137.3886,file_bytes,12582912
driver,driver/single_origin_split_download,9,137.3886,finalize,0.0017919999999946867
driver,driver/single_origin_split_download,9,137.3886,fsync_calls,1
driver,driver/single_origin_split_download,9,137.3886,fsync_ms,7.972
driver,driver/single_origin_split_download,9,137.3886,loops,51
driver,driver/single_origin_split_download,9,137.3886,max_command_latency_ms,25.056
driver,driver/single_origin_split_download,9,137.3886,pauses,9
driver,driver/single_origin_split_download,9,137.3886,pools,1
driver,driver/single_origin_split_download,9,137.3886,prealloc_ms,3.365
driver,driver/single_origin_split_download,9,137.3886,process_peak_rss_bytes,295911424
driver,driver/single_origin_split_download,9,137.3886,report_span,0
driver,driver/single_origin_split_download,9,137.3886,requests,4
driver,driver/single_origin_split_download,9,137.3886,response_head_ms,64.833
driver,driver/single_origin_split_download,9,137.3886,response_heads,4
driver,driver/single_origin_split_download,9,137.3886,resumes,9
driver,driver/single_origin_split_download,9,137.3886,running_reports,1
driver,driver/single_origin_split_download,9,137.3886,served_bytes,12582912
driver,driver/single_origin_split_download,9,137.3886,submitted,4
driver,driver/single_origin_split_download,9,137.3886,to_first_report,133.861917
driver,driver/single_origin_split_download,9,137.3886,total,133.863709
driver,driver/single_origin_split_download,9,137.3886,unique_bytes,12582912
driver,driver/single_origin_split_download,9,137.3886,verified,1
driver,driver/single_origin_split_download,9,137.3886,writer_blocks,12
driver,driver/single_origin_split_download,9,137.3886,writer_bytes,12582912
driver,driver/single_origin_split_download,9,137.3886,writer_seeks,12
driver,driver/body_backpressure_256KiB_budget,0,763.9934,active,0
driver,driver/body_backpressure_256KiB_budget,0,763.9934,avg_block_bytes,71089.89830508475
driver,driver/body_backpressure_256KiB_budget,0,763.9934,body_reads,774
driver,driver/body_backpressure_256KiB_budget,0,763.9934,body_wait_ms,1367.329
driver,driver/body_backpressure_256KiB_budget,0,763.9934,cache_copied_bytes,12582912
driver,driver/body_backpressure_256KiB_budget,0,763.9934,cache_evicted_bytes,12582912
driver,driver/body_backpressure_256KiB_budget,0,763.9934,cancelled,0
driver,driver/body_backpressure_256KiB_budget,0,763.9934,checksum_ms,0
driver,driver/body_backpressure_256KiB_budget,0,763.9934,commands,73
driver,driver/body_backpressure_256KiB_budget,0,763.9934,completed,4
driver,driver/body_backpressure_256KiB_budget,0,763.9934,connections,4
driver,driver/body_backpressure_256KiB_budget,0,763.9934,cpu_ms,47.05099999999973
driver,driver/body_backpressure_256KiB_budget,0,763.9934,cpu_percent,6.158560918594896
driver,driver/body_backpressure_256KiB_budget,0,763.9934,distinct_ranges,4
driver,driver/body_backpressure_256KiB_budget,0,763.9934,duplicate_bytes,0
driver,driver/body_backpressure_256KiB_budget,0,763.9934,failed,0
driver,driver/body_backpressure_256KiB_budget,0,763.9934,file_bytes,12582912
driver,driver/body_backpressure_256KiB_budget,0,763.9934,finalize,0.0018330000000332802
driver,driver/body_backpressure_256KiB_budget,0,763.9934,fsync_calls,1
driver,driver/body_backpressure_256KiB_budget,0,763.9934,fsync_ms,7.71
driver,driver/body_backpressure_256KiB_budget,0,763.9934,loops,73
driver,driver/body_backpressure_256KiB_budget,0,763.9934,max_command_latency_ms,25.023
driver,driver/body_backpressure_256KiB_budget,0,763.9934,pauses,69
driver,driver/body_backpressure_256KiB_budget,0,763.9934,pools,1
driver,driver/body_backpressure_256KiB_budget,0,763.9934,prealloc_ms,4.063
driver,driver/body_backpressure_256KiB_budget,0,763.9934,process_peak_rss_bytes,295911424
driver,driver/body_backpressure_256KiB_budget,0,763.9934,report_span,553.037209
driver,driver/body_backpressure_256KiB_budget,0,763.9934,requests,4
driver,driver/body_backpressure_256KiB_budget,0,763.9934,response_head_ms,65.71
driver,driver/body_backpressure_256KiB_budget,0,763.9934,response_heads,4
driver,driver/body_backpressure_256KiB_budget,0,763.9934,resumes,69
driver,driver/body_backpressure_256KiB_budget,0,763.9934,running_reports,4
driver,driver/body_backpressure_256KiB_budget,0,763.9934,served_bytes,12582912
driver,driver/body_backpressure_256KiB_budget,0,763.9934,submitted,4
driver,driver/body_backpressure_256KiB_budget,0,763.9934,to_first_report,207.08083299999998
driver,driver/body_backpressure_256KiB_budget,0,763.9934,total,760.119875
driver,driver/body_backpressure_256KiB_budget,0,763.9934,unique_bytes,12582912
driver,driver/body_backpressure_256KiB_budget,0,763.9934,verified,1
driver,driver/body_backpressure_256KiB_budget,0,763.9934,writer_blocks,177
driver,driver/body_backpressure_256KiB_budget,0,763.9934,writer_bytes,12582912
driver,driver/body_backpressure_256KiB_budget,0,763.9934,writer_seeks,145
driver,driver/body_backpressure_256KiB_budget,1,598.6942,active,0
driver,driver/body_backpressure_256KiB_budget,1,598.6942,avg_block_bytes,53092.45569620253
driver,driver/body_backpressure_256KiB_budget,1,598.6942,body_reads,777
driver,driver/body_backpressure_256KiB_budget,1,598.6942,body_wait_ms,1670.69
driver,driver/body_backpressure_256KiB_budget,1,598.6942,cache_copied_bytes,12582912
driver,driver/body_backpressure_256KiB_budget,1,598.6942,cache_evicted_bytes,12582912
driver,driver/body_backpressure_256KiB_budget,1,598.6942,cancelled,0
driver,driver/body_backpressure_256KiB_budget,1,598.6942,checksum_ms,0
driver,driver/body_backpressure_256KiB_budget,1,598.6942,commands,91
driver,driver/body_backpressure_256KiB_budget,1,598.6942,completed,5
driver,driver/body_backpressure_256KiB_budget,1,598.6942,connections,4
driver,driver/body_backpressure_256KiB_budget,1,598.6942,cpu_ms,56.02700000000027
driver,driver/body_backpressure_256KiB_budget,1,598.6942,cpu_percent,9.358200411530028
driver,driver/body_backpressure_256KiB_budget,1,598.6942,distinct_ranges,5
driver,driver/body_backpressure_256KiB_budget,1,598.6942,duplicate_bytes,0
driver,driver/body_backpressure_256KiB_budget,1,598.6942,failed,0
driver,driver/body_backpressure_256KiB_budget,1,598.6942,file_bytes,12582912
driver,driver/body_backpressure_256KiB_budget,1,598.6942,finalize,0.015957999999955064
driver,driver/body_backpressure_256KiB_budget,1,598.6942,fsync_calls,1
driver,driver/body_backpressure_256KiB_budget,1,598.6942,fsync_ms,15.379
driver,driver/body_backpressure_256KiB_budget,1,598.6942,loops,69
driver,driver/body_backpressure_256KiB_budget,1,598.6942,max_command_latency_ms,25.11
driver,driver/body_backpressure_256KiB_budget,1,598.6942,pauses,86
driver,driver/body_backpressure_256KiB_budget,1,598.6942,pools,1
driver,driver/body_backpressure_256KiB_budget,1,598.6942,prealloc_ms,2.611
driver,driver/body_backpressure_256KiB_budget,1,598.6942,process_peak_rss_bytes,295911424
driver,driver/body_backpressure_256KiB_budget,1,598.6942,report_span,388.8045420000001
driver,driver/body_backpressure_256KiB_budget,1,598.6942,requests,5
driver,driver/body_backpressure_256KiB_budget,1,598.6942,response_head_ms,94.477
driver,driver/body_backpressure_256KiB_budget,1,598.6942,response_heads,5
driver,driver/body_backpressure_256KiB_budget,1,598.6942,resumes,86
driver,driver/body_backpressure_256KiB_budget,1,598.6942,running_reports,3
driver,driver/body_backpressure_256KiB_budget,1,598.6942,served_bytes,12582912
driver,driver/body_backpressure_256KiB_budget,1,598.6942,submitted,5
driver,driver/body_backpressure_256KiB_budget,1,598.6942,to_first_report,205.591375
driver,driver/body_backpressure_256KiB_budget,1,598.6942,total,594.411875
driver,driver/body_backpressure_256KiB_budget,1,598.6942,unique_bytes,12582912
driver,driver/body_backpressure_256KiB_budget,1,598.6942,verified,1
driver,driver/body_backpressure_256KiB_budget,1,598.6942,writer_blocks,237
driver,driver/body_backpressure_256KiB_budget,1,598.6942,writer_bytes,12582912
driver,driver/body_backpressure_256KiB_budget,1,598.6942,writer_seeks,216
driver,driver/body_backpressure_256KiB_budget,2,827.5845,active,0
driver,driver/body_backpressure_256KiB_budget,2,827.5845,avg_block_bytes,82241.25490196078
driver,driver/body_backpressure_256KiB_budget,2,827.5845,body_reads,775
driver,driver/body_backpressure_256KiB_budget,2,827.5845,body_wait_ms,1230.804
driver,driver/body_backpressure_256KiB_budget,2,827.5845,cache_copied_bytes,12582912
driver,driver/body_backpressure_256KiB_budget,2,827.5845,cache_evicted_bytes,12582912
driver,driver/body_backpressure_256KiB_budget,2,827.5845,cancelled,0
driver,driver/body_backpressure_256KiB_budget,2,827.5845,checksum_ms,0
driver,driver/body_backpressure_256KiB_budget,2,827.5845,commands,65
driver,driver/body_backpressure_256KiB_budget,2,827.5845,completed,5
driver,driver/body_backpressure_256KiB_budget,2,827.5845,connections,4
driver,driver/body_backpressure_256KiB_budget,2,827.5845,cpu_ms,56.75600000000003
driver,driver/body_backpressure_256KiB_budget,2,827.5845,cpu_percent,6.858030463309455
driver,driver/body_backpressure_256KiB_budget,2,827.5845,distinct_ranges,5
driver,driver/body_backpressure_256KiB_budget,2,827.5845,duplicate_bytes,0
driver,driver/body_backpressure_256KiB_budget,2,827.5845,failed,0
driver,driver/body_backpressure_256KiB_budget,2,827.5845,file_bytes,12582912
driver,driver/body_backpressure_256KiB_budget,2,827.5845,finalize,0.045707999999990534
driver,driver/body_backpressure_256KiB_budget,2,827.5845,fsync_calls,1
driver,driver/body_backpressure_256KiB_budget,2,827.5845,fsync_ms,6.13
driver,driver/body_backpressure_256KiB_budget,2,827.5845,loops,90
driver,driver/body_backpressure_256KiB_budget,2,827.5845,max_command_latency_ms,25.035
driver,driver/body_backpressure_256KiB_budget,2,827.5845,pauses,60
driver,driver/body_backpressure_256KiB_budget,2,827.5845,pools,1
driver,driver/body_backpressure_256KiB_budget,2,827.5845,prealloc_ms,5.188
driver,driver/body_backpressure_256KiB_budget,2,827.5845,process_peak_rss_bytes,295911424
driver,driver/body_backpressure_256KiB_budget,2,827.5845,report_span,612.596542
driver,driver/body_backpressure_256KiB_budget,2,827.5845,requests,5
driver,driver/body_backpressure_256KiB_budget,2,827.5845,response_head_ms,87.419
driver,driver/body_backpressure_256KiB_budget,2,827.5845,response_heads,5
driver,driver/body_backpressure_256KiB_budget,2,827.5845,resumes,60
driver,driver/body_backpressure_256KiB_budget,2,827.5845,running_reports,5
driver,driver/body_backpressure_256KiB_budget,2,827.5845,served_bytes,12582912
driver,driver/body_backpressure_256KiB_budget,2,827.5845,submitted,5
driver,driver/body_backpressure_256KiB_budget,2,827.5845,to_first_report,207.383542
driver,driver/body_backpressure_256KiB_budget,2,827.5845,total,820.025792
driver,driver/body_backpressure_256KiB_budget,2,827.5845,unique_bytes,12582912
driver,driver/body_backpressure_256KiB_budget,2,827.5845,verified,1
driver,driver/body_backpressure_256KiB_budget,2,827.5845,writer_blocks,153
driver,driver/body_backpressure_256KiB_budget,2,827.5845,writer_bytes,12582912
driver,driver/body_backpressure_256KiB_budget,2,827.5845,writer_seeks,87
driver,driver/body_backpressure_256KiB_budget,3,788.4390,active,0
driver,driver/body_backpressure_256KiB_budget,3,788.4390,avg_block_bytes,84449.07382550335
driver,driver/body_backpressure_256KiB_budget,3,788.4390,body_reads,774
driver,driver/body_backpressure_256KiB_budget,3,788.4390,body_wait_ms,1127.63
driver,driver/body_backpressure_256KiB_budget,3,788.4390,cache_copied_bytes,12582912
driver,driver/body_backpressure_256KiB_budget,3,788.4390,cache_evicted_bytes,12582912
driver,driver/body_backpressure_256KiB_budget,3,788.4390,cancelled,0
driver,driver/body_backpressure_256KiB_budget,3,788.4390,checksum_ms,0
driver,driver/body_backpressure_256KiB_budget,3,788.4390,commands,62
driver,driver/body_backpressure_256KiB_budget,3,788.4390,completed,5
driver,driver/body_backpressure_256KiB_budget,3,788.4390,connections,4
driver,driver/body_backpressure_256KiB_budget,3,788.4390,cpu_ms,55.84999999999951
driver,driver/body_backpressure_256KiB_budget,3,788.4390,cpu_percent,7.083617121933277
driver,driver/body_backpressure_256KiB_budget,3,788.4390,distinct_ranges,5
driver,driver/body_backpressure_256KiB_budget,3,788.4390,duplicate_bytes,0
driver,driver/body_backpressure_256KiB_budget,3,788.4390,failed,0
driver,driver/body_backpressure_256KiB_budget,3,788.4390,file_bytes,12582912
driver,driver/body_backpressure_256KiB_budget,3,788.4390,finalize,0.014375000000086402
driver,driver/body_backpressure_256KiB_budget,3,788.4390,fsync_calls,1
driver,driver/body_backpressure_256KiB_budget,3,788.4390,fsync_ms,5.049
driver,driver/body_backpressure_256KiB_budget,3,788.4390,loops,86
driver,driver/body_backpressure_256KiB_budget,3,788.4390,max_command_latency_ms,25.075
driver,driver/body_backpressure_256KiB_budget,3,788.4390,pauses,57
driver,driver/body_backpressure_256KiB_budget,3,788.4390,pools,1
driver,driver/body_backpressure_256KiB_budget,3,788.4390,prealloc_ms,4.374
driver,driver/body_backpressure_256KiB_budget,3,788.4390,process_peak_rss_bytes,295911424
driver,driver/body_backpressure_256KiB_budget,3,788.4390,report_span,573.2723329999999
driver,driver/body_backpressure_256KiB_budget,3,788.4390,requests,5
driver,driver/body_backpressure_256KiB_budget,3,788.4390,response_head_ms,88.11
driver,driver/body_backpressure_256KiB_budget,3,788.4390,response_heads,5
driver,driver/body_backpressure_256KiB_budget,3,788.4390,resumes,57
driver,driver/body_backpressure_256KiB_budget,3,788.4390,running_reports,4
driver,driver/body_backpressure_256KiB_budget,3,788.4390,served_bytes,12582912
driver,driver/body_backpressure_256KiB_budget,3,788.4390,submitted,5
driver,driver/body_backpressure_256KiB_budget,3,788.4390,to_first_report,207.812583
driver,driver/body_backpressure_256KiB_budget,3,788.4390,total,781.099291
driver,driver/body_backpressure_256KiB_budget,3,788.4390,unique_bytes,12582912
driver,driver/body_backpressure_256KiB_budget,3,788.4390,verified,1
driver,driver/body_backpressure_256KiB_budget,3,788.4390,writer_blocks,149
driver,driver/body_backpressure_256KiB_budget,3,788.4390,writer_bytes,12582912
driver,driver/body_backpressure_256KiB_budget,3,788.4390,writer_seeks,79
driver,driver/body_backpressure_256KiB_budget,4,712.2297,active,0
driver,driver/body_backpressure_256KiB_budget,4,712.2297,avg_block_bytes,59353.35849056604
driver,driver/body_backpressure_256KiB_budget,4,712.2297,body_reads,775
driver,driver/body_backpressure_256KiB_budget,4,712.2297,body_wait_ms,1677.028
driver,driver/body_backpressure_256KiB_budget,4,712.2297,cache_copied_bytes,12582912
driver,driver/body_backpressure_256KiB_budget,4,712.2297,cache_evicted_bytes,12582912
driver,driver/body_backpressure_256KiB_budget,4,712.2297,cancelled,0
driver,driver/body_backpressure_256KiB_budget,4,712.2297,checksum_ms,0
driver,driver/body_backpressure_256KiB_budget,4,712.2297,commands,82
driver,driver/body_backpressure_256KiB_budget,4,712.2297,completed,4
driver,driver/body_backpressure_256KiB_budget,4,712.2297,connections,4
driver,driver/body_backpressure_256KiB_budget,4,712.2297,cpu_ms,55.626000000000175
driver,driver/body_backpressure_256KiB_budget,4,712.2297,cpu_percent,7.810120259649387
driver,driver/body_backpressure_256KiB_budget,4,712.2297,distinct_ranges,4
driver,driver/body_backpressure_256KiB_budget,4,712.2297,duplicate_bytes,0
driver,driver/body_backpressure_256KiB_budget,4,712.2297,failed,0
driver,driver/body_backpressure_256KiB_budget,4,712.2297,file_bytes,12582912
driver,driver/body_backpressure_256KiB_budget,4,712.2297,finalize,0.007667000000083135
driver,driver/body_backpressure_256KiB_budget,4,712.2297,fsync_calls,1
driver,driver/body_backpressure_256KiB_budget,4,712.2297,fsync_ms,8.192
driver,driver/body_backpressure_256KiB_budget,4,712.2297,loops,74
driver,driver/body_backpressure_256KiB_budget,4,712.2297,max_command_latency_ms,25.07
driver,driver/body_backpressure_256KiB_budget,4,712.2297,pauses,78
driver,driver/body_backpressure_256KiB_budget,4,712.2297,pools,1
driver,driver/body_backpressure_256KiB_budget,4,712.2297,prealloc_ms,3.021
driver,driver/body_backpressure_256KiB_budget,4,712.2297,process_peak_rss_bytes,295911424
driver,driver/body_backpressure_256KiB_budget,4,712.2297,report_span,500.79154199999994
driver,driver/body_backpressure_256KiB_budget,4,712.2297,requests,4
driver,driver/body_backpressure_256KiB_budget,4,712.2297,response_head_ms,62.303
driver,driver/body_backpressure_256KiB_budget,4,712.2297,response_heads,4
driver,driver/body_backpressure_256KiB_budget,4,712.2297,resumes,78
driver,driver/body_backpressure_256KiB_budget,4,712.2297,running_reports,4
driver,driver/body_backpressure_256KiB_budget,4,712.2297,served_bytes,12582912
driver,driver/body_backpressure_256KiB_budget,4,712.2297,submitted,4
driver,driver/body_backpressure_256KiB_budget,4,712.2297,to_first_report,206.700333
driver,driver/body_backpressure_256KiB_budget,4,712.2297,total,707.499542
driver,driver/body_backpressure_256KiB_budget,4,712.2297,unique_bytes,12582912
driver,driver/body_backpressure_256KiB_budget,4,712.2297,verified,1
driver,driver/body_backpressure_256KiB_budget,4,712.2297,writer_blocks,212
driver,driver/body_backpressure_256KiB_budget,4,712.2297,writer_bytes,12582912
driver,driver/body_backpressure_256KiB_budget,4,712.2297,writer_seeks,189
driver,driver/body_backpressure_256KiB_budget,5,703.9470,active,0
driver,driver/body_backpressure_256KiB_budget,5,703.9470,avg_block_bytes,82782.31578947368
driver,driver/body_backpressure_256KiB_budget,5,703.9470,body_reads,773
driver,driver/body_backpressure_256KiB_budget,5,703.9470,body_wait_ms,1098.366
driver,driver/body_backpressure_256KiB_budget,5,703.9470,cache_copied_bytes,12582912
driver,driver/body_backpressure_256KiB_budget,5,703.9470,cache_evicted_bytes,12582912
driver,driver/body_backpressure_256KiB_budget,5,703.9470,cancelled,0
driver,driver/body_backpressure_256KiB_budget,5,703.9470,checksum_ms,0
driver,driver/body_backpressure_256KiB_budget,5,703.9470,commands,57
driver,driver/body_backpressure_256KiB_budget,5,703.9470,completed,5
driver,driver/body_backpressure_256KiB_budget,5,703.9470,connections,4
driver,driver/body_backpressure_256KiB_budget,5,703.9470,cpu_ms,54.391999999999996
driver,driver/body_backpressure_256KiB_budget,5,703.9470,cpu_percent,7.726717612554038
driver,driver/body_backpressure_256KiB_budget,5,703.9470,distinct_ranges,5
driver,driver/body_backpressure_256KiB_budget,5,703.9470,duplicate_bytes,0
driver,driver/body_backpressure_256KiB_budget,5,703.9470,failed,0
driver,driver/body_backpressure_256KiB_budget,5,703.9470,file_bytes,12582912
driver,driver/body_backpressure_256KiB_budget,5,703.9470,finalize,0.011624999999867214
driver,driver/body_backpressure_256KiB_budget,5,703.9470,fsync_calls,1
driver,driver/body_backpressure_256KiB_budget,5,703.9470,fsync_ms,6.966
driver,driver/body_backpressure_256KiB_budget,5,703.9470,loops,86
driver,driver/body_backpressure_256KiB_budget,5,703.9470,max_command_latency_ms,25.018
driver,driver/body_backpressure_256KiB_budget,5,703.9470,pauses,52
driver,driver/body_backpressure_256KiB_budget,5,703.9470,pools,1
driver,driver/body_backpressure_256KiB_budget,5,703.9470,prealloc_ms,4.08
driver,driver/body_backpressure_256KiB_budget,5,703.9470,process_peak_rss_bytes,295911424
driver,driver/body_backpressure_256KiB_budget,5,703.9470,report_span,491.9016670000001
driver,driver/body_backpressure_256KiB_budget,5,703.9470,requests,5
driver,driver/body_backpressure_256KiB_budget,5,703.9470,response_head_ms,85.342
driver,driver/body_backpressure_256KiB_budget,5,703.9470,response_heads,5
driver,driver/body_backpressure_256KiB_budget,5,703.9470,resumes,52
driver,driver/body_backpressure_256KiB_budget,5,703.9470,running_reports,4
driver,driver/body_backpressure_256KiB_budget,5,703.9470,served_bytes,12582912
driver,driver/body_backpressure_256KiB_budget,5,703.9470,submitted,5
driver,driver/body_backpressure_256KiB_budget,5,703.9470,to_first_report,206.542833
driver,driver/body_backpressure_256KiB_budget,5,703.9470,total,698.4561249999999
driver,driver/body_backpressure_256KiB_budget,5,703.9470,unique_bytes,12582912
driver,driver/body_backpressure_256KiB_budget,5,703.9470,verified,1
driver,driver/body_backpressure_256KiB_budget,5,703.9470,writer_blocks,152
driver,driver/body_backpressure_256KiB_budget,5,703.9470,writer_bytes,12582912
driver,driver/body_backpressure_256KiB_budget,5,703.9470,writer_seeks,83
driver,driver/body_backpressure_256KiB_budget,6,809.8122,active,0
driver,driver/body_backpressure_256KiB_budget,6,809.8122,avg_block_bytes,86778.70344827586
driver,driver/body_backpressure_256KiB_budget,6,809.8122,body_reads,772
driver,driver/body_backpressure_256KiB_budget,6,809.8122,body_wait_ms,1169.007
driver,driver/body_backpressure_256KiB_budget,6,809.8122,cache_copied_bytes,12582912
driver,driver/body_backpressure_256KiB_budget,6,809.8122,cache_evicted_bytes,12582912
driver,driver/body_backpressure_256KiB_budget,6,809.8122,cancelled,0
driver,driver/body_backpressure_256KiB_budget,6,809.8122,checksum_ms,0
driver,driver/body_backpressure_256KiB_budget,6,809.8122,commands,59
driver,driver/body_backpressure_256KiB_budget,6,809.8122,completed,4
driver,driver/body_backpressure_256KiB_budget,6,809.8122,connections,4
driver,driver/body_backpressure_256KiB_budget,6,809.8122,cpu_ms,48.43900000000012
driver,driver/body_backpressure_256KiB_budget,6,809.8122,cpu_percent,5.981510221935322
driver,driver/body_backpressure_256KiB_budget,6,809.8122,distinct_ranges,4
driver,driver/body_backpressure_256KiB_budget,6,809.8122,duplicate_bytes,0
driver,driver/body_backpressure_256KiB_budget,6,809.8122,failed,0
driver,driver/body_backpressure_256KiB_budget,6,809.8122,file_bytes,12582912
driver,driver/body_backpressure_256KiB_budget,6,809.8122,finalize,0.0003329999999550637
driver,driver/body_backpressure_256KiB_budget,6,809.8122,fsync_calls,1
driver,driver/body_backpressure_256KiB_budget,6,809.8122,fsync_ms,6.107
driver,driver/body_backpressure_256KiB_budget,6,809.8122,loops,86
driver,driver/body_backpressure_256KiB_budget,6,809.8122,max_command_latency_ms,25.032
driver,driver/body_backpressure_256KiB_budget,6,809.8122,pauses,55
driver,driver/body_backpressure_256KiB_budget,6,809.8122,pools,1
driver,driver/body_backpressure_256KiB_budget,6,809.8122,prealloc_ms,4.339
driver,driver/body_backpressure_256KiB_budget,6,809.8122,process_peak_rss_bytes,295911424
driver,driver/body_backpressure_256KiB_budget,6,809.8122,report_span,598.2134169999999
driver,driver/body_backpressure_256KiB_budget,6,809.8122,requests,4
driver,driver/body_backpressure_256KiB_budget,6,809.8122,response_head_ms,64.65
driver,driver/body_backpressure_256KiB_budget,6,809.8122,response_heads,4
driver,driver/body_backpressure_256KiB_budget,6,809.8122,resumes,55
driver,driver/body_backpressure_256KiB_budget,6,809.8122,running_reports,4
driver,driver/body_backpressure_256KiB_budget,6,809.8122,served_bytes,12582912
driver,driver/body_backpressure_256KiB_budget,6,809.8122,submitted,4
driver,driver/body_backpressure_256KiB_budget,6,809.8122,to_first_report,207.426667
driver,driver/body_backpressure_256KiB_budget,6,809.8122,total,805.640417
driver,driver/body_backpressure_256KiB_budget,6,809.8122,unique_bytes,12582912
driver,driver/body_backpressure_256KiB_budget,6,809.8122,verified,1
driver,driver/body_backpressure_256KiB_budget,6,809.8122,writer_blocks,145
driver,driver/body_backpressure_256KiB_budget,6,809.8122,writer_bytes,12582912
driver,driver/body_backpressure_256KiB_budget,6,809.8122,writer_seeks,79
driver,driver/body_backpressure_256KiB_budget,7,909.8088,active,0
driver,driver/body_backpressure_256KiB_budget,7,909.8088,avg_block_bytes,68759.08196721312
driver,driver/body_backpressure_256KiB_budget,7,909.8088,body_reads,779
driver,driver/body_backpressure_256KiB_budget,7,909.8088,body_wait_ms,1674.762
driver,driver/body_backpressure_256KiB_budget,7,909.8088,cache_copied_bytes,12582912
driver,driver/body_backpressure_256KiB_budget,7,909.8088,cache_evicted_bytes,12582912
driver,driver/body_backpressure_256KiB_budget,7,909.8088,cancelled,0
driver,driver/body_backpressure_256KiB_budget,7,909.8088,checksum_ms,0
driver,driver/body_backpressure_256KiB_budget,7,909.8088,commands,87
driver,driver/body_backpressure_256KiB_budget,7,909.8088,completed,4
driver,driver/body_backpressure_256KiB_budget,7,909.8088,connections,4
driver,driver/body_backpressure_256KiB_budget,7,909.8088,cpu_ms,39.56499999999963
driver,driver/body_backpressure_256KiB_budget,7,909.8088,cpu_percent,4.348716145013952
driver,driver/body_backpressure_256KiB_budget,7,909.8088,distinct_ranges,4
driver,driver/body_backpressure_256KiB_budget,7,909.8088,duplicate_bytes,0
driver,driver/body_backpressure_256KiB_budget,7,909.8088,failed,0
driver,driver/body_backpressure_256KiB_budget,7,909.8088,file_bytes,12582912
driver,driver/body_backpressure_256KiB_budget,7,909.8088,finalize,0.0042089999999461725
driver,driver/body_backpressure_256KiB_budget,7,909.8088,fsync_calls,1
driver,driver/body_backpressure_256KiB_budget,7,909.8088,fsync_ms,5.129
driver,driver/body_backpressure_256KiB_budget,7,909.8088,loops,86
driver,driver/body_backpressure_256KiB_budget,7,909.8088,max_command_latency_ms,25.072
driver,driver/body_backpressure_256KiB_budget,7,909.8088,pauses,83
driver,driver/body_backpressure_256KiB_budget,7,909.8088,pools,1
driver,driver/body_backpressure_256KiB_budget,7,909.8088,prealloc_ms,4.355
driver,driver/body_backpressure_256KiB_budget,7,909.8088,process_peak_rss_bytes,295911424
driver,driver/body_backpressure_256KiB_budget,7,909.8088,report_span,700.245958
driver,driver/body_backpressure_256KiB_budget,7,909.8088,requests,4
driver,driver/body_backpressure_256KiB_budget,7,909.8088,response_head_ms,57.52
driver,driver/body_backpressure_256KiB_budget,7,909.8088,response_heads,4
driver,driver/body_backpressure_256KiB_budget,7,909.8088,resumes,83
driver,driver/body_backpressure_256KiB_budget,7,909.8088,running_reports,5
driver,driver/body_backpressure_256KiB_budget,7,909.8088,served_bytes,12582912
driver,driver/body_backpressure_256KiB_budget,7,909.8088,submitted,4
driver,driver/body_backpressure_256KiB_budget,7,909.8088,to_first_report,207.18204200000002
driver,driver/body_backpressure_256KiB_budget,7,909.8088,total,907.432209
driver,driver/body_backpressure_256KiB_budget,7,909.8088,unique_bytes,12582912
driver,driver/body_backpressure_256KiB_budget,7,909.8088,verified,1
driver,driver/body_backpressure_256KiB_budget,7,909.8088,writer_blocks,183
driver,driver/body_backpressure_256KiB_budget,7,909.8088,writer_bytes,12582912
driver,driver/body_backpressure_256KiB_budget,7,909.8088,writer_seeks,156
driver,driver/body_backpressure_256KiB_budget,8,832.5755,active,0
driver,driver/body_backpressure_256KiB_budget,8,832.5755,avg_block_bytes,71089.89830508475
driver,driver/body_backpressure_256KiB_budget,8,832.5755,body_reads,776
driver,driver/body_backpressure_256KiB_budget,8,832.5755,body_wait_ms,1605.403
driver,driver/body_backpressure_256KiB_budget,8,832.5755,cache_copied_bytes,12582912
driver,driver/body_backpressure_256KiB_budget,8,832.5755,cache_evicted_bytes,12582912
driver,driver/body_backpressure_256KiB_budget,8,832.5755,cancelled,0
driver,driver/body_backpressure_256KiB_budget,8,832.5755,checksum_ms,0
driver,driver/body_backpressure_256KiB_budget,8,832.5755,commands,75
driver,driver/body_backpressure_256KiB_budget,8,832.5755,completed,4
driver,driver/body_backpressure_256KiB_budget,8,832.5755,connections,4
driver,driver/body_backpressure_256KiB_budget,8,832.5755,cpu_ms,38.93199999999997
driver,driver/body_backpressure_256KiB_budget,8,832.5755,cpu_percent,4.6760924384635345
driver,driver/body_backpressure_256KiB_budget,8,832.5755,distinct_ranges,4
driver,driver/body_backpressure_256KiB_budget,8,832.5755,duplicate_bytes,0
driver,driver/body_backpressure_256KiB_budget,8,832.5755,failed,0
driver,driver/body_backpressure_256KiB_budget,8,832.5755,file_bytes,12582912
driver,driver/body_backpressure_256KiB_budget,8,832.5755,finalize,0.015291000000047461
driver,driver/body_backpressure_256KiB_budget,8,832.5755,fsync_calls,1
driver,driver/body_backpressure_256KiB_budget,8,832.5755,fsync_ms,7.316
driver,driver/body_backpressure_256KiB_budget,8,832.5755,loops,77
driver,driver/body_backpressure_256KiB_budget,8,832.5755,max_command_latency_ms,25.089
driver,driver/body_backpressure_256KiB_budget,8,832.5755,pauses,71
driver,driver/body_backpressure_256KiB_budget,8,832.5755,pools,1
driver,driver/body_backpressure_256KiB_budget,8,832.5755,prealloc_ms,3.971
driver,driver/body_backpressure_256KiB_budget,8,832.5755,process_peak_rss_bytes,295911424
driver,driver/body_backpressure_256KiB_budget,8,832.5755,report_span,623.4070839999999
driver,driver/body_backpressure_256KiB_budget,8,832.5755,requests,4
driver,driver/body_backpressure_256KiB_budget,8,832.5755,response_head_ms,56.019
driver,driver/body_backpressure_256KiB_budget,8,832.5755,response_heads,4
driver,driver/body_backpressure_256KiB_budget,8,832.5755,resumes,71
driver,driver/body_backpressure_256KiB_budget,8,832.5755,running_reports,5
driver,driver/body_backpressure_256KiB_budget,8,832.5755,served_bytes,12582912
driver,driver/body_backpressure_256KiB_budget,8,832.5755,submitted,4
driver,driver/body_backpressure_256KiB_budget,8,832.5755,to_first_report,205.937041
driver,driver/body_backpressure_256KiB_budget,8,832.5755,total,829.359416
driver,driver/body_backpressure_256KiB_budget,8,832.5755,unique_bytes,12582912
driver,driver/body_backpressure_256KiB_budget,8,832.5755,verified,1
driver,driver/body_backpressure_256KiB_budget,8,832.5755,writer_blocks,177
driver,driver/body_backpressure_256KiB_budget,8,832.5755,writer_bytes,12582912
driver,driver/body_backpressure_256KiB_budget,8,832.5755,writer_seeks,146
driver,driver/body_backpressure_256KiB_budget,9,763.6515,active,0
driver,driver/body_backpressure_256KiB_budget,9,763.6515,avg_block_bytes,68385.39130434782
driver,driver/body_backpressure_256KiB_budget,9,763.6515,body_reads,776
driver,driver/body_backpressure_256KiB_budget,9,763.6515,body_wait_ms,1438.018
driver,driver/body_backpressure_256KiB_budget,9,763.6515,cache_copied_bytes,12582912
driver,driver/body_backpressure_256KiB_budget,9,763.6515,cache_evicted_bytes,12582912
driver,driver/body_backpressure_256KiB_budget,9,763.6515,cancelled,0
driver,driver/body_backpressure_256KiB_budget,9,763.6515,checksum_ms,0
driver,driver/body_backpressure_256KiB_budget,9,763.6515,commands,73
driver,driver/body_backpressure_256KiB_budget,9,763.6515,completed,4
driver,driver/body_backpressure_256KiB_budget,9,763.6515,connections,4
driver,driver/body_backpressure_256KiB_budget,9,763.6515,cpu_ms,47.867000000000104
driver,driver/body_backpressure_256KiB_budget,9,763.6515,cpu_percent,6.268173374896809
driver,driver/body_backpressure_256KiB_budget,9,763.6515,distinct_ranges,4
driver,driver/body_backpressure_256KiB_budget,9,763.6515,duplicate_bytes,0
driver,driver/body_backpressure_256KiB_budget,9,763.6515,failed,0
driver,driver/body_backpressure_256KiB_budget,9,763.6515,file_bytes,12582912
driver,driver/body_backpressure_256KiB_budget,9,763.6515,finalize,0.008666000000062013
driver,driver/body_backpressure_256KiB_budget,9,763.6515,fsync_calls,1
driver,driver/body_backpressure_256KiB_budget,9,763.6515,fsync_ms,7.23
driver,driver/body_backpressure_256KiB_budget,9,763.6515,loops,79
driver,driver/body_backpressure_256KiB_budget,9,763.6515,max_command_latency_ms,25.084
driver,driver/body_backpressure_256KiB_budget,9,763.6515,pauses,69
driver,driver/body_backpressure_256KiB_budget,9,763.6515,pools,1
driver,driver/body_backpressure_256KiB_budget,9,763.6515,prealloc_ms,3.645
driver,driver/body_backpressure_256KiB_budget,9,763.6515,process_peak_rss_bytes,295911424
driver,driver/body_backpressure_256KiB_budget,9,763.6515,report_span,552.008042
driver,driver/body_backpressure_256KiB_budget,9,763.6515,requests,4
driver,driver/body_backpressure_256KiB_budget,9,763.6515,response_head_ms,56.655
driver,driver/body_backpressure_256KiB_budget,9,763.6515,response_heads,4
driver,driver/body_backpressure_256KiB_budget,9,763.6515,resumes,69
driver,driver/body_backpressure_256KiB_budget,9,763.6515,running_reports,4
driver,driver/body_backpressure_256KiB_budget,9,763.6515,served_bytes,12582912
driver,driver/body_backpressure_256KiB_budget,9,763.6515,submitted,4
driver,driver/body_backpressure_256KiB_budget,9,763.6515,to_first_report,206.61362499999998
driver,driver/body_backpressure_256KiB_budget,9,763.6515,total,758.6303330000001
driver,driver/body_backpressure_256KiB_budget,9,763.6515,unique_bytes,12582912
driver,driver/body_backpressure_256KiB_budget,9,763.6515,verified,1
driver,driver/body_backpressure_256KiB_budget,9,763.6515,writer_blocks,184
driver,driver/body_backpressure_256KiB_budget,9,763.6515,writer_bytes,12582912
driver,driver/body_backpressure_256KiB_budget,9,763.6515,writer_seeks,152
driver,driver/idle_pool_loop_rate,0,418.9154,active,0
driver,driver/idle_pool_loop_rate,0,418.9154,cancelled,0
driver,driver/idle_pool_loop_rate,0,418.9154,commands,13
driver,driver/idle_pool_loop_rate,0,418.9154,completed,4
driver,driver/idle_pool_loop_rate,0,418.9154,connections,4
driver,driver/idle_pool_loop_rate,0,418.9154,cpu_ms,22.656000000000454
driver,driver/idle_pool_loop_rate,0,418.9154,cpu_percent,5.408252203682057
driver,driver/idle_pool_loop_rate,0,418.9154,idle_loops,0
driver,driver/idle_pool_loop_rate,0,418.9154,idle_loops_per_sec,0
driver,driver/idle_pool_loop_rate,0,418.9154,loops,58
driver,driver/idle_pool_loop_rate,0,418.9154,max_command_latency_ms,25.029
driver,driver/idle_pool_loop_rate,0,418.9154,pauses,9
driver,driver/idle_pool_loop_rate,0,418.9154,pools,1
driver,driver/idle_pool_loop_rate,0,418.9154,process_peak_rss_bytes,295911424
driver,driver/idle_pool_loop_rate,0,418.9154,resumes,9
driver,driver/idle_pool_loop_rate,0,418.9154,submitted,4
driver,driver/idle_pool_loop_rate,0,418.9154,total,302.24458300000003
driver,driver/idle_pool_loop_rate,1,438.0579,active,0
driver,driver/idle_pool_loop_rate,1,438.0579,cancelled,0
driver,driver/idle_pool_loop_rate,1,438.0579,commands,15
driver,driver/idle_pool_loop_rate,1,438.0579,completed,4
driver,driver/idle_pool_loop_rate,1,438.0579,connections,4
driver,driver/idle_pool_loop_rate,1,438.0579,cpu_ms,29.99399999999941
driver,driver/idle_pool_loop_rate,1,438.0579,cpu_percent,6.847040473818536
driver,driver/idle_pool_loop_rate,1,438.0579,idle_loops,0
driver,driver/idle_pool_loop_rate,1,438.0579,idle_loops_per_sec,0
driver,driver/idle_pool_loop_rate,1,438.0579,loops,50
driver,driver/idle_pool_loop_rate,1,438.0579,max_command_latency_ms,25.031
driver,driver/idle_pool_loop_rate,1,438.0579,pauses,11
driver,driver/idle_pool_loop_rate,1,438.0579,pools,1
driver,driver/idle_pool_loop_rate,1,438.0579,process_peak_rss_bytes,295911424
driver,driver/idle_pool_loop_rate,1,438.0579,resumes,11
driver,driver/idle_pool_loop_rate,1,438.0579,submitted,4
driver,driver/idle_pool_loop_rate,1,438.0579,total,302.507375
driver,driver/idle_pool_loop_rate,2,386.8829,active,0
driver,driver/idle_pool_loop_rate,2,386.8829,cancelled,0
driver,driver/idle_pool_loop_rate,2,386.8829,commands,18
driver,driver/idle_pool_loop_rate,2,386.8829,completed,5
driver,driver/idle_pool_loop_rate,2,386.8829,connections,4
driver,driver/idle_pool_loop_rate,2,386.8829,cpu_ms,20.001999999999853
driver,driver/idle_pool_loop_rate,2,386.8829,cpu_percent,5.170039609606295
driver,driver/idle_pool_loop_rate,2,386.8829,idle_loops,0
driver,driver/idle_pool_loop_rate,2,386.8829,idle_loops_per_sec,0
driver,driver/idle_pool_loop_rate,2,386.8829,loops,56
driver,driver/idle_pool_loop_rate,2,386.8829,max_command_latency_ms,23.824
driver,driver/idle_pool_loop_rate,2,386.8829,pauses,13
driver,driver/idle_pool_loop_rate,2,386.8829,pools,1
driver,driver/idle_pool_loop_rate,2,386.8829,process_peak_rss_bytes,295911424
driver,driver/idle_pool_loop_rate,2,386.8829,resumes,13
driver,driver/idle_pool_loop_rate,2,386.8829,submitted,5
driver,driver/idle_pool_loop_rate,2,386.8829,total,302.76258299999995
driver,driver/idle_pool_loop_rate,3,437.8599,active,0
driver,driver/idle_pool_loop_rate,3,437.8599,cancelled,0
driver,driver/idle_pool_loop_rate,3,437.8599,commands,14
driver,driver/idle_pool_loop_rate,3,437.8599,completed,4
driver,driver/idle_pool_loop_rate,3,437.8599,connections,4
driver,driver/idle_pool_loop_rate,3,437.8599,cpu_ms,30.837000000000003
driver,driver/idle_pool_loop_rate,3,437.8599,cpu_percent,7.042664048629714
driver,driver/idle_pool_loop_rate,3,437.8599,idle_loops,0
driver,driver/idle_pool_loop_rate,3,437.8599,idle_loops_per_sec,0
driver,driver/idle_pool_loop_rate,3,437.8599,loops,52
driver,driver/idle_pool_loop_rate,3,437.8599,max_command_latency_ms,25.061
driver,driver/idle_pool_loop_rate,3,437.8599,pauses,10
driver,driver/idle_pool_loop_rate,3,437.8599,pools,1
driver,driver/idle_pool_loop_rate,3,437.8599,process_peak_rss_bytes,295911424
driver,driver/idle_pool_loop_rate,3,437.8599,resumes,10
driver,driver/idle_pool_loop_rate,3,437.8599,submitted,4
driver,driver/idle_pool_loop_rate,3,437.8599,total,302.24899999999997
driver,driver/idle_pool_loop_rate,4,412.5435,active,0
driver,driver/idle_pool_loop_rate,4,412.5435,cancelled,0
driver,driver/idle_pool_loop_rate,4,412.5435,commands,18
driver,driver/idle_pool_loop_rate,4,412.5435,completed,4
driver,driver/idle_pool_loop_rate,4,412.5435,connections,4
driver,driver/idle_pool_loop_rate,4,412.5435,cpu_ms,27.64999999999951
driver,driver/idle_pool_loop_rate,4,412.5435,cpu_percent,6.702323512550679
driver,driver/idle_pool_loop_rate,4,412.5435,idle_loops,0
driver,driver/idle_pool_loop_rate,4,412.5435,idle_loops_per_sec,0
driver,driver/idle_pool_loop_rate,4,412.5435,loops,63
driver,driver/idle_pool_loop_rate,4,412.5435,max_command_latency_ms,24.572
driver,driver/idle_pool_loop_rate,4,412.5435,pauses,14
driver,driver/idle_pool_loop_rate,4,412.5435,pools,1
driver,driver/idle_pool_loop_rate,4,412.5435,process_peak_rss_bytes,295911424
driver,driver/idle_pool_loop_rate,4,412.5435,resumes,14
driver,driver/idle_pool_loop_rate,4,412.5435,submitted,4
driver,driver/idle_pool_loop_rate,4,412.5435,total,301.44475
driver,driver/idle_pool_loop_rate,5,406.2645,active,0
driver,driver/idle_pool_loop_rate,5,406.2645,cancelled,0
driver,driver/idle_pool_loop_rate,5,406.2645,commands,13
driver,driver/idle_pool_loop_rate,5,406.2645,completed,4
driver,driver/idle_pool_loop_rate,5,406.2645,connections,4
driver,driver/idle_pool_loop_rate,5,406.2645,cpu_ms,20.54399999999923
driver,driver/idle_pool_loop_rate,5,406.2645,cpu_percent,5.056803603598571
driver,driver/idle_pool_loop_rate,5,406.2645,idle_loops,0
driver,driver/idle_pool_loop_rate,5,406.2645,idle_loops_per_sec,0
driver,driver/idle_pool_loop_rate,5,406.2645,loops,62
driver,driver/idle_pool_loop_rate,5,406.2645,max_command_latency_ms,24.95
driver,driver/idle_pool_loop_rate,5,406.2645,pauses,9
driver,driver/idle_pool_loop_rate,5,406.2645,pools,1
driver,driver/idle_pool_loop_rate,5,406.2645,process_peak_rss_bytes,295911424
driver,driver/idle_pool_loop_rate,5,406.2645,resumes,9
driver,driver/idle_pool_loop_rate,5,406.2645,submitted,4
driver,driver/idle_pool_loop_rate,5,406.2645,total,301.934166
driver,driver/idle_pool_loop_rate,6,527.1226,active,0
driver,driver/idle_pool_loop_rate,6,527.1226,cancelled,0
driver,driver/idle_pool_loop_rate,6,527.1226,commands,14
driver,driver/idle_pool_loop_rate,6,527.1226,completed,5
driver,driver/idle_pool_loop_rate,6,527.1226,connections,4
driver,driver/idle_pool_loop_rate,6,527.1226,cpu_ms,25.08500000000069
driver,driver/idle_pool_loop_rate,6,527.1226,cpu_percent,4.75885473517679
driver,driver/idle_pool_loop_rate,6,527.1226,idle_loops,0
driver,driver/idle_pool_loop_rate,6,527.1226,idle_loops_per_sec,0
driver,driver/idle_pool_loop_rate,6,527.1226,loops,80
driver,driver/idle_pool_loop_rate,6,527.1226,max_command_latency_ms,24.952
driver,driver/idle_pool_loop_rate,6,527.1226,pauses,9
driver,driver/idle_pool_loop_rate,6,527.1226,pools,1
driver,driver/idle_pool_loop_rate,6,527.1226,process_peak_rss_bytes,295911424
driver,driver/idle_pool_loop_rate,6,527.1226,resumes,9
driver,driver/idle_pool_loop_rate,6,527.1226,submitted,5
driver,driver/idle_pool_loop_rate,6,527.1226,total,301.82608300000004
driver,driver/idle_pool_loop_rate,7,450.6597,active,0
driver,driver/idle_pool_loop_rate,7,450.6597,cancelled,0
driver,driver/idle_pool_loop_rate,7,450.6597,commands,11
driver,driver/idle_pool_loop_rate,7,450.6597,completed,5
driver,driver/idle_pool_loop_rate,7,450.6597,connections,4
driver,driver/idle_pool_loop_rate,7,450.6597,cpu_ms,25.442999999999216
driver,driver/idle_pool_loop_rate,7,450.6597,cpu_percent,5.645723782953759
driver,driver/idle_pool_loop_rate,7,450.6597,idle_loops,0
driver,driver/idle_pool_loop_rate,7,450.6597,idle_loops_per_sec,0
driver,driver/idle_pool_loop_rate,7,450.6597,loops,87
driver,driver/idle_pool_loop_rate,7,450.6597,max_command_latency_ms,24.378
driver,driver/idle_pool_loop_rate,7,450.6597,pauses,6
driver,driver/idle_pool_loop_rate,7,450.6597,pools,1
driver,driver/idle_pool_loop_rate,7,450.6597,process_peak_rss_bytes,295911424
driver,driver/idle_pool_loop_rate,7,450.6597,resumes,6
driver,driver/idle_pool_loop_rate,7,450.6597,submitted,5
driver,driver/idle_pool_loop_rate,7,450.6597,total,300.339083
driver,driver/idle_pool_loop_rate,8,432.0246,active,0
driver,driver/idle_pool_loop_rate,8,432.0246,cancelled,0
driver,driver/idle_pool_loop_rate,8,432.0246,commands,14
driver,driver/idle_pool_loop_rate,8,432.0246,completed,4
driver,driver/idle_pool_loop_rate,8,432.0246,connections,4
driver,driver/idle_pool_loop_rate,8,432.0246,cpu_ms,25.164000000000186
driver,driver/idle_pool_loop_rate,8,432.0246,cpu_percent,5.824668533214811
driver,driver/idle_pool_loop_rate,8,432.0246,idle_loops,0
driver,driver/idle_pool_loop_rate,8,432.0246,idle_loops_per_sec,0
driver,driver/idle_pool_loop_rate,8,432.0246,loops,54
driver,driver/idle_pool_loop_rate,8,432.0246,max_command_latency_ms,24.557
driver,driver/idle_pool_loop_rate,8,432.0246,pauses,10
driver,driver/idle_pool_loop_rate,8,432.0246,pools,1
driver,driver/idle_pool_loop_rate,8,432.0246,process_peak_rss_bytes,295911424
driver,driver/idle_pool_loop_rate,8,432.0246,resumes,10
driver,driver/idle_pool_loop_rate,8,432.0246,submitted,4
driver,driver/idle_pool_loop_rate,8,432.0246,total,301.89133400000003
driver,driver/idle_pool_loop_rate,9,463.2137,active,0
driver,driver/idle_pool_loop_rate,9,463.2137,cancelled,0
driver,driver/idle_pool_loop_rate,9,463.2137,commands,12
driver,driver/idle_pool_loop_rate,9,463.2137,completed,4
driver,driver/idle_pool_loop_rate,9,463.2137,connections,4
driver,driver/idle_pool_loop_rate,9,463.2137,cpu_ms,28.93699999999999
driver,driver/idle_pool_loop_rate,9,463.2137,cpu_percent,6.247009128612364
driver,driver/idle_pool_loop_rate,9,463.2137,idle_loops,0
driver,driver/idle_pool_loop_rate,9,463.2137,idle_loops_per_sec,0
driver,driver/idle_pool_loop_rate,9,463.2137,loops,79
driver,driver/idle_pool_loop_rate,9,463.2137,max_command_latency_ms,24.975
driver,driver/idle_pool_loop_rate,9,463.2137,pauses,8
driver,driver/idle_pool_loop_rate,9,463.2137,pools,1
driver,driver/idle_pool_loop_rate,9,463.2137,process_peak_rss_bytes,295911424
driver,driver/idle_pool_loop_rate,9,463.2137,resumes,8
driver,driver/idle_pool_loop_rate,9,463.2137,submitted,4
driver,driver/idle_pool_loop_rate,9,463.2137,total,300.913
driver,driver/two_origins_one_idle_pool,0,461.4883,active,0
driver,driver/two_origins_one_idle_pool,0,461.4883,cancelled,0
driver,driver/two_origins_one_idle_pool,0,461.4883,commands,30
driver,driver/two_origins_one_idle_pool,0,461.4883,completed,8
driver,driver/two_origins_one_idle_pool,0,461.4883,connections,8
driver,driver/two_origins_one_idle_pool,0,461.4883,cpu_ms,59.014000000000344
driver,driver/two_origins_one_idle_pool,0,461.4883,cpu_percent,12.787756704345675
driver,driver/two_origins_one_idle_pool,0,461.4883,idle_loops,0
driver,driver/two_origins_one_idle_pool,0,461.4883,idle_loops_per_sec,0
driver,driver/two_origins_one_idle_pool,0,461.4883,loops,5465
driver,driver/two_origins_one_idle_pool,0,461.4883,max_command_latency_ms,25.045
driver,driver/two_origins_one_idle_pool,0,461.4883,pauses,22
driver,driver/two_origins_one_idle_pool,0,461.4883,pools,2
driver,driver/two_origins_one_idle_pool,0,461.4883,process_peak_rss_bytes,295911424
driver,driver/two_origins_one_idle_pool,0,461.4883,resumes,22
driver,driver/two_origins_one_idle_pool,0,461.4883,submitted,8
driver,driver/two_origins_one_idle_pool,0,461.4883,total,301.611333
driver,driver/two_origins_one_idle_pool,1,545.0702,active,0
driver,driver/two_origins_one_idle_pool,1,545.0702,cancelled,0
driver,driver/two_origins_one_idle_pool,1,545.0702,commands,26
driver,driver/two_origins_one_idle_pool,1,545.0702,completed,8
driver,driver/two_origins_one_idle_pool,1,545.0702,connections,8
driver,driver/two_origins_one_idle_pool,1,545.0702,cpu_ms,50.39800000000039
driver,driver/two_origins_one_idle_pool,1,545.0702,cpu_percent,9.246149054505468
driver,driver/two_origins_one_idle_pool,1,545.0702,idle_loops,0
driver,driver/two_origins_one_idle_pool,1,545.0702,idle_loops_per_sec,0
driver,driver/two_origins_one_idle_pool,1,545.0702,loops,107
driver,driver/two_origins_one_idle_pool,1,545.0702,max_command_latency_ms,25.024
driver,driver/two_origins_one_idle_pool,1,545.0702,pauses,18
driver,driver/two_origins_one_idle_pool,1,545.0702,pools,2
driver,driver/two_origins_one_idle_pool,1,545.0702,process_peak_rss_bytes,295911424
driver,driver/two_origins_one_idle_pool,1,545.0702,resumes,18
driver,driver/two_origins_one_idle_pool,1,545.0702,submitted,8
driver,driver/two_origins_one_idle_pool,1,545.0702,total,301.996875
driver,driver/two_origins_one_idle_pool,2,556.0122,active,0
driver,driver/two_origins_one_idle_pool,2,556.0122,cancelled,0
driver,driver/two_origins_one_idle_pool,2,556.0122,commands,23
driver,driver/two_origins_one_idle_pool,2,556.0122,completed,8
driver,driver/two_origins_one_idle_pool,2,556.0122,connections,8
driver,driver/two_origins_one_idle_pool,2,556.0122,cpu_ms,65.38100000000036
driver,driver/two_origins_one_idle_pool,2,556.0122,cpu_percent,11.758914452182534
driver,driver/two_origins_one_idle_pool,2,556.0122,idle_loops,0
driver,driver/two_origins_one_idle_pool,2,556.0122,idle_loops_per_sec,0
driver,driver/two_origins_one_idle_pool,2,556.0122,loops,129
driver,driver/two_origins_one_idle_pool,2,556.0122,max_command_latency_ms,25.019
driver,driver/two_origins_one_idle_pool,2,556.0122,pauses,15
driver,driver/two_origins_one_idle_pool,2,556.0122,pools,2
driver,driver/two_origins_one_idle_pool,2,556.0122,process_peak_rss_bytes,295911424
driver,driver/two_origins_one_idle_pool,2,556.0122,resumes,15
driver,driver/two_origins_one_idle_pool,2,556.0122,submitted,8
driver,driver/two_origins_one_idle_pool,2,556.0122,total,300.81925
driver,driver/two_origins_one_idle_pool,3,570.0983,active,0
driver,driver/two_origins_one_idle_pool,3,570.0983,cancelled,0
driver,driver/two_origins_one_idle_pool,3,570.0983,commands,51
driver,driver/two_origins_one_idle_pool,3,570.0983,completed,10
driver,driver/two_origins_one_idle_pool,3,570.0983,connections,8
driver,driver/two_origins_one_idle_pool,3,570.0983,cpu_ms,73.06399999999957
driver,driver/two_origins_one_idle_pool,3,570.0983,cpu_percent,12.816034645700187
driver,driver/two_origins_one_idle_pool,3,570.0983,idle_loops,0
driver,driver/two_origins_one_idle_pool,3,570.0983,idle_loops_per_sec,0
driver,driver/two_origins_one_idle_pool,3,570.0983,loops,5235
driver,driver/two_origins_one_idle_pool,3,570.0983,max_command_latency_ms,24.933
driver,driver/two_origins_one_idle_pool,3,570.0983,pauses,41
driver,driver/two_origins_one_idle_pool,3,570.0983,pools,2
driver,driver/two_origins_one_idle_pool,3,570.0983,process_peak_rss_bytes,295911424
driver,driver/two_origins_one_idle_pool,3,570.0983,resumes,41
driver,driver/two_origins_one_idle_pool,3,570.0983,submitted,10
driver,driver/two_origins_one_idle_pool,3,570.0983,total,301.239417
driver,driver/two_origins_one_idle_pool,4,701.8466,active,0
driver,driver/two_origins_one_idle_pool,4,701.8466,cancelled,0
driver,driver/two_origins_one_idle_pool,4,701.8466,commands,35
driver,driver/two_origins_one_idle_pool,4,701.8466,completed,9
driver,driver/two_origins_one_idle_pool,4,701.8466,connections,8
driver,driver/two_origins_one_idle_pool,4,701.8466,cpu_ms,78.82500000000014
driver,driver/two_origins_one_idle_pool,4,701.8466,cpu_percent,11.231086951092294
driver,driver/two_origins_one_idle_pool,4,701.8466,idle_loops,0
driver,driver/two_origins_one_idle_pool,4,701.8466,idle_loops_per_sec,0
driver,driver/two_origins_one_idle_pool,4,701.8466,loops,119
driver,driver/two_origins_one_idle_pool,4,701.8466,max_command_latency_ms,25.31
driver,driver/two_origins_one_idle_pool,4,701.8466,pauses,26
driver,driver/two_origins_one_idle_pool,4,701.8466,pools,2
driver,driver/two_origins_one_idle_pool,4,701.8466,process_peak_rss_bytes,295911424
driver,driver/two_origins_one_idle_pool,4,701.8466,resumes,26
driver,driver/two_origins_one_idle_pool,4,701.8466,submitted,9
driver,driver/two_origins_one_idle_pool,4,701.8466,total,302.059875
driver,driver/two_origins_one_idle_pool,5,531.8171,active,0
driver,driver/two_origins_one_idle_pool,5,531.8171,cancelled,0
driver,driver/two_origins_one_idle_pool,5,531.8171,commands,31
driver,driver/two_origins_one_idle_pool,5,531.8171,completed,9
driver,driver/two_origins_one_idle_pool,5,531.8171,connections,8
driver,driver/two_origins_one_idle_pool,5,531.8171,cpu_ms,76.60199999999939
driver,driver/two_origins_one_idle_pool,5,531.8171,cpu_percent,14.403824632312423
driver,driver/two_origins_one_idle_pool,5,531.8171,idle_loops,0
driver,driver/two_origins_one_idle_pool,5,531.8171,idle_loops_per_sec,0
driver,driver/two_origins_one_idle_pool,5,531.8171,loops,3439
driver,driver/two_origins_one_idle_pool,5,531.8171,max_command_latency_ms,25.015
driver,driver/two_origins_one_idle_pool,5,531.8171,pauses,22
driver,driver/two_origins_one_idle_pool,5,531.8171,pools,2
driver,driver/two_origins_one_idle_pool,5,531.8171,process_peak_rss_bytes,295911424
driver,driver/two_origins_one_idle_pool,5,531.8171,resumes,22
driver,driver/two_origins_one_idle_pool,5,531.8171,submitted,9
driver,driver/two_origins_one_idle_pool,5,531.8171,total,301.64375
driver,driver/two_origins_one_idle_pool,6,629.1145,active,0
driver,driver/two_origins_one_idle_pool,6,629.1145,cancelled,0
driver,driver/two_origins_one_idle_pool,6,629.1145,commands,31
driver,driver/two_origins_one_idle_pool,6,629.1145,completed,9
driver,driver/two_origins_one_idle_pool,6,629.1145,connections,8
driver,driver/two_origins_one_idle_pool,6,629.1145,cpu_ms,83.18400000000014
driver,driver/two_origins_one_idle_pool,6,629.1145,cpu_percent,13.222394333622915
driver,driver/two_origins_one_idle_pool,6,629.1145,idle_loops,0
driver,driver/two_origins_one_idle_pool,6,629.1145,idle_loops_per_sec,0
driver,driver/two_origins_one_idle_pool,6,629.1145,loops,124
driver,driver/two_origins_one_idle_pool,6,629.1145,max_command_latency_ms,25.035
driver,driver/two_origins_one_idle_pool,6,629.1145,pauses,22
driver,driver/two_origins_one_idle_pool,6,629.1145,pools,2
driver,driver/two_origins_one_idle_pool,6,629.1145,process_peak_rss_bytes,295911424
driver,driver/two_origins_one_idle_pool,6,629.1145,resumes,22
driver,driver/two_origins_one_idle_pool,6,629.1145,submitted,9
driver,driver/two_origins_one_idle_pool,6,629.1145,total,302.2795
driver,driver/two_origins_one_idle_pool,7,489.5660,active,0
driver,driver/two_origins_one_idle_pool,7,489.5660,cancelled,0
driver,driver/two_origins_one_idle_pool,7,489.5660,commands,42
driver,driver/two_origins_one_idle_pool,7,489.5660,completed,9
driver,driver/two_origins_one_idle_pool,7,489.5660,connections,8
driver,driver/two_origins_one_idle_pool,7,489.5660,cpu_ms,77.03600000000054
driver,driver/two_origins_one_idle_pool,7,489.5660,cpu_percent,15.735568522132208
driver,driver/two_origins_one_idle_pool,7,489.5660,idle_loops,0
driver,driver/two_origins_one_idle_pool,7,489.5660,idle_loops_per_sec,0
driver,driver/two_origins_one_idle_pool,7,489.5660,loops,5591
driver,driver/two_origins_one_idle_pool,7,489.5660,max_command_latency_ms,24.341
driver,driver/two_origins_one_idle_pool,7,489.5660,pauses,33
driver,driver/two_origins_one_idle_pool,7,489.5660,pools,2
driver,driver/two_origins_one_idle_pool,7,489.5660,process_peak_rss_bytes,295911424
driver,driver/two_origins_one_idle_pool,7,489.5660,resumes,33
driver,driver/two_origins_one_idle_pool,7,489.5660,submitted,9
driver,driver/two_origins_one_idle_pool,7,489.5660,total,302.56070800000003
driver,driver/two_origins_one_idle_pool,8,504.6163,active,0
driver,driver/two_origins_one_idle_pool,8,504.6163,cancelled,0
driver,driver/two_origins_one_idle_pool,8,504.6163,commands,56
driver,driver/two_origins_one_idle_pool,8,504.6163,completed,10
driver,driver/two_origins_one_idle_pool,8,504.6163,connections,8
driver,driver/two_origins_one_idle_pool,8,504.6163,cpu_ms,72.0369999999999
driver,driver/two_origins_one_idle_pool,8,504.6163,cpu_percent,14.275599330035087
driver,driver/two_origins_one_idle_pool,8,504.6163,idle_loops,0
driver,driver/two_origins_one_idle_pool,8,504.6163,idle_loops_per_sec,0
driver,driver/two_origins_one_idle_pool,8,504.6163,loops,4544
driver,driver/two_origins_one_idle_pool,8,504.6163,max_command_latency_ms,23.997
driver,driver/two_origins_one_idle_pool,8,504.6163,pauses,46
driver,driver/two_origins_one_idle_pool,8,504.6163,pools,2
driver,driver/two_origins_one_idle_pool,8,504.6163,process_peak_rss_bytes,295911424
driver,driver/two_origins_one_idle_pool,8,504.6163,resumes,46
driver,driver/two_origins_one_idle_pool,8,504.6163,submitted,10
driver,driver/two_origins_one_idle_pool,8,504.6163,total,302.20599999999996
driver,driver/two_origins_one_idle_pool,9,474.2500,active,0
driver,driver/two_origins_one_idle_pool,9,474.2500,cancelled,0
driver,driver/two_origins_one_idle_pool,9,474.2500,commands,28
driver,driver/two_origins_one_idle_pool,9,474.2500,completed,8
driver,driver/two_origins_one_idle_pool,9,474.2500,connections,8
driver,driver/two_origins_one_idle_pool,9,474.2500,cpu_ms,51.439000000000235
driver,driver/two_origins_one_idle_pool,9,474.2500,cpu_percent,10.846389035318973
driver,driver/two_origins_one_idle_pool,9,474.2500,idle_loops,0
driver,driver/two_origins_one_idle_pool,9,474.2500,idle_loops_per_sec,0
driver,driver/two_origins_one_idle_pool,9,474.2500,loops,4354
driver,driver/two_origins_one_idle_pool,9,474.2500,max_command_latency_ms,24.993
driver,driver/two_origins_one_idle_pool,9,474.2500,pauses,20
driver,driver/two_origins_one_idle_pool,9,474.2500,pools,2
driver,driver/two_origins_one_idle_pool,9,474.2500,process_peak_rss_bytes,295911424
driver,driver/two_origins_one_idle_pool,9,474.2500,resumes,20
driver,driver/two_origins_one_idle_pool,9,474.2500,submitted,8
driver,driver/two_origins_one_idle_pool,9,474.2500,total,301.008291
driver,driver/cancel_latency,0,35.5877,active,1
driver,driver/cancel_latency,0,35.5877,cancel_ms,28.971334000000002
driver,driver/cancel_latency,0,35.5877,cancelled,1
driver,driver/cancel_latency,0,35.5877,commands,2
driver,driver/cancel_latency,0,35.5877,completed,0
driver,driver/cancel_latency,0,35.5877,connections,0
driver,driver/cancel_latency,0,35.5877,cpu_ms,3.3209999999996853
driver,driver/cancel_latency,0,35.5877,cpu_percent,9.331873540945512
driver,driver/cancel_latency,0,35.5877,file_bytes,0
driver,driver/cancel_latency,0,35.5877,loops,7
driver,driver/cancel_latency,0,35.5877,max_command_latency_ms,0.106
driver,driver/cancel_latency,0,35.5877,pauses,0
driver,driver/cancel_latency,0,35.5877,pools,1
driver,driver/cancel_latency,0,35.5877,process_peak_rss_bytes,295911424
driver,driver/cancel_latency,0,35.5877,resumes,0
driver,driver/cancel_latency,0,35.5877,submitted,1
driver,driver/cancel_latency,0,35.5877,total,28.971334000000002
driver,driver/cancel_latency,1,28.3772,active,0
driver,driver/cancel_latency,1,28.3772,cancel_ms,21.843083999999998
driver,driver/cancel_latency,1,28.3772,cancelled,1
driver,driver/cancel_latency,1,28.3772,commands,8
driver,driver/cancel_latency,1,28.3772,completed,0
driver,driver/cancel_latency,1,28.3772,connections,0
driver,driver/cancel_latency,1,28.3772,cpu_ms,2.9399999999997206
driver,driver/cancel_latency,1,28.3772,cpu_percent,10.360442252743976
driver,driver/cancel_latency,1,28.3772,file_bytes,0
driver,driver/cancel_latency,1,28.3772,loops,6
driver,driver/cancel_latency,1,28.3772,max_command_latency_ms,15.888
driver,driver/cancel_latency,1,28.3772,pauses,0
driver,driver/cancel_latency,1,28.3772,pools,1
driver,driver/cancel_latency,1,28.3772,process_peak_rss_bytes,295911424
driver,driver/cancel_latency,1,28.3772,resumes,0
driver,driver/cancel_latency,1,28.3772,submitted,4
driver,driver/cancel_latency,1,28.3772,total,21.843083999999998
driver,driver/cancel_latency,2,24.0927,active,0
driver,driver/cancel_latency,2,24.0927,cancel_ms,17.960167
driver,driver/cancel_latency,2,24.0927,cancelled,1
driver,driver/cancel_latency,2,24.0927,commands,8
driver,driver/cancel_latency,2,24.0927,completed,0
driver,driver/cancel_latency,2,24.0927,connections,0
driver,driver/cancel_latency,2,24.0927,cpu_ms,2.8620000000003643
driver,driver/cancel_latency,2,24.0927,cpu_percent,11.879092258045945
driver,driver/cancel_latency,2,24.0927,file_bytes,0
driver,driver/cancel_latency,2,24.0927,loops,6
driver,driver/cancel_latency,2,24.0927,max_command_latency_ms,17.639
driver,driver/cancel_latency,2,24.0927,pauses,0
driver,driver/cancel_latency,2,24.0927,pools,1
driver,driver/cancel_latency,2,24.0927,process_peak_rss_bytes,295911424
driver,driver/cancel_latency,2,24.0927,resumes,0
driver,driver/cancel_latency,2,24.0927,submitted,4
driver,driver/cancel_latency,2,24.0927,total,17.960167
driver,driver/cancel_latency,3,23.3554,active,0
driver,driver/cancel_latency,3,23.3554,cancel_ms,17.805167
driver,driver/cancel_latency,3,23.3554,cancelled,1
driver,driver/cancel_latency,3,23.3554,commands,8
driver,driver/cancel_latency,3,23.3554,completed,0
driver,driver/cancel_latency,3,23.3554,connections,0
driver,driver/cancel_latency,3,23.3554,cpu_ms,3.0129999999992663
driver,driver/cancel_latency,3,23.3554,cpu_percent,12.900647969615553
driver,driver/cancel_latency,3,23.3554,file_bytes,0
driver,driver/cancel_latency,3,23.3554,loops,6
driver,driver/cancel_latency,3,23.3554,max_command_latency_ms,18.277
driver,driver/cancel_latency,3,23.3554,pauses,0
driver,driver/cancel_latency,3,23.3554,pools,1
driver,driver/cancel_latency,3,23.3554,process_peak_rss_bytes,295911424
driver,driver/cancel_latency,3,23.3554,resumes,0
driver,driver/cancel_latency,3,23.3554,submitted,4
driver,driver/cancel_latency,3,23.3554,total,17.805167
driver,driver/cancel_latency,4,26.4021,active,1
driver,driver/cancel_latency,4,26.4021,cancel_ms,19.6545
driver,driver/cancel_latency,4,26.4021,cancelled,1
driver,driver/cancel_latency,4,26.4021,commands,1
driver,driver/cancel_latency,4,26.4021,completed,0
driver,driver/cancel_latency,4,26.4021,connections,0
driver,driver/cancel_latency,4,26.4021,cpu_ms,2.590999999999788
driver,driver/cancel_latency,4,26.4021,cpu_percent,9.813604018615122
driver,driver/cancel_latency,4,26.4021,file_bytes,0
driver,driver/cancel_latency,4,26.4021,loops,6
driver,driver/cancel_latency,4,26.4021,max_command_latency_ms,0.003
driver,driver/cancel_latency,4,26.4021,pauses,0
driver,driver/cancel_latency,4,26.4021,pools,1
driver,driver/cancel_latency,4,26.4021,process_peak_rss_bytes,295911424
driver,driver/cancel_latency,4,26.4021,resumes,0
driver,driver/cancel_latency,4,26.4021,submitted,1
driver,driver/cancel_latency,4,26.4021,total,19.6545
driver,driver/cancel_latency,5,30.4836,active,0
driver,driver/cancel_latency,5,30.4836,cancel_ms,23.840625
driver,driver/cancel_latency,5,30.4836,cancelled,1
driver,driver/cancel_latency,5,30.4836,commands,8
driver,driver/cancel_latency,5,30.4836,completed,0
driver,driver/cancel_latency,5,30.4836,connections,0
driver,driver/cancel_latency,5,30.4836,cpu_ms,3.911000000000442
driver,driver/cancel_latency,5,30.4836,cpu_percent,12.829856226880809
driver,driver/cancel_latency,5,30.4836,file_bytes,0
driver,driver/cancel_latency,5,30.4836,loops,6
driver,driver/cancel_latency,5,30.4836,max_command_latency_ms,19.611
driver,driver/cancel_latency,5,30.4836,pauses,0
driver,driver/cancel_latency,5,30.4836,pools,1
driver,driver/cancel_latency,5,30.4836,process_peak_rss_bytes,295911424
driver,driver/cancel_latency,5,30.4836,resumes,0
driver,driver/cancel_latency,5,30.4836,submitted,4
driver,driver/cancel_latency,5,30.4836,total,23.840625
driver,driver/cancel_latency,6,16.8464,active,1
driver,driver/cancel_latency,6,16.8464,cancel_ms,9.888
driver,driver/cancel_latency,6,16.8464,cancelled,1
driver,driver/cancel_latency,6,16.8464,commands,2
driver,driver/cancel_latency,6,16.8464,completed,0
driver,driver/cancel_latency,6,16.8464,connections,0
driver,driver/cancel_latency,6,16.8464,cpu_ms,3.127000000000102
driver,driver/cancel_latency,6,16.8464,cpu_percent,18.561856779278042
driver,driver/cancel_latency,6,16.8464,file_bytes,0
driver,driver/cancel_latency,6,16.8464,loops,6
driver,driver/cancel_latency,6,16.8464,max_command_latency_ms,13.417
driver,driver/cancel_latency,6,16.8464,pauses,0
driver,driver/cancel_latency,6,16.8464,pools,1
driver,driver/cancel_latency,6,16.8464,process_peak_rss_bytes,295911424
driver,driver/cancel_latency,6,16.8464,resumes,0
driver,driver/cancel_latency,6,16.8464,submitted,4
driver,driver/cancel_latency,6,16.8464,total,9.888
driver,driver/cancel_latency,7,21.9014,active,1
driver,driver/cancel_latency,7,21.9014,cancel_ms,15.037792
driver,driver/cancel_latency,7,21.9014,cancelled,1
driver,driver/cancel_latency,7,21.9014,commands,1
driver,driver/cancel_latency,7,21.9014,completed,0
driver,driver/cancel_latency,7,21.9014,connections,0
driver,driver/cancel_latency,7,21.9014,cpu_ms,3.5480000000003287
driver,driver/cancel_latency,7,21.9014,cpu_percent,16.199896125244777
driver,driver/cancel_latency,7,21.9014,file_bytes,0
driver,driver/cancel_latency,7,21.9014,loops,5
driver,driver/cancel_latency,7,21.9014,max_command_latency_ms,0.004
driver,driver/cancel_latency,7,21.9014,pauses,0
driver,driver/cancel_latency,7,21.9014,pools,1
driver,driver/cancel_latency,7,21.9014,process_peak_rss_bytes,295911424
driver,driver/cancel_latency,7,21.9014,resumes,0
driver,driver/cancel_latency,7,21.9014,submitted,4
driver,driver/cancel_latency,7,21.9014,total,15.037792
driver,driver/cancel_latency,8,19.5182,active,1
driver,driver/cancel_latency,8,19.5182,cancel_ms,12.077709
driver,driver/cancel_latency,8,19.5182,cancelled,1
driver,driver/cancel_latency,8,19.5182,commands,7
driver,driver/cancel_latency,8,19.5182,completed,0
driver,driver/cancel_latency,8,19.5182,connections,0
driver,driver/cancel_latency,8,19.5182,cpu_ms,4.369000000000511
driver,driver/cancel_latency,8,19.5182,cpu_percent,22.38427409705282
driver,driver/cancel_latency,8,19.5182,file_bytes,0
driver,driver/cancel_latency,8,19.5182,loops,6
driver,driver/cancel_latency,8,19.5182,max_command_latency_ms,15.947
driver,driver/cancel_latency,8,19.5182,pauses,0
driver,driver/cancel_latency,8,19.5182,pools,1
driver,driver/cancel_latency,8,19.5182,process_peak_rss_bytes,295911424
driver,driver/cancel_latency,8,19.5182,resumes,0
driver,driver/cancel_latency,8,19.5182,submitted,4
driver,driver/cancel_latency,8,19.5182,total,12.077709
driver,driver/cancel_latency,9,22.0027,active,1
driver,driver/cancel_latency,9,22.0027,cancel_ms,15.421917
driver,driver/cancel_latency,9,22.0027,cancelled,1
driver,driver/cancel_latency,9,22.0027,commands,4
driver,driver/cancel_latency,9,22.0027,completed,0
driver,driver/cancel_latency,9,22.0027,connections,0
driver,driver/cancel_latency,9,22.0027,cpu_ms,4.7560000000004266
driver,driver/cancel_latency,9,22.0027,cpu_percent,21.615521144035664
driver,driver/cancel_latency,9,22.0027,file_bytes,0
driver,driver/cancel_latency,9,22.0027,loops,6
driver,driver/cancel_latency,9,22.0027,max_command_latency_ms,16.765
driver,driver/cancel_latency,9,22.0027,pauses,0
driver,driver/cancel_latency,9,22.0027,pools,1
driver,driver/cancel_latency,9,22.0027,process_peak_rss_bytes,295911424
driver,driver/cancel_latency,9,22.0027,resumes,0
driver,driver/cancel_latency,9,22.0027,submitted,4
driver,driver/cancel_latency,9,22.0027,total,15.421917
driver,driver/stalled_pool_with_idle_pool,0,336.6925,active,0
driver,driver/stalled_pool_with_idle_pool,0,336.6925,cancel_ms,16.232708
driver,driver/stalled_pool_with_idle_pool,0,336.6925,cancelled,1
driver,driver/stalled_pool_with_idle_pool,0,336.6925,commands,9
driver,driver/stalled_pool_with_idle_pool,0,336.6925,completed,1
driver,driver/stalled_pool_with_idle_pool,0,336.6925,connections,1
driver,driver/stalled_pool_with_idle_pool,0,336.6925,cpu_ms,310.2260000000001
driver,driver/stalled_pool_with_idle_pool,0,336.6925,cpu_percent,92.13927803514986
driver,driver/stalled_pool_with_idle_pool,0,336.6925,held_loops,173115
driver,driver/stalled_pool_with_idle_pool,0,336.6925,held_loops_per_sec,575410.5594144682
driver,driver/stalled_pool_with_idle_pool,0,336.6925,loops,175891
driver,driver/stalled_pool_with_idle_pool,0,336.6925,max_command_latency_ms,0.156
driver,driver/stalled_pool_with_idle_pool,0,336.6925,pauses,0
driver,driver/stalled_pool_with_idle_pool,0,336.6925,pools,2
driver,driver/stalled_pool_with_idle_pool,0,336.6925,process_peak_rss_bytes,295911424
driver,driver/stalled_pool_with_idle_pool,0,336.6925,resumes,0
driver,driver/stalled_pool_with_idle_pool,0,336.6925,submitted,5
driver,driver/stalled_pool_with_idle_pool,0,336.6925,total,300.85475
driver,driver/stalled_pool_with_idle_pool,1,332.0952,active,0
driver,driver/stalled_pool_with_idle_pool,1,332.0952,cancel_ms,14.389208
driver,driver/stalled_pool_with_idle_pool,1,332.0952,cancelled,1
driver,driver/stalled_pool_with_idle_pool,1,332.0952,commands,9
driver,driver/stalled_pool_with_idle_pool,1,332.0952,completed,1
driver,driver/stalled_pool_with_idle_pool,1,332.0952,connections,1
driver,driver/stalled_pool_with_idle_pool,1,332.0952,cpu_ms,310.65200000000016
driver,driver/stalled_pool_with_idle_pool,1,332.0952,cpu_percent,93.54306562371627
driver,driver/stalled_pool_with_idle_pool,1,332.0952,held_loops,188920
driver,driver/stalled_pool_with_idle_pool,1,332.0952,held_loops_per_sec,625173.3874146037
driver,driver/stalled_pool_with_idle_pool,1,332.0952,loops,194418
driver,driver/stalled_pool_with_idle_pool,1,332.0952,max_command_latency_ms,0.032
driver,driver/stalled_pool_with_idle_pool,1,332.0952,pauses,0
driver,driver/stalled_pool_with_idle_pool,1,332.0952,pools,2
driver,driver/stalled_pool_with_idle_pool,1,332.0952,process_peak_rss_bytes,295911424
driver,driver/stalled_pool_with_idle_pool,1,332.0952,resumes,0
driver,driver/stalled_pool_with_idle_pool,1,332.0952,submitted,5
driver,driver/stalled_pool_with_idle_pool,1,332.0952,total,302.188167
driver,driver/stalled_pool_with_idle_pool,2,333.9717,active,0
driver,driver/stalled_pool_with_idle_pool,2,333.9717,cancel_ms,16.532791000000003
driver,driver/stalled_pool_with_idle_pool,2,333.9717,cancelled,1
driver,driver/stalled_pool_with_idle_pool,2,333.9717,commands,9
driver,driver/stalled_pool_with_idle_pool,2,333.9717,completed,1
driver,driver/stalled_pool_with_idle_pool,2,333.9717,connections,1
driver,driver/stalled_pool_with_idle_pool,2,333.9717,cpu_ms,5.740999999999552
driver,driver/stalled_pool_with_idle_pool,2,333.9717,cpu_percent,1.7190078815926146
driver,driver/stalled_pool_with_idle_pool,2,333.9717,held_loops,14
driver,driver/stalled_pool_with_idle_pool,2,333.9717,held_loops_per_sec,46.43058648049107
driver,driver/stalled_pool_with_idle_pool,2,333.9717,loops,30
driver,driver/stalled_pool_with_idle_pool,2,333.9717,max_command_latency_ms,20.356
driver,driver/stalled_pool_with_idle_pool,2,333.9717,pauses,0
driver,driver/stalled_pool_with_idle_pool,2,333.9717,pools,2
driver,driver/stalled_pool_with_idle_pool,2,333.9717,process_peak_rss_bytes,295911424
driver,driver/stalled_pool_with_idle_pool,2,333.9717,resumes,0
driver,driver/stalled_pool_with_idle_pool,2,333.9717,submitted,5
driver,driver/stalled_pool_with_idle_pool,2,333.9717,total,301.525375
driver,driver/stalled_pool_with_idle_pool,3,332.9216,active,0
driver,driver/stalled_pool_with_idle_pool,3,332.9216,cancel_ms,15.912208000000001
driver,driver/stalled_pool_with_idle_pool,3,332.9216,cancelled,1
driver,driver/stalled_pool_with_idle_pool,3,332.9216,commands,9
driver,driver/stalled_pool_with_idle_pool,3,332.9216,completed,1
driver,driver/stalled_pool_with_idle_pool,3,332.9216,connections,1
driver,driver/stalled_pool_with_idle_pool,3,332.9216,cpu_ms,312.61100000000044
driver,driver/stalled_pool_with_idle_pool,3,332.9216,cpu_percent,93.89928919087245
driver,driver/stalled_pool_with_idle_pool,3,332.9216,held_loops,172701
driver,driver/stalled_pool_with_idle_pool,3,332.9216,held_loops_per_sec,572265.1027557178
driver,driver/stalled_pool_with_idle_pool,3,332.9216,loops,175192
driver,driver/stalled_pool_with_idle_pool,3,332.9216,max_command_latency_ms,0.038
driver,driver/stalled_pool_with_idle_pool,3,332.9216,pauses,0
driver,driver/stalled_pool_with_idle_pool,3,332.9216,pools,2
driver,driver/stalled_pool_with_idle_pool,3,332.9216,process_peak_rss_bytes,295911424
driver,driver/stalled_pool_with_idle_pool,3,332.9216,resumes,0
driver,driver/stalled_pool_with_idle_pool,3,332.9216,submitted,5
driver,driver/stalled_pool_with_idle_pool,3,332.9216,total,301.784958
driver,driver/stalled_pool_with_idle_pool,4,334.9732,active,0
driver,driver/stalled_pool_with_idle_pool,4,334.9732,cancel_ms,13.716291
driver,driver/stalled_pool_with_idle_pool,4,334.9732,cancelled,1
driver,driver/stalled_pool_with_idle_pool,4,334.9732,commands,9
driver,driver/stalled_pool_with_idle_pool,4,334.9732,completed,1
driver,driver/stalled_pool_with_idle_pool,4,334.9732,connections,1
driver,driver/stalled_pool_with_idle_pool,4,334.9732,cpu_ms,304.76600000000076
driver,driver/stalled_pool_with_idle_pool,4,334.9732,cpu_percent,90.9822129125945
driver,driver/stalled_pool_with_idle_pool,4,334.9732,held_loops,179189
driver,driver/stalled_pool_with_idle_pool,4,334.9732,held_loops_per_sec,593213.0552253086
driver,driver/stalled_pool_with_idle_pool,4,334.9732,loops,185162
driver,driver/stalled_pool_with_idle_pool,4,334.9732,max_command_latency_ms,0.069
driver,driver/stalled_pool_with_idle_pool,4,334.9732,pauses,0
driver,driver/stalled_pool_with_idle_pool,4,334.9732,pools,2
driver,driver/stalled_pool_with_idle_pool,4,334.9732,process_peak_rss_bytes,295911424
driver,driver/stalled_pool_with_idle_pool,4,334.9732,resumes,0
driver,driver/stalled_pool_with_idle_pool,4,334.9732,submitted,5
driver,driver/stalled_pool_with_idle_pool,4,334.9732,total,302.065166
driver,driver/stalled_pool_with_idle_pool,5,329.4859,active,0
driver,driver/stalled_pool_with_idle_pool,5,329.4859,cancel_ms,13.3855
driver,driver/stalled_pool_with_idle_pool,5,329.4859,cancelled,1
driver,driver/stalled_pool_with_idle_pool,5,329.4859,commands,9
driver,driver/stalled_pool_with_idle_pool,5,329.4859,completed,1
driver,driver/stalled_pool_with_idle_pool,5,329.4859,connections,1
driver,driver/stalled_pool_with_idle_pool,5,329.4859,cpu_ms,310.0229999999993
driver,driver/stalled_pool_with_idle_pool,5,329.4859,cpu_percent,94.09295618514734
driver,driver/stalled_pool_with_idle_pool,5,329.4859,held_loops,187981
driver,driver/stalled_pool_with_idle_pool,5,329.4859,held_loops_per_sec,622614.5346387342
driver,driver/stalled_pool_with_idle_pool,5,329.4859,loops,193761
driver,driver/stalled_pool_with_idle_pool,5,329.4859,max_command_latency_ms,0.036
driver,driver/stalled_pool_with_idle_pool,5,329.4859,pauses,0
driver,driver/stalled_pool_with_idle_pool,5,329.4859,pools,2
driver,driver/stalled_pool_with_idle_pool,5,329.4859,process_peak_rss_bytes,295911424
driver,driver/stalled_pool_with_idle_pool,5,329.4859,resumes,0
driver,driver/stalled_pool_with_idle_pool,5,329.4859,submitted,5
driver,driver/stalled_pool_with_idle_pool,5,329.4859,total,301.921959
driver,driver/stalled_pool_with_idle_pool,6,331.6885,active,0
driver,driver/stalled_pool_with_idle_pool,6,331.6885,cancel_ms,14.924
driver,driver/stalled_pool_with_idle_pool,6,331.6885,cancelled,1
driver,driver/stalled_pool_with_idle_pool,6,331.6885,commands,9
driver,driver/stalled_pool_with_idle_pool,6,331.6885,completed,1
driver,driver/stalled_pool_with_idle_pool,6,331.6885,connections,1
driver,driver/stalled_pool_with_idle_pool,6,331.6885,cpu_ms,5.624000000000962
driver,driver/stalled_pool_with_idle_pool,6,331.6885,cpu_percent,1.6955665595469867
driver,driver/stalled_pool_with_idle_pool,6,331.6885,held_loops,14
driver,driver/stalled_pool_with_idle_pool,6,331.6885,held_loops_per_sec,46.43308256837538
driver,driver/stalled_pool_with_idle_pool,6,331.6885,loops,29
driver,driver/stalled_pool_with_idle_pool,6,331.6885,max_command_latency_ms,21.593
driver,driver/stalled_pool_with_idle_pool,6,331.6885,pauses,0
driver,driver/stalled_pool_with_idle_pool,6,331.6885,pools,2
driver,driver/stalled_pool_with_idle_pool,6,331.6885,process_peak_rss_bytes,295911424
driver,driver/stalled_pool_with_idle_pool,6,331.6885,resumes,0
driver,driver/stalled_pool_with_idle_pool,6,331.6885,submitted,5
driver,driver/stalled_pool_with_idle_pool,6,331.6885,total,301.509166
driver,driver/stalled_pool_with_idle_pool,7,333.2870,active,0
driver,driver/stalled_pool_with_idle_pool,7,333.2870,cancel_ms,16.198292
driver,driver/stalled_pool_with_idle_pool,7,333.2870,cancelled,1
driver,driver/stalled_pool_with_idle_pool,7,333.2870,commands,9
driver,driver/stalled_pool_with_idle_pool,7,333.2870,completed,1
driver,driver/stalled_pool_with_idle_pool,7,333.2870,connections,1
driver,driver/stalled_pool_with_idle_pool,7,333.2870,cpu_ms,313.06400000000065
driver,driver/stalled_pool_with_idle_pool,7,333.2870,cpu_percent,93.93224474655713
driver,driver/stalled_pool_with_idle_pool,7,333.2870,held_loops,171968
driver,driver/stalled_pool_with_idle_pool,7,333.2870,held_loops_per_sec,568977.6685099138
driver,driver/stalled_pool_with_idle_pool,7,333.2870,loops,174246
driver,driver/stalled_pool_with_idle_pool,7,333.2870,max_command_latency_ms,0.219
driver,driver/stalled_pool_with_idle_pool,7,333.2870,pauses,0
driver,driver/stalled_pool_with_idle_pool,7,333.2870,pools,2
driver,driver/stalled_pool_with_idle_pool,7,333.2870,process_peak_rss_bytes,295911424
driver,driver/stalled_pool_with_idle_pool,7,333.2870,resumes,0
driver,driver/stalled_pool_with_idle_pool,7,333.2870,submitted,5
driver,driver/stalled_pool_with_idle_pool,7,333.2870,total,302.240333
driver,driver/stalled_pool_with_idle_pool,8,332.8054,active,0
driver,driver/stalled_pool_with_idle_pool,8,332.8054,cancel_ms,16.215207999999997
driver,driver/stalled_pool_with_idle_pool,8,332.8054,cancelled,1
driver,driver/stalled_pool_with_idle_pool,8,332.8054,commands,9
driver,driver/stalled_pool_with_idle_pool,8,332.8054,completed,1
driver,driver/stalled_pool_with_idle_pool,8,332.8054,connections,1
driver,driver/stalled_pool_with_idle_pool,8,332.8054,cpu_ms,309.86199999999894
driver,driver/stalled_pool_with_idle_pool,8,332.8054,cpu_percent,93.10606837404562
driver,driver/stalled_pool_with_idle_pool,8,332.8054,held_loops,186011
driver,driver/stalled_pool_with_idle_pool,8,332.8054,held_loops_per_sec,617702.4371041183
driver,driver/stalled_pool_with_idle_pool,8,332.8054,loops,191732
driver,driver/stalled_pool_with_idle_pool,8,332.8054,max_command_latency_ms,0.04
driver,driver/stalled_pool_with_idle_pool,8,332.8054,pauses,0
driver,driver/stalled_pool_with_idle_pool,8,332.8054,pools,2
driver,driver/stalled_pool_with_idle_pool,8,332.8054,process_peak_rss_bytes,295911424
driver,driver/stalled_pool_with_idle_pool,8,332.8054,resumes,0
driver,driver/stalled_pool_with_idle_pool,8,332.8054,submitted,5
driver,driver/stalled_pool_with_idle_pool,8,332.8054,total,301.133667
driver,driver/stalled_pool_with_idle_pool,9,334.5405,active,0
driver,driver/stalled_pool_with_idle_pool,9,334.5405,cancel_ms,16.8675
driver,driver/stalled_pool_with_idle_pool,9,334.5405,cancelled,1
driver,driver/stalled_pool_with_idle_pool,9,334.5405,commands,9
driver,driver/stalled_pool_with_idle_pool,9,334.5405,completed,1
driver,driver/stalled_pool_with_idle_pool,9,334.5405,connections,1
driver,driver/stalled_pool_with_idle_pool,9,334.5405,cpu_ms,5.2349999999989905
driver,driver/stalled_pool_with_idle_pool,9,334.5405,cpu_percent,1.5648327656644132
driver,driver/stalled_pool_with_idle_pool,9,334.5405,held_loops,15
driver,driver/stalled_pool_with_idle_pool,9,334.5405,held_loops_per_sec,49.66920310730535
driver,driver/stalled_pool_with_idle_pool,9,334.5405,loops,30
driver,driver/stalled_pool_with_idle_pool,9,334.5405,max_command_latency_ms,21.544
driver,driver/stalled_pool_with_idle_pool,9,334.5405,pauses,0
driver,driver/stalled_pool_with_idle_pool,9,334.5405,pools,2
driver,driver/stalled_pool_with_idle_pool,9,334.5405,process_peak_rss_bytes,295911424
driver,driver/stalled_pool_with_idle_pool,9,334.5405,resumes,0
driver,driver/stalled_pool_with_idle_pool,9,334.5405,submitted,5
driver,driver/stalled_pool_with_idle_pool,9,334.5405,total,301.998
e2e,e2e/small_256KiB_single_connection,0,9.9390,avg_block_bytes,262144
e2e,e2e/small_256KiB_single_connection,0,9.9390,body_reads,17
e2e,e2e/small_256KiB_single_connection,0,9.9390,body_wait_ms,0.001
e2e,e2e/small_256KiB_single_connection,0,9.9390,cache_copied_bytes,262144
e2e,e2e/small_256KiB_single_connection,0,9.9390,cache_evicted_bytes,262144
e2e,e2e/small_256KiB_single_connection,0,9.9390,checksum_ms,0.373
e2e,e2e/small_256KiB_single_connection,0,9.9390,cpu_ms,2.686999999999884
e2e,e2e/small_256KiB_single_connection,0,9.9390,cpu_percent,27.03491296911041
e2e,e2e/small_256KiB_single_connection,0,9.9390,distinct_ranges,1
e2e,e2e/small_256KiB_single_connection,0,9.9390,duplicate_bytes,0
e2e,e2e/small_256KiB_single_connection,0,9.9390,failed,0
e2e,e2e/small_256KiB_single_connection,0,9.9390,file_bytes,262144
e2e,e2e/small_256KiB_single_connection,0,9.9390,finalize,4.172833999999999
e2e,e2e/small_256KiB_single_connection,0,9.9390,fsync_calls,2
e2e,e2e/small_256KiB_single_connection,0,9.9390,fsync_ms,3.598
e2e,e2e/small_256KiB_single_connection,0,9.9390,prealloc_ms,3.266
e2e,e2e/small_256KiB_single_connection,0,9.9390,process_peak_rss_bytes,295911424
e2e,e2e/small_256KiB_single_connection,0,9.9390,report_span,0.005957999999999686
e2e,e2e/small_256KiB_single_connection,0,9.9390,requests,1
e2e,e2e/small_256KiB_single_connection,0,9.9390,response_head_ms,0.388
e2e,e2e/small_256KiB_single_connection,0,9.9390,response_heads,1
e2e,e2e/small_256KiB_single_connection,0,9.9390,running_reports,2
e2e,e2e/small_256KiB_single_connection,0,9.9390,served_bytes,262144
e2e,e2e/small_256KiB_single_connection,0,9.9390,to_first_report,5.011292
e2e,e2e/small_256KiB_single_connection,0,9.9390,total,9.190083999999999
e2e,e2e/small_256KiB_single_connection,0,9.9390,unique_bytes,262144
e2e,e2e/small_256KiB_single_connection,0,9.9390,verified,1
e2e,e2e/small_256KiB_single_connection,0,9.9390,writer_blocks,1
e2e,e2e/small_256KiB_single_connection,0,9.9390,writer_bytes,262144
e2e,e2e/small_256KiB_single_connection,0,9.9390,writer_seeks,1
e2e,e2e/small_256KiB_single_connection,1,9.9413,avg_block_bytes,262144
e2e,e2e/small_256KiB_single_connection,1,9.9413,body_reads,17
e2e,e2e/small_256KiB_single_connection,1,9.9413,body_wait_ms,0.001
e2e,e2e/small_256KiB_single_connection,1,9.9413,cache_copied_bytes,262144
e2e,e2e/small_256KiB_single_connection,1,9.9413,cache_evicted_bytes,262144
e2e,e2e/small_256KiB_single_connection,1,9.9413,checksum_ms,0.328
e2e,e2e/small_256KiB_single_connection,1,9.9413,cpu_ms,3.2169999999993593
e2e,e2e/small_256KiB_single_connection,1,9.9413,cpu_percent,32.35984550562142
e2e,e2e/small_256KiB_single_connection,1,9.9413,distinct_ranges,1
e2e,e2e/small_256KiB_single_connection,1,9.9413,duplicate_bytes,0
e2e,e2e/small_256KiB_single_connection,1,9.9413,failed,0
e2e,e2e/small_256KiB_single_connection,1,9.9413,file_bytes,262144
e2e,e2e/small_256KiB_single_connection,1,9.9413,finalize,3.124792000000001
e2e,e2e/small_256KiB_single_connection,1,9.9413,fsync_calls,2
e2e,e2e/small_256KiB_single_connection,1,9.9413,fsync_ms,2.602
e2e,e2e/small_256KiB_single_connection,1,9.9413,prealloc_ms,4.17
e2e,e2e/small_256KiB_single_connection,1,9.9413,process_peak_rss_bytes,295911424
e2e,e2e/small_256KiB_single_connection,1,9.9413,report_span,0.020040999999999976
e2e,e2e/small_256KiB_single_connection,1,9.9413,requests,1
e2e,e2e/small_256KiB_single_connection,1,9.9413,response_head_ms,0.421
e2e,e2e/small_256KiB_single_connection,1,9.9413,response_heads,1
e2e,e2e/small_256KiB_single_connection,1,9.9413,running_reports,2
e2e,e2e/small_256KiB_single_connection,1,9.9413,served_bytes,262144
e2e,e2e/small_256KiB_single_connection,1,9.9413,to_first_report,6.005292
e2e,e2e/small_256KiB_single_connection,1,9.9413,total,9.150125000000001
e2e,e2e/small_256KiB_single_connection,1,9.9413,unique_bytes,262144
e2e,e2e/small_256KiB_single_connection,1,9.9413,verified,1
e2e,e2e/small_256KiB_single_connection,1,9.9413,writer_blocks,1
e2e,e2e/small_256KiB_single_connection,1,9.9413,writer_bytes,262144
e2e,e2e/small_256KiB_single_connection,1,9.9413,writer_seeks,1
e2e,e2e/small_256KiB_single_connection,2,8.1667,avg_block_bytes,262144
e2e,e2e/small_256KiB_single_connection,2,8.1667,body_reads,18
e2e,e2e/small_256KiB_single_connection,2,8.1667,body_wait_ms,0
e2e,e2e/small_256KiB_single_connection,2,8.1667,cache_copied_bytes,262144
e2e,e2e/small_256KiB_single_connection,2,8.1667,cache_evicted_bytes,262144
e2e,e2e/small_256KiB_single_connection,2,8.1667,checksum_ms,0.389
e2e,e2e/small_256KiB_single_connection,2,8.1667,cpu_ms,2.879000000000076
e2e,e2e/small_256KiB_single_connection,2,8.1667,cpu_percent,35.253059785590324
e2e,e2e/small_256KiB_single_connection,2,8.1667,distinct_ranges,1
e2e,e2e/small_256KiB_single_connection,2,8.1667,duplicate_bytes,0
e2e,e2e/small_256KiB_single_connection,2,8.1667,failed,0
e2e,e2e/small_256KiB_single_connection,2,8.1667,file_bytes,262144
e2e,e2e/small_256KiB_single_connection,2,8.1667,finalize,3.407083
e2e,e2e/small_256KiB_single_connection,2,8.1667,fsync_calls,2
e2e,e2e/small_256KiB_single_connection,2,8.1667,fsync_ms,2.818
e2e,e2e/small_256KiB_single_connection,2,8.1667,prealloc_ms,2.233
e2e,e2e/small_256KiB_single_connection,2,8.1667,process_peak_rss_bytes,295911424
e2e,e2e/small_256KiB_single_connection,2,8.1667,report_span,0.005459000000000103
e2e,e2e/small_256KiB_single_connection,2,8.1667,requests,1
e2e,e2e/small_256KiB_single_connection,2,8.1667,response_head_ms,0.342
e2e,e2e/small_256KiB_single_connection,2,8.1667,response_heads,1
e2e,e2e/small_256KiB_single_connection,2,8.1667,running_reports,2
e2e,e2e/small_256KiB_single_connection,2,8.1667,served_bytes,262144
e2e,e2e/small_256KiB_single_connection,2,8.1667,to_first_report,3.898708
e2e,e2e/small_256KiB_single_connection,2,8.1667,total,7.31125
e2e,e2e/small_256KiB_single_connection,2,8.1667,unique_bytes,262144
e2e,e2e/small_256KiB_single_connection,2,8.1667,verified,1
e2e,e2e/small_256KiB_single_connection,2,8.1667,writer_blocks,1
e2e,e2e/small_256KiB_single_connection,2,8.1667,writer_bytes,262144
e2e,e2e/small_256KiB_single_connection,2,8.1667,writer_seeks,1
e2e,e2e/small_256KiB_single_connection,3,9.6697,avg_block_bytes,262144
e2e,e2e/small_256KiB_single_connection,3,9.6697,body_reads,17
e2e,e2e/small_256KiB_single_connection,3,9.6697,body_wait_ms,0.001
e2e,e2e/small_256KiB_single_connection,3,9.6697,cache_copied_bytes,262144
e2e,e2e/small_256KiB_single_connection,3,9.6697,cache_evicted_bytes,262144
e2e,e2e/small_256KiB_single_connection,3,9.6697,checksum_ms,0.317
e2e,e2e/small_256KiB_single_connection,3,9.6697,cpu_ms,3.054999999999808
e2e,e2e/small_256KiB_single_connection,3,9.6697,cpu_percent,31.59337107991218
e2e,e2e/small_256KiB_single_connection,3,9.6697,distinct_ranges,1
e2e,e2e/small_256KiB_single_connection,3,9.6697,duplicate_bytes,0
e2e,e2e/small_256KiB_single_connection,3,9.6697,failed,0
e2e,e2e/small_256KiB_single_connection,3,9.6697,file_bytes,262144
e2e,e2e/small_256KiB_single_connection,3,9.6697,finalize,3.965459
e2e,e2e/small_256KiB_single_connection,3,9.6697,fsync_calls,2
e2e,e2e/small_256KiB_single_connection,3,9.6697,fsync_ms,3.484
e2e,e2e/small_256KiB_single_connection,3,9.6697,prealloc_ms,3.09
e2e,e2e/small_256KiB_single_connection,3,9.6697,process_peak_rss_bytes,295911424
e2e,e2e/small_256KiB_single_connection,3,9.6697,report_span,0
e2e,e2e/small_256KiB_single_connection,3,9.6697,requests,1
e2e,e2e/small_256KiB_single_connection,3,9.6697,response_head_ms,0.415
e2e,e2e/small_256KiB_single_connection,3,9.6697,response_heads,1
e2e,e2e/small_256KiB_single_connection,3,9.6697,running_reports,1
e2e,e2e/small_256KiB_single_connection,3,9.6697,served_bytes,262144
e2e,e2e/small_256KiB_single_connection,3,9.6697,to_first_report,4.941415999999999
e2e,e2e/small_256KiB_single_connection,3,9.6697,total,8.906875
e2e,e2e/small_256KiB_single_connection,3,9.6697,unique_bytes,262144
e2e,e2e/small_256KiB_single_connection,3,9.6697,verified,1
e2e,e2e/small_256KiB_single_connection,3,9.6697,writer_blocks,1
e2e,e2e/small_256KiB_single_connection,3,9.6697,writer_bytes,262144
e2e,e2e/small_256KiB_single_connection,3,9.6697,writer_seeks,1
e2e,e2e/small_256KiB_single_connection,4,9.1942,avg_block_bytes,262144
e2e,e2e/small_256KiB_single_connection,4,9.1942,body_reads,17
e2e,e2e/small_256KiB_single_connection,4,9.1942,body_wait_ms,0
e2e,e2e/small_256KiB_single_connection,4,9.1942,cache_copied_bytes,262144
e2e,e2e/small_256KiB_single_connection,4,9.1942,cache_evicted_bytes,262144
e2e,e2e/small_256KiB_single_connection,4,9.1942,checksum_ms,0.389
e2e,e2e/small_256KiB_single_connection,4,9.1942,cpu_ms,3.147000000000233
e2e,e2e/small_256KiB_single_connection,4,9.1942,cpu_percent,34.228223176718814
e2e,e2e/small_256KiB_single_connection,4,9.1942,distinct_ranges,1
e2e,e2e/small_256KiB_single_connection,4,9.1942,duplicate_bytes,0
e2e,e2e/small_256KiB_single_connection,4,9.1942,failed,0
e2e,e2e/small_256KiB_single_connection,4,9.1942,file_bytes,262144
e2e,e2e/small_256KiB_single_connection,4,9.1942,finalize,4.051540999999999
e2e,e2e/small_256KiB_single_connection,4,9.1942,fsync_calls,2
e2e,e2e/small_256KiB_single_connection,4,9.1942,fsync_ms,3.458
e2e,e2e/small_256KiB_single_connection,4,9.1942,prealloc_ms,2.562
e2e,e2e/small_256KiB_single_connection,4,9.1942,process_peak_rss_bytes,295911424
e2e,e2e/small_256KiB_single_connection,4,9.1942,report_span,0.0012499999999997513
e2e,e2e/small_256KiB_single_connection,4,9.1942,requests,1
e2e,e2e/small_256KiB_single_connection,4,9.1942,response_head_ms,0.412
e2e,e2e/small_256KiB_single_connection,4,9.1942,response_heads,1
e2e,e2e/small_256KiB_single_connection,4,9.1942,running_reports,2
e2e,e2e/small_256KiB_single_connection,4,9.1942,served_bytes,262144
e2e,e2e/small_256KiB_single_connection,4,9.1942,to_first_report,4.373875
e2e,e2e/small_256KiB_single_connection,4,9.1942,total,8.426665999999999
e2e,e2e/small_256KiB_single_connection,4,9.1942,unique_bytes,262144
e2e,e2e/small_256KiB_single_connection,4,9.1942,verified,1
e2e,e2e/small_256KiB_single_connection,4,9.1942,writer_blocks,1
e2e,e2e/small_256KiB_single_connection,4,9.1942,writer_bytes,262144
e2e,e2e/small_256KiB_single_connection,4,9.1942,writer_seeks,1
e2e,e2e/small_256KiB_single_connection,5,10.8612,avg_block_bytes,262144
e2e,e2e/small_256KiB_single_connection,5,10.8612,body_reads,17
e2e,e2e/small_256KiB_single_connection,5,10.8612,body_wait_ms,0.001
e2e,e2e/small_256KiB_single_connection,5,10.8612,cache_copied_bytes,262144
e2e,e2e/small_256KiB_single_connection,5,10.8612,cache_evicted_bytes,262144
e2e,e2e/small_256KiB_single_connection,5,10.8612,checksum_ms,0.309
e2e,e2e/small_256KiB_single_connection,5,10.8612,cpu_ms,2.8290000000001925
e2e,e2e/small_256KiB_single_connection,5,10.8612,cpu_percent,26.046826467186634
e2e,e2e/small_256KiB_single_connection,5,10.8612,distinct_ranges,1
e2e,e2e/small_256KiB_single_connection,5,10.8612,duplicate_bytes,0
e2e,e2e/small_256KiB_single_connection,5,10.8612,failed,0
e2e,e2e/small_256KiB_single_connection,5,10.8612,file_bytes,262144
e2e,e2e/small_256KiB_single_connection,5,10.8612,finalize,4.223833
e2e,e2e/small_256KiB_single_connection,5,10.8612,fsync_calls,2
e2e,e2e/small_256KiB_single_connection,5,10.8612,fsync_ms,3.761
e2e,e2e/small_256KiB_single_connection,5,10.8612,prealloc_ms,4.164
e2e,e2e/small_256KiB_single_connection,5,10.8612,process_peak_rss_bytes,295911424
e2e,e2e/small_256KiB_single_connection,5,10.8612,report_span,0.001166999999999696
e2e,e2e/small_256KiB_single_connection,5,10.8612,requests,1
e2e,e2e/small_256KiB_single_connection,5,10.8612,response_head_ms,0.375
e2e,e2e/small_256KiB_single_connection,5,10.8612,response_heads,1
e2e,e2e/small_256KiB_single_connection,5,10.8612,running_reports,2
e2e,e2e/small_256KiB_single_connection,5,10.8612,served_bytes,262144
e2e,e2e/small_256KiB_single_connection,5,10.8612,to_first_report,5.861542
e2e,e2e/small_256KiB_single_connection,5,10.8612,total,10.086542
e2e,e2e/small_256KiB_single_connection,5,10.8612,unique_bytes,262144
e2e,e2e/small_256KiB_single_connection,5,10.8612,verified,1
e2e,e2e/small_256KiB_single_connection,5,10.8612,writer_blocks,1
e2e,e2e/small_256KiB_single_connection,5,10.8612,writer_bytes,262144
e2e,e2e/small_256KiB_single_connection,5,10.8612,writer_seeks,1
e2e,e2e/small_256KiB_single_connection,6,10.1683,avg_block_bytes,262144
e2e,e2e/small_256KiB_single_connection,6,10.1683,body_reads,17
e2e,e2e/small_256KiB_single_connection,6,10.1683,body_wait_ms,0.001
e2e,e2e/small_256KiB_single_connection,6,10.1683,cache_copied_bytes,262144
e2e,e2e/small_256KiB_single_connection,6,10.1683,cache_evicted_bytes,262144
e2e,e2e/small_256KiB_single_connection,6,10.1683,checksum_ms,0.359
e2e,e2e/small_256KiB_single_connection,6,10.1683,cpu_ms,3.218000000000387
e2e,e2e/small_256KiB_single_connection,6,10.1683,cpu_percent,31.647271976639505
e2e,e2e/small_256KiB_single_connection,6,10.1683,distinct_ranges,1
e2e,e2e/small_256KiB_single_connection,6,10.1683,duplicate_bytes,0
e2e,e2e/small_256KiB_single_connection,6,10.1683,failed,0
e2e,e2e/small_256KiB_single_connection,6,10.1683,file_bytes,262144
e2e,e2e/small_256KiB_single_connection,6,10.1683,finalize,3.269666000000001
e2e,e2e/small_256KiB_single_connection,6,10.1683,fsync_calls,2
e2e,e2e/small_256KiB_single_connection,6,10.1683,fsync_ms,2.749
e2e,e2e/small_256KiB_single_connection,6,10.1683,prealloc_ms,4.246
e2e,e2e/small_256KiB_single_connection,6,10.1683,process_peak_rss_bytes,295911424
e2e,e2e/small_256KiB_single_connection,6,10.1683,report_span,0.010083999999999982
e2e,e2e/small_256KiB_single_connection,6,10.1683,requests,1
e2e,e2e/small_256KiB_single_connection,6,10.1683,response_head_ms,0.435
e2e,e2e/small_256KiB_single_connection,6,10.1683,response_heads,1
e2e,e2e/small_256KiB_single_connection,6,10.1683,running_reports,2
e2e,e2e/small_256KiB_single_connection,6,10.1683,served_bytes,262144
e2e,e2e/small_256KiB_single_connection,6,10.1683,to_first_report,6.072916
e2e,e2e/small_256KiB_single_connection,6,10.1683,total,9.352666000000001
e2e,e2e/small_256KiB_single_connection,6,10.1683,unique_bytes,262144
e2e,e2e/small_256KiB_single_connection,6,10.1683,verified,1
e2e,e2e/small_256KiB_single_connection,6,10.1683,writer_blocks,1
e2e,e2e/small_256KiB_single_connection,6,10.1683,writer_bytes,262144
e2e,e2e/small_256KiB_single_connection,6,10.1683,writer_seeks,1
e2e,e2e/small_256KiB_single_connection,7,9.2649,avg_block_bytes,262144
e2e,e2e/small_256KiB_single_connection,7,9.2649,body_reads,17
e2e,e2e/small_256KiB_single_connection,7,9.2649,body_wait_ms,0
e2e,e2e/small_256KiB_single_connection,7,9.2649,cache_copied_bytes,262144
e2e,e2e/small_256KiB_single_connection,7,9.2649,cache_evicted_bytes,262144
e2e,e2e/small_256KiB_single_connection,7,9.2649,checksum_ms,0.543
e2e,e2e/small_256KiB_single_connection,7,9.2649,cpu_ms,3.1090000000002505
e2e,e2e/small_256KiB_single_connection,7,9.2649,cpu_percent,33.55684777182909
e2e,e2e/small_256KiB_single_connection,7,9.2649,distinct_ranges,1
e2e,e2e/small_256KiB_single_connection,7,9.2649,duplicate_bytes,0
e2e,e2e/small_256KiB_single_connection,7,9.2649,failed,0
e2e,e2e/small_256KiB_single_connection,7,9.2649,file_bytes,262144
e2e,e2e/small_256KiB_single_connection,7,9.2649,finalize,4.5145
e2e,e2e/small_256KiB_single_connection,7,9.2649,fsync_calls,2
e2e,e2e/small_256KiB_single_connection,7,9.2649,fsync_ms,3.713
e2e,e2e/small_256KiB_single_connection,7,9.2649,prealloc_ms,2.212
e2e,e2e/small_256KiB_single_connection,7,9.2649,process_peak_rss_bytes,295911424
e2e,e2e/small_256KiB_single_connection,7,9.2649,report_span,0.007249999999999979
e2e,e2e/small_256KiB_single_connection,7,9.2649,requests,1
e2e,e2e/small_256KiB_single_connection,7,9.2649,response_head_ms,0.342
e2e,e2e/small_256KiB_single_connection,7,9.2649,response_heads,1
e2e,e2e/small_256KiB_single_connection,7,9.2649,running_reports,2
e2e,e2e/small_256KiB_single_connection,7,9.2649,served_bytes,262144
e2e,e2e/small_256KiB_single_connection,7,9.2649,to_first_report,3.873625
e2e,e2e/small_256KiB_single_connection,7,9.2649,total,8.395375
e2e,e2e/small_256KiB_single_connection,7,9.2649,unique_bytes,262144
e2e,e2e/small_256KiB_single_connection,7,9.2649,verified,1
e2e,e2e/small_256KiB_single_connection,7,9.2649,writer_blocks,1
e2e,e2e/small_256KiB_single_connection,7,9.2649,writer_bytes,262144
e2e,e2e/small_256KiB_single_connection,7,9.2649,writer_seeks,1
e2e,e2e/small_256KiB_single_connection,8,10.8409,avg_block_bytes,262144
e2e,e2e/small_256KiB_single_connection,8,10.8409,body_reads,17
e2e,e2e/small_256KiB_single_connection,8,10.8409,body_wait_ms,0.001
e2e,e2e/small_256KiB_single_connection,8,10.8409,cache_copied_bytes,262144
e2e,e2e/small_256KiB_single_connection,8,10.8409,cache_evicted_bytes,262144
e2e,e2e/small_256KiB_single_connection,8,10.8409,checksum_ms,0.364
e2e,e2e/small_256KiB_single_connection,8,10.8409,cpu_ms,3.918000000000532
e2e,e2e/small_256KiB_single_connection,8,10.8409,cpu_percent,36.140857469982535
e2e,e2e/small_256KiB_single_connection,8,10.8409,distinct_ranges,1
e2e,e2e/small_256KiB_single_connection,8,10.8409,duplicate_bytes,0
e2e,e2e/small_256KiB_single_connection,8,10.8409,failed,0
e2e,e2e/small_256KiB_single_connection,8,10.8409,file_bytes,262144
e2e,e2e/small_256KiB_single_connection,8,10.8409,finalize,4.200167000000001
e2e,e2e/small_256KiB_single_connection,8,10.8409,fsync_calls,2
e2e,e2e/small_256KiB_single_connection,8,10.8409,fsync_ms,3.644
e2e,e2e/small_256KiB_single_connection,8,10.8409,prealloc_ms,3.532
e2e,e2e/small_256KiB_single_connection,8,10.8409,process_peak_rss_bytes,295911424
e2e,e2e/small_256KiB_single_connection,8,10.8409,report_span,0.015832999999999764
e2e,e2e/small_256KiB_single_connection,8,10.8409,requests,1
e2e,e2e/small_256KiB_single_connection,8,10.8409,response_head_ms,0.602
e2e,e2e/small_256KiB_single_connection,8,10.8409,response_heads,1
e2e,e2e/small_256KiB_single_connection,8,10.8409,running_reports,2
e2e,e2e/small_256KiB_single_connection,8,10.8409,served_bytes,262144
e2e,e2e/small_256KiB_single_connection,8,10.8409,to_first_report,5.588709
e2e,e2e/small_256KiB_single_connection,8,10.8409,total,9.804709
e2e,e2e/small_256KiB_single_connection,8,10.8409,unique_bytes,262144
e2e,e2e/small_256KiB_single_connection,8,10.8409,verified,1
e2e,e2e/small_256KiB_single_connection,8,10.8409,writer_blocks,1
e2e,e2e/small_256KiB_single_connection,8,10.8409,writer_bytes,262144
e2e,e2e/small_256KiB_single_connection,8,10.8409,writer_seeks,1
e2e,e2e/small_256KiB_single_connection,9,9.8325,avg_block_bytes,262144
e2e,e2e/small_256KiB_single_connection,9,9.8325,body_reads,17
e2e,e2e/small_256KiB_single_connection,9,9.8325,body_wait_ms,0
e2e,e2e/small_256KiB_single_connection,9,9.8325,cache_copied_bytes,262144
e2e,e2e/small_256KiB_single_connection,9,9.8325,cache_evicted_bytes,262144
e2e,e2e/small_256KiB_single_connection,9,9.8325,checksum_ms,0.319
e2e,e2e/small_256KiB_single_connection,9,9.8325,cpu_ms,3.021999999999636
e2e,e2e/small_256KiB_single_connection,9,9.8325,cpu_percent,30.73493932035749
e2e,e2e/small_256KiB_single_connection,9,9.8325,distinct_ranges,1
e2e,e2e/small_256KiB_single_connection,9,9.8325,duplicate_bytes,0
e2e,e2e/small_256KiB_single_connection,9,9.8325,failed,0
e2e,e2e/small_256KiB_single_connection,9,9.8325,file_bytes,262144
e2e,e2e/small_256KiB_single_connection,9,9.8325,finalize,3.26975
e2e,e2e/small_256KiB_single_connection,9,9.8325,fsync_calls,2
e2e,e2e/small_256KiB_single_connection,9,9.8325,fsync_ms,2.78
e2e,e2e/small_256KiB_single_connection,9,9.8325,prealloc_ms,3.929
e2e,e2e/small_256KiB_single_connection,9,9.8325,process_peak_rss_bytes,295911424
e2e,e2e/small_256KiB_single_connection,9,9.8325,report_span,0.007709000000000188
e2e,e2e/small_256KiB_single_connection,9,9.8325,requests,1
e2e,e2e/small_256KiB_single_connection,9,9.8325,response_head_ms,0.385
e2e,e2e/small_256KiB_single_connection,9,9.8325,response_heads,1
e2e,e2e/small_256KiB_single_connection,9,9.8325,running_reports,2
e2e,e2e/small_256KiB_single_connection,9,9.8325,served_bytes,262144
e2e,e2e/small_256KiB_single_connection,9,9.8325,to_first_report,5.669582999999999
e2e,e2e/small_256KiB_single_connection,9,9.8325,total,8.947042
e2e,e2e/small_256KiB_single_connection,9,9.8325,unique_bytes,262144
e2e,e2e/small_256KiB_single_connection,9,9.8325,verified,1
e2e,e2e/small_256KiB_single_connection,9,9.8325,writer_blocks,1
e2e,e2e/small_256KiB_single_connection,9,9.8325,writer_bytes,262144
e2e,e2e/small_256KiB_single_connection,9,9.8325,writer_seeks,1
e2e,e2e/split_12MiB_4conns,0,296.6427,avg_block_bytes,1048576
e2e,e2e/split_12MiB_4conns,0,296.6427,body_reads,779
e2e,e2e/split_12MiB_4conns,0,296.6427,body_wait_ms,260.353
e2e,e2e/split_12MiB_4conns,0,296.6427,cache_copied_bytes,12582912
e2e,e2e/split_12MiB_4conns,0,296.6427,cache_evicted_bytes,12582912
e2e,e2e/split_12MiB_4conns,0,296.6427,checksum_ms,12.373
e2e,e2e/split_12MiB_4conns,0,296.6427,cpu_ms,57.46500000000054
e2e,e2e/split_12MiB_4conns,0,296.6427,cpu_percent,19.37179185353014
e2e,e2e/split_12MiB_4conns,0,296.6427,distinct_ranges,4
e2e,e2e/split_12MiB_4conns,0,296.6427,duplicate_bytes,0
e2e,e2e/split_12MiB_4conns,0,296.6427,failed,0
e2e,e2e/split_12MiB_4conns,0,296.6427,file_bytes,12582912
e2e,e2e/split_12MiB_4conns,0,296.6427,finalize,12.402291999999989
e2e,e2e/split_12MiB_4conns,0,296.6427,fsync_calls,1
e2e,e2e/split_12MiB_4conns,0,296.6427,fsync_ms,3.846
e2e,e2e/split_12MiB_4conns,0,296.6427,prealloc_ms,3.94
e2e,e2e/split_12MiB_4conns,0,296.6427,process_peak_rss_bytes,295911424
e2e,e2e/split_12MiB_4conns,0,296.6427,report_span,61.44529200000002
e2e,e2e/split_12MiB_4conns,0,296.6427,requests,4
e2e,e2e/split_12MiB_4conns,0,296.6427,response_head_ms,52.622
e2e,e2e/split_12MiB_4conns,0,296.6427,response_heads,4
e2e,e2e/split_12MiB_4conns,0,296.6427,running_reports,2
e2e,e2e/split_12MiB_4conns,0,296.6427,served_bytes,12582912
e2e,e2e/split_12MiB_4conns,0,296.6427,to_first_report,208.383458
e2e,e2e/split_12MiB_4conns,0,296.6427,total,282.231042
e2e,e2e/split_12MiB_4conns,0,296.6427,unique_bytes,12582912
e2e,e2e/split_12MiB_4conns,0,296.6427,verified,1
e2e,e2e/split_12MiB_4conns,0,296.6427,writer_blocks,12
e2e,e2e/split_12MiB_4conns,0,296.6427,writer_bytes,12582912
e2e,e2e/split_12MiB_4conns,0,296.6427,writer_seeks,4
e2e,e2e/split_12MiB_4conns,1,100.7240,avg_block_bytes,1048576
e2e,e2e/split_12MiB_4conns,1,100.7240,body_reads,782
e2e,e2e/split_12MiB_4conns,1,100.7240,body_wait_ms,92.622
e2e,e2e/split_12MiB_4conns,1,100.7240,cache_copied_bytes,12582912
e2e,e2e/split_12MiB_4conns,1,100.7240,cache_evicted_bytes,12582912
e2e,e2e/split_12MiB_4conns,1,100.7240,checksum_ms,9.831
e2e,e2e/split_12MiB_4conns,1,100.7240,cpu_ms,44.74200000000117
e2e,e2e/split_12MiB_4conns,1,100.7240,cpu_percent,44.420377808111766
e2e,e2e/split_12MiB_4conns,1,100.7240,distinct_ranges,5
e2e,e2e/split_12MiB_4conns,1,100.7240,duplicate_bytes,0
e2e,e2e/split_12MiB_4conns,1,100.7240,failed,0
e2e,e2e/split_12MiB_4conns,1,100.7240,file_bytes,12582912
e2e,e2e/split_12MiB_4conns,1,100.7240,finalize,9.841042000000016
e2e,e2e/split_12MiB_4conns,1,100.7240,fsync_calls,1
e2e,e2e/split_12MiB_4conns,1,100.7240,fsync_ms,6.019
e2e,e2e/split_12MiB_4conns,1,100.7240,prealloc_ms,3.945
e2e,e2e/split_12MiB_4conns,1,100.7240,process_peak_rss_bytes,295911424
e2e,e2e/split_12MiB_4conns,1,100.7240,report_span,0
e2e,e2e/split_12MiB_4conns,1,100.7240,requests,5
e2e,e2e/split_12MiB_4conns,1,100.7240,response_head_ms,68.134
e2e,e2e/split_12MiB_4conns,1,100.7240,response_heads,5
e2e,e2e/split_12MiB_4conns,1,100.7240,running_reports,1
e2e,e2e/split_12MiB_4conns,1,100.7240,served_bytes,12582912
e2e,e2e/split_12MiB_4conns,1,100.7240,to_first_report,80.30199999999999
e2e,e2e/split_12MiB_4conns,1,100.7240,total,90.14304200000001
e2e,e2e/split_12MiB_4conns,1,100.7240,unique_bytes,12582912
e2e,e2e/split_12MiB_4conns,1,100.7240,verified,1
e2e,e2e/split_12MiB_4conns,1,100.7240,writer_blocks,12
e2e,e2e/split_12MiB_4conns,1,100.7240,writer_bytes,12582912
e2e,e2e/split_12MiB_4conns,1,100.7240,writer_seeks,12
e2e,e2e/split_12MiB_4conns,2,98.0377,avg_block_bytes,1048576
e2e,e2e/split_12MiB_4conns,2,98.0377,body_reads,783
e2e,e2e/split_12MiB_4conns,2,98.0377,body_wait_ms,132.507
e2e,e2e/split_12MiB_4conns,2,98.0377,cache_copied_bytes,12582912
e2e,e2e/split_12MiB_4conns,2,98.0377,cache_evicted_bytes,12582912
e2e,e2e/split_12MiB_4conns,2,98.0377,checksum_ms,9.555
e2e,e2e/split_12MiB_4conns,2,98.0377,cpu_ms,40.3469999999988
e2e,e2e/split_12MiB_4conns,2,98.0377,cpu_percent,41.15459010259679
e2e,e2e/split_12MiB_4conns,2,98.0377,distinct_ranges,4
e2e,e2e/split_12MiB_4conns,2,98.0377,duplicate_bytes,0
e2e,e2e/split_12MiB_4conns,2,98.0377,failed,0
e2e,e2e/split_12MiB_4conns,2,98.0377,file_bytes,12582912
e2e,e2e/split_12MiB_4conns,2,98.0377,finalize,9.580499999999986
e2e,e2e/split_12MiB_4conns,2,98.0377,fsync_calls,1
e2e,e2e/split_12MiB_4conns,2,98.0377,fsync_ms,7.384
e2e,e2e/split_12MiB_4conns,2,98.0377,prealloc_ms,2.967
e2e,e2e/split_12MiB_4conns,2,98.0377,process_peak_rss_bytes,295911424
e2e,e2e/split_12MiB_4conns,2,98.0377,report_span,0
e2e,e2e/split_12MiB_4conns,2,98.0377,requests,4
e2e,e2e/split_12MiB_4conns,2,98.0377,response_head_ms,70.358
e2e,e2e/split_12MiB_4conns,2,98.0377,response_heads,4
e2e,e2e/split_12MiB_4conns,2,98.0377,running_reports,1
e2e,e2e/split_12MiB_4conns,2,98.0377,served_bytes,12582912
e2e,e2e/split_12MiB_4conns,2,98.0377,to_first_report,79.99187500000001
e2e,e2e/split_12MiB_4conns,2,98.0377,total,89.572375
e2e,e2e/split_12MiB_4conns,2,98.0377,unique_bytes,12582912
e2e,e2e/split_12MiB_4conns,2,98.0377,verified,1
e2e,e2e/split_12MiB_4conns,2,98.0377,writer_blocks,12
e2e,e2e/split_12MiB_4conns,2,98.0377,writer_bytes,12582912
e2e,e2e/split_12MiB_4conns,2,98.0377,writer_seeks,12
e2e,e2e/split_12MiB_4conns,3,129.1220,avg_block_bytes,1048576
e2e,e2e/split_12MiB_4conns,3,129.1220,body_reads,782
e2e,e2e/split_12MiB_4conns,3,129.1220,body_wait_ms,201.874
e2e,e2e/split_12MiB_4conns,3,129.1220,cache_copied_bytes,12582912
e2e,e2e/split_12MiB_4conns,3,129.1220,cache_evicted_bytes,12582912
e2e,e2e/split_12MiB_4conns,3,129.1220,checksum_ms,10.304
e2e,e2e/split_12MiB_4conns,3,129.1220,cpu_ms,34.094999999998876
e2e,e2e/split_12MiB_4conns,3,129.1220,cpu_percent,26.4052517571333
e2e,e2e/split_12MiB_4conns,3,129.1220,distinct_ranges,5
e2e,e2e/split_12MiB_4conns,3,129.1220,duplicate_bytes,0
e2e,e2e/split_12MiB_4conns,3,129.1220,failed,0
e2e,e2e/split_12MiB_4conns,3,129.1220,file_bytes,12582912
e2e,e2e/split_12MiB_4conns,3,129.1220,finalize,10.319708000000006
e2e,e2e/split_12MiB_4conns,3,129.1220,fsync_calls,1
e2e,e2e/split_12MiB_4conns,3,129.1220,fsync_ms,7.181
e2e,e2e/split_12MiB_4conns,3,129.1220,prealloc_ms,3.413
e2e,e2e/split_12MiB_4conns,3,129.1220,process_peak_rss_bytes,295911424
e2e,e2e/split_12MiB_4conns,3,129.1220,report_span,0
e2e,e2e/split_12MiB_4conns,3,129.1220,requests,5
e2e,e2e/split_12MiB_4conns,3,129.1220,response_head_ms,68.239
e2e,e2e/split_12MiB_4conns,3,129.1220,response_heads,5
e2e,e2e/split_12MiB_4conns,3,129.1220,running_reports,1
e2e,e2e/split_12MiB_4conns,3,129.1220,served_bytes,12582912
e2e,e2e/split_12MiB_4conns,3,129.1220,to_first_report,110.721792
e2e,e2e/split_12MiB_4conns,3,129.1220,total,121.0415
e2e,e2e/split_12MiB_4conns,3,129.1220,unique_bytes,12582912
e2e,e2e/split_12MiB_4conns,3,129.1220,verified,1
e2e,e2e/split_12MiB_4conns,3,129.1220,writer_blocks,12
e2e,e2e/split_12MiB_4conns,3,129.1220,writer_bytes,12582912
e2e,e2e/split_12MiB_4conns,3,129.1220,writer_seeks,11
e2e,e2e/split_12MiB_4conns,4,171.1762,avg_block_bytes,1048576
e2e,e2e/split_12MiB_4conns,4,171.1762,body_reads,777
e2e,e2e/split_12MiB_4conns,4,171.1762,body_wait_ms,145.78
e2e,e2e/split_12MiB_4conns,4,171.1762,cache_copied_bytes,12582912
e2e,e2e/split_12MiB_4conns,4,171.1762,cache_evicted_bytes,12582912
e2e,e2e/split_12MiB_4conns,4,171.1762,checksum_ms,9.874
e2e,e2e/split_12MiB_4conns,4,171.1762,cpu_ms,33.14400000000006
e2e,e2e/split_12MiB_4conns,4,171.1762,cpu_percent,19.36250856697829
e2e,e2e/split_12MiB_4conns,4,171.1762,distinct_ranges,4
e2e,e2e/split_12MiB_4conns,4,171.1762,duplicate_bytes,0
e2e,e2e/split_12MiB_4conns,4,171.1762,failed,0
e2e,e2e/split_12MiB_4conns,4,171.1762,file_bytes,12582912
e2e,e2e/split_12MiB_4conns,4,171.1762,finalize,9.889749999999992
e2e,e2e/split_12MiB_4conns,4,171.1762,fsync_calls,1
e2e,e2e/split_12MiB_4conns,4,171.1762,fsync_ms,4.543
e2e,e2e/split_12MiB_4conns,4,171.1762,prealloc_ms,2.983
e2e,e2e/split_12MiB_4conns,4,171.1762,process_peak_rss_bytes,295911424
e2e,e2e/split_12MiB_4conns,4,171.1762,report_span,0
e2e,e2e/split_12MiB_4conns,4,171.1762,requests,4
e2e,e2e/split_12MiB_4conns,4,171.1762,response_head_ms,69.01
e2e,e2e/split_12MiB_4conns,4,171.1762,response_heads,4
e2e,e2e/split_12MiB_4conns,4,171.1762,running_reports,1
e2e,e2e/split_12MiB_4conns,4,171.1762,served_bytes,12582912
e2e,e2e/split_12MiB_4conns,4,171.1762,to_first_report,153.43354200000002
e2e,e2e/split_12MiB_4conns,4,171.1762,total,163.323292
e2e,e2e/split_12MiB_4conns,4,171.1762,unique_bytes,12582912
e2e,e2e/split_12MiB_4conns,4,171.1762,verified,1
e2e,e2e/split_12MiB_4conns,4,171.1762,writer_blocks,12
e2e,e2e/split_12MiB_4conns,4,171.1762,writer_bytes,12582912
e2e,e2e/split_12MiB_4conns,4,171.1762,writer_seeks,5
e2e,e2e/split_12MiB_4conns,5,225.4233,avg_block_bytes,1048576
e2e,e2e/split_12MiB_4conns,5,225.4233,body_reads,787
e2e,e2e/split_12MiB_4conns,5,225.4233,body_wait_ms,192.79
e2e,e2e/split_12MiB_4conns,5,225.4233,cache_copied_bytes,12582912
e2e,e2e/split_12MiB_4conns,5,225.4233,cache_evicted_bytes,12582912
e2e,e2e/split_12MiB_4conns,5,225.4233,checksum_ms,12.083
e2e,e2e/split_12MiB_4conns,5,225.4233,cpu_ms,43.5130000000008
e2e,e2e/split_12MiB_4conns,5,225.4233,cpu_percent,19.302793205960125
e2e,e2e/split_12MiB_4conns,5,225.4233,distinct_ranges,5
e2e,e2e/split_12MiB_4conns,5,225.4233,duplicate_bytes,0
e2e,e2e/split_12MiB_4conns,5,225.4233,failed,0
e2e,e2e/split_12MiB_4conns,5,225.4233,file_bytes,12582912
e2e,e2e/split_12MiB_4conns,5,225.4233,finalize,12.111457999999999
e2e,e2e/split_12MiB_4conns,5,225.4233,fsync_calls,1
e2e,e2e/split_12MiB_4conns,5,225.4233,fsync_ms,5.441
e2e,e2e/split_12MiB_4conns,5,225.4233,prealloc_ms,3.257
e2e,e2e/split_12MiB_4conns,5,225.4233,process_peak_rss_bytes,295911424
e2e,e2e/split_12MiB_4conns,5,225.4233,report_span,0
e2e,e2e/split_12MiB_4conns,5,225.4233,requests,5
e2e,e2e/split_12MiB_4conns,5,225.4233,response_head_ms,69.67
e2e,e2e/split_12MiB_4conns,5,225.4233,response_heads,5
e2e,e2e/split_12MiB_4conns,5,225.4233,running_reports,1
e2e,e2e/split_12MiB_4conns,5,225.4233,served_bytes,12582912
e2e,e2e/split_12MiB_4conns,5,225.4233,to_first_report,202.87975
e2e,e2e/split_12MiB_4conns,5,225.4233,total,214.991208
e2e,e2e/split_12MiB_4conns,5,225.4233,unique_bytes,12582912
e2e,e2e/split_12MiB_4conns,5,225.4233,verified,1
e2e,e2e/split_12MiB_4conns,5,225.4233,writer_blocks,12
e2e,e2e/split_12MiB_4conns,5,225.4233,writer_bytes,12582912
e2e,e2e/split_12MiB_4conns,5,225.4233,writer_seeks,4
e2e,e2e/split_12MiB_4conns,6,79.9349,avg_block_bytes,1048576
e2e,e2e/split_12MiB_4conns,6,79.9349,body_reads,780
e2e,e2e/split_12MiB_4conns,6,79.9349,body_wait_ms,74.301
e2e,e2e/split_12MiB_4conns,6,79.9349,cache_copied_bytes,12582912
e2e,e2e/split_12MiB_4conns,6,79.9349,cache_evicted_bytes,12582912
e2e,e2e/split_12MiB_4conns,6,79.9349,checksum_ms,10.405
e2e,e2e/split_12MiB_4conns,6,79.9349,cpu_ms,40.49799999999948
e2e,e2e/split_12MiB_4conns,6,79.9349,cpu_percent,50.66371683353281
e2e,e2e/split_12MiB_4conns,6,79.9349,distinct_ranges,4
e2e,e2e/split_12MiB_4conns,6,79.9349,duplicate_bytes,0
e2e,e2e/split_12MiB_4conns,6,79.9349,failed,0
e2e,e2e/split_12MiB_4conns,6,79.9349,file_bytes,12582912
e2e,e2e/split_12MiB_4conns,6,79.9349,finalize,10.419207999999998
e2e,e2e/split_12MiB_4conns,6,79.9349,fsync_calls,1
e2e,e2e/split_12MiB_4conns,6,79.9349,fsync_ms,6.397
e2e,e2e/split_12MiB_4conns,6,79.9349,prealloc_ms,4.75
e2e,e2e/split_12MiB_4conns,6,79.9349,process_peak_rss_bytes,295911424
e2e,e2e/split_12MiB_4conns,6,79.9349,report_span,0
e2e,e2e/split_12MiB_4conns,6,79.9349,requests,4
e2e,e2e/split_12MiB_4conns,6,79.9349,response_head_ms,56.763
e2e,e2e/split_12MiB_4conns,6,79.9349,response_heads,4
e2e,e2e/split_12MiB_4conns,6,79.9349,running_reports,1
e2e,e2e/split_12MiB_4conns,6,79.9349,served_bytes,12582912
e2e,e2e/split_12MiB_4conns,6,79.9349,to_first_report,59.700834
e2e,e2e/split_12MiB_4conns,6,79.9349,total,70.120042
e2e,e2e/split_12MiB_4conns,6,79.9349,unique_bytes,12582912
e2e,e2e/split_12MiB_4conns,6,79.9349,verified,1
e2e,e2e/split_12MiB_4conns,6,79.9349,writer_blocks,12
e2e,e2e/split_12MiB_4conns,6,79.9349,writer_bytes,12582912
e2e,e2e/split_12MiB_4conns,6,79.9349,writer_seeks,12
e2e,e2e/split_12MiB_4conns,7,128.5914,avg_block_bytes,1048576
e2e,e2e/split_12MiB_4conns,7,128.5914,body_reads,777
e2e,e2e/split_12MiB_4conns,7,128.5914,body_wait_ms,142.871
e2e,e2e/split_12MiB_4conns,7,128.5914,cache_copied_bytes,12582912
e2e,e2e/split_12MiB_4conns,7,128.5914,cache_evicted_bytes,12582912
e2e,e2e/split_12MiB_4conns,7,128.5914,checksum_ms,9.931
e2e,e2e/split_12MiB_4conns,7,128.5914,cpu_ms,44.26899999999989
e2e,e2e/split_12MiB_4conns,7,128.5914,cpu_percent,34.426092372868
e2e,e2e/split_12MiB_4conns,7,128.5914,distinct_ranges,5
e2e,e2e/split_12MiB_4conns,7,128.5914,duplicate_bytes,0
e2e,e2e/split_12MiB_4conns,7,128.5914,failed,0
e2e,e2e/split_12MiB_4conns,7,128.5914,file_bytes,12582912
e2e,e2e/split_12MiB_4conns,7,128.5914,finalize,9.943041999999991
e2e,e2e/split_12MiB_4conns,7,128.5914,fsync_calls,1
e2e,e2e/split_12MiB_4conns,7,128.5914,fsync_ms,8.295
e2e,e2e/split_12MiB_4conns,7,128.5914,prealloc_ms,3.728
e2e,e2e/split_12MiB_4conns,7,128.5914,process_peak_rss_bytes,295911424
e2e,e2e/split_12MiB_4conns,7,128.5914,report_span,0
e2e,e2e/split_12MiB_4conns,7,128.5914,requests,5
e2e,e2e/split_12MiB_4conns,7,128.5914,response_head_ms,68.5
e2e,e2e/split_12MiB_4conns,7,128.5914,response_heads,5
e2e,e2e/split_12MiB_4conns,7,128.5914,running_reports,1
e2e,e2e/split_12MiB_4conns,7,128.5914,served_bytes,12582912
e2e,e2e/split_12MiB_4conns,7,128.5914,to_first_report,109.385833
e2e,e2e/split_12MiB_4conns,7,128.5914,total,119.328875
e2e,e2e/split_12MiB_4conns,7,128.5914,unique_bytes,12582912
e2e,e2e/split_12MiB_4conns,7,128.5914,verified,1
e2e,e2e/split_12MiB_4conns,7,128.5914,writer_blocks,12
e2e,e2e/split_12MiB_4conns,7,128.5914,writer_bytes,12582912
e2e,e2e/split_12MiB_4conns,7,128.5914,writer_seeks,10
e2e,e2e/split_12MiB_4conns,8,150.2000,avg_block_bytes,1048576
e2e,e2e/split_12MiB_4conns,8,150.2000,body_reads,780
e2e,e2e/split_12MiB_4conns,8,150.2000,body_wait_ms,160.795
e2e,e2e/split_12MiB_4conns,8,150.2000,cache_copied_bytes,12582912
e2e,e2e/split_12MiB_4conns,8,150.2000,cache_evicted_bytes,12582912
e2e,e2e/split_12MiB_4conns,8,150.2000,checksum_ms,11.79
e2e,e2e/split_12MiB_4conns,8,150.2000,cpu_ms,42.73099999999985
e2e,e2e/split_12MiB_4conns,8,150.2000,cpu_percent,28.449408564751902
e2e,e2e/split_12MiB_4conns,8,150.2000,distinct_ranges,4
e2e,e2e/split_12MiB_4conns,8,150.2000,duplicate_bytes,0
e2e,e2e/split_12MiB_4conns,8,150.2000,failed,0
e2e,e2e/split_12MiB_4conns,8,150.2000,file_bytes,12582912
e2e,e2e/split_12MiB_4conns,8,150.2000,finalize,11.802750000000003
e2e,e2e/split_12MiB_4conns,8,150.2000,fsync_calls,1
e2e,e2e/split_12MiB_4conns,8,150.2000,fsync_ms,7.335
e2e,e2e/split_12MiB_4conns,8,150.2000,prealloc_ms,4.264
e2e,e2e/split_12MiB_4conns,8,150.2000,process_peak_rss_bytes,295911424
e2e,e2e/split_12MiB_4conns,8,150.2000,report_span,0
e2e,e2e/split_12MiB_4conns,8,150.2000,requests,4
e2e,e2e/split_12MiB_4conns,8,150.2000,response_head_ms,65.55
e2e,e2e/split_12MiB_4conns,8,150.2000,response_heads,4
e2e,e2e/split_12MiB_4conns,8,150.2000,running_reports,1
e2e,e2e/split_12MiB_4conns,8,150.2000,served_bytes,12582912
e2e,e2e/split_12MiB_4conns,8,150.2000,to_first_report,129.749292
e2e,e2e/split_12MiB_4conns,8,150.2000,total,141.552042
e2e,e2e/split_12MiB_4conns,8,150.2000,unique_bytes,12582912
e2e,e2e/split_12MiB_4conns,8,150.2000,verified,1
e2e,e2e/split_12MiB_4conns,8,150.2000,writer_blocks,12
e2e,e2e/split_12MiB_4conns,8,150.2000,writer_bytes,12582912
e2e,e2e/split_12MiB_4conns,8,150.2000,writer_seeks,8
e2e,e2e/split_12MiB_4conns,9,127.5890,avg_block_bytes,1048576
e2e,e2e/split_12MiB_4conns,9,127.5890,body_reads,781
e2e,e2e/split_12MiB_4conns,9,127.5890,body_wait_ms,169.058
e2e,e2e/split_12MiB_4conns,9,127.5890,cache_copied_bytes,12582912
e2e,e2e/split_12MiB_4conns,9,127.5890,cache_evicted_bytes,12582912
e2e,e2e/split_12MiB_4conns,9,127.5890,checksum_ms,9.758
e2e,e2e/split_12MiB_4conns,9,127.5890,cpu_ms,44.57900000000059
e2e,e2e/split_12MiB_4conns,9,127.5890,cpu_percent,34.93952117721505
e2e,e2e/split_12MiB_4conns,9,127.5890,distinct_ranges,5
e2e,e2e/split_12MiB_4conns,9,127.5890,duplicate_bytes,0
e2e,e2e/split_12MiB_4conns,9,127.5890,failed,0
e2e,e2e/split_12MiB_4conns,9,127.5890,file_bytes,12582912
e2e,e2e/split_12MiB_4conns,9,127.5890,finalize,9.783582999999993
e2e,e2e/split_12MiB_4conns,9,127.5890,fsync_calls,1
e2e,e2e/split_12MiB_4conns,9,127.5890,fsync_ms,5.815
e2e,e2e/split_12MiB_4conns,9,127.5890,prealloc_ms,3.266
e2e,e2e/split_12MiB_4conns,9,127.5890,process_peak_rss_bytes,295911424
e2e,e2e/split_12MiB_4conns,9,127.5890,report_span,0
e2e,e2e/split_12MiB_4conns,9,127.5890,requests,5
e2e,e2e/split_12MiB_4conns,9,127.5890,response_head_ms,68.908
e2e,e2e/split_12MiB_4conns,9,127.5890,response_heads,5
e2e,e2e/split_12MiB_4conns,9,127.5890,running_reports,1
e2e,e2e/split_12MiB_4conns,9,127.5890,served_bytes,12582912
e2e,e2e/split_12MiB_4conns,9,127.5890,to_first_report,108.230292
e2e,e2e/split_12MiB_4conns,9,127.5890,total,118.013875
e2e,e2e/split_12MiB_4conns,9,127.5890,unique_bytes,12582912
e2e,e2e/split_12MiB_4conns,9,127.5890,verified,1
e2e,e2e/split_12MiB_4conns,9,127.5890,writer_blocks,12
e2e,e2e/split_12MiB_4conns,9,127.5890,writer_bytes,12582912
e2e,e2e/split_12MiB_4conns,9,127.5890,writer_seeks,11
e2e,e2e/large_64MiB_4conns,0,1433.8456,avg_block_bytes,1048576
e2e,e2e/large_64MiB_4conns,0,1433.8456,body_reads,4110
e2e,e2e/large_64MiB_4conns,0,1433.8456,body_wait_ms,1363.658
e2e,e2e/large_64MiB_4conns,0,1433.8456,cache_copied_bytes,67108864
e2e,e2e/large_64MiB_4conns,0,1433.8456,cache_evicted_bytes,67108864
e2e,e2e/large_64MiB_4conns,0,1433.8456,checksum_ms,0
e2e,e2e/large_64MiB_4conns,0,1433.8456,cpu_ms,184.77299999999985
e2e,e2e/large_64MiB_4conns,0,1433.8456,cpu_percent,12.886533722903389
e2e,e2e/large_64MiB_4conns,0,1433.8456,distinct_ranges,5
e2e,e2e/large_64MiB_4conns,0,1433.8456,duplicate_bytes,0
e2e,e2e/large_64MiB_4conns,0,1433.8456,failed,0
e2e,e2e/large_64MiB_4conns,0,1433.8456,file_bytes,67108864
e2e,e2e/large_64MiB_4conns,0,1433.8456,finalize,0.01479200000039782
e2e,e2e/large_64MiB_4conns,0,1433.8456,fsync_calls,1
e2e,e2e/large_64MiB_4conns,0,1433.8456,fsync_ms,6.767
e2e,e2e/large_64MiB_4conns,0,1433.8456,prealloc_ms,3.042
e2e,e2e/large_64MiB_4conns,0,1433.8456,process_peak_rss_bytes,295911424
e2e,e2e/large_64MiB_4conns,0,1433.8456,report_span,1179.7416659999997
e2e,e2e/large_64MiB_4conns,0,1433.8456,requests,5
e2e,e2e/large_64MiB_4conns,0,1433.8456,response_head_ms,69.255
e2e,e2e/large_64MiB_4conns,0,1433.8456,response_heads,5
e2e,e2e/large_64MiB_4conns,0,1433.8456,running_reports,7
e2e,e2e/large_64MiB_4conns,0,1433.8456,served_bytes,67108864
e2e,e2e/large_64MiB_4conns,0,1433.8456,to_first_report,207.290042
e2e,e2e/large_64MiB_4conns,0,1433.8456,total,1387.0465000000002
e2e,e2e/large_64MiB_4conns,0,1433.8456,unique_bytes,67108864
e2e,e2e/large_64MiB_4conns,0,1433.8456,verified,1
e2e,e2e/large_64MiB_4conns,0,1433.8456,writer_blocks,64
e2e,e2e/large_64MiB_4conns,0,1433.8456,writer_bytes,67108864
e2e,e2e/large_64MiB_4conns,0,1433.8456,writer_seeks,5
e2e,e2e/large_64MiB_4conns,1,856.4650,avg_block_bytes,1048576
e2e,e2e/large_64MiB_4conns,1,856.4650,body_reads,4106
e2e,e2e/large_64MiB_4conns,1,856.4650,body_wait_ms,1532.585
e2e,e2e/large_64MiB_4conns,1,856.4650,cache_copied_bytes,67108864
e2e,e2e/large_64MiB_4conns,1,856.4650,cache_evicted_bytes,67108864
e2e,e2e/large_64MiB_4conns,1,856.4650,checksum_ms,0
e2e,e2e/large_64MiB_4conns,1,856.4650,cpu_ms,168.87399999999886
e2e,e2e/large_64MiB_4conns,1,856.4650,cpu_percent,19.71755997034308
e2e,e2e/large_64MiB_4conns,1,856.4650,distinct_ranges,4
e2e,e2e/large_64MiB_4conns,1,856.4650,duplicate_bytes,0
e2e,e2e/large_64MiB_4conns,1,856.4650,failed,0
e2e,e2e/large_64MiB_4conns,1,856.4650,file_bytes,67108864
e2e,e2e/large_64MiB_4conns,1,856.4650,finalize,0.010750000000030013
e2e,e2e/large_64MiB_4conns,1,856.4650,fsync_calls,1
e2e,e2e/large_64MiB_4conns,1,856.4650,fsync_ms,23.335
e2e,e2e/large_64MiB_4conns,1,856.4650,prealloc_ms,3.722
e2e,e2e/large_64MiB_4conns,1,856.4650,process_peak_rss_bytes,295911424
e2e,e2e/large_64MiB_4conns,1,856.4650,report_span,630.165625
e2e,e2e/large_64MiB_4conns,1,856.4650,requests,4
e2e,e2e/large_64MiB_4conns,1,856.4650,response_head_ms,65.01
e2e,e2e/large_64MiB_4conns,1,856.4650,response_heads,4
e2e,e2e/large_64MiB_4conns,1,856.4650,running_reports,5
e2e,e2e/large_64MiB_4conns,1,856.4650,served_bytes,67108864
e2e,e2e/large_64MiB_4conns,1,856.4650,to_first_report,208.376666
e2e,e2e/large_64MiB_4conns,1,856.4650,total,838.553041
e2e,e2e/large_64MiB_4conns,1,856.4650,unique_bytes,67108864
e2e,e2e/large_64MiB_4conns,1,856.4650,verified,1
e2e,e2e/large_64MiB_4conns,1,856.4650,writer_blocks,64
e2e,e2e/large_64MiB_4conns,1,856.4650,writer_bytes,67108864
e2e,e2e/large_64MiB_4conns,1,856.4650,writer_seeks,58
e2e,e2e/large_64MiB_4conns,2,758.8414,avg_block_bytes,1048576
e2e,e2e/large_64MiB_4conns,2,758.8414,body_reads,4105
e2e,e2e/large_64MiB_4conns,2,758.8414,body_wait_ms,1325.968
e2e,e2e/large_64MiB_4conns,2,758.8414,cache_copied_bytes,67108864
e2e,e2e/large_64MiB_4conns,2,758.8414,cache_evicted_bytes,67108864
e2e,e2e/large_64MiB_4conns,2,758.8414,checksum_ms,0
e2e,e2e/large_64MiB_4conns,2,758.8414,cpu_ms,166.25200000000007
e2e,e2e/large_64MiB_4conns,2,758.8414,cpu_percent,21.908663058863922
e2e,e2e/large_64MiB_4conns,2,758.8414,distinct_ranges,4
e2e,e2e/large_64MiB_4conns,2,758.8414,duplicate_bytes,0
e2e,e2e/large_64MiB_4conns,2,758.8414,failed,0
e2e,e2e/large_64MiB_4conns,2,758.8414,file_bytes,67108864
e2e,e2e/large_64MiB_4conns,2,758.8414,finalize,0.0095410000000129
e2e,e2e/large_64MiB_4conns,2,758.8414,fsync_calls,1
e2e,e2e/large_64MiB_4conns,2,758.8414,fsync_ms,21.477
e2e,e2e/large_64MiB_4conns,2,758.8414,prealloc_ms,4.008
e2e,e2e/large_64MiB_4conns,2,758.8414,process_peak_rss_bytes,295911424
e2e,e2e/large_64MiB_4conns,2,758.8414,report_span,534.880625
e2e,e2e/large_64MiB_4conns,2,758.8414,requests,4
e2e,e2e/large_64MiB_4conns,2,758.8414,response_head_ms,55.12
e2e,e2e/large_64MiB_4conns,2,758.8414,response_heads,4
e2e,e2e/large_64MiB_4conns,2,758.8414,running_reports,4
e2e,e2e/large_64MiB_4conns,2,758.8414,served_bytes,67108864
e2e,e2e/large_64MiB_4conns,2,758.8414,to_first_report,206.90800000000002
e2e,e2e/large_64MiB_4conns,2,758.8414,total,741.798166
e2e,e2e/large_64MiB_4conns,2,758.8414,unique_bytes,67108864
e2e,e2e/large_64MiB_4conns,2,758.8414,verified,1
e2e,e2e/large_64MiB_4conns,2,758.8414,writer_blocks,64
e2e,e2e/large_64MiB_4conns,2,758.8414,writer_bytes,67108864
e2e,e2e/large_64MiB_4conns,2,758.8414,writer_seeks,54
e2e,e2e/large_64MiB_4conns,3,786.1836,avg_block_bytes,1048576
e2e,e2e/large_64MiB_4conns,3,786.1836,body_reads,4107
e2e,e2e/large_64MiB_4conns,3,786.1836,body_wait_ms,1380.841
e2e,e2e/large_64MiB_4conns,3,786.1836,cache_copied_bytes,67108864
e2e,e2e/large_64MiB_4conns,3,786.1836,cache_evicted_bytes,67108864
e2e,e2e/large_64MiB_4conns,3,786.1836,checksum_ms,0
e2e,e2e/large_64MiB_4conns,3,786.1836,cpu_ms,181.25299999999987
e2e,e2e/large_64MiB_4conns,3,786.1836,cpu_percent,23.054792065912068
e2e,e2e/large_64MiB_4conns,3,786.1836,distinct_ranges,4
e2e,e2e/large_64MiB_4conns,3,786.1836,duplicate_bytes,0
e2e,e2e/large_64MiB_4conns,3,786.1836,failed,0
e2e,e2e/large_64MiB_4conns,3,786.1836,file_bytes,67108864
e2e,e2e/large_64MiB_4conns,3,786.1836,finalize,0.003165999999964697
e2e,e2e/large_64MiB_4conns,3,786.1836,fsync_calls,1
e2e,e2e/large_64MiB_4conns,3,786.1836,fsync_ms,21.356
e2e,e2e/large_64MiB_4conns,3,786.1836,prealloc_ms,3.35
e2e,e2e/large_64MiB_4conns,3,786.1836,process_peak_rss_bytes,295911424
e2e,e2e/large_64MiB_4conns,3,786.1836,report_span,552.72125
e2e,e2e/large_64MiB_4conns,3,786.1836,requests,4
e2e,e2e/large_64MiB_4conns,3,786.1836,response_head_ms,69.745
e2e,e2e/large_64MiB_4conns,3,786.1836,response_heads,4
e2e,e2e/large_64MiB_4conns,3,786.1836,running_reports,4
e2e,e2e/large_64MiB_4conns,3,786.1836,served_bytes,67108864
e2e,e2e/large_64MiB_4conns,3,786.1836,to_first_report,206.331292
e2e,e2e/large_64MiB_4conns,3,786.1836,total,759.055708
e2e,e2e/large_64MiB_4conns,3,786.1836,unique_bytes,67108864
e2e,e2e/large_64MiB_4conns,3,786.1836,verified,1
e2e,e2e/large_64MiB_4conns,3,786.1836,writer_blocks,64
e2e,e2e/large_64MiB_4conns,3,786.1836,writer_bytes,67108864
e2e,e2e/large_64MiB_4conns,3,786.1836,writer_seeks,61
e2e,e2e/large_64MiB_4conns,4,725.6175,avg_block_bytes,1048576
e2e,e2e/large_64MiB_4conns,4,725.6175,body_reads,4106
e2e,e2e/large_64MiB_4conns,4,725.6175,body_wait_ms,1153.113
e2e,e2e/large_64MiB_4conns,4,725.6175,cache_copied_bytes,67108864
e2e,e2e/large_64MiB_4conns,4,725.6175,cache_evicted_bytes,67108864
e2e,e2e/large_64MiB_4conns,4,725.6175,checksum_ms,0
e2e,e2e/large_64MiB_4conns,4,725.6175,cpu_ms,130.06299999999982
e2e,e2e/large_64MiB_4conns,4,725.6175,cpu_percent,17.924457444865897
e2e,e2e/large_64MiB_4conns,4,725.6175,distinct_ranges,4
e2e,e2e/large_64MiB_4conns,4,725.6175,duplicate_bytes,0
e2e,e2e/large_64MiB_4conns,4,725.6175,failed,0
e2e,e2e/large_64MiB_4conns,4,725.6175,file_bytes,67108864
e2e,e2e/large_64MiB_4conns,4,725.6175,finalize,0.01516700000001947
e2e,e2e/large_64MiB_4conns,4,725.6175,fsync_calls,1
e2e,e2e/large_64MiB_4conns,4,725.6175,fsync_ms,22.489
e2e,e2e/large_64MiB_4conns,4,725.6175,prealloc_ms,4.232
e2e,e2e/large_64MiB_4conns,4,725.6175,process_peak_rss_bytes,295911424
e2e,e2e/large_64MiB_4conns,4,725.6175,report_span,496.38137499999993
e2e,e2e/large_64MiB_4conns,4,725.6175,requests,4
e2e,e2e/large_64MiB_4conns,4,725.6175,response_head_ms,56.233
e2e,e2e/large_64MiB_4conns,4,725.6175,response_heads,4
e2e,e2e/large_64MiB_4conns,4,725.6175,running_reports,4
e2e,e2e/large_64MiB_4conns,4,725.6175,served_bytes,67108864
e2e,e2e/large_64MiB_4conns,4,725.6175,to_first_report,206.953792
e2e,e2e/large_64MiB_4conns,4,725.6175,total,703.350334
e2e,e2e/large_64MiB_4conns,4,725.6175,unique_bytes,67108864
e2e,e2e/large_64MiB_4conns,4,725.6175,verified,1
e2e,e2e/large_64MiB_4conns,4,725.6175,writer_blocks,64
e2e,e2e/large_64MiB_4conns,4,725.6175,writer_bytes,67108864
e2e,e2e/large_64MiB_4conns,4,725.6175,writer_seeks,49
e2e,e2e/large_64MiB_4conns,5,766.1521,avg_block_bytes,1048576
e2e,e2e/large_64MiB_4conns,5,766.1521,body_reads,4108
e2e,e2e/large_64MiB_4conns,5,766.1521,body_wait_ms,1319.056
e2e,e2e/large_64MiB_4conns,5,766.1521,cache_copied_bytes,67108864
e2e,e2e/large_64MiB_4conns,5,766.1521,cache_evicted_bytes,67108864
e2e,e2e/large_64MiB_4conns,5,766.1521,checksum_ms,0
e2e,e2e/large_64MiB_4conns,5,766.1521,cpu_ms,162.2470000000007
e2e,e2e/large_64MiB_4conns,5,766.1521,cpu_percent,21.1768648426056
e2e,e2e/large_64MiB_4conns,5,766.1521,distinct_ranges,5
e2e,e2e/large_64MiB_4conns,5,766.1521,duplicate_bytes,0
e2e,e2e/large_64MiB_4conns,5,766.1521,failed,0
e2e,e2e/large_64MiB_4conns,5,766.1521,file_bytes,67108864
e2e,e2e/large_64MiB_4conns,5,766.1521,finalize,0.01483399999995072
e2e,e2e/large_64MiB_4conns,5,766.1521,fsync_calls,1
e2e,e2e/large_64MiB_4conns,5,766.1521,fsync_ms,22.213
e2e,e2e/large_64MiB_4conns,5,766.1521,prealloc_ms,3.711
e2e,e2e/large_64MiB_4conns,5,766.1521,process_peak_rss_bytes,295911424
e2e,e2e/large_64MiB_4conns,5,766.1521,report_span,541.868333
e2e,e2e/large_64MiB_4conns,5,766.1521,requests,5
e2e,e2e/large_64MiB_4conns,5,766.1521,response_head_ms,56.351
e2e,e2e/large_64MiB_4conns,5,766.1521,response_heads,5
e2e,e2e/large_64MiB_4conns,5,766.1521,running_reports,4
e2e,e2e/large_64MiB_4conns,5,766.1521,served_bytes,67108864
e2e,e2e/large_64MiB_4conns,5,766.1521,to_first_report,208.792417
e2e,e2e/large_64MiB_4conns,5,766.1521,total,750.675584
e2e,e2e/large_64MiB_4conns,5,766.1521,unique_bytes,67108864
e2e,e2e/large_64MiB_4conns,5,766.1521,verified,1
e2e,e2e/large_64MiB_4conns,5,766.1521,writer_blocks,64
e2e,e2e/large_64MiB_4conns,5,766.1521,writer_bytes,67108864
e2e,e2e/large_64MiB_4conns,5,766.1521,writer_seeks,52
e2e,e2e/large_64MiB_4conns,6,821.0643,avg_block_bytes,1048576
e2e,e2e/large_64MiB_4conns,6,821.0643,body_reads,4106
e2e,e2e/large_64MiB_4conns,6,821.0643,body_wait_ms,1445.042
e2e,e2e/large_64MiB_4conns,6,821.0643,cache_copied_bytes,67108864
e2e,e2e/large_64MiB_4conns,6,821.0643,cache_evicted_bytes,67108864
e2e,e2e/large_64MiB_4conns,6,821.0643,checksum_ms,0
e2e,e2e/large_64MiB_4conns,6,821.0643,cpu_ms,170.0039999999987
e2e,e2e/large_64MiB_4conns,6,821.0643,cpu_percent,20.70532239103075
e2e,e2e/large_64MiB_4conns,6,821.0643,distinct_ranges,4
e2e,e2e/large_64MiB_4conns,6,821.0643,duplicate_bytes,0
e2e,e2e/large_64MiB_4conns,6,821.0643,failed,0
e2e,e2e/large_64MiB_4conns,6,821.0643,file_bytes,67108864
e2e,e2e/large_64MiB_4conns,6,821.0643,finalize,0.007499999999936335
e2e,e2e/large_64MiB_4conns,6,821.0643,fsync_calls,1
e2e,e2e/large_64MiB_4conns,6,821.0643,fsync_ms,21.35
e2e,e2e/large_64MiB_4conns,6,821.0643,prealloc_ms,2.821
e2e,e2e/large_64MiB_4conns,6,821.0643,process_peak_rss_bytes,295911424
e2e,e2e/large_64MiB_4conns,6,821.0643,report_span,598.724833
e2e,e2e/large_64MiB_4conns,6,821.0643,requests,4
e2e,e2e/large_64MiB_4conns,6,821.0643,response_head_ms,62.469
e2e,e2e/large_64MiB_4conns,6,821.0643,response_heads,4
e2e,e2e/large_64MiB_4conns,6,821.0643,running_reports,4
e2e,e2e/large_64MiB_4conns,6,821.0643,served_bytes,67108864
e2e,e2e/large_64MiB_4conns,6,821.0643,to_first_report,205.451542
e2e,e2e/large_64MiB_4conns,6,821.0643,total,804.183875
e2e,e2e/large_64MiB_4conns,6,821.0643,unique_bytes,67108864
e2e,e2e/large_64MiB_4conns,6,821.0643,verified,1
e2e,e2e/large_64MiB_4conns,6,821.0643,writer_blocks,64
e2e,e2e/large_64MiB_4conns,6,821.0643,writer_bytes,67108864
e2e,e2e/large_64MiB_4conns,6,821.0643,writer_seeks,55
e2e,e2e/large_64MiB_4conns,7,832.1340,avg_block_bytes,1048576
e2e,e2e/large_64MiB_4conns,7,832.1340,body_reads,4111
e2e,e2e/large_64MiB_4conns,7,832.1340,body_wait_ms,1466.45
e2e,e2e/large_64MiB_4conns,7,832.1340,cache_copied_bytes,67108864
e2e,e2e/large_64MiB_4conns,7,832.1340,cache_evicted_bytes,67108864
e2e,e2e/large_64MiB_4conns,7,832.1340,checksum_ms,0
e2e,e2e/large_64MiB_4conns,7,832.1340,cpu_ms,162.3409999999996
e2e,e2e/large_64MiB_4conns,7,832.1340,cpu_percent,19.508998310210725
e2e,e2e/large_64MiB_4conns,7,832.1340,distinct_ranges,4
e2e,e2e/large_64MiB_4conns,7,832.1340,duplicate_bytes,0
e2e,e2e/large_64MiB_4conns,7,832.1340,failed,0
e2e,e2e/large_64MiB_4conns,7,832.1340,file_bytes,67108864
e2e,e2e/large_64MiB_4conns,7,832.1340,finalize,0.02029200000004039
e2e,e2e/large_64MiB_4conns,7,832.1340,fsync_calls,1
e2e,e2e/large_64MiB_4conns,7,832.1340,fsync_ms,22.921
e2e,e2e/large_64MiB_4conns,7,832.1340,prealloc_ms,4.404
e2e,e2e/large_64MiB_4conns,7,832.1340,process_peak_rss_bytes,295911424
e2e,e2e/large_64MiB_4conns,7,832.1340,report_span,607.476167
e2e,e2e/large_64MiB_4conns,7,832.1340,requests,4
e2e,e2e/large_64MiB_4conns,7,832.1340,response_head_ms,66.095
e2e,e2e/large_64MiB_4conns,7,832.1340,response_heads,4
e2e,e2e/large_64MiB_4conns,7,832.1340,running_reports,4
e2e,e2e/large_64MiB_4conns,7,832.1340,served_bytes,67108864
e2e,e2e/large_64MiB_4conns,7,832.1340,to_first_report,208.370333
e2e,e2e/large_64MiB_4conns,7,832.1340,total,815.866792
e2e,e2e/large_64MiB_4conns,7,832.1340,unique_bytes,67108864
e2e,e2e/large_64MiB_4conns,7,832.1340,verified,1
e2e,e2e/large_64MiB_4conns,7,832.1340,writer_blocks,64
e2e,e2e/large_64MiB_4conns,7,832.1340,writer_bytes,67108864
e2e,e2e/large_64MiB_4conns,7,832.1340,writer_seeks,54
e2e,e2e/large_64MiB_4conns,8,808.3433,avg_block_bytes,1048576
e2e,e2e/large_64MiB_4conns,8,808.3433,body_reads,4105
e2e,e2e/large_64MiB_4conns,8,808.3433,body_wait_ms,1474.367
e2e,e2e/large_64MiB_4conns,8,808.3433,cache_copied_bytes,67108864
e2e,e2e/large_64MiB_4conns,8,808.3433,cache_evicted_bytes,67108864
e2e,e2e/large_64MiB_4conns,8,808.3433,checksum_ms,0
e2e,e2e/large_64MiB_4conns,8,808.3433,cpu_ms,169.0430000000003
e2e,e2e/large_64MiB_4conns,8,808.3433,cpu_percent,20.912277356641166
e2e,e2e/large_64MiB_4conns,8,808.3433,distinct_ranges,4
e2e,e2e/large_64MiB_4conns,8,808.3433,duplicate_bytes,0
e2e,e2e/large_64MiB_4conns,8,808.3433,failed,0
e2e,e2e/large_64MiB_4conns,8,808.3433,file_bytes,67108864
e2e,e2e/large_64MiB_4conns,8,808.3433,finalize,0.0007079999999177744
e2e,e2e/large_64MiB_4conns,8,808.3433,fsync_calls,1
e2e,e2e/large_64MiB_4conns,8,808.3433,fsync_ms,18.502
e2e,e2e/large_64MiB_4conns,8,808.3433,prealloc_ms,4.326
e2e,e2e/large_64MiB_4conns,8,808.3433,process_peak_rss_bytes,295911424
e2e,e2e/large_64MiB_4conns,8,808.3433,report_span,582.652875
e2e,e2e/large_64MiB_4conns,8,808.3433,requests,4
e2e,e2e/large_64MiB_4conns,8,808.3433,response_head_ms,65.892
e2e,e2e/large_64MiB_4conns,8,808.3433,response_heads,4
e2e,e2e/large_64MiB_4conns,8,808.3433,running_reports,4
e2e,e2e/large_64MiB_4conns,8,808.3433,served_bytes,67108864
e2e,e2e/large_64MiB_4conns,8,808.3433,to_first_report,207.9125
e2e,e2e/large_64MiB_4conns,8,808.3433,total,790.5660829999999
e2e,e2e/large_64MiB_4conns,8,808.3433,unique_bytes,67108864
e2e,e2e/large_64MiB_4conns,8,808.3433,verified,1
e2e,e2e/large_64MiB_4conns,8,808.3433,writer_blocks,64
e2e,e2e/large_64MiB_4conns,8,808.3433,writer_bytes,67108864
e2e,e2e/large_64MiB_4conns,8,808.3433,writer_seeks,58
e2e,e2e/large_64MiB_4conns,9,654.9414,avg_block_bytes,1048576
e2e,e2e/large_64MiB_4conns,9,654.9414,body_reads,4104
e2e,e2e/large_64MiB_4conns,9,654.9414,body_wait_ms,1108.702
e2e,e2e/large_64MiB_4conns,9,654.9414,cache_copied_bytes,67108864
e2e,e2e/large_64MiB_4conns,9,654.9414,cache_evicted_bytes,67108864
e2e,e2e/large_64MiB_4conns,9,654.9414,checksum_ms,0
e2e,e2e/large_64MiB_4conns,9,654.9414,cpu_ms,152.54799999999946
e2e,e2e/large_64MiB_4conns,9,654.9414,cpu_percent,23.291854244258005
e2e,e2e/large_64MiB_4conns,9,654.9414,distinct_ranges,4
e2e,e2e/large_64MiB_4conns,9,654.9414,duplicate_bytes,0
e2e,e2e/large_64MiB_4conns,9,654.9414,failed,0
e2e,e2e/large_64MiB_4conns,9,654.9414,file_bytes,67108864
e2e,e2e/large_64MiB_4conns,9,654.9414,finalize,32.05654100000015
e2e,e2e/large_64MiB_4conns,9,654.9414,fsync_calls,1
e2e,e2e/large_64MiB_4conns,9,654.9414,fsync_ms,20.805
e2e,e2e/large_64MiB_4conns,9,654.9414,prealloc_ms,3.881
e2e,e2e/large_64MiB_4conns,9,654.9414,process_peak_rss_bytes,295911424
e2e,e2e/large_64MiB_4conns,9,654.9414,report_span,400.27779199999986
e2e,e2e/large_64MiB_4conns,9,654.9414,requests,4
e2e,e2e/large_64MiB_4conns,9,654.9414,response_head_ms,53.378
e2e,e2e/large_64MiB_4conns,9,654.9414,response_heads,4
e2e,e2e/large_64MiB_4conns,9,654.9414,running_reports,3
e2e,e2e/large_64MiB_4conns,9,654.9414,served_bytes,67108864
e2e,e2e/large_64MiB_4conns,9,654.9414,to_first_report,207.85458300000002
e2e,e2e/large_64MiB_4conns,9,654.9414,total,640.1889160000001
e2e,e2e/large_64MiB_4conns,9,654.9414,unique_bytes,67108864
e2e,e2e/large_64MiB_4conns,9,654.9414,verified,1
e2e,e2e/large_64MiB_4conns,9,654.9414,writer_blocks,64
e2e,e2e/large_64MiB_4conns,9,654.9414,writer_bytes,67108864
e2e,e2e/large_64MiB_4conns,9,654.9414,writer_seeks,49
e2e,e2e/unknown_length_12MiB,0,124.2070,avg_block_bytes,262144
e2e,e2e/unknown_length_12MiB,0,124.2070,body_reads,961
e2e,e2e/unknown_length_12MiB,0,124.2070,body_wait_ms,96.286
e2e,e2e/unknown_length_12MiB,0,124.2070,cache_copied_bytes,12582912
e2e,e2e/unknown_length_12MiB,0,124.2070,cache_evicted_bytes,12582912
e2e,e2e/unknown_length_12MiB,0,124.2070,checksum_ms,9.222
e2e,e2e/unknown_length_12MiB,0,124.2070,cpu_ms,42.28600000000071
e2e,e2e/unknown_length_12MiB,0,124.2070,cpu_percent,34.044780084858914
e2e,e2e/unknown_length_12MiB,0,124.2070,distinct_ranges,1
e2e,e2e/unknown_length_12MiB,0,124.2070,duplicate_bytes,0
e2e,e2e/unknown_length_12MiB,0,124.2070,failed,0
e2e,e2e/unknown_length_12MiB,0,124.2070,file_bytes,12582912
e2e,e2e/unknown_length_12MiB,0,124.2070,finalize,13.968875000000011
e2e,e2e/unknown_length_12MiB,0,124.2070,fsync_calls,2
e2e,e2e/unknown_length_12MiB,0,124.2070,fsync_ms,4.57
e2e,e2e/unknown_length_12MiB,0,124.2070,prealloc_ms,0.111
e2e,e2e/unknown_length_12MiB,0,124.2070,process_peak_rss_bytes,295911424
e2e,e2e/unknown_length_12MiB,0,124.2070,report_span,98.11425
e2e,e2e/unknown_length_12MiB,0,124.2070,requests,1
e2e,e2e/unknown_length_12MiB,0,124.2070,response_head_ms,0.44
e2e,e2e/unknown_length_12MiB,0,124.2070,response_heads,1
e2e,e2e/unknown_length_12MiB,0,124.2070,running_reports,48
e2e,e2e/unknown_length_12MiB,0,124.2070,served_bytes,12582912
e2e,e2e/unknown_length_12MiB,0,124.2070,to_first_report,2.068584
e2e,e2e/unknown_length_12MiB,0,124.2070,total,114.15170900000001
e2e,e2e/unknown_length_12MiB,0,124.2070,unique_bytes,12582912
e2e,e2e/unknown_length_12MiB,0,124.2070,verified,1
e2e,e2e/unknown_length_12MiB,0,124.2070,writer_blocks,48
e2e,e2e/unknown_length_12MiB,0,124.2070,writer_bytes,12582912
e2e,e2e/unknown_length_12MiB,0,124.2070,writer_seeks,1
e2e,e2e/unknown_length_12MiB,1,100.1614,avg_block_bytes,262144
e2e,e2e/unknown_length_12MiB,1,100.1614,body_reads,961
e2e,e2e/unknown_length_12MiB,1,100.1614,body_wait_ms,71.463
e2e,e2e/unknown_length_12MiB,1,100.1614,cache_copied_bytes,12582912
e2e,e2e/unknown_length_12MiB,1,100.1614,cache_evicted_bytes,12582912
e2e,e2e/unknown_length_12MiB,1,100.1614,checksum_ms,10.701
e2e,e2e/unknown_length_12MiB,1,100.1614,cpu_ms,38.83800000000015
e2e,e2e/unknown_length_12MiB,1,100.1614,cpu_percent,38.77540989660734
e2e,e2e/unknown_length_12MiB,1,100.1614,distinct_ranges,1
e2e,e2e/unknown_length_12MiB,1,100.1614,duplicate_bytes,0
e2e,e2e/unknown_length_12MiB,1,100.1614,failed,0
e2e,e2e/unknown_length_12MiB,1,100.1614,file_bytes,12582912
e2e,e2e/unknown_length_12MiB,1,100.1614,finalize,15.268832999999987
e2e,e2e/unknown_length_12MiB,1,100.1614,fsync_calls,2
e2e,e2e/unknown_length_12MiB,1,100.1614,fsync_ms,4.342
e2e,e2e/unknown_length_12MiB,1,100.1614,prealloc_ms,0.105
e2e,e2e/unknown_length_12MiB,1,100.1614,process_peak_rss_bytes,295911424
e2e,e2e/unknown_length_12MiB,1,100.1614,report_span,73.02725000000001
e2e,e2e/unknown_length_12MiB,1,100.1614,requests,1
e2e,e2e/unknown_length_12MiB,1,100.1614,response_head_ms,0.437
e2e,e2e/unknown_length_12MiB,1,100.1614,response_heads,1
e2e,e2e/unknown_length_12MiB,1,100.1614,running_reports,49
e2e,e2e/unknown_length_12MiB,1,100.1614,served_bytes,12582912
e2e,e2e/unknown_length_12MiB,1,100.1614,to_first_report,2.069375
e2e,e2e/unknown_length_12MiB,1,100.1614,total,90.36545799999999
e2e,e2e/unknown_length_12MiB,1,100.1614,unique_bytes,12582912
e2e,e2e/unknown_length_12MiB,1,100.1614,verified,1
e2e,e2e/unknown_length_12MiB,1,100.1614,writer_blocks,48
e2e,e2e/unknown_length_12MiB,1,100.1614,writer_bytes,12582912
e2e,e2e/unknown_length_12MiB,1,100.1614,writer_seeks,1
e2e,e2e/unknown_length_12MiB,2,123.6775,avg_block_bytes,262144
e2e,e2e/unknown_length_12MiB,2,123.6775,body_reads,961
e2e,e2e/unknown_length_12MiB,2,123.6775,body_wait_ms,95.909
e2e,e2e/unknown_length_12MiB,2,123.6775,cache_copied_bytes,12582912
e2e,e2e/unknown_length_12MiB,2,123.6775,cache_evicted_bytes,12582912
e2e,e2e/unknown_length_12MiB,2,123.6775,checksum_ms,10.041
e2e,e2e/unknown_length_12MiB,2,123.6775,cpu_ms,41.398000000000934
e2e,e2e/unknown_length_12MiB,2,123.6775,cpu_percent,33.47255056396408
e2e,e2e/unknown_length_12MiB,2,123.6775,distinct_ranges,1
e2e,e2e/unknown_length_12MiB,2,123.6775,duplicate_bytes,0
e2e,e2e/unknown_length_12MiB,2,123.6775,failed,0
e2e,e2e/unknown_length_12MiB,2,123.6775,file_bytes,12582912
e2e,e2e/unknown_length_12MiB,2,123.6775,finalize,14.365541000000007
e2e,e2e/unknown_length_12MiB,2,123.6775,fsync_calls,2
e2e,e2e/unknown_length_12MiB,2,123.6775,fsync_ms,4.196
e2e,e2e/unknown_length_12MiB,2,123.6775,prealloc_ms,0.238
e2e,e2e/unknown_length_12MiB,2,123.6775,process_peak_rss_bytes,295911424
e2e,e2e/unknown_length_12MiB,2,123.6775,report_span,98.967334
e2e,e2e/unknown_length_12MiB,2,123.6775,requests,1
e2e,e2e/unknown_length_12MiB,2,123.6775,response_head_ms,0.678
e2e,e2e/unknown_length_12MiB,2,123.6775,response_heads,1
e2e,e2e/unknown_length_12MiB,2,123.6775,running_reports,49
e2e,e2e/unknown_length_12MiB,2,123.6775,served_bytes,12582912
e2e,e2e/unknown_length_12MiB,2,123.6775,to_first_report,1.484125
e2e,e2e/unknown_length_12MiB,2,123.6775,total,114.81700000000001
e2e,e2e/unknown_length_12MiB,2,123.6775,unique_bytes,12582912
e2e,e2e/unknown_length_12MiB,2,123.6775,verified,1
e2e,e2e/unknown_length_12MiB,2,123.6775,writer_blocks,48
e2e,e2e/unknown_length_12MiB,2,123.6775,writer_bytes,12582912
e2e,e2e/unknown_length_12MiB,2,123.6775,writer_seeks,1
e2e,e2e/unknown_length_12MiB,3,101.2294,avg_block_bytes,262144
e2e,e2e/unknown_length_12MiB,3,101.2294,body_reads,962
e2e,e2e/unknown_length_12MiB,3,101.2294,body_wait_ms,73.503
e2e,e2e/unknown_length_12MiB,3,101.2294,cache_copied_bytes,12582912
e2e,e2e/unknown_length_12MiB,3,101.2294,cache_evicted_bytes,12582912
e2e,e2e/unknown_length_12MiB,3,101.2294,checksum_ms,9.011
e2e,e2e/unknown_length_12MiB,3,101.2294,cpu_ms,37.693000000000865
e2e,e2e/unknown_length_12MiB,3,101.2294,cpu_percent,37.23522382826809
e2e,e2e/unknown_length_12MiB,3,101.2294,distinct_ranges,1
e2e,e2e/unknown_length_12MiB,3,101.2294,duplicate_bytes,0
e2e,e2e/unknown_length_12MiB,3,101.2294,failed,0
e2e,e2e/unknown_length_12MiB,3,101.2294,file_bytes,12582912
e2e,e2e/unknown_length_12MiB,3,101.2294,finalize,14.430082999999996
e2e,e2e/unknown_length_12MiB,3,101.2294,fsync_calls,2
e2e,e2e/unknown_length_12MiB,3,101.2294,fsync_ms,5.24
e2e,e2e/unknown_length_12MiB,3,101.2294,prealloc_ms,0.126
e2e,e2e/unknown_length_12MiB,3,101.2294,process_peak_rss_bytes,295911424
e2e,e2e/unknown_length_12MiB,3,101.2294,report_span,75.02937499999999
e2e,e2e/unknown_length_12MiB,3,101.2294,requests,1
e2e,e2e/unknown_length_12MiB,3,101.2294,response_head_ms,0.381
e2e,e2e/unknown_length_12MiB,3,101.2294,response_heads,1
e2e,e2e/unknown_length_12MiB,3,101.2294,running_reports,49
e2e,e2e/unknown_length_12MiB,3,101.2294,served_bytes,12582912
e2e,e2e/unknown_length_12MiB,3,101.2294,to_first_report,2.3195
e2e,e2e/unknown_length_12MiB,3,101.2294,total,91.77895799999999
e2e,e2e/unknown_length_12MiB,3,101.2294,unique_bytes,12582912
e2e,e2e/unknown_length_12MiB,3,101.2294,verified,1
e2e,e2e/unknown_length_12MiB,3,101.2294,writer_blocks,48
e2e,e2e/unknown_length_12MiB,3,101.2294,writer_bytes,12582912
e2e,e2e/unknown_length_12MiB,3,101.2294,writer_seeks,1
e2e,e2e/unknown_length_12MiB,4,107.9721,avg_block_bytes,262144
e2e,e2e/unknown_length_12MiB,4,107.9721,body_reads,961
e2e,e2e/unknown_length_12MiB,4,107.9721,body_wait_ms,72.971
e2e,e2e/unknown_length_12MiB,4,107.9721,cache_copied_bytes,12582912
e2e,e2e/unknown_length_12MiB,4,107.9721,cache_evicted_bytes,12582912
e2e,e2e/unknown_length_12MiB,4,107.9721,checksum_ms,10.423
e2e,e2e/unknown_length_12MiB,4,107.9721,cpu_ms,42.600999999999445
e2e,e2e/unknown_length_12MiB,4,107.9721,cpu_percent,39.45556890427293
e2e,e2e/unknown_length_12MiB,4,107.9721,distinct_ranges,1
e2e,e2e/unknown_length_12MiB,4,107.9721,duplicate_bytes,0
e2e,e2e/unknown_length_12MiB,4,107.9721,failed,0
e2e,e2e/unknown_length_12MiB,4,107.9721,file_bytes,12582912
e2e,e2e/unknown_length_12MiB,4,107.9721,finalize,15.858667000000011
e2e,e2e/unknown_length_12MiB,4,107.9721,fsync_calls,2
e2e,e2e/unknown_length_12MiB,4,107.9721,fsync_ms,5.153
e2e,e2e/unknown_length_12MiB,4,107.9721,prealloc_ms,0.115
e2e,e2e/unknown_length_12MiB,4,107.9721,process_peak_rss_bytes,295911424
e2e,e2e/unknown_length_12MiB,4,107.9721,report_span,74.32191599999999
e2e,e2e/unknown_length_12MiB,4,107.9721,requests,1
e2e,e2e/unknown_length_12MiB,4,107.9721,response_head_ms,0.386
e2e,e2e/unknown_length_12MiB,4,107.9721,response_heads,1
e2e,e2e/unknown_length_12MiB,4,107.9721,running_reports,49
e2e,e2e/unknown_length_12MiB,4,107.9721,served_bytes,12582912
e2e,e2e/unknown_length_12MiB,4,107.9721,to_first_report,1.9985419999999998
e2e,e2e/unknown_length_12MiB,4,107.9721,total,92.179125
e2e,e2e/unknown_length_12MiB,4,107.9721,unique_bytes,12582912
e2e,e2e/unknown_length_12MiB,4,107.9721,verified,1
e2e,e2e/unknown_length_12MiB,4,107.9721,writer_blocks,48
e2e,e2e/unknown_length_12MiB,4,107.9721,writer_bytes,12582912
e2e,e2e/unknown_length_12MiB,4,107.9721,writer_seeks,1
e2e,e2e/unknown_length_12MiB,5,127.8531,avg_block_bytes,262144
e2e,e2e/unknown_length_12MiB,5,127.8531,body_reads,962
e2e,e2e/unknown_length_12MiB,5,127.8531,body_wait_ms,96.966
e2e,e2e/unknown_length_12MiB,5,127.8531,cache_copied_bytes,12582912
e2e,e2e/unknown_length_12MiB,5,127.8531,cache_evicted_bytes,12582912
e2e,e2e/unknown_length_12MiB,5,127.8531,checksum_ms,9.331
e2e,e2e/unknown_length_12MiB,5,127.8531,cpu_ms,39.27999999999976
e2e,e2e/unknown_length_12MiB,5,127.8531,cpu_percent,30.72276301133241
e2e,e2e/unknown_length_12MiB,5,127.8531,distinct_ranges,1
e2e,e2e/unknown_length_12MiB,5,127.8531,duplicate_bytes,0
e2e,e2e/unknown_length_12MiB,5,127.8531,failed,0
e2e,e2e/unknown_length_12MiB,5,127.8531,file_bytes,12582912
e2e,e2e/unknown_length_12MiB,5,127.8531,finalize,14.362458999999987
e2e,e2e/unknown_length_12MiB,5,127.8531,fsync_calls,2
e2e,e2e/unknown_length_12MiB,5,127.8531,fsync_ms,4.901
e2e,e2e/unknown_length_12MiB,5,127.8531,prealloc_ms,0.291
e2e,e2e/unknown_length_12MiB,5,127.8531,process_peak_rss_bytes,295911424
e2e,e2e/unknown_length_12MiB,5,127.8531,report_span,95.83645800000001
e2e,e2e/unknown_length_12MiB,5,127.8531,requests,1
e2e,e2e/unknown_length_12MiB,5,127.8531,response_head_ms,0.406
e2e,e2e/unknown_length_12MiB,5,127.8531,response_heads,1
e2e,e2e/unknown_length_12MiB,5,127.8531,running_reports,49
e2e,e2e/unknown_length_12MiB,5,127.8531,served_bytes,12582912
e2e,e2e/unknown_length_12MiB,5,127.8531,to_first_report,4.670750000000001
e2e,e2e/unknown_length_12MiB,5,127.8531,total,114.86966699999999
e2e,e2e/unknown_length_12MiB,5,127.8531,unique_bytes,12582912
e2e,e2e/unknown_length_12MiB,5,127.8531,verified,1
e2e,e2e/unknown_length_12MiB,5,127.8531,writer_blocks,48
e2e,e2e/unknown_length_12MiB,5,127.8531,writer_bytes,12582912
e2e,e2e/unknown_length_12MiB,5,127.8531,writer_seeks,1
e2e,e2e/unknown_length_12MiB,6,102.1819,avg_block_bytes,262144
e2e,e2e/unknown_length_12MiB,6,102.1819,body_reads,962
e2e,e2e/unknown_length_12MiB,6,102.1819,body_wait_ms,76.106
e2e,e2e/unknown_length_12MiB,6,102.1819,cache_copied_bytes,12582912
e2e,e2e/unknown_length_12MiB,6,102.1819,cache_evicted_bytes,12582912
e2e,e2e/unknown_length_12MiB,6,102.1819,checksum_ms,10.644
e2e,e2e/unknown_length_12MiB,6,102.1819,cpu_ms,38.340000000001595
e2e,e2e/unknown_length_12MiB,6,102.1819,cpu_percent,37.521331449439145
e2e,e2e/unknown_length_12MiB,6,102.1819,distinct_ranges,1
e2e,e2e/unknown_length_12MiB,6,102.1819,duplicate_bytes,0
e2e,e2e/unknown_length_12MiB,6,102.1819,failed,0
e2e,e2e/unknown_length_12MiB,6,102.1819,file_bytes,12582912
e2e,e2e/unknown_length_12MiB,6,102.1819,finalize,15.640084000000016
e2e,e2e/unknown_length_12MiB,6,102.1819,fsync_calls,2
e2e,e2e/unknown_length_12MiB,6,102.1819,fsync_ms,4.852
e2e,e2e/unknown_length_12MiB,6,102.1819,prealloc_ms,0.122
e2e,e2e/unknown_length_12MiB,6,102.1819,process_peak_rss_bytes,295911424
e2e,e2e/unknown_length_12MiB,6,102.1819,report_span,77.579416
e2e,e2e/unknown_length_12MiB,6,102.1819,requests,1
e2e,e2e/unknown_length_12MiB,6,102.1819,response_head_ms,0.507
e2e,e2e/unknown_length_12MiB,6,102.1819,response_heads,1
e2e,e2e/unknown_length_12MiB,6,102.1819,running_reports,49
e2e,e2e/unknown_length_12MiB,6,102.1819,served_bytes,12582912
e2e,e2e/unknown_length_12MiB,6,102.1819,to_first_report,1.119209
e2e,e2e/unknown_length_12MiB,6,102.1819,total,94.33870900000001
e2e,e2e/unknown_length_12MiB,6,102.1819,unique_bytes,12582912
e2e,e2e/unknown_length_12MiB,6,102.1819,verified,1
e2e,e2e/unknown_length_12MiB,6,102.1819,writer_blocks,48
e2e,e2e/unknown_length_12MiB,6,102.1819,writer_bytes,12582912
e2e,e2e/unknown_length_12MiB,6,102.1819,writer_seeks,1
e2e,e2e/unknown_length_12MiB,7,98.3744,avg_block_bytes,262144
e2e,e2e/unknown_length_12MiB,7,98.3744,body_reads,960
e2e,e2e/unknown_length_12MiB,7,98.3744,body_wait_ms,71.563
e2e,e2e/unknown_length_12MiB,7,98.3744,cache_copied_bytes,12582912
e2e,e2e/unknown_length_12MiB,7,98.3744,cache_evicted_bytes,12582912
e2e,e2e/unknown_length_12MiB,7,98.3744,checksum_ms,9.777
e2e,e2e/unknown_length_12MiB,7,98.3744,cpu_ms,40.46699999999959
e2e,e2e/unknown_length_12MiB,7,98.3744,cpu_percent,41.135712425110285
e2e,e2e/unknown_length_12MiB,7,98.3744,distinct_ranges,1
e2e,e2e/unknown_length_12MiB,7,98.3744,duplicate_bytes,0
e2e,e2e/unknown_length_12MiB,7,98.3744,failed,0
e2e,e2e/unknown_length_12MiB,7,98.3744,file_bytes,12582912
e2e,e2e/unknown_length_12MiB,7,98.3744,finalize,13.943375000000003
e2e,e2e/unknown_length_12MiB,7,98.3744,fsync_calls,2
e2e,e2e/unknown_length_12MiB,7,98.3744,fsync_ms,4.076
e2e,e2e/unknown_length_12MiB,7,98.3744,prealloc_ms,0.146
e2e,e2e/unknown_length_12MiB,7,98.3744,process_peak_rss_bytes,295911424
e2e,e2e/unknown_length_12MiB,7,98.3744,report_span,73.516458
e2e,e2e/unknown_length_12MiB,7,98.3744,requests,1
e2e,e2e/unknown_length_12MiB,7,98.3744,response_head_ms,0.584
e2e,e2e/unknown_length_12MiB,7,98.3744,response_heads,1
e2e,e2e/unknown_length_12MiB,7,98.3744,running_reports,49
e2e,e2e/unknown_length_12MiB,7,98.3744,served_bytes,12582912
e2e,e2e/unknown_length_12MiB,7,98.3744,to_first_report,1.819042
e2e,e2e/unknown_length_12MiB,7,98.3744,total,89.278875
e2e,e2e/unknown_length_12MiB,7,98.3744,unique_bytes,12582912
e2e,e2e/unknown_length_12MiB,7,98.3744,verified,1
e2e,e2e/unknown_length_12MiB,7,98.3744,writer_blocks,48
e2e,e2e/unknown_length_12MiB,7,98.3744,writer_bytes,12582912
e2e,e2e/unknown_length_12MiB,7,98.3744,writer_seeks,1
e2e,e2e/unknown_length_12MiB,8,120.6386,avg_block_bytes,262144
e2e,e2e/unknown_length_12MiB,8,120.6386,body_reads,960
e2e,e2e/unknown_length_12MiB,8,120.6386,body_wait_ms,93.939
e2e,e2e/unknown_length_12MiB,8,120.6386,cache_copied_bytes,12582912
e2e,e2e/unknown_length_12MiB,8,120.6386,cache_evicted_bytes,12582912
e2e,e2e/unknown_length_12MiB,8,120.6386,checksum_ms,9.487
e2e,e2e/unknown_length_12MiB,8,120.6386,cpu_ms,41.267000000001275
e2e,e2e/unknown_length_12MiB,8,120.6386,cpu_percent,34.20713255559482
e2e,e2e/unknown_length_12MiB,8,120.6386,distinct_ranges,1
e2e,e2e/unknown_length_12MiB,8,120.6386,duplicate_bytes,0
e2e,e2e/unknown_length_12MiB,8,120.6386,failed,0
e2e,e2e/unknown_length_12MiB,8,120.6386,file_bytes,12582912
e2e,e2e/unknown_length_12MiB,8,120.6386,finalize,13.653874999999985
e2e,e2e/unknown_length_12MiB,8,120.6386,fsync_calls,2
e2e,e2e/unknown_length_12MiB,8,120.6386,fsync_ms,3.889
e2e,e2e/unknown_length_12MiB,8,120.6386,prealloc_ms,0.147
e2e,e2e/unknown_length_12MiB,8,120.6386,process_peak_rss_bytes,295911424
e2e,e2e/unknown_length_12MiB,8,120.6386,report_span,95.59316700000001
e2e,e2e/unknown_length_12MiB,8,120.6386,requests,1
e2e,e2e/unknown_length_12MiB,8,120.6386,response_head_ms,0.699
e2e,e2e/unknown_length_12MiB,8,120.6386,response_heads,1
e2e,e2e/unknown_length_12MiB,8,120.6386,running_reports,49
e2e,e2e/unknown_length_12MiB,8,120.6386,served_bytes,12582912
e2e,e2e/unknown_length_12MiB,8,120.6386,to_first_report,2.69125
e2e,e2e/unknown_length_12MiB,8,120.6386,total,111.93829199999999
e2e,e2e/unknown_length_12MiB,8,120.6386,unique_bytes,12582912
e2e,e2e/unknown_length_12MiB,8,120.6386,verified,1
e2e,e2e/unknown_length_12MiB,8,120.6386,writer_blocks,48
e2e,e2e/unknown_length_12MiB,8,120.6386,writer_bytes,12582912
e2e,e2e/unknown_length_12MiB,8,120.6386,writer_seeks,1
e2e,e2e/unknown_length_12MiB,9,134.5621,avg_block_bytes,262144
e2e,e2e/unknown_length_12MiB,9,134.5621,body_reads,961
e2e,e2e/unknown_length_12MiB,9,134.5621,body_wait_ms,103.097
e2e,e2e/unknown_length_12MiB,9,134.5621,cache_copied_bytes,12582912
e2e,e2e/unknown_length_12MiB,9,134.5621,cache_evicted_bytes,12582912
e2e,e2e/unknown_length_12MiB,9,134.5621,checksum_ms,11.557
e2e,e2e/unknown_length_12MiB,9,134.5621,cpu_ms,49.62100000000014
e2e,e2e/unknown_length_12MiB,9,134.5621,cpu_percent,36.875915209517814
e2e,e2e/unknown_length_12MiB,9,134.5621,distinct_ranges,1
e2e,e2e/unknown_length_12MiB,9,134.5621,duplicate_bytes,0
e2e,e2e/unknown_length_12MiB,9,134.5621,failed,0
e2e,e2e/unknown_length_12MiB,9,134.5621,file_bytes,12582912
e2e,e2e/unknown_length_12MiB,9,134.5621,finalize,18.40633299999999
e2e,e2e/unknown_length_12MiB,9,134.5621,fsync_calls,2
e2e,e2e/unknown_length_12MiB,9,134.5621,fsync_ms,6.228
e2e,e2e/unknown_length_12MiB,9,134.5621,prealloc_ms,0.107
e2e,e2e/unknown_length_12MiB,9,134.5621,process_peak_rss_bytes,295911424
e2e,e2e/unknown_length_12MiB,9,134.5621,report_span,105.449625
e2e,e2e/unknown_length_12MiB,9,134.5621,requests,1
e2e,e2e/unknown_length_12MiB,9,134.5621,response_head_ms,0.437
e2e,e2e/unknown_length_12MiB,9,134.5621,response_heads,1
e2e,e2e/unknown_length_12MiB,9,134.5621,running_reports,49
e2e,e2e/unknown_length_12MiB,9,134.5621,served_bytes,12582912
e2e,e2e/unknown_length_12MiB,9,134.5621,to_first_report,0.8400000000000001
e2e,e2e/unknown_length_12MiB,9,134.5621,total,124.69595799999999
e2e,e2e/unknown_length_12MiB,9,134.5621,unique_bytes,12582912
e2e,e2e/unknown_length_12MiB,9,134.5621,verified,1
e2e,e2e/unknown_length_12MiB,9,134.5621,writer_blocks,48
e2e,e2e/unknown_length_12MiB,9,134.5621,writer_bytes,12582912
e2e,e2e/unknown_length_12MiB,9,134.5621,writer_seeks,1
e2e,e2e/delayed_response_300ms,0,760.9126,avg_block_bytes,1048576
e2e,e2e/delayed_response_300ms,0,760.9126,body_reads,780
e2e,e2e/delayed_response_300ms,0,760.9126,body_wait_ms,139.601
e2e,e2e/delayed_response_300ms,0,760.9126,cache_copied_bytes,12582912
e2e,e2e/delayed_response_300ms,0,760.9126,cache_evicted_bytes,12582912
e2e,e2e/delayed_response_300ms,0,760.9126,checksum_ms,12.933
e2e,e2e/delayed_response_300ms,0,760.9126,cpu_ms,60.095000000000454
e2e,e2e/delayed_response_300ms,0,760.9126,cpu_percent,7.897753043590313
e2e,e2e/delayed_response_300ms,0,760.9126,distinct_ranges,5
e2e,e2e/delayed_response_300ms,0,760.9126,duplicate_bytes,0
e2e,e2e/delayed_response_300ms,0,760.9126,failed,0
e2e,e2e/delayed_response_300ms,0,760.9126,file_bytes,12582912
e2e,e2e/delayed_response_300ms,0,760.9126,finalize,12.950207999999861
e2e,e2e/delayed_response_300ms,0,760.9126,fsync_calls,1
e2e,e2e/delayed_response_300ms,0,760.9126,fsync_ms,9.54
e2e,e2e/delayed_response_300ms,0,760.9126,prealloc_ms,5.912
e2e,e2e/delayed_response_300ms,0,760.9126,process_peak_rss_bytes,295911424
e2e,e2e/delayed_response_300ms,0,760.9126,report_span,226.26741700000008
e2e,e2e/delayed_response_300ms,0,760.9126,requests,5
e2e,e2e/delayed_response_300ms,0,760.9126,response_head_ms,1595.453
e2e,e2e/delayed_response_300ms,0,760.9126,response_heads,5
e2e,e2e/delayed_response_300ms,0,760.9126,running_reports,3
e2e,e2e/delayed_response_300ms,0,760.9126,served_bytes,12582912
e2e,e2e/delayed_response_300ms,0,760.9126,to_first_report,510.94820799999997
e2e,e2e/delayed_response_300ms,0,760.9126,total,750.1658329999999
e2e,e2e/delayed_response_300ms,0,760.9126,unique_bytes,12582912
e2e,e2e/delayed_response_300ms,0,760.9126,verified,1
e2e,e2e/delayed_response_300ms,0,760.9126,writer_blocks,12
e2e,e2e/delayed_response_300ms,0,760.9126,writer_bytes,12582912
e2e,e2e/delayed_response_300ms,0,760.9126,writer_seeks,9
e2e,e2e/delayed_response_300ms,1,866.3715,avg_block_bytes,1048576
e2e,e2e/delayed_response_300ms,1,866.3715,body_reads,776
e2e,e2e/delayed_response_300ms,1,866.3715,body_wait_ms,225.066
e2e,e2e/delayed_response_300ms,1,866.3715,cache_copied_bytes,12582912
e2e,e2e/delayed_response_300ms,1,866.3715,cache_evicted_bytes,12582912
e2e,e2e/delayed_response_300ms,1,866.3715,checksum_ms,11.684
e2e,e2e/delayed_response_300ms,1,866.3715,cpu_ms,67.04700000000052
e2e,e2e/delayed_response_300ms,1,866.3715,cpu_percent,7.73882760768114
e2e,e2e/delayed_response_300ms,1,866.3715,distinct_ranges,4
e2e,e2e/delayed_response_300ms,1,866.3715,duplicate_bytes,0
e2e,e2e/delayed_response_300ms,1,866.3715,failed,0
e2e,e2e/delayed_response_300ms,1,866.3715,file_bytes,12582912
e2e,e2e/delayed_response_300ms,1,866.3715,finalize,11.713250000000016
e2e,e2e/delayed_response_300ms,1,866.3715,fsync_calls,1
e2e,e2e/delayed_response_300ms,1,866.3715,fsync_ms,5.925
e2e,e2e/delayed_response_300ms,1,866.3715,prealloc_ms,3.614
e2e,e2e/delayed_response_300ms,1,866.3715,process_peak_rss_bytes,295911424
e2e,e2e/delayed_response_300ms,1,866.3715,report_span,335.39541699999995
e2e,e2e/delayed_response_300ms,1,866.3715,requests,4
e2e,e2e/delayed_response_300ms,1,866.3715,response_head_ms,1271.912
e2e,e2e/delayed_response_300ms,1,866.3715,response_heads,4
e2e,e2e/delayed_response_300ms,1,866.3715,running_reports,3
e2e,e2e/delayed_response_300ms,1,866.3715,served_bytes,12582912
e2e,e2e/delayed_response_300ms,1,866.3715,to_first_report,508.460833
e2e,e2e/delayed_response_300ms,1,866.3715,total,855.5695
e2e,e2e/delayed_response_300ms,1,866.3715,unique_bytes,12582912
e2e,e2e/delayed_response_300ms,1,866.3715,verified,1
e2e,e2e/delayed_response_300ms,1,866.3715,writer_blocks,12
e2e,e2e/delayed_response_300ms,1,866.3715,writer_bytes,12582912
e2e,e2e/delayed_response_300ms,1,866.3715,writer_seeks,4
e2e,e2e/delayed_response_300ms,2,841.7112,avg_block_bytes,1048576
e2e,e2e/delayed_response_300ms,2,841.7112,body_reads,779
e2e,e2e/delayed_response_300ms,2,841.7112,body_wait_ms,176.198
e2e,e2e/delayed_response_300ms,2,841.7112,cache_copied_bytes,12582912
e2e,e2e/delayed_response_300ms,2,841.7112,cache_evicted_bytes,12582912
e2e,e2e/delayed_response_300ms,2,841.7112,checksum_ms,12.76
e2e,e2e/delayed_response_300ms,2,841.7112,cpu_ms,63.12699999999971
e2e,e2e/delayed_response_300ms,2,841.7112,cpu_percent,7.4998407203104875
e2e,e2e/delayed_response_300ms,2,841.7112,distinct_ranges,5
e2e,e2e/delayed_response_300ms,2,841.7112,duplicate_bytes,0
e2e,e2e/delayed_response_300ms,2,841.7112,failed,0
e2e,e2e/delayed_response_300ms,2,841.7112,file_bytes,12582912
e2e,e2e/delayed_response_300ms,2,841.7112,finalize,12.791958000000022
e2e,e2e/delayed_response_300ms,2,841.7112,fsync_calls,1
e2e,e2e/delayed_response_300ms,2,841.7112,fsync_ms,6.297
e2e,e2e/delayed_response_300ms,2,841.7112,prealloc_ms,5.206
e2e,e2e/delayed_response_300ms,2,841.7112,process_peak_rss_bytes,295911424
e2e,e2e/delayed_response_300ms,2,841.7112,report_span,303.814
e2e,e2e/delayed_response_300ms,2,841.7112,requests,5
e2e,e2e/delayed_response_300ms,2,841.7112,response_head_ms,1597.833
e2e,e2e/delayed_response_300ms,2,841.7112,response_heads,5
e2e,e2e/delayed_response_300ms,2,841.7112,running_reports,3
e2e,e2e/delayed_response_300ms,2,841.7112,served_bytes,12582912
e2e,e2e/delayed_response_300ms,2,841.7112,to_first_report,511.96725
e2e,e2e/delayed_response_300ms,2,841.7112,total,828.573208
e2e,e2e/delayed_response_300ms,2,841.7112,unique_bytes,12582912
e2e,e2e/delayed_response_300ms,2,841.7112,verified,1
e2e,e2e/delayed_response_300ms,2,841.7112,writer_blocks,12
e2e,e2e/delayed_response_300ms,2,841.7112,writer_bytes,12582912
e2e,e2e/delayed_response_300ms,2,841.7112,writer_seeks,1
e2e,e2e/delayed_response_300ms,3,821.1391,avg_block_bytes,1048576
e2e,e2e/delayed_response_300ms,3,821.1391,body_reads,775
e2e,e2e/delayed_response_300ms,3,821.1391,body_wait_ms,225.306
e2e,e2e/delayed_response_300ms,3,821.1391,cache_copied_bytes,12582912
e2e,e2e/delayed_response_300ms,3,821.1391,cache_evicted_bytes,12582912
e2e,e2e/delayed_response_300ms,3,821.1391,checksum_ms,11.115
e2e,e2e/delayed_response_300ms,3,821.1391,cpu_ms,56.91200000000052
e2e,e2e/delayed_response_300ms,3,821.1391,cpu_percent,6.930859961355891
e2e,e2e/delayed_response_300ms,3,821.1391,distinct_ranges,5
e2e,e2e/delayed_response_300ms,3,821.1391,duplicate_bytes,0
e2e,e2e/delayed_response_300ms,3,821.1391,failed,0
e2e,e2e/delayed_response_300ms,3,821.1391,file_bytes,12582912
e2e,e2e/delayed_response_300ms,3,821.1391,finalize,11.134792000000061
e2e,e2e/delayed_response_300ms,3,821.1391,fsync_calls,1
e2e,e2e/delayed_response_300ms,3,821.1391,fsync_ms,4.754
e2e,e2e/delayed_response_300ms,3,821.1391,prealloc_ms,4.886
e2e,e2e/delayed_response_300ms,3,821.1391,process_peak_rss_bytes,295911424
e2e,e2e/delayed_response_300ms,3,821.1391,report_span,288.21375
e2e,e2e/delayed_response_300ms,3,821.1391,requests,5
e2e,e2e/delayed_response_300ms,3,821.1391,response_head_ms,1587.118
e2e,e2e/delayed_response_300ms,3,821.1391,response_heads,5
e2e,e2e/delayed_response_300ms,3,821.1391,running_reports,3
e2e,e2e/delayed_response_300ms,3,821.1391,served_bytes,12582912
e2e,e2e/delayed_response_300ms,3,821.1391,to_first_report,509.82629199999997
e2e,e2e/delayed_response_300ms,3,821.1391,total,809.174834
e2e,e2e/delayed_response_300ms,3,821.1391,unique_bytes,12582912
e2e,e2e/delayed_response_300ms,3,821.1391,verified,1
e2e,e2e/delayed_response_300ms,3,821.1391,writer_blocks,12
e2e,e2e/delayed_response_300ms,3,821.1391,writer_bytes,12582912
e2e,e2e/delayed_response_300ms,3,821.1391,writer_seeks,4
e2e,e2e/delayed_response_300ms,4,763.6963,avg_block_bytes,1048576
e2e,e2e/delayed_response_300ms,4,763.6963,body_reads,776
e2e,e2e/delayed_response_300ms,4,763.6963,body_wait_ms,197.331
e2e,e2e/delayed_response_300ms,4,763.6963,cache_copied_bytes,12582912
e2e,e2e/delayed_response_300ms,4,763.6963,cache_evicted_bytes,12582912
e2e,e2e/delayed_response_300ms,4,763.6963,checksum_ms,10.694
e2e,e2e/delayed_response_300ms,4,763.6963,cpu_ms,49.786000000000996
e2e,e2e/delayed_response_300ms,4,763.6963,cpu_percent,6.519083277411804
e2e,e2e/delayed_response_300ms,4,763.6963,distinct_ranges,4
e2e,e2e/delayed_response_300ms,4,763.6963,duplicate_bytes,0
e2e,e2e/delayed_response_300ms,4,763.6963,failed,0
e2e,e2e/delayed_response_300ms,4,763.6963,file_bytes,12582912
e2e,e2e/delayed_response_300ms,4,763.6963,finalize,10.714167000000089
e2e,e2e/delayed_response_300ms,4,763.6963,fsync_calls,1
e2e,e2e/delayed_response_300ms,4,763.6963,fsync_ms,8.483
e2e,e2e/delayed_response_300ms,4,763.6963,prealloc_ms,4.579
e2e,e2e/delayed_response_300ms,4,763.6963,process_peak_rss_bytes,295911424
e2e,e2e/delayed_response_300ms,4,763.6963,report_span,230.83858299999991
e2e,e2e/delayed_response_300ms,4,763.6963,requests,4
e2e,e2e/delayed_response_300ms,4,763.6963,response_head_ms,1270.85
e2e,e2e/delayed_response_300ms,4,763.6963,response_heads,4
e2e,e2e/delayed_response_300ms,4,763.6963,running_reports,3
e2e,e2e/delayed_response_300ms,4,763.6963,served_bytes,12582912
e2e,e2e/delayed_response_300ms,4,763.6963,to_first_report,510.59641700000003
e2e,e2e/delayed_response_300ms,4,763.6963,total,752.149167
e2e,e2e/delayed_response_300ms,4,763.6963,unique_bytes,12582912
e2e,e2e/delayed_response_300ms,4,763.6963,verified,1
e2e,e2e/delayed_response_300ms,4,763.6963,writer_blocks,12
e2e,e2e/delayed_response_300ms,4,763.6963,writer_bytes,12582912
e2e,e2e/delayed_response_300ms,4,763.6963,writer_seeks,10
e2e,e2e/delayed_response_300ms,5,777.2874,avg_block_bytes,1048576
e2e,e2e/delayed_response_300ms,5,777.2874,body_reads,775
e2e,e2e/delayed_response_300ms,5,777.2874,body_wait_ms,245.015
e2e,e2e/delayed_response_300ms,5,777.2874,cache_copied_bytes,12582912
e2e,e2e/delayed_response_300ms,5,777.2874,cache_evicted_bytes,12582912
e2e,e2e/delayed_response_300ms,5,777.2874,checksum_ms,11.545
e2e,e2e/delayed_response_300ms,5,777.2874,cpu_ms,58.99199999999993
e2e,e2e/delayed_response_300ms,5,777.2874,cpu_percent,7.589471011284589
e2e,e2e/delayed_response_300ms,5,777.2874,distinct_ranges,4
e2e,e2e/delayed_response_300ms,5,777.2874,duplicate_bytes,0
e2e,e2e/delayed_response_300ms,5,777.2874,failed,0
e2e,e2e/delayed_response_300ms,5,777.2874,file_bytes,12582912
e2e,e2e/delayed_response_300ms,5,777.2874,finalize,11.569624999999974
e2e,e2e/delayed_response_300ms,5,777.2874,fsync_calls,1
e2e,e2e/delayed_response_300ms,5,777.2874,fsync_ms,8.653
e2e,e2e/delayed_response_300ms,5,777.2874,prealloc_ms,5.814
e2e,e2e/delayed_response_300ms,5,777.2874,process_peak_rss_bytes,295911424
e2e,e2e/delayed_response_300ms,5,777.2874,report_span,244.04820900000004
e2e,e2e/delayed_response_300ms,5,777.2874,requests,4
e2e,e2e/delayed_response_300ms,5,777.2874,response_head_ms,1266.493
e2e,e2e/delayed_response_300ms,5,777.2874,response_heads,4
e2e,e2e/delayed_response_300ms,5,777.2874,running_reports,3
e2e,e2e/delayed_response_300ms,5,777.2874,served_bytes,12582912
e2e,e2e/delayed_response_300ms,5,777.2874,to_first_report,512.186666
e2e,e2e/delayed_response_300ms,5,777.2874,total,767.8045
e2e,e2e/delayed_response_300ms,5,777.2874,unique_bytes,12582912
e2e,e2e/delayed_response_300ms,5,777.2874,verified,1
e2e,e2e/delayed_response_300ms,5,777.2874,writer_blocks,12
e2e,e2e/delayed_response_300ms,5,777.2874,writer_bytes,12582912
e2e,e2e/delayed_response_300ms,5,777.2874,writer_seeks,12
e2e,e2e/delayed_response_300ms,6,847.2092,avg_block_bytes,1048576
e2e,e2e/delayed_response_300ms,6,847.2092,body_reads,774
e2e,e2e/delayed_response_300ms,6,847.2092,body_wait_ms,206.195
e2e,e2e/delayed_response_300ms,6,847.2092,cache_copied_bytes,12582912
e2e,e2e/delayed_response_300ms,6,847.2092,cache_evicted_bytes,12582912
e2e,e2e/delayed_response_300ms,6,847.2092,checksum_ms,12.268
e2e,e2e/delayed_response_300ms,6,847.2092,cpu_ms,61.90899999999999
e2e,e2e/delayed_response_300ms,6,847.2092,cpu_percent,7.307403690410603
e2e,e2e/delayed_response_300ms,6,847.2092,distinct_ranges,4
e2e,e2e/delayed_response_300ms,6,847.2092,duplicate_bytes,0
e2e,e2e/delayed_response_300ms,6,847.2092,failed,0
e2e,e2e/delayed_response_300ms,6,847.2092,file_bytes,12582912
e2e,e2e/delayed_response_300ms,6,847.2092,finalize,12.279459000000088
e2e,e2e/delayed_response_300ms,6,847.2092,fsync_calls,1
e2e,e2e/delayed_response_300ms,6,847.2092,fsync_ms,5.906
e2e,e2e/delayed_response_300ms,6,847.2092,prealloc_ms,4.269
e2e,e2e/delayed_response_300ms,6,847.2092,process_peak_rss_bytes,295911424
e2e,e2e/delayed_response_300ms,6,847.2092,report_span,312.19733299999996
e2e,e2e/delayed_response_300ms,6,847.2092,requests,4
e2e,e2e/delayed_response_300ms,6,847.2092,response_head_ms,1267.628
e2e,e2e/delayed_response_300ms,6,847.2092,response_heads,4
e2e,e2e/delayed_response_300ms,6,847.2092,running_reports,3
e2e,e2e/delayed_response_300ms,6,847.2092,served_bytes,12582912
e2e,e2e/delayed_response_300ms,6,847.2092,to_first_report,510.582042
e2e,e2e/delayed_response_300ms,6,847.2092,total,835.058834
e2e,e2e/delayed_response_300ms,6,847.2092,unique_bytes,12582912
e2e,e2e/delayed_response_300ms,6,847.2092,verified,1
e2e,e2e/delayed_response_300ms,6,847.2092,writer_blocks,12
e2e,e2e/delayed_response_300ms,6,847.2092,writer_bytes,12582912
e2e,e2e/delayed_response_300ms,6,847.2092,writer_seeks,4
e2e,e2e/delayed_response_300ms,7,799.1343,avg_block_bytes,1048576
e2e,e2e/delayed_response_300ms,7,799.1343,body_reads,778
e2e,e2e/delayed_response_300ms,7,799.1343,body_wait_ms,287.31
e2e,e2e/delayed_response_300ms,7,799.1343,cache_copied_bytes,12582912
e2e,e2e/delayed_response_300ms,7,799.1343,cache_evicted_bytes,12582912
e2e,e2e/delayed_response_300ms,7,799.1343,checksum_ms,11.827
e2e,e2e/delayed_response_300ms,7,799.1343,cpu_ms,70.6150000000001
e2e,e2e/delayed_response_300ms,7,799.1343,cpu_percent,8.8364372179889
e2e,e2e/delayed_response_300ms,7,799.1343,distinct_ranges,4
e2e,e2e/delayed_response_300ms,7,799.1343,duplicate_bytes,0
e2e,e2e/delayed_response_300ms,7,799.1343,failed,0
e2e,e2e/delayed_response_300ms,7,799.1343,file_bytes,12582912
e2e,e2e/delayed_response_300ms,7,799.1343,finalize,11.855166000000054
e2e,e2e/delayed_response_300ms,7,799.1343,fsync_calls,1
e2e,e2e/delayed_response_300ms,7,799.1343,fsync_ms,8.309
e2e,e2e/delayed_response_300ms,7,799.1343,prealloc_ms,4.444
e2e,e2e/delayed_response_300ms,7,799.1343,process_peak_rss_bytes,295911424
e2e,e2e/delayed_response_300ms,7,799.1343,report_span,262.43687500000004
e2e,e2e/delayed_response_300ms,7,799.1343,requests,4
e2e,e2e/delayed_response_300ms,7,799.1343,response_head_ms,1269.06
e2e,e2e/delayed_response_300ms,7,799.1343,response_heads,4
e2e,e2e/delayed_response_300ms,7,799.1343,running_reports,3
e2e,e2e/delayed_response_300ms,7,799.1343,served_bytes,12582912
e2e,e2e/delayed_response_300ms,7,799.1343,to_first_report,509.99941699999994
e2e,e2e/delayed_response_300ms,7,799.1343,total,784.291458
e2e,e2e/delayed_response_300ms,7,799.1343,unique_bytes,12582912
e2e,e2e/delayed_response_300ms,7,799.1343,verified,1
e2e,e2e/delayed_response_300ms,7,799.1343,writer_blocks,12
e2e,e2e/delayed_response_300ms,7,799.1343,writer_bytes,12582912
e2e,e2e/delayed_response_300ms,7,799.1343,writer_seeks,12
e2e,e2e/delayed_response_300ms,8,748.1842,avg_block_bytes,1048576
e2e,e2e/delayed_response_300ms,8,748.1842,body_reads,779
e2e,e2e/delayed_response_300ms,8,748.1842,body_wait_ms,192.38
e2e,e2e/delayed_response_300ms,8,748.1842,cache_copied_bytes,12582912
e2e,e2e/delayed_response_300ms,8,748.1842,cache_evicted_bytes,12582912
e2e,e2e/delayed_response_300ms,8,748.1842,checksum_ms,18.3
e2e,e2e/delayed_response_300ms,8,748.1842,cpu_ms,55.773000000000295
e2e,e2e/delayed_response_300ms,8,748.1842,cpu_percent,7.454447635173862
e2e,e2e/delayed_response_300ms,8,748.1842,distinct_ranges,4
e2e,e2e/delayed_response_300ms,8,748.1842,duplicate_bytes,0
e2e,e2e/delayed_response_300ms,8,748.1842,failed,0
e2e,e2e/delayed_response_300ms,8,748.1842,file_bytes,12582912
e2e,e2e/delayed_response_300ms,8,748.1842,finalize,18.325624999999945
e2e,e2e/delayed_response_300ms,8,748.1842,fsync_calls,1
e2e,e2e/delayed_response_300ms,8,748.1842,fsync_ms,12.395
e2e,e2e/delayed_response_300ms,8,748.1842,prealloc_ms,4.646
e2e,e2e/delayed_response_300ms,8,748.1842,process_peak_rss_bytes,295911424
e2e,e2e/delayed_response_300ms,8,748.1842,report_span,210.08183299999996
e2e,e2e/delayed_response_300ms,8,748.1842,requests,4
e2e,e2e/delayed_response_300ms,8,748.1842,response_head_ms,1271.16
e2e,e2e/delayed_response_300ms,8,748.1842,response_heads,4
e2e,e2e/delayed_response_300ms,8,748.1842,running_reports,2
e2e,e2e/delayed_response_300ms,8,748.1842,served_bytes,12582912
e2e,e2e/delayed_response_300ms,8,748.1842,to_first_report,509.53150000000005
e2e,e2e/delayed_response_300ms,8,748.1842,total,737.938958
e2e,e2e/delayed_response_300ms,8,748.1842,unique_bytes,12582912
e2e,e2e/delayed_response_300ms,8,748.1842,verified,1
e2e,e2e/delayed_response_300ms,8,748.1842,writer_blocks,12
e2e,e2e/delayed_response_300ms,8,748.1842,writer_bytes,12582912
e2e,e2e/delayed_response_300ms,8,748.1842,writer_seeks,12
e2e,e2e/delayed_response_300ms,9,812.5093,avg_block_bytes,1048576
e2e,e2e/delayed_response_300ms,9,812.5093,body_reads,780
e2e,e2e/delayed_response_300ms,9,812.5093,body_wait_ms,228.202
e2e,e2e/delayed_response_300ms,9,812.5093,cache_copied_bytes,12582912
e2e,e2e/delayed_response_300ms,9,812.5093,cache_evicted_bytes,12582912
e2e,e2e/delayed_response_300ms,9,812.5093,checksum_ms,12.376
e2e,e2e/delayed_response_300ms,9,812.5093,cpu_ms,62.68599999999935
e2e,e2e/delayed_response_300ms,9,812.5093,cpu_percent,7.715111378295928
e2e,e2e/delayed_response_300ms,9,812.5093,distinct_ranges,5
e2e,e2e/delayed_response_300ms,9,812.5093,duplicate_bytes,0
e2e,e2e/delayed_response_300ms,9,812.5093,failed,0
e2e,e2e/delayed_response_300ms,9,812.5093,file_bytes,12582912
e2e,e2e/delayed_response_300ms,9,812.5093,finalize,12.406709000000092
e2e,e2e/delayed_response_300ms,9,812.5093,fsync_calls,1
e2e,e2e/delayed_response_300ms,9,812.5093,fsync_ms,8.603
e2e,e2e/delayed_response_300ms,9,812.5093,prealloc_ms,3.621
e2e,e2e/delayed_response_300ms,9,812.5093,process_peak_rss_bytes,295911424
e2e,e2e/delayed_response_300ms,9,812.5093,report_span,281.3832499999999
e2e,e2e/delayed_response_300ms,9,812.5093,requests,5
e2e,e2e/delayed_response_300ms,9,812.5093,response_head_ms,1595.621
e2e,e2e/delayed_response_300ms,9,812.5093,response_heads,5
e2e,e2e/delayed_response_300ms,9,812.5093,running_reports,3
e2e,e2e/delayed_response_300ms,9,812.5093,served_bytes,12582912
e2e,e2e/delayed_response_300ms,9,812.5093,to_first_report,508.156458
e2e,e2e/delayed_response_300ms,9,812.5093,total,801.946417
e2e,e2e/delayed_response_300ms,9,812.5093,unique_bytes,12582912
e2e,e2e/delayed_response_300ms,9,812.5093,verified,1
e2e,e2e/delayed_response_300ms,9,812.5093,writer_blocks,12
e2e,e2e/delayed_response_300ms,9,812.5093,writer_bytes,12582912
e2e,e2e/delayed_response_300ms,9,812.5093,writer_seeks,8
e2e,e2e/cut_stream_12MiB,0,1142.9850,avg_block_bytes,0
e2e,e2e/cut_stream_12MiB,0,1142.9850,body_reads,5
e2e,e2e/cut_stream_12MiB,0,1142.9850,body_wait_ms,0.164
e2e,e2e/cut_stream_12MiB,0,1142.9850,cache_copied_bytes,0
e2e,e2e/cut_stream_12MiB,0,1142.9850,cache_evicted_bytes,0
e2e,e2e/cut_stream_12MiB,0,1142.9850,checksum_ms,0
e2e,e2e/cut_stream_12MiB,0,1142.9850,cpu_ms,5.565000000000708
e2e,e2e/cut_stream_12MiB,0,1142.9850,cpu_percent,0.4868830120701359
e2e,e2e/cut_stream_12MiB,0,1142.9850,distinct_ranges,5
e2e,e2e/cut_stream_12MiB,0,1142.9850,duplicate_bytes,65536
e2e,e2e/cut_stream_12MiB,0,1142.9850,failed,1
e2e,e2e/cut_stream_12MiB,0,1142.9850,file_bytes,12582912
e2e,e2e/cut_stream_12MiB,0,1142.9850,fsync_calls,1
e2e,e2e/cut_stream_12MiB,0,1142.9850,fsync_ms,5.309
e2e,e2e/cut_stream_12MiB,0,1142.9850,prealloc_ms,4.377
e2e,e2e/cut_stream_12MiB,0,1142.9850,process_peak_rss_bytes,295911424
e2e,e2e/cut_stream_12MiB,0,1142.9850,requests,5
e2e,e2e/cut_stream_12MiB,0,1142.9850,response_head_ms,2.823
e2e,e2e/cut_stream_12MiB,0,1142.9850,response_heads,5
e2e,e2e/cut_stream_12MiB,0,1142.9850,running_reports,0
e2e,e2e/cut_stream_12MiB,0,1142.9850,served_bytes,327680
e2e,e2e/cut_stream_12MiB,0,1142.9850,total,1142.4834159999998
e2e,e2e/cut_stream_12MiB,0,1142.9850,unique_bytes,262144
e2e,e2e/cut_stream_12MiB,0,1142.9850,verified,0
e2e,e2e/cut_stream_12MiB,0,1142.9850,writer_blocks,0
e2e,e2e/cut_stream_12MiB,0,1142.9850,writer_bytes,0
e2e,e2e/cut_stream_12MiB,0,1142.9850,writer_seeks,0
e2e,e2e/cut_stream_12MiB,1,1116.2915,avg_block_bytes,0
e2e,e2e/cut_stream_12MiB,1,1116.2915,body_reads,5
e2e,e2e/cut_stream_12MiB,1,1116.2915,body_wait_ms,0.179
e2e,e2e/cut_stream_12MiB,1,1116.2915,cache_copied_bytes,0
e2e,e2e/cut_stream_12MiB,1,1116.2915,cache_evicted_bytes,0
e2e,e2e/cut_stream_12MiB,1,1116.2915,checksum_ms,0
e2e,e2e/cut_stream_12MiB,1,1116.2915,cpu_ms,6.686000000000192
e2e,e2e/cut_stream_12MiB,1,1116.2915,cpu_percent,0.598947474601594
e2e,e2e/cut_stream_12MiB,1,1116.2915,distinct_ranges,4
e2e,e2e/cut_stream_12MiB,1,1116.2915,duplicate_bytes,65536
e2e,e2e/cut_stream_12MiB,1,1116.2915,failed,1
e2e,e2e/cut_stream_12MiB,1,1116.2915,file_bytes,12582912
e2e,e2e/cut_stream_12MiB,1,1116.2915,fsync_calls,1
e2e,e2e/cut_stream_12MiB,1,1116.2915,fsync_ms,4.363
e2e,e2e/cut_stream_12MiB,1,1116.2915,prealloc_ms,3.793
e2e,e2e/cut_stream_12MiB,1,1116.2915,process_peak_rss_bytes,295911424
e2e,e2e/cut_stream_12MiB,1,1116.2915,requests,5
e2e,e2e/cut_stream_12MiB,1,1116.2915,response_head_ms,4.895
e2e,e2e/cut_stream_12MiB,1,1116.2915,response_heads,5
e2e,e2e/cut_stream_12MiB,1,1116.2915,running_reports,0
e2e,e2e/cut_stream_12MiB,1,1116.2915,served_bytes,327680
e2e,e2e/cut_stream_12MiB,1,1116.2915,total,1115.685458
e2e,e2e/cut_stream_12MiB,1,1116.2915,unique_bytes,262144
e2e,e2e/cut_stream_12MiB,1,1116.2915,verified,0
e2e,e2e/cut_stream_12MiB,1,1116.2915,writer_blocks,0
e2e,e2e/cut_stream_12MiB,1,1116.2915,writer_bytes,0
e2e,e2e/cut_stream_12MiB,1,1116.2915,writer_seeks,0
e2e,e2e/cut_stream_12MiB,2,1030.6504,avg_block_bytes,0
e2e,e2e/cut_stream_12MiB,2,1030.6504,body_reads,5
e2e,e2e/cut_stream_12MiB,2,1030.6504,body_wait_ms,0.155
e2e,e2e/cut_stream_12MiB,2,1030.6504,cache_copied_bytes,0
e2e,e2e/cut_stream_12MiB,2,1030.6504,cache_evicted_bytes,0
e2e,e2e/cut_stream_12MiB,2,1030.6504,checksum_ms,0
e2e,e2e/cut_stream_12MiB,2,1030.6504,cpu_ms,5.714999999998582
e2e,e2e/cut_stream_12MiB,2,1030.6504,cpu_percent,0.5545042151322996
e2e,e2e/cut_stream_12MiB,2,1030.6504,distinct_ranges,5
e2e,e2e/cut_stream_12MiB,2,1030.6504,duplicate_bytes,65536
e2e,e2e/cut_stream_12MiB,2,1030.6504,failed,1
e2e,e2e/cut_stream_12MiB,2,1030.6504,file_bytes,12582912
e2e,e2e/cut_stream_12MiB,2,1030.6504,fsync_calls,1
e2e,e2e/cut_stream_12MiB,2,1030.6504,fsync_ms,4.019
e2e,e2e/cut_stream_12MiB,2,1030.6504,prealloc_ms,4.069
e2e,e2e/cut_stream_12MiB,2,1030.6504,process_peak_rss_bytes,295911424
e2e,e2e/cut_stream_12MiB,2,1030.6504,requests,5
e2e,e2e/cut_stream_12MiB,2,1030.6504,response_head_ms,2.899
e2e,e2e/cut_stream_12MiB,2,1030.6504,response_heads,5
e2e,e2e/cut_stream_12MiB,2,1030.6504,running_reports,0
e2e,e2e/cut_stream_12MiB,2,1030.6504,served_bytes,327680
e2e,e2e/cut_stream_12MiB,2,1030.6504,total,1030.102292
e2e,e2e/cut_stream_12MiB,2,1030.6504,unique_bytes,262144
e2e,e2e/cut_stream_12MiB,2,1030.6504,verified,0
e2e,e2e/cut_stream_12MiB,2,1030.6504,writer_blocks,0
e2e,e2e/cut_stream_12MiB,2,1030.6504,writer_bytes,0
e2e,e2e/cut_stream_12MiB,2,1030.6504,writer_seeks,0
e2e,e2e/cut_stream_12MiB,3,1072.2529,avg_block_bytes,0
e2e,e2e/cut_stream_12MiB,3,1072.2529,body_reads,5
e2e,e2e/cut_stream_12MiB,3,1072.2529,body_wait_ms,0.141
e2e,e2e/cut_stream_12MiB,3,1072.2529,cache_copied_bytes,0
e2e,e2e/cut_stream_12MiB,3,1072.2529,cache_evicted_bytes,0
e2e,e2e/cut_stream_12MiB,3,1072.2529,checksum_ms,0
e2e,e2e/cut_stream_12MiB,3,1072.2529,cpu_ms,5.334999999998757
e2e,e2e/cut_stream_12MiB,3,1072.2529,cpu_percent,0.49755052379813314
e2e,e2e/cut_stream_12MiB,3,1072.2529,distinct_ranges,5
e2e,e2e/cut_stream_12MiB,3,1072.2529,duplicate_bytes,65536
e2e,e2e/cut_stream_12MiB,3,1072.2529,failed,1
e2e,e2e/cut_stream_12MiB,3,1072.2529,file_bytes,12582912
e2e,e2e/cut_stream_12MiB,3,1072.2529,fsync_calls,1
e2e,e2e/cut_stream_12MiB,3,1072.2529,fsync_ms,4.096
e2e,e2e/cut_stream_12MiB,3,1072.2529,prealloc_ms,3.484
e2e,e2e/cut_stream_12MiB,3,1072.2529,process_peak_rss_bytes,295911424
e2e,e2e/cut_stream_12MiB,3,1072.2529,requests,5
e2e,e2e/cut_stream_12MiB,3,1072.2529,response_head_ms,3.841
e2e,e2e/cut_stream_12MiB,3,1072.2529,response_heads,5
e2e,e2e/cut_stream_12MiB,3,1072.2529,running_reports,0
e2e,e2e/cut_stream_12MiB,3,1072.2529,served_bytes,327680
e2e,e2e/cut_stream_12MiB,3,1072.2529,total,1068.1130830000002
e2e,e2e/cut_stream_12MiB,3,1072.2529,unique_bytes,262144
e2e,e2e/cut_stream_12MiB,3,1072.2529,verified,0
e2e,e2e/cut_stream_12MiB,3,1072.2529,writer_blocks,0
e2e,e2e/cut_stream_12MiB,3,1072.2529,writer_bytes,0
e2e,e2e/cut_stream_12MiB,3,1072.2529,writer_seeks,0
e2e,e2e/cut_stream_12MiB,4,1123.0552,avg_block_bytes,0
e2e,e2e/cut_stream_12MiB,4,1123.0552,body_reads,5
e2e,e2e/cut_stream_12MiB,4,1123.0552,body_wait_ms,0.215
e2e,e2e/cut_stream_12MiB,4,1123.0552,cache_copied_bytes,0
e2e,e2e/cut_stream_12MiB,4,1123.0552,cache_evicted_bytes,0
e2e,e2e/cut_stream_12MiB,4,1123.0552,checksum_ms,0
e2e,e2e/cut_stream_12MiB,4,1123.0552,cpu_ms,4.9399999999995
e2e,e2e/cut_stream_12MiB,4,1123.0552,cpu_percent,0.4398715187650419
e2e,e2e/cut_stream_12MiB,4,1123.0552,distinct_ranges,5
e2e,e2e/cut_stream_12MiB,4,1123.0552,duplicate_bytes,65536
e2e,e2e/cut_stream_12MiB,4,1123.0552,failed,1
e2e,e2e/cut_stream_12MiB,4,1123.0552,file_bytes,12582912
e2e,e2e/cut_stream_12MiB,4,1123.0552,fsync_calls,1
e2e,e2e/cut_stream_12MiB,4,1123.0552,fsync_ms,3.33
e2e,e2e/cut_stream_12MiB,4,1123.0552,prealloc_ms,4.202
e2e,e2e/cut_stream_12MiB,4,1123.0552,process_peak_rss_bytes,295911424
e2e,e2e/cut_stream_12MiB,4,1123.0552,requests,5
e2e,e2e/cut_stream_12MiB,4,1123.0552,response_head_ms,4.034
e2e,e2e/cut_stream_12MiB,4,1123.0552,response_heads,5
e2e,e2e/cut_stream_12MiB,4,1123.0552,running_reports,0
e2e,e2e/cut_stream_12MiB,4,1123.0552,served_bytes,327680
e2e,e2e/cut_stream_12MiB,4,1123.0552,total,1121.312458
e2e,e2e/cut_stream_12MiB,4,1123.0552,unique_bytes,262144
e2e,e2e/cut_stream_12MiB,4,1123.0552,verified,0
e2e,e2e/cut_stream_12MiB,4,1123.0552,writer_blocks,0
e2e,e2e/cut_stream_12MiB,4,1123.0552,writer_bytes,0
e2e,e2e/cut_stream_12MiB,4,1123.0552,writer_seeks,0
e2e,e2e/cut_stream_12MiB,5,1584.8474,avg_block_bytes,0
e2e,e2e/cut_stream_12MiB,5,1584.8474,body_reads,5
e2e,e2e/cut_stream_12MiB,5,1584.8474,body_wait_ms,0.119
e2e,e2e/cut_stream_12MiB,5,1584.8474,cache_copied_bytes,0
e2e,e2e/cut_stream_12MiB,5,1584.8474,cache_evicted_bytes,0
e2e,e2e/cut_stream_12MiB,5,1584.8474,checksum_ms,0
e2e,e2e/cut_stream_12MiB,5,1584.8474,cpu_ms,5.461000000000382
e2e,e2e/cut_stream_12MiB,5,1584.8474,cpu_percent,0.3445757671145073
e2e,e2e/cut_stream_12MiB,5,1584.8474,distinct_ranges,4
e2e,e2e/cut_stream_12MiB,5,1584.8474,duplicate_bytes,65536
e2e,e2e/cut_stream_12MiB,5,1584.8474,failed,1
e2e,e2e/cut_stream_12MiB,5,1584.8474,file_bytes,12582912
e2e,e2e/cut_stream_12MiB,5,1584.8474,fsync_calls,1
e2e,e2e/cut_stream_12MiB,5,1584.8474,fsync_ms,4.408
e2e,e2e/cut_stream_12MiB,5,1584.8474,prealloc_ms,4.175
e2e,e2e/cut_stream_12MiB,5,1584.8474,process_peak_rss_bytes,295911424
e2e,e2e/cut_stream_12MiB,5,1584.8474,requests,5
e2e,e2e/cut_stream_12MiB,5,1584.8474,response_head_ms,2.462
e2e,e2e/cut_stream_12MiB,5,1584.8474,response_heads,5
e2e,e2e/cut_stream_12MiB,5,1584.8474,running_reports,0
e2e,e2e/cut_stream_12MiB,5,1584.8474,served_bytes,327680
e2e,e2e/cut_stream_12MiB,5,1584.8474,total,1583.586458
e2e,e2e/cut_stream_12MiB,5,1584.8474,unique_bytes,262144
e2e,e2e/cut_stream_12MiB,5,1584.8474,verified,0
e2e,e2e/cut_stream_12MiB,5,1584.8474,writer_blocks,0
e2e,e2e/cut_stream_12MiB,5,1584.8474,writer_bytes,0
e2e,e2e/cut_stream_12MiB,5,1584.8474,writer_seeks,0
e2e,e2e/cut_stream_12MiB,6,1119.7255,avg_block_bytes,0
e2e,e2e/cut_stream_12MiB,6,1119.7255,body_reads,5
e2e,e2e/cut_stream_12MiB,6,1119.7255,body_wait_ms,0.107
e2e,e2e/cut_stream_12MiB,6,1119.7255,cache_copied_bytes,0
e2e,e2e/cut_stream_12MiB,6,1119.7255,cache_evicted_bytes,0
e2e,e2e/cut_stream_12MiB,6,1119.7255,checksum_ms,0
e2e,e2e/cut_stream_12MiB,6,1119.7255,cpu_ms,6.015999999998911
e2e,e2e/cut_stream_12MiB,6,1119.7255,cpu_percent,0.5372745373753577
e2e,e2e/cut_stream_12MiB,6,1119.7255,distinct_ranges,4
e2e,e2e/cut_stream_12MiB,6,1119.7255,duplicate_bytes,65536
e2e,e2e/cut_stream_12MiB,6,1119.7255,failed,1
e2e,e2e/cut_stream_12MiB,6,1119.7255,file_bytes,12582912
e2e,e2e/cut_stream_12MiB,6,1119.7255,fsync_calls,1
e2e,e2e/cut_stream_12MiB,6,1119.7255,fsync_ms,3.798
e2e,e2e/cut_stream_12MiB,6,1119.7255,prealloc_ms,3.586
e2e,e2e/cut_stream_12MiB,6,1119.7255,process_peak_rss_bytes,295911424
e2e,e2e/cut_stream_12MiB,6,1119.7255,requests,5
e2e,e2e/cut_stream_12MiB,6,1119.7255,response_head_ms,5.206
e2e,e2e/cut_stream_12MiB,6,1119.7255,response_heads,5
e2e,e2e/cut_stream_12MiB,6,1119.7255,running_reports,0
e2e,e2e/cut_stream_12MiB,6,1119.7255,served_bytes,327680
e2e,e2e/cut_stream_12MiB,6,1119.7255,total,1118.956084
e2e,e2e/cut_stream_12MiB,6,1119.7255,unique_bytes,262144
e2e,e2e/cut_stream_12MiB,6,1119.7255,verified,0
e2e,e2e/cut_stream_12MiB,6,1119.7255,writer_blocks,0
e2e,e2e/cut_stream_12MiB,6,1119.7255,writer_bytes,0
e2e,e2e/cut_stream_12MiB,6,1119.7255,writer_seeks,0
e2e,e2e/cut_stream_12MiB,7,1677.2758,avg_block_bytes,0
e2e,e2e/cut_stream_12MiB,7,1677.2758,body_reads,5
e2e,e2e/cut_stream_12MiB,7,1677.2758,body_wait_ms,0.247
e2e,e2e/cut_stream_12MiB,7,1677.2758,cache_copied_bytes,0
e2e,e2e/cut_stream_12MiB,7,1677.2758,cache_evicted_bytes,0
e2e,e2e/cut_stream_12MiB,7,1677.2758,checksum_ms,0
e2e,e2e/cut_stream_12MiB,7,1677.2758,cpu_ms,5.914000000000641
e2e,e2e/cut_stream_12MiB,7,1677.2758,cpu_percent,0.35259556169642975
e2e,e2e/cut_stream_12MiB,7,1677.2758,distinct_ranges,4
e2e,e2e/cut_stream_12MiB,7,1677.2758,duplicate_bytes,65536
e2e,e2e/cut_stream_12MiB,7,1677.2758,failed,1
e2e,e2e/cut_stream_12MiB,7,1677.2758,file_bytes,12582912
e2e,e2e/cut_stream_12MiB,7,1677.2758,fsync_calls,1
e2e,e2e/cut_stream_12MiB,7,1677.2758,fsync_ms,4.046
e2e,e2e/cut_stream_12MiB,7,1677.2758,prealloc_ms,2.523
e2e,e2e/cut_stream_12MiB,7,1677.2758,process_peak_rss_bytes,295911424
e2e,e2e/cut_stream_12MiB,7,1677.2758,requests,5
e2e,e2e/cut_stream_12MiB,7,1677.2758,response_head_ms,2.424
e2e,e2e/cut_stream_12MiB,7,1677.2758,response_heads,5
e2e,e2e/cut_stream_12MiB,7,1677.2758,running_reports,0
e2e,e2e/cut_stream_12MiB,7,1677.2758,served_bytes,327680
e2e,e2e/cut_stream_12MiB,7,1677.2758,total,1676.260959
e2e,e2e/cut_stream_12MiB,7,1677.2758,unique_bytes,262144
e2e,e2e/cut_stream_12MiB,7,1677.2758,verified,0
e2e,e2e/cut_stream_12MiB,7,1677.2758,writer_blocks,0
e2e,e2e/cut_stream_12MiB,7,1677.2758,writer_bytes,0
e2e,e2e/cut_stream_12MiB,7,1677.2758,writer_seeks,0
e2e,e2e/cut_stream_12MiB,8,1213.4650,avg_block_bytes,0
e2e,e2e/cut_stream_12MiB,8,1213.4650,body_reads,5
e2e,e2e/cut_stream_12MiB,8,1213.4650,body_wait_ms,0.219
e2e,e2e/cut_stream_12MiB,8,1213.4650,cache_copied_bytes,0
e2e,e2e/cut_stream_12MiB,8,1213.4650,cache_evicted_bytes,0
e2e,e2e/cut_stream_12MiB,8,1213.4650,checksum_ms,0
e2e,e2e/cut_stream_12MiB,8,1213.4650,cpu_ms,7.418000000001257
e2e,e2e/cut_stream_12MiB,8,1213.4650,cpu_percent,0.61130726829799
e2e,e2e/cut_stream_12MiB,8,1213.4650,distinct_ranges,5
e2e,e2e/cut_stream_12MiB,8,1213.4650,duplicate_bytes,65536
e2e,e2e/cut_stream_12MiB,8,1213.4650,failed,1
e2e,e2e/cut_stream_12MiB,8,1213.4650,file_bytes,12582912
e2e,e2e/cut_stream_12MiB,8,1213.4650,fsync_calls,1
e2e,e2e/cut_stream_12MiB,8,1213.4650,fsync_ms,3.689
e2e,e2e/cut_stream_12MiB,8,1213.4650,prealloc_ms,4.21
e2e,e2e/cut_stream_12MiB,8,1213.4650,process_peak_rss_bytes,295911424
e2e,e2e/cut_stream_12MiB,8,1213.4650,requests,5
e2e,e2e/cut_stream_12MiB,8,1213.4650,response_head_ms,3.66
e2e,e2e/cut_stream_12MiB,8,1213.4650,response_heads,5
e2e,e2e/cut_stream_12MiB,8,1213.4650,running_reports,0
e2e,e2e/cut_stream_12MiB,8,1213.4650,served_bytes,327680
e2e,e2e/cut_stream_12MiB,8,1213.4650,total,1212.786333
e2e,e2e/cut_stream_12MiB,8,1213.4650,unique_bytes,262144
e2e,e2e/cut_stream_12MiB,8,1213.4650,verified,0
e2e,e2e/cut_stream_12MiB,8,1213.4650,writer_blocks,0
e2e,e2e/cut_stream_12MiB,8,1213.4650,writer_bytes,0
e2e,e2e/cut_stream_12MiB,8,1213.4650,writer_seeks,0
e2e,e2e/cut_stream_12MiB,9,1621.3838,avg_block_bytes,0
e2e,e2e/cut_stream_12MiB,9,1621.3838,body_reads,5
e2e,e2e/cut_stream_12MiB,9,1621.3838,body_wait_ms,0.195
e2e,e2e/cut_stream_12MiB,9,1621.3838,cache_copied_bytes,0
e2e,e2e/cut_stream_12MiB,9,1621.3838,cache_evicted_bytes,0
e2e,e2e/cut_stream_12MiB,9,1621.3838,checksum_ms,0
e2e,e2e/cut_stream_12MiB,9,1621.3838,cpu_ms,6.023000000000778
e2e,e2e/cut_stream_12MiB,9,1621.3838,cpu_percent,0.3714728237532155
e2e,e2e/cut_stream_12MiB,9,1621.3838,distinct_ranges,4
e2e,e2e/cut_stream_12MiB,9,1621.3838,duplicate_bytes,65536
e2e,e2e/cut_stream_12MiB,9,1621.3838,failed,1
e2e,e2e/cut_stream_12MiB,9,1621.3838,file_bytes,12582912
e2e,e2e/cut_stream_12MiB,9,1621.3838,fsync_calls,1
e2e,e2e/cut_stream_12MiB,9,1621.3838,fsync_ms,4.757
e2e,e2e/cut_stream_12MiB,9,1621.3838,prealloc_ms,5.133
e2e,e2e/cut_stream_12MiB,9,1621.3838,process_peak_rss_bytes,295911424
e2e,e2e/cut_stream_12MiB,9,1621.3838,requests,5
e2e,e2e/cut_stream_12MiB,9,1621.3838,response_head_ms,3.196
e2e,e2e/cut_stream_12MiB,9,1621.3838,response_heads,5
e2e,e2e/cut_stream_12MiB,9,1621.3838,running_reports,0
e2e,e2e/cut_stream_12MiB,9,1621.3838,served_bytes,327680
e2e,e2e/cut_stream_12MiB,9,1621.3838,total,1620.822917
e2e,e2e/cut_stream_12MiB,9,1621.3838,unique_bytes,262144
e2e,e2e/cut_stream_12MiB,9,1621.3838,verified,0
e2e,e2e/cut_stream_12MiB,9,1621.3838,writer_blocks,0
e2e,e2e/cut_stream_12MiB,9,1621.3838,writer_bytes,0
e2e,e2e/cut_stream_12MiB,9,1621.3838,writer_seeks,0
e2e,e2e/slow_tail_12MiB,0,306.3327,avg_block_bytes,1048576
e2e,e2e/slow_tail_12MiB,0,306.3327,body_reads,778
e2e,e2e/slow_tail_12MiB,0,306.3327,body_wait_ms,372.327
e2e,e2e/slow_tail_12MiB,0,306.3327,cache_copied_bytes,12582912
e2e,e2e/slow_tail_12MiB,0,306.3327,cache_evicted_bytes,12582912
e2e,e2e/slow_tail_12MiB,0,306.3327,checksum_ms,12.869
e2e,e2e/slow_tail_12MiB,0,306.3327,cpu_ms,65.48199999999937
e2e,e2e/slow_tail_12MiB,0,306.3327,cpu_percent,21.376101641107383
e2e,e2e/slow_tail_12MiB,0,306.3327,distinct_ranges,4
e2e,e2e/slow_tail_12MiB,0,306.3327,duplicate_bytes,0
e2e,e2e/slow_tail_12MiB,0,306.3327,failed,0
e2e,e2e/slow_tail_12MiB,0,306.3327,file_bytes,12582912
e2e,e2e/slow_tail_12MiB,0,306.3327,finalize,12.89654200000001
e2e,e2e/slow_tail_12MiB,0,306.3327,fsync_calls,1
e2e,e2e/slow_tail_12MiB,0,306.3327,fsync_ms,8.636
e2e,e2e/slow_tail_12MiB,0,306.3327,prealloc_ms,4.568
e2e,e2e/slow_tail_12MiB,0,306.3327,process_peak_rss_bytes,295911424
e2e,e2e/slow_tail_12MiB,0,306.3327,report_span,71.07054100000002
e2e,e2e/slow_tail_12MiB,0,306.3327,requests,4
e2e,e2e/slow_tail_12MiB,0,306.3327,response_head_ms,66.675
e2e,e2e/slow_tail_12MiB,0,306.3327,response_heads,4
e2e,e2e/slow_tail_12MiB,0,306.3327,running_reports,2
e2e,e2e/slow_tail_12MiB,0,306.3327,served_bytes,12582912
e2e,e2e/slow_tail_12MiB,0,306.3327,to_first_report,208.009
e2e,e2e/slow_tail_12MiB,0,306.3327,total,291.976083
e2e,e2e/slow_tail_12MiB,0,306.3327,unique_bytes,12582912
e2e,e2e/slow_tail_12MiB,0,306.3327,verified,1
e2e,e2e/slow_tail_12MiB,0,306.3327,writer_blocks,12
e2e,e2e/slow_tail_12MiB,0,306.3327,writer_bytes,12582912
e2e,e2e/slow_tail_12MiB,0,306.3327,writer_seeks,10
e2e,e2e/slow_tail_12MiB,1,307.4707,avg_block_bytes,1048576
e2e,e2e/slow_tail_12MiB,1,307.4707,body_reads,783
e2e,e2e/slow_tail_12MiB,1,307.4707,body_wait_ms,333.387
e2e,e2e/slow_tail_12MiB,1,307.4707,cache_copied_bytes,12582912
e2e,e2e/slow_tail_12MiB,1,307.4707,cache_evicted_bytes,12582912
e2e,e2e/slow_tail_12MiB,1,307.4707,checksum_ms,12.561
e2e,e2e/slow_tail_12MiB,1,307.4707,cpu_ms,55.38999999999916
e2e,e2e/slow_tail_12MiB,1,307.4707,cpu_percent,18.014724186344008
e2e,e2e/slow_tail_12MiB,1,307.4707,distinct_ranges,4
e2e,e2e/slow_tail_12MiB,1,307.4707,duplicate_bytes,0
e2e,e2e/slow_tail_12MiB,1,307.4707,failed,0
e2e,e2e/slow_tail_12MiB,1,307.4707,file_bytes,12582912
e2e,e2e/slow_tail_12MiB,1,307.4707,finalize,12.583917000000042
e2e,e2e/slow_tail_12MiB,1,307.4707,fsync_calls,1
e2e,e2e/slow_tail_12MiB,1,307.4707,fsync_ms,8.769
e2e,e2e/slow_tail_12MiB,1,307.4707,prealloc_ms,4.694
e2e,e2e/slow_tail_12MiB,1,307.4707,process_peak_rss_bytes,295911424
e2e,e2e/slow_tail_12MiB,1,307.4707,report_span,73.87083299999998
e2e,e2e/slow_tail_12MiB,1,307.4707,requests,4
e2e,e2e/slow_tail_12MiB,1,307.4707,response_head_ms,64.017
e2e,e2e/slow_tail_12MiB,1,307.4707,response_heads,4
e2e,e2e/slow_tail_12MiB,1,307.4707,running_reports,2
e2e,e2e/slow_tail_12MiB,1,307.4707,served_bytes,12582912
e2e,e2e/slow_tail_12MiB,1,307.4707,to_first_report,207.794
e2e,e2e/slow_tail_12MiB,1,307.4707,total,294.24875000000003
e2e,e2e/slow_tail_12MiB,1,307.4707,unique_bytes,12582912
e2e,e2e/slow_tail_12MiB,1,307.4707,verified,1
e2e,e2e/slow_tail_12MiB,1,307.4707,writer_blocks,12
e2e,e2e/slow_tail_12MiB,1,307.4707,writer_bytes,12582912
e2e,e2e/slow_tail_12MiB,1,307.4707,writer_seeks,10
e2e,e2e/slow_tail_12MiB,2,300.2835,avg_block_bytes,1048576
e2e,e2e/slow_tail_12MiB,2,300.2835,body_reads,779
e2e,e2e/slow_tail_12MiB,2,300.2835,body_wait_ms,329.189
e2e,e2e/slow_tail_12MiB,2,300.2835,cache_copied_bytes,12582912
e2e,e2e/slow_tail_12MiB,2,300.2835,cache_evicted_bytes,12582912
e2e,e2e/slow_tail_12MiB,2,300.2835,checksum_ms,11.202
e2e,e2e/slow_tail_12MiB,2,300.2835,cpu_ms,53.784000000000276
e2e,e2e/slow_tail_12MiB,2,300.2835,cpu_percent,17.91107648057307
e2e,e2e/slow_tail_12MiB,2,300.2835,distinct_ranges,4
e2e,e2e/slow_tail_12MiB,2,300.2835,duplicate_bytes,0
e2e,e2e/slow_tail_12MiB,2,300.2835,failed,0
e2e,e2e/slow_tail_12MiB,2,300.2835,file_bytes,12582912
e2e,e2e/slow_tail_12MiB,2,300.2835,finalize,11.229041999999993
e2e,e2e/slow_tail_12MiB,2,300.2835,fsync_calls,1
e2e,e2e/slow_tail_12MiB,2,300.2835,fsync_ms,8.399
e2e,e2e/slow_tail_12MiB,2,300.2835,prealloc_ms,3.795
e2e,e2e/slow_tail_12MiB,2,300.2835,process_peak_rss_bytes,295911424
e2e,e2e/slow_tail_12MiB,2,300.2835,report_span,68.90779099999997
e2e,e2e/slow_tail_12MiB,2,300.2835,requests,4
e2e,e2e/slow_tail_12MiB,2,300.2835,response_head_ms,54.818
e2e,e2e/slow_tail_12MiB,2,300.2835,response_heads,4
e2e,e2e/slow_tail_12MiB,2,300.2835,running_reports,2
e2e,e2e/slow_tail_12MiB,2,300.2835,served_bytes,12582912
e2e,e2e/slow_tail_12MiB,2,300.2835,to_first_report,207.524334
e2e,e2e/slow_tail_12MiB,2,300.2835,total,287.661167
e2e,e2e/slow_tail_12MiB,2,300.2835,unique_bytes,12582912
e2e,e2e/slow_tail_12MiB,2,300.2835,verified,1
e2e,e2e/slow_tail_12MiB,2,300.2835,writer_blocks,12
e2e,e2e/slow_tail_12MiB,2,300.2835,writer_bytes,12582912
e2e,e2e/slow_tail_12MiB,2,300.2835,writer_seeks,10
e2e,e2e/slow_tail_12MiB,3,305.5170,avg_block_bytes,1048576
e2e,e2e/slow_tail_12MiB,3,305.5170,body_reads,779
e2e,e2e/slow_tail_12MiB,3,305.5170,body_wait_ms,363.657
e2e,e2e/slow_tail_12MiB,3,305.5170,cache_copied_bytes,12582912
e2e,e2e/slow_tail_12MiB,3,305.5170,cache_evicted_bytes,12582912
e2e,e2e/slow_tail_12MiB,3,305.5170,checksum_ms,13.33
e2e,e2e/slow_tail_12MiB,3,305.5170,cpu_ms,61.619999999999564
e2e,e2e/slow_tail_12MiB,3,305.5170,cpu_percent,20.169087720380077
e2e,e2e/slow_tail_12MiB,3,305.5170,distinct_ranges,4
e2e,e2e/slow_tail_12MiB,3,305.5170,duplicate_bytes,0
e2e,e2e/slow_tail_12MiB,3,305.5170,failed,0
e2e,e2e/slow_tail_12MiB,3,305.5170,file_bytes,12582912
e2e,e2e/slow_tail_12MiB,3,305.5170,finalize,13.363375000000019
e2e,e2e/slow_tail_12MiB,3,305.5170,fsync_calls,1
e2e,e2e/slow_tail_12MiB,3,305.5170,fsync_ms,8.645
e2e,e2e/slow_tail_12MiB,3,305.5170,prealloc_ms,2.487
e2e,e2e/slow_tail_12MiB,3,305.5170,process_peak_rss_bytes,295911424
e2e,e2e/slow_tail_12MiB,3,305.5170,report_span,72.48404099999996
e2e,e2e/slow_tail_12MiB,3,305.5170,requests,4
e2e,e2e/slow_tail_12MiB,3,305.5170,response_head_ms,69.399
e2e,e2e/slow_tail_12MiB,3,305.5170,response_heads,4
e2e,e2e/slow_tail_12MiB,3,305.5170,running_reports,2
e2e,e2e/slow_tail_12MiB,3,305.5170,served_bytes,12582912
e2e,e2e/slow_tail_12MiB,3,305.5170,to_first_report,205.30016700000002
e2e,e2e/slow_tail_12MiB,3,305.5170,total,291.147583
e2e,e2e/slow_tail_12MiB,3,305.5170,unique_bytes,12582912
e2e,e2e/slow_tail_12MiB,3,305.5170,verified,1
e2e,e2e/slow_tail_12MiB,3,305.5170,writer_blocks,12
e2e,e2e/slow_tail_12MiB,3,305.5170,writer_bytes,12582912
e2e,e2e/slow_tail_12MiB,3,305.5170,writer_seeks,9
e2e,e2e/slow_tail_12MiB,4,303.1794,avg_block_bytes,1048576
e2e,e2e/slow_tail_12MiB,4,303.1794,body_reads,780
e2e,e2e/slow_tail_12MiB,4,303.1794,body_wait_ms,347.659
e2e,e2e/slow_tail_12MiB,4,303.1794,cache_copied_bytes,12582912
e2e,e2e/slow_tail_12MiB,4,303.1794,cache_evicted_bytes,12582912
e2e,e2e/slow_tail_12MiB,4,303.1794,checksum_ms,12.764
e2e,e2e/slow_tail_12MiB,4,303.1794,cpu_ms,57.624999999999815
e2e,e2e/slow_tail_12MiB,4,303.1794,cpu_percent,19.006899793232908
e2e,e2e/slow_tail_12MiB,4,303.1794,distinct_ranges,4
e2e,e2e/slow_tail_12MiB,4,303.1794,duplicate_bytes,0
e2e,e2e/slow_tail_12MiB,4,303.1794,failed,0
e2e,e2e/slow_tail_12MiB,4,303.1794,file_bytes,12582912
e2e,e2e/slow_tail_12MiB,4,303.1794,finalize,12.794666000000007
e2e,e2e/slow_tail_12MiB,4,303.1794,fsync_calls,1
e2e,e2e/slow_tail_12MiB,4,303.1794,fsync_ms,8.371
e2e,e2e/slow_tail_12MiB,4,303.1794,prealloc_ms,3.652
e2e,e2e/slow_tail_12MiB,4,303.1794,process_peak_rss_bytes,295911424
e2e,e2e/slow_tail_12MiB,4,303.1794,report_span,69.64079199999998
e2e,e2e/slow_tail_12MiB,4,303.1794,requests,4
e2e,e2e/slow_tail_12MiB,4,303.1794,response_head_ms,67.104
e2e,e2e/slow_tail_12MiB,4,303.1794,response_heads,4
e2e,e2e/slow_tail_12MiB,4,303.1794,running_reports,2
e2e,e2e/slow_tail_12MiB,4,303.1794,served_bytes,12582912
e2e,e2e/slow_tail_12MiB,4,303.1794,to_first_report,206.08633300000002
e2e,e2e/slow_tail_12MiB,4,303.1794,total,288.521791
e2e,e2e/slow_tail_12MiB,4,303.1794,unique_bytes,12582912
e2e,e2e/slow_tail_12MiB,4,303.1794,verified,1
e2e,e2e/slow_tail_12MiB,4,303.1794,writer_blocks,12
e2e,e2e/slow_tail_12MiB,4,303.1794,writer_bytes,12582912
e2e,e2e/slow_tail_12MiB,4,303.1794,writer_seeks,8
e2e,e2e/slow_tail_12MiB,5,301.1692,avg_block_bytes,1048576
e2e,e2e/slow_tail_12MiB,5,301.1692,body_reads,783
e2e,e2e/slow_tail_12MiB,5,301.1692,body_wait_ms,325.571
e2e,e2e/slow_tail_12MiB,5,301.1692,cache_copied_bytes,12582912
e2e,e2e/slow_tail_12MiB,5,301.1692,cache_evicted_bytes,12582912
e2e,e2e/slow_tail_12MiB,5,301.1692,checksum_ms,12.823
e2e,e2e/slow_tail_12MiB,5,301.1692,cpu_ms,54.62699999999998
e2e,e2e/slow_tail_12MiB,5,301.1692,cpu_percent,18.1383109513332
e2e,e2e/slow_tail_12MiB,5,301.1692,distinct_ranges,4
e2e,e2e/slow_tail_12MiB,5,301.1692,duplicate_bytes,0
e2e,e2e/slow_tail_12MiB,5,301.1692,failed,0
e2e,e2e/slow_tail_12MiB,5,301.1692,file_bytes,12582912
e2e,e2e/slow_tail_12MiB,5,301.1692,finalize,12.849499999999978
e2e,e2e/slow_tail_12MiB,5,301.1692,fsync_calls,1
e2e,e2e/slow_tail_12MiB,5,301.1692,fsync_ms,8.279
e2e,e2e/slow_tail_12MiB,5,301.1692,prealloc_ms,3.357
e2e,e2e/slow_tail_12MiB,5,301.1692,process_peak_rss_bytes,295911424
e2e,e2e/slow_tail_12MiB,5,301.1692,report_span,66.13858400000001
e2e,e2e/slow_tail_12MiB,5,301.1692,requests,4
e2e,e2e/slow_tail_12MiB,5,301.1692,response_head_ms,67.093
e2e,e2e/slow_tail_12MiB,5,301.1692,response_heads,4
e2e,e2e/slow_tail_12MiB,5,301.1692,running_reports,2
e2e,e2e/slow_tail_12MiB,5,301.1692,served_bytes,12582912
e2e,e2e/slow_tail_12MiB,5,301.1692,to_first_report,207.470333
e2e,e2e/slow_tail_12MiB,5,301.1692,total,286.458417
e2e,e2e/slow_tail_12MiB,5,301.1692,unique_bytes,12582912
e2e,e2e/slow_tail_12MiB,5,301.1692,verified,1
e2e,e2e/slow_tail_12MiB,5,301.1692,writer_blocks,12
e2e,e2e/slow_tail_12MiB,5,301.1692,writer_bytes,12582912
e2e,e2e/slow_tail_12MiB,5,301.1692,writer_seeks,9
e2e,e2e/slow_tail_12MiB,6,303.6036,avg_block_bytes,1048576
e2e,e2e/slow_tail_12MiB,6,303.6036,body_reads,778
e2e,e2e/slow_tail_12MiB,6,303.6036,body_wait_ms,349.648
e2e,e2e/slow_tail_12MiB,6,303.6036,cache_copied_bytes,12582912
e2e,e2e/slow_tail_12MiB,6,303.6036,cache_evicted_bytes,12582912
e2e,e2e/slow_tail_12MiB,6,303.6036,checksum_ms,13.395
e2e,e2e/slow_tail_12MiB,6,303.6036,cpu_ms,54.66000000000015
e2e,e2e/slow_tail_12MiB,6,303.6036,cpu_percent,18.003740094200452
e2e,e2e/slow_tail_12MiB,6,303.6036,distinct_ranges,4
e2e,e2e/slow_tail_12MiB,6,303.6036,duplicate_bytes,0
e2e,e2e/slow_tail_12MiB,6,303.6036,failed,0
e2e,e2e/slow_tail_12MiB,6,303.6036,file_bytes,12582912
e2e,e2e/slow_tail_12MiB,6,303.6036,finalize,13.429667000000052
e2e,e2e/slow_tail_12MiB,6,303.6036,fsync_calls,1
e2e,e2e/slow_tail_12MiB,6,303.6036,fsync_ms,7.5
e2e,e2e/slow_tail_12MiB,6,303.6036,prealloc_ms,3.287
e2e,e2e/slow_tail_12MiB,6,303.6036,process_peak_rss_bytes,295911424
e2e,e2e/slow_tail_12MiB,6,303.6036,report_span,68.88720799999996
e2e,e2e/slow_tail_12MiB,6,303.6036,requests,4
e2e,e2e/slow_tail_12MiB,6,303.6036,response_head_ms,68.555
e2e,e2e/slow_tail_12MiB,6,303.6036,response_heads,4
e2e,e2e/slow_tail_12MiB,6,303.6036,running_reports,2
e2e,e2e/slow_tail_12MiB,6,303.6036,served_bytes,12582912
e2e,e2e/slow_tail_12MiB,6,303.6036,to_first_report,207.406417
e2e,e2e/slow_tail_12MiB,6,303.6036,total,289.723292
e2e,e2e/slow_tail_12MiB,6,303.6036,unique_bytes,12582912
e2e,e2e/slow_tail_12MiB,6,303.6036,verified,1
e2e,e2e/slow_tail_12MiB,6,303.6036,writer_blocks,12
e2e,e2e/slow_tail_12MiB,6,303.6036,writer_bytes,12582912
e2e,e2e/slow_tail_12MiB,6,303.6036,writer_seeks,6
e2e,e2e/slow_tail_12MiB,7,305.2278,avg_block_bytes,1048576
e2e,e2e/slow_tail_12MiB,7,305.2278,body_reads,783
e2e,e2e/slow_tail_12MiB,7,305.2278,body_wait_ms,333.655
e2e,e2e/slow_tail_12MiB,7,305.2278,cache_copied_bytes,12582912
e2e,e2e/slow_tail_12MiB,7,305.2278,cache_evicted_bytes,12582912
e2e,e2e/slow_tail_12MiB,7,305.2278,checksum_ms,12.544
e2e,e2e/slow_tail_12MiB,7,305.2278,cpu_ms,56.17299999999936
e2e,e2e/slow_tail_12MiB,7,305.2278,cpu_percent,18.403629598210028
e2e,e2e/slow_tail_12MiB,7,305.2278,distinct_ranges,5
e2e,e2e/slow_tail_12MiB,7,305.2278,duplicate_bytes,0
e2e,e2e/slow_tail_12MiB,7,305.2278,failed,0
e2e,e2e/slow_tail_12MiB,7,305.2278,file_bytes,12582912
e2e,e2e/slow_tail_12MiB,7,305.2278,finalize,12.57245899999998
e2e,e2e/slow_tail_12MiB,7,305.2278,fsync_calls,1
e2e,e2e/slow_tail_12MiB,7,305.2278,fsync_ms,7.656
e2e,e2e/slow_tail_12MiB,7,305.2278,prealloc_ms,3.115
e2e,e2e/slow_tail_12MiB,7,305.2278,process_peak_rss_bytes,295911424
e2e,e2e/slow_tail_12MiB,7,305.2278,report_span,73.25545800000003
e2e,e2e/slow_tail_12MiB,7,305.2278,requests,5
e2e,e2e/slow_tail_12MiB,7,305.2278,response_head_ms,68.08
e2e,e2e/slow_tail_12MiB,7,305.2278,response_heads,5
e2e,e2e/slow_tail_12MiB,7,305.2278,running_reports,2
e2e,e2e/slow_tail_12MiB,7,305.2278,served_bytes,12582912
e2e,e2e/slow_tail_12MiB,7,305.2278,to_first_report,206.640083
e2e,e2e/slow_tail_12MiB,7,305.2278,total,292.468
e2e,e2e/slow_tail_12MiB,7,305.2278,unique_bytes,12582912
e2e,e2e/slow_tail_12MiB,7,305.2278,verified,1
e2e,e2e/slow_tail_12MiB,7,305.2278,writer_blocks,12
e2e,e2e/slow_tail_12MiB,7,305.2278,writer_bytes,12582912
e2e,e2e/slow_tail_12MiB,7,305.2278,writer_seeks,6
e2e,e2e/slow_tail_12MiB,8,299.5176,avg_block_bytes,1048576
e2e,e2e/slow_tail_12MiB,8,299.5176,body_reads,781
e2e,e2e/slow_tail_12MiB,8,299.5176,body_wait_ms,324.496
e2e,e2e/slow_tail_12MiB,8,299.5176,cache_copied_bytes,12582912
e2e,e2e/slow_tail_12MiB,8,299.5176,cache_evicted_bytes,12582912
e2e,e2e/slow_tail_12MiB,8,299.5176,checksum_ms,12.453
e2e,e2e/slow_tail_12MiB,8,299.5176,cpu_ms,53.68300000000126
e2e,e2e/slow_tail_12MiB,8,299.5176,cpu_percent,17.923152268585614
e2e,e2e/slow_tail_12MiB,8,299.5176,distinct_ranges,4
e2e,e2e/slow_tail_12MiB,8,299.5176,duplicate_bytes,0
e2e,e2e/slow_tail_12MiB,8,299.5176,failed,0
e2e,e2e/slow_tail_12MiB,8,299.5176,file_bytes,12582912
e2e,e2e/slow_tail_12MiB,8,299.5176,finalize,12.482124999999996
e2e,e2e/slow_tail_12MiB,8,299.5176,fsync_calls,1
e2e,e2e/slow_tail_12MiB,8,299.5176,fsync_ms,8.453
e2e,e2e/slow_tail_12MiB,8,299.5176,prealloc_ms,3.061
e2e,e2e/slow_tail_12MiB,8,299.5176,process_peak_rss_bytes,295911424
e2e,e2e/slow_tail_12MiB,8,299.5176,report_span,67.48999999999998
e2e,e2e/slow_tail_12MiB,8,299.5176,requests,4
e2e,e2e/slow_tail_12MiB,8,299.5176,response_head_ms,61.677
e2e,e2e/slow_tail_12MiB,8,299.5176,response_heads,4
e2e,e2e/slow_tail_12MiB,8,299.5176,running_reports,2
e2e,e2e/slow_tail_12MiB,8,299.5176,served_bytes,12582912
e2e,e2e/slow_tail_12MiB,8,299.5176,to_first_report,208.075542
e2e,e2e/slow_tail_12MiB,8,299.5176,total,288.047667
e2e,e2e/slow_tail_12MiB,8,299.5176,unique_bytes,12582912
e2e,e2e/slow_tail_12MiB,8,299.5176,verified,1
e2e,e2e/slow_tail_12MiB,8,299.5176,writer_blocks,12
e2e,e2e/slow_tail_12MiB,8,299.5176,writer_bytes,12582912
e2e,e2e/slow_tail_12MiB,8,299.5176,writer_seeks,9
e2e,e2e/slow_tail_12MiB,9,302.6912,avg_block_bytes,1048576
e2e,e2e/slow_tail_12MiB,9,302.6912,body_reads,778
e2e,e2e/slow_tail_12MiB,9,302.6912,body_wait_ms,328.385
e2e,e2e/slow_tail_12MiB,9,302.6912,cache_copied_bytes,12582912
e2e,e2e/slow_tail_12MiB,9,302.6912,cache_evicted_bytes,12582912
e2e,e2e/slow_tail_12MiB,9,302.6912,checksum_ms,12.642
e2e,e2e/slow_tail_12MiB,9,302.6912,cpu_ms,55.06399999999978
e2e,e2e/slow_tail_12MiB,9,302.6912,cpu_percent,18.191479033781835
e2e,e2e/slow_tail_12MiB,9,302.6912,distinct_ranges,4
e2e,e2e/slow_tail_12MiB,9,302.6912,duplicate_bytes,0
e2e,e2e/slow_tail_12MiB,9,302.6912,failed,0
e2e,e2e/slow_tail_12MiB,9,302.6912,file_bytes,12582912
e2e,e2e/slow_tail_12MiB,9,302.6912,finalize,12.667624999999987
e2e,e2e/slow_tail_12MiB,9,302.6912,fsync_calls,1
e2e,e2e/slow_tail_12MiB,9,302.6912,fsync_ms,7.449
e2e,e2e/slow_tail_12MiB,9,302.6912,prealloc_ms,3.611
e2e,e2e/slow_tail_12MiB,9,302.6912,process_peak_rss_bytes,295911424
e2e,e2e/slow_tail_12MiB,9,302.6912,report_span,69.48433399999999
e2e,e2e/slow_tail_12MiB,9,302.6912,requests,4
e2e,e2e/slow_tail_12MiB,9,302.6912,response_head_ms,67.176
e2e,e2e/slow_tail_12MiB,9,302.6912,response_heads,4
e2e,e2e/slow_tail_12MiB,9,302.6912,running_reports,2
e2e,e2e/slow_tail_12MiB,9,302.6912,served_bytes,12582912
e2e,e2e/slow_tail_12MiB,9,302.6912,to_first_report,208.014
e2e,e2e/slow_tail_12MiB,9,302.6912,total,290.165959
e2e,e2e/slow_tail_12MiB,9,302.6912,unique_bytes,12582912
e2e,e2e/slow_tail_12MiB,9,302.6912,verified,1
e2e,e2e/slow_tail_12MiB,9,302.6912,writer_blocks,12
e2e,e2e/slow_tail_12MiB,9,302.6912,writer_bytes,12582912
e2e,e2e/slow_tail_12MiB,9,302.6912,writer_seeks,9
